2026-08-16 09:43:31,308 - mmdet - INFO - Environment info:
------------------------------------------------------------
sys.platform: linux
Python: 3.8.10 (default, Jun  4 2021, 15:09:15) [GCC 7.5.0]
CUDA available: True
GPU 0: NVIDIA GeForce RTX 3090
CUDA_HOME: /usr/local/cuda
NVCC: Build cuda_11.3.r11.3/compiler.29920130_0
GCC: gcc (Ubuntu 9.3.0-17ubuntu1~20.04) 9.3.0
PyTorch: 1.10.0+cu113
PyTorch compiling details: PyTorch built with:
  - GCC 7.3
  - C++ Version: 201402
  - Intel(R) Math Kernel Library Version 2020.0.0 Product Build 20191122 for Intel(R) 64 architecture applications
  - Intel(R) MKL-DNN v2.2.3 (Git Hash 7336ca9f055cf1bfa13efb658fe15dc9b41f0740)
  - OpenMP 201511 (a.k.a. OpenMP 4.5)
  - LAPACK is enabled (usually provided by MKL)
  - NNPACK is enabled
  - CPU capability usage: AVX512
  - CUDA Runtime 11.3
  - NVCC architecture flags: -gencode;arch=compute_37,code=sm_37;-gencode;arch=compute_50,code=sm_50;-gencode;arch=compute_60,code=sm_60;-gencode;arch=compute_70,code=sm_70;-gencode;arch=compute_75,code=sm_75;-gencode;arch=compute_80,code=sm_80;-gencode;arch=compute_86,code=sm_86
  - CuDNN 8.2
  - Magma 2.5.2
  - Build settings: BLAS_INFO=mkl, BUILD_TYPE=Release, CUDA_VERSION=11.3, CUDNN_VERSION=8.2.0, CXX_COMPILER=/opt/rh/devtoolset-7/root/usr/bin/c++, CXX_FLAGS= -Wno-deprecated -fvisibility-inlines-hidden -DUSE_PTHREADPOOL -fopenmp -DNDEBUG -DUSE_KINETO -DUSE_FBGEMM -DUSE_QNNPACK -DUSE_PYTORCH_QNNPACK -DUSE_XNNPACK -DSYMBOLICATE_MOBILE_DEBUG_HANDLE -DEDGE_PROFILER_USE_KINETO -O2 -fPIC -Wno-narrowing -Wall -Wextra -Werror=return-type -Wno-missing-field-initializers -Wno-type-limits -Wno-array-bounds -Wno-unknown-pragmas -Wno-sign-compare -Wno-unused-parameter -Wno-unused-variable -Wno-unused-function -Wno-unused-result -Wno-unused-local-typedefs -Wno-strict-overflow -Wno-strict-aliasing -Wno-error=deprecated-declarations -Wno-stringop-overflow -Wno-psabi -Wno-error=pedantic -Wno-error=redundant-decls -Wno-error=old-style-cast -fdiagnostics-color=always -faligned-new -Wno-unused-but-set-variable -Wno-maybe-uninitialized -fno-math-errno -fno-trapping-math -Werror=format -Wno-stringop-overflow, LAPACK_INFO=mkl, PERF_WITH_AVX=1, PERF_WITH_AVX2=1, PERF_WITH_AVX512=1, TORCH_VERSION=1.10.0, USE_CUDA=ON, USE_CUDNN=ON, USE_EXCEPTION_PTR=1, USE_GFLAGS=OFF, USE_GLOG=OFF, USE_MKL=ON, USE_MKLDNN=ON, USE_MPI=OFF, USE_NCCL=ON, USE_NNPACK=ON, USE_OPENMP=ON, 

TorchVision: 0.11.1+cu113
OpenCV: 5.0.0
MMCV: 1.4.0
MMCV Compiler: GCC 7.3
MMCV CUDA Compiler: 11.3
MMDetection: 2.13.0+
------------------------------------------------------------

2026-08-16 09:43:31,628 - mmdet - INFO - Distributed training: False
2026-08-16 09:43:31,930 - mmdet - INFO - Config:
dataset_type = 'AircraftDataset'
data_root = './data/'
img_norm_cfg = dict(
    mean=[123.675, 116.28, 103.53], std=[58.395, 57.12, 57.375], to_rgb=True)
train_pipeline = [
    dict(type='LoadImageFromFile'),
    dict(type='LoadAnnotations', with_bbox=True),
    dict(type='Resize', img_scale=(1280, 800), keep_ratio=True),
    dict(type='RandomFlip', flip_ratio=0.5),
    dict(
        type='Normalize',
        mean=[123.675, 116.28, 103.53],
        std=[58.395, 57.12, 57.375],
        to_rgb=True),
    dict(type='Pad', size_divisor=32),
    dict(type='DefaultFormatBundle'),
    dict(type='Collect', keys=['img', 'gt_bboxes', 'gt_labels'])
]
test_pipeline = [
    dict(type='LoadImageFromFile'),
    dict(
        type='MultiScaleFlipAug',
        img_scale=(1280, 800),
        flip=False,
        transforms=[
            dict(type='Resize', keep_ratio=True),
            dict(type='RandomFlip'),
            dict(
                type='Normalize',
                mean=[123.675, 116.28, 103.53],
                std=[58.395, 57.12, 57.375],
                to_rgb=True),
            dict(type='Pad', size_divisor=32),
            dict(type='ImageToTensor', keys=['img']),
            dict(type='Collect', keys=['img'])
        ])
]
data = dict(
    samples_per_gpu=2,
    workers_per_gpu=2,
    train=dict(
        type='ClassBalancedDataset',
        oversample_thr=0.001,
        dataset=dict(
            type='AircraftDataset',
            ann_file='./data/annotations/instances_train.json',
            img_prefix='./data/images/train/',
            pipeline=[
                dict(type='LoadImageFromFile'),
                dict(type='LoadAnnotations', with_bbox=True),
                dict(type='Resize', img_scale=(1280, 800), keep_ratio=True),
                dict(type='RandomFlip', flip_ratio=0.5),
                dict(
                    type='Normalize',
                    mean=[123.675, 116.28, 103.53],
                    std=[58.395, 57.12, 57.375],
                    to_rgb=True),
                dict(type='Pad', size_divisor=32),
                dict(type='DefaultFormatBundle'),
                dict(type='Collect', keys=['img', 'gt_bboxes', 'gt_labels'])
            ])),
    val=dict(
        type='AircraftDataset',
        ann_file='./data/annotations/instances_val.json',
        img_prefix='./data/images/val/',
        pipeline=[
            dict(type='LoadImageFromFile'),
            dict(
                type='MultiScaleFlipAug',
                img_scale=(1280, 800),
                flip=False,
                transforms=[
                    dict(type='Resize', keep_ratio=True),
                    dict(type='RandomFlip'),
                    dict(
                        type='Normalize',
                        mean=[123.675, 116.28, 103.53],
                        std=[58.395, 57.12, 57.375],
                        to_rgb=True),
                    dict(type='Pad', size_divisor=32),
                    dict(type='ImageToTensor', keys=['img']),
                    dict(type='Collect', keys=['img'])
                ])
        ]),
    test=dict(
        type='AircraftDataset',
        ann_file='./data/annotations/instances_test.json',
        img_prefix='./data/images/test/',
        pipeline=[
            dict(type='LoadImageFromFile'),
            dict(
                type='MultiScaleFlipAug',
                img_scale=(1280, 800),
                flip=False,
                transforms=[
                    dict(type='Resize', keep_ratio=True),
                    dict(type='RandomFlip'),
                    dict(
                        type='Normalize',
                        mean=[123.675, 116.28, 103.53],
                        std=[58.395, 57.12, 57.375],
                        to_rgb=True),
                    dict(type='Pad', size_divisor=32),
                    dict(type='ImageToTensor', keys=['img']),
                    dict(type='Collect', keys=['img'])
                ])
        ]))
evaluation = dict(interval=1, metric='bbox')
optimizer = dict(type='SGD', lr=0.005, momentum=0.9, weight_decay=0.0001)
optimizer_config = dict(grad_clip=None)
lr_config = dict(
    policy='step',
    warmup='linear',
    warmup_iters=5000,
    warmup_ratio=0.001,
    step=[56, 70])
runner = dict(type='EpochBasedRunner', max_epochs=100)
checkpoint_config = dict(interval=1, max_keep_ckpts=1)
log_config = dict(interval=100, hooks=[dict(type='TextLoggerHook')])
custom_hooks = [
    dict(type='NumClassCheckHook'),
    dict(type='SBLAEpochHook'),
    dict(type='BestSaverHook', monitor='bbox_mAP'),
    dict(
        type='EarlyStoppingHook',
        monitor='bbox_mAP',
        patience=16,
        min_delta=0.001)
]
dist_params = dict(backend='nccl')
log_level = 'INFO'
load_from = None
resume_from = None
workflow = [('train', 1)]
opencv_num_threads = 0
mp_start_method = 'fork'
auto_scale_lr = dict(enable=False, base_batch_size=16)
sbla = dict(
    enabled=False,
    mode='full',
    topk=9,
    gamma=0.5,
    alpha=0.5,
    beta=0.6,
    kappa=-0.06,
    phi=1.4,
    base_sample_num=256,
    min_pos_per_gt=1,
    schedule_start_epoch=0,
    schedule_end_epoch=50,
    candidate_mode='center')
rpn_assigner = dict(
    type='HieAssigner',
    ignore_iof_thr=-1,
    gpu_assign_thr=512,
    iou_calculator=dict(type='BboxDistanceMetric'),
    assign_metric='kl',
    topk=[3, 1],
    ratio=0.9)
model = dict(
    type='CascadeRCNN_BAF',
    pretrained='torchvision://resnet50',
    backbone=dict(
        type='DetectoRS_ResNet',
        depth=50,
        num_stages=4,
        out_indices=(0, 1, 2, 3),
        frozen_stages=1,
        norm_cfg=dict(type='BN', requires_grad=True),
        conv_cfg=dict(type='ConvAWS'),
        norm_eval=True,
        sac=dict(type='SAC', use_deform=True),
        stage_with_sac=(False, True, True, True),
        output_img=True,
        style='pytorch'),
    neck=dict(
        type='RFP',
        in_channels=[256, 512, 1024, 2048],
        out_channels=256,
        num_outs=5,
        rfp_steps=2,
        aspp_out_channels=64,
        aspp_dilations=(1, 3, 6, 1),
        rfp_backbone=dict(
            rfp_inplanes=256,
            type='DetectoRS_ResNet',
            depth=50,
            num_stages=4,
            out_indices=(0, 1, 2, 3),
            frozen_stages=1,
            norm_cfg=dict(type='BN', requires_grad=True),
            norm_eval=True,
            conv_cfg=dict(type='ConvAWS'),
            sac=dict(type='SAC', use_deform=True),
            stage_with_sac=(False, True, True, True),
            pretrained='torchvision://resnet50',
            style='pytorch')),
    rpn_head=dict(
        type='RPNHead',
        in_channels=256,
        feat_channels=256,
        anchor_generator=dict(
            type='RFGenerator',
            fpn_layer='p2',
            fraction=0.5,
            strides=[4, 8, 16, 32, 64]),
        bbox_coder=dict(
            type='DeltaXYWHBBoxCoder',
            target_means=[0.0, 0.0, 0.0, 0.0],
            target_stds=[1.0, 1.0, 1.0, 1.0]),
        loss_cls=dict(
            type='CrossEntropyLoss', use_sigmoid=True, loss_weight=1.0),
        loss_bbox=dict(
            type='SmoothL1Loss', beta=0.1111111111111111, loss_weight=1.0)),
    roi_head=dict(
        type='CascadeRoIHead',
        num_stages=3,
        stage_loss_weights=[1, 0.5, 0.25],
        bbox_roi_extractor=dict(
            type='SingleRoIExtractor',
            roi_layer=dict(type='RoIAlign', output_size=7, sampling_ratio=0),
            out_channels=256,
            featmap_strides=[4, 8, 16, 32]),
        bbox_head=[
            dict(
                type='Shared2FCBBoxHead',
                in_channels=256,
                fc_out_channels=1024,
                roi_feat_size=7,
                num_classes=25,
                bbox_coder=dict(
                    type='DeltaXYWHBBoxCoder',
                    target_means=[0.0, 0.0, 0.0, 0.0],
                    target_stds=[0.1, 0.1, 0.2, 0.2]),
                reg_class_agnostic=True,
                loss_cls=dict(
                    type='CrossEntropyLoss',
                    use_sigmoid=False,
                    loss_weight=1.0),
                loss_bbox=dict(type='SmoothL1Loss', beta=1.0,
                               loss_weight=1.0)),
            dict(
                type='Shared2FCBBoxHead',
                in_channels=256,
                fc_out_channels=1024,
                roi_feat_size=7,
                num_classes=25,
                bbox_coder=dict(
                    type='DeltaXYWHBBoxCoder',
                    target_means=[0.0, 0.0, 0.0, 0.0],
                    target_stds=[0.05, 0.05, 0.1, 0.1]),
                reg_class_agnostic=True,
                loss_cls=dict(
                    type='CrossEntropyLoss',
                    use_sigmoid=False,
                    loss_weight=1.0),
                loss_bbox=dict(type='SmoothL1Loss', beta=1.0,
                               loss_weight=1.0)),
            dict(
                type='Shared2FCBBoxHead',
                in_channels=256,
                fc_out_channels=1024,
                roi_feat_size=7,
                num_classes=25,
                bbox_coder=dict(
                    type='DeltaXYWHBBoxCoder',
                    target_means=[0.0, 0.0, 0.0, 0.0],
                    target_stds=[0.033, 0.033, 0.067, 0.067]),
                reg_class_agnostic=True,
                loss_cls=dict(
                    type='CrossEntropyLoss',
                    use_sigmoid=False,
                    loss_weight=1.0),
                loss_bbox=dict(type='SmoothL1Loss', beta=1.0, loss_weight=1.0))
        ]),
    train_cfg=dict(
        rpn=dict(
            assigner=dict(
                type='HieAssigner',
                ignore_iof_thr=-1,
                gpu_assign_thr=512,
                iou_calculator=dict(type='BboxDistanceMetric'),
                assign_metric='kl',
                topk=[3, 1],
                ratio=0.9),
            sampler=dict(
                type='RandomSampler',
                num=256,
                pos_fraction=0.5,
                neg_pos_ub=-1,
                add_gt_as_proposals=False),
            allowed_border=0,
            pos_weight=-1,
            debug=False),
        rpn_proposal=dict(
            nms_pre=3000,
            max_per_img=3000,
            nms=dict(type='nms', iou_threshold=0.7),
            min_bbox_size=0),
        rcnn=[
            dict(
                assigner=dict(
                    type='MaxIoUAssigner',
                    pos_iou_thr=0.5,
                    neg_iou_thr=0.5,
                    min_pos_iou=0.5,
                    match_low_quality=False,
                    ignore_iof_thr=-1,
                    gpu_assign_thr=256),
                sampler=dict(
                    type='RandomSampler',
                    num=512,
                    pos_fraction=0.25,
                    neg_pos_ub=-1,
                    add_gt_as_proposals=True),
                pos_weight=-1,
                debug=False),
            dict(
                assigner=dict(
                    type='MaxIoUAssigner',
                    pos_iou_thr=0.6,
                    neg_iou_thr=0.6,
                    min_pos_iou=0.6,
                    match_low_quality=False,
                    ignore_iof_thr=-1,
                    gpu_assign_thr=256),
                sampler=dict(
                    type='RandomSampler',
                    num=512,
                    pos_fraction=0.25,
                    neg_pos_ub=-1,
                    add_gt_as_proposals=True),
                pos_weight=-1,
                debug=False),
            dict(
                assigner=dict(
                    type='MaxIoUAssigner',
                    pos_iou_thr=0.7,
                    neg_iou_thr=0.7,
                    min_pos_iou=0.7,
                    match_low_quality=False,
                    ignore_iof_thr=-1,
                    gpu_assign_thr=256),
                sampler=dict(
                    type='RandomSampler',
                    num=512,
                    pos_fraction=0.25,
                    neg_pos_ub=-1,
                    add_gt_as_proposals=True),
                pos_weight=-1,
                debug=False)
        ]),
    test_cfg=dict(
        rpn=dict(
            nms_pre=3000,
            max_per_img=3000,
            nms=dict(type='nms', iou_threshold=0.7),
            min_bbox_size=0),
        rcnn=dict(
            score_thr=0.3,
            nms=dict(type='nms', iou_threshold=0.5),
            max_per_img=300)))
work_dir = 'work_dirs/arfc_only_v1'
gpu_ids = range(0, 1)

2026-08-16 09:43:37,616 - mmdet - INFO - load checkpoint from torchvision path: torchvision://resnet50
2026-08-16 09:43:37,726 - mmdet - WARNING - The model and loaded state dict do not match exactly

unexpected key in source state_dict: fc.weight, fc.bias

missing keys in source state_dict: layer2.0.conv2.weight_diff, layer2.0.conv2.switch.weight, layer2.0.conv2.switch.bias, layer2.0.conv2.pre_context.weight, layer2.0.conv2.pre_context.bias, layer2.0.conv2.post_context.weight, layer2.0.conv2.post_context.bias, layer2.0.conv2.offset_s.weight, layer2.0.conv2.offset_s.bias, layer2.0.conv2.offset_l.weight, layer2.0.conv2.offset_l.bias, layer2.1.conv2.weight_diff, layer2.1.conv2.switch.weight, layer2.1.conv2.switch.bias, layer2.1.conv2.pre_context.weight, layer2.1.conv2.pre_context.bias, layer2.1.conv2.post_context.weight, layer2.1.conv2.post_context.bias, layer2.1.conv2.offset_s.weight, layer2.1.conv2.offset_s.bias, layer2.1.conv2.offset_l.weight, layer2.1.conv2.offset_l.bias, layer2.2.conv2.weight_diff, layer2.2.conv2.switch.weight, layer2.2.conv2.switch.bias, layer2.2.conv2.pre_context.weight, layer2.2.conv2.pre_context.bias, layer2.2.conv2.post_context.weight, layer2.2.conv2.post_context.bias, layer2.2.conv2.offset_s.weight, layer2.2.conv2.offset_s.bias, layer2.2.conv2.offset_l.weight, layer2.2.conv2.offset_l.bias, layer2.3.conv2.weight_diff, layer2.3.conv2.switch.weight, layer2.3.conv2.switch.bias, layer2.3.conv2.pre_context.weight, layer2.3.conv2.pre_context.bias, layer2.3.conv2.post_context.weight, layer2.3.conv2.post_context.bias, layer2.3.conv2.offset_s.weight, layer2.3.conv2.offset_s.bias, layer2.3.conv2.offset_l.weight, layer2.3.conv2.offset_l.bias, layer3.0.conv2.weight_diff, layer3.0.conv2.switch.weight, layer3.0.conv2.switch.bias, layer3.0.conv2.pre_context.weight, layer3.0.conv2.pre_context.bias, layer3.0.conv2.post_context.weight, layer3.0.conv2.post_context.bias, layer3.0.conv2.offset_s.weight, layer3.0.conv2.offset_s.bias, layer3.0.conv2.offset_l.weight, layer3.0.conv2.offset_l.bias, layer3.1.conv2.weight_diff, layer3.1.conv2.switch.weight, layer3.1.conv2.switch.bias, layer3.1.conv2.pre_context.weight, layer3.1.conv2.pre_context.bias, layer3.1.conv2.post_context.weight, layer3.1.conv2.post_context.bias, layer3.1.conv2.offset_s.weight, layer3.1.conv2.offset_s.bias, layer3.1.conv2.offset_l.weight, layer3.1.conv2.offset_l.bias, layer3.2.conv2.weight_diff, layer3.2.conv2.switch.weight, layer3.2.conv2.switch.bias, layer3.2.conv2.pre_context.weight, layer3.2.conv2.pre_context.bias, layer3.2.conv2.post_context.weight, layer3.2.conv2.post_context.bias, layer3.2.conv2.offset_s.weight, layer3.2.conv2.offset_s.bias, layer3.2.conv2.offset_l.weight, layer3.2.conv2.offset_l.bias, layer3.3.conv2.weight_diff, layer3.3.conv2.switch.weight, layer3.3.conv2.switch.bias, layer3.3.conv2.pre_context.weight, layer3.3.conv2.pre_context.bias, layer3.3.conv2.post_context.weight, layer3.3.conv2.post_context.bias, layer3.3.conv2.offset_s.weight, layer3.3.conv2.offset_s.bias, layer3.3.conv2.offset_l.weight, layer3.3.conv2.offset_l.bias, layer3.4.conv2.weight_diff, layer3.4.conv2.switch.weight, layer3.4.conv2.switch.bias, layer3.4.conv2.pre_context.weight, layer3.4.conv2.pre_context.bias, layer3.4.conv2.post_context.weight, layer3.4.conv2.post_context.bias, layer3.4.conv2.offset_s.weight, layer3.4.conv2.offset_s.bias, layer3.4.conv2.offset_l.weight, layer3.4.conv2.offset_l.bias, layer3.5.conv2.weight_diff, layer3.5.conv2.switch.weight, layer3.5.conv2.switch.bias, layer3.5.conv2.pre_context.weight, layer3.5.conv2.pre_context.bias, layer3.5.conv2.post_context.weight, layer3.5.conv2.post_context.bias, layer3.5.conv2.offset_s.weight, layer3.5.conv2.offset_s.bias, layer3.5.conv2.offset_l.weight, layer3.5.conv2.offset_l.bias, layer4.0.conv2.weight_diff, layer4.0.conv2.switch.weight, layer4.0.conv2.switch.bias, layer4.0.conv2.pre_context.weight, layer4.0.conv2.pre_context.bias, layer4.0.conv2.post_context.weight, layer4.0.conv2.post_context.bias, layer4.0.conv2.offset_s.weight, layer4.0.conv2.offset_s.bias, layer4.0.conv2.offset_l.weight, layer4.0.conv2.offset_l.bias, layer4.1.conv2.weight_diff, layer4.1.conv2.switch.weight, layer4.1.conv2.switch.bias, layer4.1.conv2.pre_context.weight, layer4.1.conv2.pre_context.bias, layer4.1.conv2.post_context.weight, layer4.1.conv2.post_context.bias, layer4.1.conv2.offset_s.weight, layer4.1.conv2.offset_s.bias, layer4.1.conv2.offset_l.weight, layer4.1.conv2.offset_l.bias, layer4.2.conv2.weight_diff, layer4.2.conv2.switch.weight, layer4.2.conv2.switch.bias, layer4.2.conv2.pre_context.weight, layer4.2.conv2.pre_context.bias, layer4.2.conv2.post_context.weight, layer4.2.conv2.post_context.bias, layer4.2.conv2.offset_s.weight, layer4.2.conv2.offset_s.bias, layer4.2.conv2.offset_l.weight, layer4.2.conv2.offset_l.bias

2026-08-16 09:43:37,748 - mmdet - INFO - load checkpoint from torchvision path: torchvision://resnet50
2026-08-16 09:43:37,817 - mmdet - WARNING - The model and loaded state dict do not match exactly

unexpected key in source state_dict: fc.weight, fc.bias

missing keys in source state_dict: layer2.0.conv2.weight_diff, layer2.0.conv2.switch.weight, layer2.0.conv2.switch.bias, layer2.0.conv2.pre_context.weight, layer2.0.conv2.pre_context.bias, layer2.0.conv2.post_context.weight, layer2.0.conv2.post_context.bias, layer2.0.conv2.offset_s.weight, layer2.0.conv2.offset_s.bias, layer2.0.conv2.offset_l.weight, layer2.0.conv2.offset_l.bias, layer2.0.rfp_conv.weight, layer2.0.rfp_conv.bias, layer2.1.conv2.weight_diff, layer2.1.conv2.switch.weight, layer2.1.conv2.switch.bias, layer2.1.conv2.pre_context.weight, layer2.1.conv2.pre_context.bias, layer2.1.conv2.post_context.weight, layer2.1.conv2.post_context.bias, layer2.1.conv2.offset_s.weight, layer2.1.conv2.offset_s.bias, layer2.1.conv2.offset_l.weight, layer2.1.conv2.offset_l.bias, layer2.2.conv2.weight_diff, layer2.2.conv2.switch.weight, layer2.2.conv2.switch.bias, layer2.2.conv2.pre_context.weight, layer2.2.conv2.pre_context.bias, layer2.2.conv2.post_context.weight, layer2.2.conv2.post_context.bias, layer2.2.conv2.offset_s.weight, layer2.2.conv2.offset_s.bias, layer2.2.conv2.offset_l.weight, layer2.2.conv2.offset_l.bias, layer2.3.conv2.weight_diff, layer2.3.conv2.switch.weight, layer2.3.conv2.switch.bias, layer2.3.conv2.pre_context.weight, layer2.3.conv2.pre_context.bias, layer2.3.conv2.post_context.weight, layer2.3.conv2.post_context.bias, layer2.3.conv2.offset_s.weight, layer2.3.conv2.offset_s.bias, layer2.3.conv2.offset_l.weight, layer2.3.conv2.offset_l.bias, layer3.0.conv2.weight_diff, layer3.0.conv2.switch.weight, layer3.0.conv2.switch.bias, layer3.0.conv2.pre_context.weight, layer3.0.conv2.pre_context.bias, layer3.0.conv2.post_context.weight, layer3.0.conv2.post_context.bias, layer3.0.conv2.offset_s.weight, layer3.0.conv2.offset_s.bias, layer3.0.conv2.offset_l.weight, layer3.0.conv2.offset_l.bias, layer3.0.rfp_conv.weight, layer3.0.rfp_conv.bias, layer3.1.conv2.weight_diff, layer3.1.conv2.switch.weight, layer3.1.conv2.switch.bias, layer3.1.conv2.pre_context.weight, layer3.1.conv2.pre_context.bias, layer3.1.conv2.post_context.weight, layer3.1.conv2.post_context.bias, layer3.1.conv2.offset_s.weight, layer3.1.conv2.offset_s.bias, layer3.1.conv2.offset_l.weight, layer3.1.conv2.offset_l.bias, layer3.2.conv2.weight_diff, layer3.2.conv2.switch.weight, layer3.2.conv2.switch.bias, layer3.2.conv2.pre_context.weight, layer3.2.conv2.pre_context.bias, layer3.2.conv2.post_context.weight, layer3.2.conv2.post_context.bias, layer3.2.conv2.offset_s.weight, layer3.2.conv2.offset_s.bias, layer3.2.conv2.offset_l.weight, layer3.2.conv2.offset_l.bias, layer3.3.conv2.weight_diff, layer3.3.conv2.switch.weight, layer3.3.conv2.switch.bias, layer3.3.conv2.pre_context.weight, layer3.3.conv2.pre_context.bias, layer3.3.conv2.post_context.weight, layer3.3.conv2.post_context.bias, layer3.3.conv2.offset_s.weight, layer3.3.conv2.offset_s.bias, layer3.3.conv2.offset_l.weight, layer3.3.conv2.offset_l.bias, layer3.4.conv2.weight_diff, layer3.4.conv2.switch.weight, layer3.4.conv2.switch.bias, layer3.4.conv2.pre_context.weight, layer3.4.conv2.pre_context.bias, layer3.4.conv2.post_context.weight, layer3.4.conv2.post_context.bias, layer3.4.conv2.offset_s.weight, layer3.4.conv2.offset_s.bias, layer3.4.conv2.offset_l.weight, layer3.4.conv2.offset_l.bias, layer3.5.conv2.weight_diff, layer3.5.conv2.switch.weight, layer3.5.conv2.switch.bias, layer3.5.conv2.pre_context.weight, layer3.5.conv2.pre_context.bias, layer3.5.conv2.post_context.weight, layer3.5.conv2.post_context.bias, layer3.5.conv2.offset_s.weight, layer3.5.conv2.offset_s.bias, layer3.5.conv2.offset_l.weight, layer3.5.conv2.offset_l.bias, layer4.0.conv2.weight_diff, layer4.0.conv2.switch.weight, layer4.0.conv2.switch.bias, layer4.0.conv2.pre_context.weight, layer4.0.conv2.pre_context.bias, layer4.0.conv2.post_context.weight, layer4.0.conv2.post_context.bias, layer4.0.conv2.offset_s.weight, layer4.0.conv2.offset_s.bias, layer4.0.conv2.offset_l.weight, layer4.0.conv2.offset_l.bias, layer4.0.rfp_conv.weight, layer4.0.rfp_conv.bias, layer4.1.conv2.weight_diff, layer4.1.conv2.switch.weight, layer4.1.conv2.switch.bias, layer4.1.conv2.pre_context.weight, layer4.1.conv2.pre_context.bias, layer4.1.conv2.post_context.weight, layer4.1.conv2.post_context.bias, layer4.1.conv2.offset_s.weight, layer4.1.conv2.offset_s.bias, layer4.1.conv2.offset_l.weight, layer4.1.conv2.offset_l.bias, layer4.2.conv2.weight_diff, layer4.2.conv2.switch.weight, layer4.2.conv2.switch.bias, layer4.2.conv2.pre_context.weight, layer4.2.conv2.pre_context.bias, layer4.2.conv2.post_context.weight, layer4.2.conv2.post_context.bias, layer4.2.conv2.offset_s.weight, layer4.2.conv2.offset_s.bias, layer4.2.conv2.offset_l.weight, layer4.2.conv2.offset_l.bias

2026-08-16 09:43:37,824 - mmdet - INFO - initialize RPNHead with init_cfg {'type': 'Normal', 'layer': 'Conv2d', 'std': 0.01}
2026-08-16 09:43:37,828 - mmdet - INFO - initialize Shared2FCBBoxHead with init_cfg [{'type': 'Normal', 'std': 0.01, 'override': {'name': 'fc_cls'}}, {'type': 'Normal', 'std': 0.001, 'override': {'name': 'fc_reg'}}, {'type': 'Xavier', 'layer': 'Linear', 'override': [{'name': 'shared_fcs'}, {'name': 'cls_fcs'}, {'name': 'reg_fcs'}]}]
2026-08-16 09:43:37,962 - mmdet - INFO - initialize Shared2FCBBoxHead with init_cfg [{'type': 'Normal', 'std': 0.01, 'override': {'name': 'fc_cls'}}, {'type': 'Normal', 'std': 0.001, 'override': {'name': 'fc_reg'}}, {'type': 'Xavier', 'layer': 'Linear', 'override': [{'name': 'shared_fcs'}, {'name': 'cls_fcs'}, {'name': 'reg_fcs'}]}]
2026-08-16 09:43:38,097 - mmdet - INFO - initialize Shared2FCBBoxHead with init_cfg [{'type': 'Normal', 'std': 0.01, 'override': {'name': 'fc_cls'}}, {'type': 'Normal', 'std': 0.001, 'override': {'name': 'fc_reg'}}, {'type': 'Xavier', 'layer': 'Linear', 'override': [{'name': 'shared_fcs'}, {'name': 'cls_fcs'}, {'name': 'reg_fcs'}]}]
Name of parameter - Initialization information

backbone.conv1.weight - torch.Size([64, 3, 7, 7]): 
Initialized by user-defined `init_weights` in DetectoRS_ResNet  

backbone.bn1.weight - torch.Size([64]): 
Initialized by user-defined `init_weights` in DetectoRS_ResNet  

backbone.bn1.bias - torch.Size([64]): 
Initialized by user-defined `init_weights` in DetectoRS_ResNet  

backbone.layer1.0.conv1.weight - torch.Size([64, 64, 1, 1]): 
Initialized by user-defined `init_weights` in DetectoRS_ResNet  

backbone.layer1.0.bn1.weight - torch.Size([64]): 
Initialized by user-defined `init_weights` in DetectoRS_ResNet  

backbone.layer1.0.bn1.bias - torch.Size([64]): 
Initialized by user-defined `init_weights` in DetectoRS_ResNet  

backbone.layer1.0.conv2.weight - torch.Size([64, 64, 3, 3]): 
Initialized by user-defined `init_weights` in DetectoRS_ResNet  

backbone.layer1.0.bn2.weight - torch.Size([64]): 
Initialized by user-defined `init_weights` in DetectoRS_ResNet  

backbone.layer1.0.bn2.bias - torch.Size([64]): 
Initialized by user-defined `init_weights` in DetectoRS_ResNet  

backbone.layer1.0.conv3.weight - torch.Size([256, 64, 1, 1]): 
Initialized by user-defined `init_weights` in DetectoRS_ResNet  

backbone.layer1.0.bn3.weight - torch.Size([256]): 
Initialized by user-defined `init_weights` in DetectoRS_ResNet  

backbone.layer1.0.bn3.bias - torch.Size([256]): 
Initialized by user-defined `init_weights` in DetectoRS_ResNet  

backbone.layer1.0.downsample.0.weight - torch.Size([256, 64, 1, 1]): 
Initialized by user-defined `init_weights` in DetectoRS_ResNet  

backbone.layer1.0.downsample.1.weight - torch.Size([256]): 
Initialized by user-defined `init_weights` in DetectoRS_ResNet  

backbone.layer1.0.downsample.1.bias - torch.Size([256]): 
Initialized by user-defined `init_weights` in DetectoRS_ResNet  

backbone.layer1.1.conv1.weight - torch.Size([64, 256, 1, 1]): 
Initialized by user-defined `init_weights` in DetectoRS_ResNet  

backbone.layer1.1.bn1.weight - torch.Size([64]): 
Initialized by user-defined `init_weights` in DetectoRS_ResNet  

backbone.layer1.1.bn1.bias - torch.Size([64]): 
Initialized by user-defined `init_weights` in DetectoRS_ResNet  

backbone.layer1.1.conv2.weight - torch.Size([64, 64, 3, 3]): 
Initialized by user-defined `init_weights` in DetectoRS_ResNet  

backbone.layer1.1.bn2.weight - torch.Size([64]): 
Initialized by user-defined `init_weights` in DetectoRS_ResNet  

backbone.layer1.1.bn2.bias - torch.Size([64]): 
Initialized by user-defined `init_weights` in DetectoRS_ResNet  

backbone.layer1.1.conv3.weight - torch.Size([256, 64, 1, 1]): 
Initialized by user-defined `init_weights` in DetectoRS_ResNet  

backbone.layer1.1.bn3.weight - torch.Size([256]): 
Initialized by user-defined `init_weights` in DetectoRS_ResNet  

backbone.layer1.1.bn3.bias - torch.Size([256]): 
Initialized by user-defined `init_weights` in DetectoRS_ResNet  

backbone.layer1.2.conv1.weight - torch.Size([64, 256, 1, 1]): 
Initialized by user-defined `init_weights` in DetectoRS_ResNet  

backbone.layer1.2.bn1.weight - torch.Size([64]): 
Initialized by user-defined `init_weights` in DetectoRS_ResNet  

backbone.layer1.2.bn1.bias - torch.Size([64]): 
Initialized by user-defined `init_weights` in DetectoRS_ResNet  

backbone.layer1.2.conv2.weight - torch.Size([64, 64, 3, 3]): 
Initialized by user-defined `init_weights` in DetectoRS_ResNet  

backbone.layer1.2.bn2.weight - torch.Size([64]): 
Initialized by user-defined `init_weights` in DetectoRS_ResNet  

backbone.layer1.2.bn2.bias - torch.Size([64]): 
Initialized by user-defined `init_weights` in DetectoRS_ResNet  

backbone.layer1.2.conv3.weight - torch.Size([256, 64, 1, 1]): 
Initialized by user-defined `init_weights` in DetectoRS_ResNet  

backbone.layer1.2.bn3.weight - torch.Size([256]): 
Initialized by user-defined `init_weights` in DetectoRS_ResNet  

backbone.layer1.2.bn3.bias - torch.Size([256]): 
Initialized by user-defined `init_weights` in DetectoRS_ResNet  

backbone.layer2.0.conv1.weight - torch.Size([128, 256, 1, 1]): 
Initialized by user-defined `init_weights` in DetectoRS_ResNet  

backbone.layer2.0.bn1.weight - torch.Size([128]): 
Initialized by user-defined `init_weights` in DetectoRS_ResNet  

backbone.layer2.0.bn1.bias - torch.Size([128]): 
Initialized by user-defined `init_weights` in DetectoRS_ResNet  

backbone.layer2.0.conv2.weight - torch.Size([128, 128, 3, 3]): 
Initialized by user-defined `init_weights` in DetectoRS_ResNet  

backbone.layer2.0.conv2.weight_diff - torch.Size([128, 128, 3, 3]): 
The value is the same before and after calling `init_weights` of CascadeRCNN_BAF  

backbone.layer2.0.conv2.switch.weight - torch.Size([1, 128, 1, 1]): 
The value is the same before and after calling `init_weights` of CascadeRCNN_BAF  

backbone.layer2.0.conv2.switch.bias - torch.Size([1]): 
The value is the same before and after calling `init_weights` of CascadeRCNN_BAF  

backbone.layer2.0.conv2.pre_context.weight - torch.Size([128, 128, 1, 1]): 
The value is the same before and after calling `init_weights` of CascadeRCNN_BAF  

backbone.layer2.0.conv2.pre_context.bias - torch.Size([128]): 
The value is the same before and after calling `init_weights` of CascadeRCNN_BAF  

backbone.layer2.0.conv2.post_context.weight - torch.Size([128, 128, 1, 1]): 
The value is the same before and after calling `init_weights` of CascadeRCNN_BAF  

backbone.layer2.0.conv2.post_context.bias - torch.Size([128]): 
The value is the same before and after calling `init_weights` of CascadeRCNN_BAF  

backbone.layer2.0.conv2.offset_s.weight - torch.Size([18, 128, 3, 3]): 
The value is the same before and after calling `init_weights` of CascadeRCNN_BAF  

backbone.layer2.0.conv2.offset_s.bias - torch.Size([18]): 
The value is the same before and after calling `init_weights` of CascadeRCNN_BAF  

backbone.layer2.0.conv2.offset_l.weight - torch.Size([18, 128, 3, 3]): 
The value is the same before and after calling `init_weights` of CascadeRCNN_BAF  

backbone.layer2.0.conv2.offset_l.bias - torch.Size([18]): 
The value is the same before and after calling `init_weights` of CascadeRCNN_BAF  

backbone.layer2.0.bn2.weight - torch.Size([128]): 
Initialized by user-defined `init_weights` in DetectoRS_ResNet  

backbone.layer2.0.bn2.bias - torch.Size([128]): 
Initialized by user-defined `init_weights` in DetectoRS_ResNet  

backbone.layer2.0.conv3.weight - torch.Size([512, 128, 1, 1]): 
Initialized by user-defined `init_weights` in DetectoRS_ResNet  

backbone.layer2.0.bn3.weight - torch.Size([512]): 
Initialized by user-defined `init_weights` in DetectoRS_ResNet  

backbone.layer2.0.bn3.bias - torch.Size([512]): 
Initialized by user-defined `init_weights` in DetectoRS_ResNet  

backbone.layer2.0.downsample.0.weight - torch.Size([512, 256, 1, 1]): 
Initialized by user-defined `init_weights` in DetectoRS_ResNet  

backbone.layer2.0.downsample.1.weight - torch.Size([512]): 
Initialized by user-defined `init_weights` in DetectoRS_ResNet  

backbone.layer2.0.downsample.1.bias - torch.Size([512]): 
Initialized by user-defined `init_weights` in DetectoRS_ResNet  

backbone.layer2.1.conv1.weight - torch.Size([128, 512, 1, 1]): 
Initialized by user-defined `init_weights` in DetectoRS_ResNet  

backbone.layer2.1.bn1.weight - torch.Size([128]): 
Initialized by user-defined `init_weights` in DetectoRS_ResNet  

backbone.layer2.1.bn1.bias - torch.Size([128]): 
Initialized by user-defined `init_weights` in DetectoRS_ResNet  

backbone.layer2.1.conv2.weight - torch.Size([128, 128, 3, 3]): 
Initialized by user-defined `init_weights` in DetectoRS_ResNet  

backbone.layer2.1.conv2.weight_diff - torch.Size([128, 128, 3, 3]): 
The value is the same before and after calling `init_weights` of CascadeRCNN_BAF  

backbone.layer2.1.conv2.switch.weight - torch.Size([1, 128, 1, 1]): 
The value is the same before and after calling `init_weights` of CascadeRCNN_BAF  

backbone.layer2.1.conv2.switch.bias - torch.Size([1]): 
The value is the same before and after calling `init_weights` of CascadeRCNN_BAF  

backbone.layer2.1.conv2.pre_context.weight - torch.Size([128, 128, 1, 1]): 
The value is the same before and after calling `init_weights` of CascadeRCNN_BAF  

backbone.layer2.1.conv2.pre_context.bias - torch.Size([128]): 
The value is the same before and after calling `init_weights` of CascadeRCNN_BAF  

backbone.layer2.1.conv2.post_context.weight - torch.Size([128, 128, 1, 1]): 
The value is the same before and after calling `init_weights` of CascadeRCNN_BAF  

backbone.layer2.1.conv2.post_context.bias - torch.Size([128]): 
The value is the same before and after calling `init_weights` of CascadeRCNN_BAF  

backbone.layer2.1.conv2.offset_s.weight - torch.Size([18, 128, 3, 3]): 
The value is the same before and after calling `init_weights` of CascadeRCNN_BAF  

backbone.layer2.1.conv2.offset_s.bias - torch.Size([18]): 
The value is the same before and after calling `init_weights` of CascadeRCNN_BAF  

backbone.layer2.1.conv2.offset_l.weight - torch.Size([18, 128, 3, 3]): 
The value is the same before and after calling `init_weights` of CascadeRCNN_BAF  

backbone.layer2.1.conv2.offset_l.bias - torch.Size([18]): 
The value is the same before and after calling `init_weights` of CascadeRCNN_BAF  

backbone.layer2.1.bn2.weight - torch.Size([128]): 
Initialized by user-defined `init_weights` in DetectoRS_ResNet  

backbone.layer2.1.bn2.bias - torch.Size([128]): 
Initialized by user-defined `init_weights` in DetectoRS_ResNet  

backbone.layer2.1.conv3.weight - torch.Size([512, 128, 1, 1]): 
Initialized by user-defined `init_weights` in DetectoRS_ResNet  

backbone.layer2.1.bn3.weight - torch.Size([512]): 
Initialized by user-defined `init_weights` in DetectoRS_ResNet  

backbone.layer2.1.bn3.bias - torch.Size([512]): 
Initialized by user-defined `init_weights` in DetectoRS_ResNet  

backbone.layer2.2.conv1.weight - torch.Size([128, 512, 1, 1]): 
Initialized by user-defined `init_weights` in DetectoRS_ResNet  

backbone.layer2.2.bn1.weight - torch.Size([128]): 
Initialized by user-defined `init_weights` in DetectoRS_ResNet  

backbone.layer2.2.bn1.bias - torch.Size([128]): 
Initialized by user-defined `init_weights` in DetectoRS_ResNet  

backbone.layer2.2.conv2.weight - torch.Size([128, 128, 3, 3]): 
Initialized by user-defined `init_weights` in DetectoRS_ResNet  

backbone.layer2.2.conv2.weight_diff - torch.Size([128, 128, 3, 3]): 
The value is the same before and after calling `init_weights` of CascadeRCNN_BAF  

backbone.layer2.2.conv2.switch.weight - torch.Size([1, 128, 1, 1]): 
The value is the same before and after calling `init_weights` of CascadeRCNN_BAF  

backbone.layer2.2.conv2.switch.bias - torch.Size([1]): 
The value is the same before and after calling `init_weights` of CascadeRCNN_BAF  

backbone.layer2.2.conv2.pre_context.weight - torch.Size([128, 128, 1, 1]): 
The value is the same before and after calling `init_weights` of CascadeRCNN_BAF  

backbone.layer2.2.conv2.pre_context.bias - torch.Size([128]): 
The value is the same before and after calling `init_weights` of CascadeRCNN_BAF  

backbone.layer2.2.conv2.post_context.weight - torch.Size([128, 128, 1, 1]): 
The value is the same before and after calling `init_weights` of CascadeRCNN_BAF  

backbone.layer2.2.conv2.post_context.bias - torch.Size([128]): 
The value is the same before and after calling `init_weights` of CascadeRCNN_BAF  

backbone.layer2.2.conv2.offset_s.weight - torch.Size([18, 128, 3, 3]): 
The value is the same before and after calling `init_weights` of CascadeRCNN_BAF  

backbone.layer2.2.conv2.offset_s.bias - torch.Size([18]): 
The value is the same before and after calling `init_weights` of CascadeRCNN_BAF  

backbone.layer2.2.conv2.offset_l.weight - torch.Size([18, 128, 3, 3]): 
The value is the same before and after calling `init_weights` of CascadeRCNN_BAF  

backbone.layer2.2.conv2.offset_l.bias - torch.Size([18]): 
The value is the same before and after calling `init_weights` of CascadeRCNN_BAF  

backbone.layer2.2.bn2.weight - torch.Size([128]): 
Initialized by user-defined `init_weights` in DetectoRS_ResNet  

backbone.layer2.2.bn2.bias - torch.Size([128]): 
Initialized by user-defined `init_weights` in DetectoRS_ResNet  

backbone.layer2.2.conv3.weight - torch.Size([512, 128, 1, 1]): 
Initialized by user-defined `init_weights` in DetectoRS_ResNet  

backbone.layer2.2.bn3.weight - torch.Size([512]): 
Initialized by user-defined `init_weights` in DetectoRS_ResNet  

backbone.layer2.2.bn3.bias - torch.Size([512]): 
Initialized by user-defined `init_weights` in DetectoRS_ResNet  

backbone.layer2.3.conv1.weight - torch.Size([128, 512, 1, 1]): 
Initialized by user-defined `init_weights` in DetectoRS_ResNet  

backbone.layer2.3.bn1.weight - torch.Size([128]): 
Initialized by user-defined `init_weights` in DetectoRS_ResNet  

backbone.layer2.3.bn1.bias - torch.Size([128]): 
Initialized by user-defined `init_weights` in DetectoRS_ResNet  

backbone.layer2.3.conv2.weight - torch.Size([128, 128, 3, 3]): 
Initialized by user-defined `init_weights` in DetectoRS_ResNet  

backbone.layer2.3.conv2.weight_diff - torch.Size([128, 128, 3, 3]): 
The value is the same before and after calling `init_weights` of CascadeRCNN_BAF  

backbone.layer2.3.conv2.switch.weight - torch.Size([1, 128, 1, 1]): 
The value is the same before and after calling `init_weights` of CascadeRCNN_BAF  

backbone.layer2.3.conv2.switch.bias - torch.Size([1]): 
The value is the same before and after calling `init_weights` of CascadeRCNN_BAF  

backbone.layer2.3.conv2.pre_context.weight - torch.Size([128, 128, 1, 1]): 
The value is the same before and after calling `init_weights` of CascadeRCNN_BAF  

backbone.layer2.3.conv2.pre_context.bias - torch.Size([128]): 
The value is the same before and after calling `init_weights` of CascadeRCNN_BAF  

backbone.layer2.3.conv2.post_context.weight - torch.Size([128, 128, 1, 1]): 
The value is the same before and after calling `init_weights` of CascadeRCNN_BAF  

backbone.layer2.3.conv2.post_context.bias - torch.Size([128]): 
The value is the same before and after calling `init_weights` of CascadeRCNN_BAF  

backbone.layer2.3.conv2.offset_s.weight - torch.Size([18, 128, 3, 3]): 
The value is the same before and after calling `init_weights` of CascadeRCNN_BAF  

backbone.layer2.3.conv2.offset_s.bias - torch.Size([18]): 
The value is the same before and after calling `init_weights` of CascadeRCNN_BAF  

backbone.layer2.3.conv2.offset_l.weight - torch.Size([18, 128, 3, 3]): 
The value is the same before and after calling `init_weights` of CascadeRCNN_BAF  

backbone.layer2.3.conv2.offset_l.bias - torch.Size([18]): 
The value is the same before and after calling `init_weights` of CascadeRCNN_BAF  

backbone.layer2.3.bn2.weight - torch.Size([128]): 
Initialized by user-defined `init_weights` in DetectoRS_ResNet  

backbone.layer2.3.bn2.bias - torch.Size([128]): 
Initialized by user-defined `init_weights` in DetectoRS_ResNet  

backbone.layer2.3.conv3.weight - torch.Size([512, 128, 1, 1]): 
Initialized by user-defined `init_weights` in DetectoRS_ResNet  

backbone.layer2.3.bn3.weight - torch.Size([512]): 
Initialized by user-defined `init_weights` in DetectoRS_ResNet  

backbone.layer2.3.bn3.bias - torch.Size([512]): 
Initialized by user-defined `init_weights` in DetectoRS_ResNet  

backbone.layer3.0.conv1.weight - torch.Size([256, 512, 1, 1]): 
Initialized by user-defined `init_weights` in DetectoRS_ResNet  

backbone.layer3.0.bn1.weight - torch.Size([256]): 
Initialized by user-defined `init_weights` in DetectoRS_ResNet  

backbone.layer3.0.bn1.bias - torch.Size([256]): 
Initialized by user-defined `init_weights` in DetectoRS_ResNet  

backbone.layer3.0.conv2.weight - torch.Size([256, 256, 3, 3]): 
Initialized by user-defined `init_weights` in DetectoRS_ResNet  

backbone.layer3.0.conv2.weight_diff - torch.Size([256, 256, 3, 3]): 
The value is the same before and after calling `init_weights` of CascadeRCNN_BAF  

backbone.layer3.0.conv2.switch.weight - torch.Size([1, 256, 1, 1]): 
The value is the same before and after calling `init_weights` of CascadeRCNN_BAF  

backbone.layer3.0.conv2.switch.bias - torch.Size([1]): 
The value is the same before and after calling `init_weights` of CascadeRCNN_BAF  

backbone.layer3.0.conv2.pre_context.weight - torch.Size([256, 256, 1, 1]): 
The value is the same before and after calling `init_weights` of CascadeRCNN_BAF  

backbone.layer3.0.conv2.pre_context.bias - torch.Size([256]): 
The value is the same before and after calling `init_weights` of CascadeRCNN_BAF  

backbone.layer3.0.conv2.post_context.weight - torch.Size([256, 256, 1, 1]): 
The value is the same before and after calling `init_weights` of CascadeRCNN_BAF  

backbone.layer3.0.conv2.post_context.bias - torch.Size([256]): 
The value is the same before and after calling `init_weights` of CascadeRCNN_BAF  

backbone.layer3.0.conv2.offset_s.weight - torch.Size([18, 256, 3, 3]): 
The value is the same before and after calling `init_weights` of CascadeRCNN_BAF  

backbone.layer3.0.conv2.offset_s.bias - torch.Size([18]): 
The value is the same before and after calling `init_weights` of CascadeRCNN_BAF  

backbone.layer3.0.conv2.offset_l.weight - torch.Size([18, 256, 3, 3]): 
The value is the same before and after calling `init_weights` of CascadeRCNN_BAF  

backbone.layer3.0.conv2.offset_l.bias - torch.Size([18]): 
The value is the same before and after calling `init_weights` of CascadeRCNN_BAF  

backbone.layer3.0.bn2.weight - torch.Size([256]): 
Initialized by user-defined `init_weights` in DetectoRS_ResNet  

backbone.layer3.0.bn2.bias - torch.Size([256]): 
Initialized by user-defined `init_weights` in DetectoRS_ResNet  

backbone.layer3.0.conv3.weight - torch.Size([1024, 256, 1, 1]): 
Initialized by user-defined `init_weights` in DetectoRS_ResNet  

backbone.layer3.0.bn3.weight - torch.Size([1024]): 
Initialized by user-defined `init_weights` in DetectoRS_ResNet  

backbone.layer3.0.bn3.bias - torch.Size([1024]): 
Initialized by user-defined `init_weights` in DetectoRS_ResNet  

backbone.layer3.0.downsample.0.weight - torch.Size([1024, 512, 1, 1]): 
Initialized by user-defined `init_weights` in DetectoRS_ResNet  

backbone.layer3.0.downsample.1.weight - torch.Size([1024]): 
Initialized by user-defined `init_weights` in DetectoRS_ResNet  

backbone.layer3.0.downsample.1.bias - torch.Size([1024]): 
Initialized by user-defined `init_weights` in DetectoRS_ResNet  

backbone.layer3.1.conv1.weight - torch.Size([256, 1024, 1, 1]): 
Initialized by user-defined `init_weights` in DetectoRS_ResNet  

backbone.layer3.1.bn1.weight - torch.Size([256]): 
Initialized by user-defined `init_weights` in DetectoRS_ResNet  

backbone.layer3.1.bn1.bias - torch.Size([256]): 
Initialized by user-defined `init_weights` in DetectoRS_ResNet  

backbone.layer3.1.conv2.weight - torch.Size([256, 256, 3, 3]): 
Initialized by user-defined `init_weights` in DetectoRS_ResNet  

backbone.layer3.1.conv2.weight_diff - torch.Size([256, 256, 3, 3]): 
The value is the same before and after calling `init_weights` of CascadeRCNN_BAF  

backbone.layer3.1.conv2.switch.weight - torch.Size([1, 256, 1, 1]): 
The value is the same before and after calling `init_weights` of CascadeRCNN_BAF  

backbone.layer3.1.conv2.switch.bias - torch.Size([1]): 
The value is the same before and after calling `init_weights` of CascadeRCNN_BAF  

backbone.layer3.1.conv2.pre_context.weight - torch.Size([256, 256, 1, 1]): 
The value is the same before and after calling `init_weights` of CascadeRCNN_BAF  

backbone.layer3.1.conv2.pre_context.bias - torch.Size([256]): 
The value is the same before and after calling `init_weights` of CascadeRCNN_BAF  

backbone.layer3.1.conv2.post_context.weight - torch.Size([256, 256, 1, 1]): 
The value is the same before and after calling `init_weights` of CascadeRCNN_BAF  

backbone.layer3.1.conv2.post_context.bias - torch.Size([256]): 
The value is the same before and after calling `init_weights` of CascadeRCNN_BAF  

backbone.layer3.1.conv2.offset_s.weight - torch.Size([18, 256, 3, 3]): 
The value is the same before and after calling `init_weights` of CascadeRCNN_BAF  

backbone.layer3.1.conv2.offset_s.bias - torch.Size([18]): 
The value is the same before and after calling `init_weights` of CascadeRCNN_BAF  

backbone.layer3.1.conv2.offset_l.weight - torch.Size([18, 256, 3, 3]): 
The value is the same before and after calling `init_weights` of CascadeRCNN_BAF  

backbone.layer3.1.conv2.offset_l.bias - torch.Size([18]): 
The value is the same before and after calling `init_weights` of CascadeRCNN_BAF  

backbone.layer3.1.bn2.weight - torch.Size([256]): 
Initialized by user-defined `init_weights` in DetectoRS_ResNet  

backbone.layer3.1.bn2.bias - torch.Size([256]): 
Initialized by user-defined `init_weights` in DetectoRS_ResNet  

backbone.layer3.1.conv3.weight - torch.Size([1024, 256, 1, 1]): 
Initialized by user-defined `init_weights` in DetectoRS_ResNet  

backbone.layer3.1.bn3.weight - torch.Size([1024]): 
Initialized by user-defined `init_weights` in DetectoRS_ResNet  

backbone.layer3.1.bn3.bias - torch.Size([1024]): 
Initialized by user-defined `init_weights` in DetectoRS_ResNet  

backbone.layer3.2.conv1.weight - torch.Size([256, 1024, 1, 1]): 
Initialized by user-defined `init_weights` in DetectoRS_ResNet  

backbone.layer3.2.bn1.weight - torch.Size([256]): 
Initialized by user-defined `init_weights` in DetectoRS_ResNet  

backbone.layer3.2.bn1.bias - torch.Size([256]): 
Initialized by user-defined `init_weights` in DetectoRS_ResNet  

backbone.layer3.2.conv2.weight - torch.Size([256, 256, 3, 3]): 
Initialized by user-defined `init_weights` in DetectoRS_ResNet  

backbone.layer3.2.conv2.weight_diff - torch.Size([256, 256, 3, 3]): 
The value is the same before and after calling `init_weights` of CascadeRCNN_BAF  

backbone.layer3.2.conv2.switch.weight - torch.Size([1, 256, 1, 1]): 
The value is the same before and after calling `init_weights` of CascadeRCNN_BAF  

backbone.layer3.2.conv2.switch.bias - torch.Size([1]): 
The value is the same before and after calling `init_weights` of CascadeRCNN_BAF  

backbone.layer3.2.conv2.pre_context.weight - torch.Size([256, 256, 1, 1]): 
The value is the same before and after calling `init_weights` of CascadeRCNN_BAF  

backbone.layer3.2.conv2.pre_context.bias - torch.Size([256]): 
The value is the same before and after calling `init_weights` of CascadeRCNN_BAF  

backbone.layer3.2.conv2.post_context.weight - torch.Size([256, 256, 1, 1]): 
The value is the same before and after calling `init_weights` of CascadeRCNN_BAF  

backbone.layer3.2.conv2.post_context.bias - torch.Size([256]): 
The value is the same before and after calling `init_weights` of CascadeRCNN_BAF  

backbone.layer3.2.conv2.offset_s.weight - torch.Size([18, 256, 3, 3]): 
The value is the same before and after calling `init_weights` of CascadeRCNN_BAF  

backbone.layer3.2.conv2.offset_s.bias - torch.Size([18]): 
The value is the same before and after calling `init_weights` of CascadeRCNN_BAF  

backbone.layer3.2.conv2.offset_l.weight - torch.Size([18, 256, 3, 3]): 
The value is the same before and after calling `init_weights` of CascadeRCNN_BAF  

backbone.layer3.2.conv2.offset_l.bias - torch.Size([18]): 
The value is the same before and after calling `init_weights` of CascadeRCNN_BAF  

backbone.layer3.2.bn2.weight - torch.Size([256]): 
Initialized by user-defined `init_weights` in DetectoRS_ResNet  

backbone.layer3.2.bn2.bias - torch.Size([256]): 
Initialized by user-defined `init_weights` in DetectoRS_ResNet  

backbone.layer3.2.conv3.weight - torch.Size([1024, 256, 1, 1]): 
Initialized by user-defined `init_weights` in DetectoRS_ResNet  

backbone.layer3.2.bn3.weight - torch.Size([1024]): 
Initialized by user-defined `init_weights` in DetectoRS_ResNet  

backbone.layer3.2.bn3.bias - torch.Size([1024]): 
Initialized by user-defined `init_weights` in DetectoRS_ResNet  

backbone.layer3.3.conv1.weight - torch.Size([256, 1024, 1, 1]): 
Initialized by user-defined `init_weights` in DetectoRS_ResNet  

backbone.layer3.3.bn1.weight - torch.Size([256]): 
Initialized by user-defined `init_weights` in DetectoRS_ResNet  

backbone.layer3.3.bn1.bias - torch.Size([256]): 
Initialized by user-defined `init_weights` in DetectoRS_ResNet  

backbone.layer3.3.conv2.weight - torch.Size([256, 256, 3, 3]): 
Initialized by user-defined `init_weights` in DetectoRS_ResNet  

backbone.layer3.3.conv2.weight_diff - torch.Size([256, 256, 3, 3]): 
The value is the same before and after calling `init_weights` of CascadeRCNN_BAF  

backbone.layer3.3.conv2.switch.weight - torch.Size([1, 256, 1, 1]): 
The value is the same before and after calling `init_weights` of CascadeRCNN_BAF  

backbone.layer3.3.conv2.switch.bias - torch.Size([1]): 
The value is the same before and after calling `init_weights` of CascadeRCNN_BAF  

backbone.layer3.3.conv2.pre_context.weight - torch.Size([256, 256, 1, 1]): 
The value is the same before and after calling `init_weights` of CascadeRCNN_BAF  

backbone.layer3.3.conv2.pre_context.bias - torch.Size([256]): 
The value is the same before and after calling `init_weights` of CascadeRCNN_BAF  

backbone.layer3.3.conv2.post_context.weight - torch.Size([256, 256, 1, 1]): 
The value is the same before and after calling `init_weights` of CascadeRCNN_BAF  

backbone.layer3.3.conv2.post_context.bias - torch.Size([256]): 
The value is the same before and after calling `init_weights` of CascadeRCNN_BAF  

backbone.layer3.3.conv2.offset_s.weight - torch.Size([18, 256, 3, 3]): 
The value is the same before and after calling `init_weights` of CascadeRCNN_BAF  

backbone.layer3.3.conv2.offset_s.bias - torch.Size([18]): 
The value is the same before and after calling `init_weights` of CascadeRCNN_BAF  

backbone.layer3.3.conv2.offset_l.weight - torch.Size([18, 256, 3, 3]): 
The value is the same before and after calling `init_weights` of CascadeRCNN_BAF  

backbone.layer3.3.conv2.offset_l.bias - torch.Size([18]): 
The value is the same before and after calling `init_weights` of CascadeRCNN_BAF  

backbone.layer3.3.bn2.weight - torch.Size([256]): 
Initialized by user-defined `init_weights` in DetectoRS_ResNet  

backbone.layer3.3.bn2.bias - torch.Size([256]): 
Initialized by user-defined `init_weights` in DetectoRS_ResNet  

backbone.layer3.3.conv3.weight - torch.Size([1024, 256, 1, 1]): 
Initialized by user-defined `init_weights` in DetectoRS_ResNet  

backbone.layer3.3.bn3.weight - torch.Size([1024]): 
Initialized by user-defined `init_weights` in DetectoRS_ResNet  

backbone.layer3.3.bn3.bias - torch.Size([1024]): 
Initialized by user-defined `init_weights` in DetectoRS_ResNet  

backbone.layer3.4.conv1.weight - torch.Size([256, 1024, 1, 1]): 
Initialized by user-defined `init_weights` in DetectoRS_ResNet  

backbone.layer3.4.bn1.weight - torch.Size([256]): 
Initialized by user-defined `init_weights` in DetectoRS_ResNet  

backbone.layer3.4.bn1.bias - torch.Size([256]): 
Initialized by user-defined `init_weights` in DetectoRS_ResNet  

backbone.layer3.4.conv2.weight - torch.Size([256, 256, 3, 3]): 
Initialized by user-defined `init_weights` in DetectoRS_ResNet  

backbone.layer3.4.conv2.weight_diff - torch.Size([256, 256, 3, 3]): 
The value is the same before and after calling `init_weights` of CascadeRCNN_BAF  

backbone.layer3.4.conv2.switch.weight - torch.Size([1, 256, 1, 1]): 
The value is the same before and after calling `init_weights` of CascadeRCNN_BAF  

backbone.layer3.4.conv2.switch.bias - torch.Size([1]): 
The value is the same before and after calling `init_weights` of CascadeRCNN_BAF  

backbone.layer3.4.conv2.pre_context.weight - torch.Size([256, 256, 1, 1]): 
The value is the same before and after calling `init_weights` of CascadeRCNN_BAF  

backbone.layer3.4.conv2.pre_context.bias - torch.Size([256]): 
The value is the same before and after calling `init_weights` of CascadeRCNN_BAF  

backbone.layer3.4.conv2.post_context.weight - torch.Size([256, 256, 1, 1]): 
The value is the same before and after calling `init_weights` of CascadeRCNN_BAF  

backbone.layer3.4.conv2.post_context.bias - torch.Size([256]): 
The value is the same before and after calling `init_weights` of CascadeRCNN_BAF  

backbone.layer3.4.conv2.offset_s.weight - torch.Size([18, 256, 3, 3]): 
The value is the same before and after calling `init_weights` of CascadeRCNN_BAF  

backbone.layer3.4.conv2.offset_s.bias - torch.Size([18]): 
The value is the same before and after calling `init_weights` of CascadeRCNN_BAF  

backbone.layer3.4.conv2.offset_l.weight - torch.Size([18, 256, 3, 3]): 
The value is the same before and after calling `init_weights` of CascadeRCNN_BAF  

backbone.layer3.4.conv2.offset_l.bias - torch.Size([18]): 
The value is the same before and after calling `init_weights` of CascadeRCNN_BAF  

backbone.layer3.4.bn2.weight - torch.Size([256]): 
Initialized by user-defined `init_weights` in DetectoRS_ResNet  

backbone.layer3.4.bn2.bias - torch.Size([256]): 
Initialized by user-defined `init_weights` in DetectoRS_ResNet  

backbone.layer3.4.conv3.weight - torch.Size([1024, 256, 1, 1]): 
Initialized by user-defined `init_weights` in DetectoRS_ResNet  

backbone.layer3.4.bn3.weight - torch.Size([1024]): 
Initialized by user-defined `init_weights` in DetectoRS_ResNet  

backbone.layer3.4.bn3.bias - torch.Size([1024]): 
Initialized by user-defined `init_weights` in DetectoRS_ResNet  

backbone.layer3.5.conv1.weight - torch.Size([256, 1024, 1, 1]): 
Initialized by user-defined `init_weights` in DetectoRS_ResNet  

backbone.layer3.5.bn1.weight - torch.Size([256]): 
Initialized by user-defined `init_weights` in DetectoRS_ResNet  

backbone.layer3.5.bn1.bias - torch.Size([256]): 
Initialized by user-defined `init_weights` in DetectoRS_ResNet  

backbone.layer3.5.conv2.weight - torch.Size([256, 256, 3, 3]): 
Initialized by user-defined `init_weights` in DetectoRS_ResNet  

backbone.layer3.5.conv2.weight_diff - torch.Size([256, 256, 3, 3]): 
The value is the same before and after calling `init_weights` of CascadeRCNN_BAF  

backbone.layer3.5.conv2.switch.weight - torch.Size([1, 256, 1, 1]): 
The value is the same before and after calling `init_weights` of CascadeRCNN_BAF  

backbone.layer3.5.conv2.switch.bias - torch.Size([1]): 
The value is the same before and after calling `init_weights` of CascadeRCNN_BAF  

backbone.layer3.5.conv2.pre_context.weight - torch.Size([256, 256, 1, 1]): 
The value is the same before and after calling `init_weights` of CascadeRCNN_BAF  

backbone.layer3.5.conv2.pre_context.bias - torch.Size([256]): 
The value is the same before and after calling `init_weights` of CascadeRCNN_BAF  

backbone.layer3.5.conv2.post_context.weight - torch.Size([256, 256, 1, 1]): 
The value is the same before and after calling `init_weights` of CascadeRCNN_BAF  

backbone.layer3.5.conv2.post_context.bias - torch.Size([256]): 
The value is the same before and after calling `init_weights` of CascadeRCNN_BAF  

backbone.layer3.5.conv2.offset_s.weight - torch.Size([18, 256, 3, 3]): 
The value is the same before and after calling `init_weights` of CascadeRCNN_BAF  

backbone.layer3.5.conv2.offset_s.bias - torch.Size([18]): 
The value is the same before and after calling `init_weights` of CascadeRCNN_BAF  

backbone.layer3.5.conv2.offset_l.weight - torch.Size([18, 256, 3, 3]): 
The value is the same before and after calling `init_weights` of CascadeRCNN_BAF  

backbone.layer3.5.conv2.offset_l.bias - torch.Size([18]): 
The value is the same before and after calling `init_weights` of CascadeRCNN_BAF  

backbone.layer3.5.bn2.weight - torch.Size([256]): 
Initialized by user-defined `init_weights` in DetectoRS_ResNet  

backbone.layer3.5.bn2.bias - torch.Size([256]): 
Initialized by user-defined `init_weights` in DetectoRS_ResNet  

backbone.layer3.5.conv3.weight - torch.Size([1024, 256, 1, 1]): 
Initialized by user-defined `init_weights` in DetectoRS_ResNet  

backbone.layer3.5.bn3.weight - torch.Size([1024]): 
Initialized by user-defined `init_weights` in DetectoRS_ResNet  

backbone.layer3.5.bn3.bias - torch.Size([1024]): 
Initialized by user-defined `init_weights` in DetectoRS_ResNet  

backbone.layer4.0.conv1.weight - torch.Size([512, 1024, 1, 1]): 
Initialized by user-defined `init_weights` in DetectoRS_ResNet  

backbone.layer4.0.bn1.weight - torch.Size([512]): 
Initialized by user-defined `init_weights` in DetectoRS_ResNet  

backbone.layer4.0.bn1.bias - torch.Size([512]): 
Initialized by user-defined `init_weights` in DetectoRS_ResNet  

backbone.layer4.0.conv2.weight - torch.Size([512, 512, 3, 3]): 
Initialized by user-defined `init_weights` in DetectoRS_ResNet  

backbone.layer4.0.conv2.weight_diff - torch.Size([512, 512, 3, 3]): 
The value is the same before and after calling `init_weights` of CascadeRCNN_BAF  

backbone.layer4.0.conv2.switch.weight - torch.Size([1, 512, 1, 1]): 
The value is the same before and after calling `init_weights` of CascadeRCNN_BAF  

backbone.layer4.0.conv2.switch.bias - torch.Size([1]): 
The value is the same before and after calling `init_weights` of CascadeRCNN_BAF  

backbone.layer4.0.conv2.pre_context.weight - torch.Size([512, 512, 1, 1]): 
The value is the same before and after calling `init_weights` of CascadeRCNN_BAF  

backbone.layer4.0.conv2.pre_context.bias - torch.Size([512]): 
The value is the same before and after calling `init_weights` of CascadeRCNN_BAF  

backbone.layer4.0.conv2.post_context.weight - torch.Size([512, 512, 1, 1]): 
The value is the same before and after calling `init_weights` of CascadeRCNN_BAF  

backbone.layer4.0.conv2.post_context.bias - torch.Size([512]): 
The value is the same before and after calling `init_weights` of CascadeRCNN_BAF  

backbone.layer4.0.conv2.offset_s.weight - torch.Size([18, 512, 3, 3]): 
The value is the same before and after calling `init_weights` of CascadeRCNN_BAF  

backbone.layer4.0.conv2.offset_s.bias - torch.Size([18]): 
The value is the same before and after calling `init_weights` of CascadeRCNN_BAF  

backbone.layer4.0.conv2.offset_l.weight - torch.Size([18, 512, 3, 3]): 
The value is the same before and after calling `init_weights` of CascadeRCNN_BAF  

backbone.layer4.0.conv2.offset_l.bias - torch.Size([18]): 
The value is the same before and after calling `init_weights` of CascadeRCNN_BAF  

backbone.layer4.0.bn2.weight - torch.Size([512]): 
Initialized by user-defined `init_weights` in DetectoRS_ResNet  

backbone.layer4.0.bn2.bias - torch.Size([512]): 
Initialized by user-defined `init_weights` in DetectoRS_ResNet  

backbone.layer4.0.conv3.weight - torch.Size([2048, 512, 1, 1]): 
Initialized by user-defined `init_weights` in DetectoRS_ResNet  

backbone.layer4.0.bn3.weight - torch.Size([2048]): 
Initialized by user-defined `init_weights` in DetectoRS_ResNet  

backbone.layer4.0.bn3.bias - torch.Size([2048]): 
Initialized by user-defined `init_weights` in DetectoRS_ResNet  

backbone.layer4.0.downsample.0.weight - torch.Size([2048, 1024, 1, 1]): 
Initialized by user-defined `init_weights` in DetectoRS_ResNet  

backbone.layer4.0.downsample.1.weight - torch.Size([2048]): 
Initialized by user-defined `init_weights` in DetectoRS_ResNet  

backbone.layer4.0.downsample.1.bias - torch.Size([2048]): 
Initialized by user-defined `init_weights` in DetectoRS_ResNet  

backbone.layer4.1.conv1.weight - torch.Size([512, 2048, 1, 1]): 
Initialized by user-defined `init_weights` in DetectoRS_ResNet  

backbone.layer4.1.bn1.weight - torch.Size([512]): 
Initialized by user-defined `init_weights` in DetectoRS_ResNet  

backbone.layer4.1.bn1.bias - torch.Size([512]): 
Initialized by user-defined `init_weights` in DetectoRS_ResNet  

backbone.layer4.1.conv2.weight - torch.Size([512, 512, 3, 3]): 
Initialized by user-defined `init_weights` in DetectoRS_ResNet  

backbone.layer4.1.conv2.weight_diff - torch.Size([512, 512, 3, 3]): 
The value is the same before and after calling `init_weights` of CascadeRCNN_BAF  

backbone.layer4.1.conv2.switch.weight - torch.Size([1, 512, 1, 1]): 
The value is the same before and after calling `init_weights` of CascadeRCNN_BAF  

backbone.layer4.1.conv2.switch.bias - torch.Size([1]): 
The value is the same before and after calling `init_weights` of CascadeRCNN_BAF  

backbone.layer4.1.conv2.pre_context.weight - torch.Size([512, 512, 1, 1]): 
The value is the same before and after calling `init_weights` of CascadeRCNN_BAF  

backbone.layer4.1.conv2.pre_context.bias - torch.Size([512]): 
The value is the same before and after calling `init_weights` of CascadeRCNN_BAF  

backbone.layer4.1.conv2.post_context.weight - torch.Size([512, 512, 1, 1]): 
The value is the same before and after calling `init_weights` of CascadeRCNN_BAF  

backbone.layer4.1.conv2.post_context.bias - torch.Size([512]): 
The value is the same before and after calling `init_weights` of CascadeRCNN_BAF  

backbone.layer4.1.conv2.offset_s.weight - torch.Size([18, 512, 3, 3]): 
The value is the same before and after calling `init_weights` of CascadeRCNN_BAF  

backbone.layer4.1.conv2.offset_s.bias - torch.Size([18]): 
The value is the same before and after calling `init_weights` of CascadeRCNN_BAF  

backbone.layer4.1.conv2.offset_l.weight - torch.Size([18, 512, 3, 3]): 
The value is the same before and after calling `init_weights` of CascadeRCNN_BAF  

backbone.layer4.1.conv2.offset_l.bias - torch.Size([18]): 
The value is the same before and after calling `init_weights` of CascadeRCNN_BAF  

backbone.layer4.1.bn2.weight - torch.Size([512]): 
Initialized by user-defined `init_weights` in DetectoRS_ResNet  

backbone.layer4.1.bn2.bias - torch.Size([512]): 
Initialized by user-defined `init_weights` in DetectoRS_ResNet  

backbone.layer4.1.conv3.weight - torch.Size([2048, 512, 1, 1]): 
Initialized by user-defined `init_weights` in DetectoRS_ResNet  

backbone.layer4.1.bn3.weight - torch.Size([2048]): 
Initialized by user-defined `init_weights` in DetectoRS_ResNet  

backbone.layer4.1.bn3.bias - torch.Size([2048]): 
Initialized by user-defined `init_weights` in DetectoRS_ResNet  

backbone.layer4.2.conv1.weight - torch.Size([512, 2048, 1, 1]): 
Initialized by user-defined `init_weights` in DetectoRS_ResNet  

backbone.layer4.2.bn1.weight - torch.Size([512]): 
Initialized by user-defined `init_weights` in DetectoRS_ResNet  

backbone.layer4.2.bn1.bias - torch.Size([512]): 
Initialized by user-defined `init_weights` in DetectoRS_ResNet  

backbone.layer4.2.conv2.weight - torch.Size([512, 512, 3, 3]): 
Initialized by user-defined `init_weights` in DetectoRS_ResNet  

backbone.layer4.2.conv2.weight_diff - torch.Size([512, 512, 3, 3]): 
The value is the same before and after calling `init_weights` of CascadeRCNN_BAF  

backbone.layer4.2.conv2.switch.weight - torch.Size([1, 512, 1, 1]): 
The value is the same before and after calling `init_weights` of CascadeRCNN_BAF  

backbone.layer4.2.conv2.switch.bias - torch.Size([1]): 
The value is the same before and after calling `init_weights` of CascadeRCNN_BAF  

backbone.layer4.2.conv2.pre_context.weight - torch.Size([512, 512, 1, 1]): 
The value is the same before and after calling `init_weights` of CascadeRCNN_BAF  

backbone.layer4.2.conv2.pre_context.bias - torch.Size([512]): 
The value is the same before and after calling `init_weights` of CascadeRCNN_BAF  

backbone.layer4.2.conv2.post_context.weight - torch.Size([512, 512, 1, 1]): 
The value is the same before and after calling `init_weights` of CascadeRCNN_BAF  

backbone.layer4.2.conv2.post_context.bias - torch.Size([512]): 
The value is the same before and after calling `init_weights` of CascadeRCNN_BAF  

backbone.layer4.2.conv2.offset_s.weight - torch.Size([18, 512, 3, 3]): 
The value is the same before and after calling `init_weights` of CascadeRCNN_BAF  

backbone.layer4.2.conv2.offset_s.bias - torch.Size([18]): 
The value is the same before and after calling `init_weights` of CascadeRCNN_BAF  

backbone.layer4.2.conv2.offset_l.weight - torch.Size([18, 512, 3, 3]): 
The value is the same before and after calling `init_weights` of CascadeRCNN_BAF  

backbone.layer4.2.conv2.offset_l.bias - torch.Size([18]): 
The value is the same before and after calling `init_weights` of CascadeRCNN_BAF  

backbone.layer4.2.bn2.weight - torch.Size([512]): 
Initialized by user-defined `init_weights` in DetectoRS_ResNet  

backbone.layer4.2.bn2.bias - torch.Size([512]): 
Initialized by user-defined `init_weights` in DetectoRS_ResNet  

backbone.layer4.2.conv3.weight - torch.Size([2048, 512, 1, 1]): 
Initialized by user-defined `init_weights` in DetectoRS_ResNet  

backbone.layer4.2.bn3.weight - torch.Size([2048]): 
Initialized by user-defined `init_weights` in DetectoRS_ResNet  

backbone.layer4.2.bn3.bias - torch.Size([2048]): 
Initialized by user-defined `init_weights` in DetectoRS_ResNet  

neck.lateral_convs.0.conv.weight - torch.Size([256, 256, 1, 1]): 
Initialized by user-defined `init_weights` in RFP  

neck.lateral_convs.0.conv.bias - torch.Size([256]): 
The value is the same before and after calling `init_weights` of CascadeRCNN_BAF  

neck.lateral_convs.1.conv.weight - torch.Size([256, 512, 1, 1]): 
Initialized by user-defined `init_weights` in RFP  

neck.lateral_convs.1.conv.bias - torch.Size([256]): 
The value is the same before and after calling `init_weights` of CascadeRCNN_BAF  

neck.lateral_convs.2.conv.weight - torch.Size([256, 1024, 1, 1]): 
Initialized by user-defined `init_weights` in RFP  

neck.lateral_convs.2.conv.bias - torch.Size([256]): 
The value is the same before and after calling `init_weights` of CascadeRCNN_BAF  

neck.lateral_convs.3.conv.weight - torch.Size([256, 2048, 1, 1]): 
Initialized by user-defined `init_weights` in RFP  

neck.lateral_convs.3.conv.bias - torch.Size([256]): 
The value is the same before and after calling `init_weights` of CascadeRCNN_BAF  

neck.fpn_convs.0.conv.weight - torch.Size([256, 256, 3, 3]): 
Initialized by user-defined `init_weights` in RFP  

neck.fpn_convs.0.conv.bias - torch.Size([256]): 
The value is the same before and after calling `init_weights` of CascadeRCNN_BAF  

neck.fpn_convs.1.conv.weight - torch.Size([256, 256, 3, 3]): 
Initialized by user-defined `init_weights` in RFP  

neck.fpn_convs.1.conv.bias - torch.Size([256]): 
The value is the same before and after calling `init_weights` of CascadeRCNN_BAF  

neck.fpn_convs.2.conv.weight - torch.Size([256, 256, 3, 3]): 
Initialized by user-defined `init_weights` in RFP  

neck.fpn_convs.2.conv.bias - torch.Size([256]): 
The value is the same before and after calling `init_weights` of CascadeRCNN_BAF  

neck.fpn_convs.3.conv.weight - torch.Size([256, 256, 3, 3]): 
Initialized by user-defined `init_weights` in RFP  

neck.fpn_convs.3.conv.bias - torch.Size([256]): 
The value is the same before and after calling `init_weights` of CascadeRCNN_BAF  

neck.rfp_modules.0.conv1.weight - torch.Size([64, 3, 7, 7]): 
Initialized by user-defined `init_weights` in RFP  

neck.rfp_modules.0.bn1.weight - torch.Size([64]): 
Initialized by user-defined `init_weights` in RFP  

neck.rfp_modules.0.bn1.bias - torch.Size([64]): 
Initialized by user-defined `init_weights` in RFP  

neck.rfp_modules.0.layer1.0.conv1.weight - torch.Size([64, 64, 1, 1]): 
Initialized by user-defined `init_weights` in RFP  

neck.rfp_modules.0.layer1.0.bn1.weight - torch.Size([64]): 
Initialized by user-defined `init_weights` in RFP  

neck.rfp_modules.0.layer1.0.bn1.bias - torch.Size([64]): 
Initialized by user-defined `init_weights` in RFP  

neck.rfp_modules.0.layer1.0.conv2.weight - torch.Size([64, 64, 3, 3]): 
Initialized by user-defined `init_weights` in RFP  

neck.rfp_modules.0.layer1.0.bn2.weight - torch.Size([64]): 
Initialized by user-defined `init_weights` in RFP  

neck.rfp_modules.0.layer1.0.bn2.bias - torch.Size([64]): 
Initialized by user-defined `init_weights` in RFP  

neck.rfp_modules.0.layer1.0.conv3.weight - torch.Size([256, 64, 1, 1]): 
Initialized by user-defined `init_weights` in RFP  

neck.rfp_modules.0.layer1.0.bn3.weight - torch.Size([256]): 
Initialized by user-defined `init_weights` in RFP  

neck.rfp_modules.0.layer1.0.bn3.bias - torch.Size([256]): 
Initialized by user-defined `init_weights` in RFP  

neck.rfp_modules.0.layer1.0.downsample.0.weight - torch.Size([256, 64, 1, 1]): 
Initialized by user-defined `init_weights` in RFP  

neck.rfp_modules.0.layer1.0.downsample.1.weight - torch.Size([256]): 
Initialized by user-defined `init_weights` in RFP  

neck.rfp_modules.0.layer1.0.downsample.1.bias - torch.Size([256]): 
Initialized by user-defined `init_weights` in RFP  

neck.rfp_modules.0.layer1.1.conv1.weight - torch.Size([64, 256, 1, 1]): 
Initialized by user-defined `init_weights` in RFP  

neck.rfp_modules.0.layer1.1.bn1.weight - torch.Size([64]): 
Initialized by user-defined `init_weights` in RFP  

neck.rfp_modules.0.layer1.1.bn1.bias - torch.Size([64]): 
Initialized by user-defined `init_weights` in RFP  

neck.rfp_modules.0.layer1.1.conv2.weight - torch.Size([64, 64, 3, 3]): 
Initialized by user-defined `init_weights` in RFP  

neck.rfp_modules.0.layer1.1.bn2.weight - torch.Size([64]): 
Initialized by user-defined `init_weights` in RFP  

neck.rfp_modules.0.layer1.1.bn2.bias - torch.Size([64]): 
Initialized by user-defined `init_weights` in RFP  

neck.rfp_modules.0.layer1.1.conv3.weight - torch.Size([256, 64, 1, 1]): 
Initialized by user-defined `init_weights` in RFP  

neck.rfp_modules.0.layer1.1.bn3.weight - torch.Size([256]): 
Initialized by user-defined `init_weights` in RFP  

neck.rfp_modules.0.layer1.1.bn3.bias - torch.Size([256]): 
Initialized by user-defined `init_weights` in RFP  

neck.rfp_modules.0.layer1.2.conv1.weight - torch.Size([64, 256, 1, 1]): 
Initialized by user-defined `init_weights` in RFP  

neck.rfp_modules.0.layer1.2.bn1.weight - torch.Size([64]): 
Initialized by user-defined `init_weights` in RFP  

neck.rfp_modules.0.layer1.2.bn1.bias - torch.Size([64]): 
Initialized by user-defined `init_weights` in RFP  

neck.rfp_modules.0.layer1.2.conv2.weight - torch.Size([64, 64, 3, 3]): 
Initialized by user-defined `init_weights` in RFP  

neck.rfp_modules.0.layer1.2.bn2.weight - torch.Size([64]): 
Initialized by user-defined `init_weights` in RFP  

neck.rfp_modules.0.layer1.2.bn2.bias - torch.Size([64]): 
Initialized by user-defined `init_weights` in RFP  

neck.rfp_modules.0.layer1.2.conv3.weight - torch.Size([256, 64, 1, 1]): 
Initialized by user-defined `init_weights` in RFP  

neck.rfp_modules.0.layer1.2.bn3.weight - torch.Size([256]): 
Initialized by user-defined `init_weights` in RFP  

neck.rfp_modules.0.layer1.2.bn3.bias - torch.Size([256]): 
Initialized by user-defined `init_weights` in RFP  

neck.rfp_modules.0.layer2.0.conv1.weight - torch.Size([128, 256, 1, 1]): 
Initialized by user-defined `init_weights` in RFP  

neck.rfp_modules.0.layer2.0.bn1.weight - torch.Size([128]): 
Initialized by user-defined `init_weights` in RFP  

neck.rfp_modules.0.layer2.0.bn1.bias - torch.Size([128]): 
Initialized by user-defined `init_weights` in RFP  

neck.rfp_modules.0.layer2.0.conv2.weight - torch.Size([128, 128, 3, 3]): 
Initialized by user-defined `init_weights` in RFP  

neck.rfp_modules.0.layer2.0.conv2.weight_diff - torch.Size([128, 128, 3, 3]): 
The value is the same before and after calling `init_weights` of CascadeRCNN_BAF  

neck.rfp_modules.0.layer2.0.conv2.switch.weight - torch.Size([1, 128, 1, 1]): 
The value is the same before and after calling `init_weights` of CascadeRCNN_BAF  

neck.rfp_modules.0.layer2.0.conv2.switch.bias - torch.Size([1]): 
The value is the same before and after calling `init_weights` of CascadeRCNN_BAF  

neck.rfp_modules.0.layer2.0.conv2.pre_context.weight - torch.Size([128, 128, 1, 1]): 
The value is the same before and after calling `init_weights` of CascadeRCNN_BAF  

neck.rfp_modules.0.layer2.0.conv2.pre_context.bias - torch.Size([128]): 
The value is the same before and after calling `init_weights` of CascadeRCNN_BAF  

neck.rfp_modules.0.layer2.0.conv2.post_context.weight - torch.Size([128, 128, 1, 1]): 
The value is the same before and after calling `init_weights` of CascadeRCNN_BAF  

neck.rfp_modules.0.layer2.0.conv2.post_context.bias - torch.Size([128]): 
The value is the same before and after calling `init_weights` of CascadeRCNN_BAF  

neck.rfp_modules.0.layer2.0.conv2.offset_s.weight - torch.Size([18, 128, 3, 3]): 
The value is the same before and after calling `init_weights` of CascadeRCNN_BAF  

neck.rfp_modules.0.layer2.0.conv2.offset_s.bias - torch.Size([18]): 
The value is the same before and after calling `init_weights` of CascadeRCNN_BAF  

neck.rfp_modules.0.layer2.0.conv2.offset_l.weight - torch.Size([18, 128, 3, 3]): 
The value is the same before and after calling `init_weights` of CascadeRCNN_BAF  

neck.rfp_modules.0.layer2.0.conv2.offset_l.bias - torch.Size([18]): 
The value is the same before and after calling `init_weights` of CascadeRCNN_BAF  

neck.rfp_modules.0.layer2.0.bn2.weight - torch.Size([128]): 
Initialized by user-defined `init_weights` in RFP  

neck.rfp_modules.0.layer2.0.bn2.bias - torch.Size([128]): 
Initialized by user-defined `init_weights` in RFP  

neck.rfp_modules.0.layer2.0.conv3.weight - torch.Size([512, 128, 1, 1]): 
Initialized by user-defined `init_weights` in RFP  

neck.rfp_modules.0.layer2.0.bn3.weight - torch.Size([512]): 
Initialized by user-defined `init_weights` in RFP  

neck.rfp_modules.0.layer2.0.bn3.bias - torch.Size([512]): 
Initialized by user-defined `init_weights` in RFP  

neck.rfp_modules.0.layer2.0.downsample.0.weight - torch.Size([512, 256, 1, 1]): 
Initialized by user-defined `init_weights` in RFP  

neck.rfp_modules.0.layer2.0.downsample.1.weight - torch.Size([512]): 
Initialized by user-defined `init_weights` in RFP  

neck.rfp_modules.0.layer2.0.downsample.1.bias - torch.Size([512]): 
Initialized by user-defined `init_weights` in RFP  

neck.rfp_modules.0.layer2.0.rfp_conv.weight - torch.Size([512, 256, 1, 1]): 
The value is the same before and after calling `init_weights` of CascadeRCNN_BAF  

neck.rfp_modules.0.layer2.0.rfp_conv.bias - torch.Size([512]): 
The value is the same before and after calling `init_weights` of CascadeRCNN_BAF  

neck.rfp_modules.0.layer2.1.conv1.weight - torch.Size([128, 512, 1, 1]): 
Initialized by user-defined `init_weights` in RFP  

neck.rfp_modules.0.layer2.1.bn1.weight - torch.Size([128]): 
Initialized by user-defined `init_weights` in RFP  

neck.rfp_modules.0.layer2.1.bn1.bias - torch.Size([128]): 
Initialized by user-defined `init_weights` in RFP  

neck.rfp_modules.0.layer2.1.conv2.weight - torch.Size([128, 128, 3, 3]): 
Initialized by user-defined `init_weights` in RFP  

neck.rfp_modules.0.layer2.1.conv2.weight_diff - torch.Size([128, 128, 3, 3]): 
The value is the same before and after calling `init_weights` of CascadeRCNN_BAF  

neck.rfp_modules.0.layer2.1.conv2.switch.weight - torch.Size([1, 128, 1, 1]): 
The value is the same before and after calling `init_weights` of CascadeRCNN_BAF  

neck.rfp_modules.0.layer2.1.conv2.switch.bias - torch.Size([1]): 
The value is the same before and after calling `init_weights` of CascadeRCNN_BAF  

neck.rfp_modules.0.layer2.1.conv2.pre_context.weight - torch.Size([128, 128, 1, 1]): 
The value is the same before and after calling `init_weights` of CascadeRCNN_BAF  

neck.rfp_modules.0.layer2.1.conv2.pre_context.bias - torch.Size([128]): 
The value is the same before and after calling `init_weights` of CascadeRCNN_BAF  

neck.rfp_modules.0.layer2.1.conv2.post_context.weight - torch.Size([128, 128, 1, 1]): 
The value is the same before and after calling `init_weights` of CascadeRCNN_BAF  

neck.rfp_modules.0.layer2.1.conv2.post_context.bias - torch.Size([128]): 
The value is the same before and after calling `init_weights` of CascadeRCNN_BAF  

neck.rfp_modules.0.layer2.1.conv2.offset_s.weight - torch.Size([18, 128, 3, 3]): 
The value is the same before and after calling `init_weights` of CascadeRCNN_BAF  

neck.rfp_modules.0.layer2.1.conv2.offset_s.bias - torch.Size([18]): 
The value is the same before and after calling `init_weights` of CascadeRCNN_BAF  

neck.rfp_modules.0.layer2.1.conv2.offset_l.weight - torch.Size([18, 128, 3, 3]): 
The value is the same before and after calling `init_weights` of CascadeRCNN_BAF  

neck.rfp_modules.0.layer2.1.conv2.offset_l.bias - torch.Size([18]): 
The value is the same before and after calling `init_weights` of CascadeRCNN_BAF  

neck.rfp_modules.0.layer2.1.bn2.weight - torch.Size([128]): 
Initialized by user-defined `init_weights` in RFP  

neck.rfp_modules.0.layer2.1.bn2.bias - torch.Size([128]): 
Initialized by user-defined `init_weights` in RFP  

neck.rfp_modules.0.layer2.1.conv3.weight - torch.Size([512, 128, 1, 1]): 
Initialized by user-defined `init_weights` in RFP  

neck.rfp_modules.0.layer2.1.bn3.weight - torch.Size([512]): 
Initialized by user-defined `init_weights` in RFP  

neck.rfp_modules.0.layer2.1.bn3.bias - torch.Size([512]): 
Initialized by user-defined `init_weights` in RFP  

neck.rfp_modules.0.layer2.2.conv1.weight - torch.Size([128, 512, 1, 1]): 
Initialized by user-defined `init_weights` in RFP  

neck.rfp_modules.0.layer2.2.bn1.weight - torch.Size([128]): 
Initialized by user-defined `init_weights` in RFP  

neck.rfp_modules.0.layer2.2.bn1.bias - torch.Size([128]): 
Initialized by user-defined `init_weights` in RFP  

neck.rfp_modules.0.layer2.2.conv2.weight - torch.Size([128, 128, 3, 3]): 
Initialized by user-defined `init_weights` in RFP  

neck.rfp_modules.0.layer2.2.conv2.weight_diff - torch.Size([128, 128, 3, 3]): 
The value is the same before and after calling `init_weights` of CascadeRCNN_BAF  

neck.rfp_modules.0.layer2.2.conv2.switch.weight - torch.Size([1, 128, 1, 1]): 
The value is the same before and after calling `init_weights` of CascadeRCNN_BAF  

neck.rfp_modules.0.layer2.2.conv2.switch.bias - torch.Size([1]): 
The value is the same before and after calling `init_weights` of CascadeRCNN_BAF  

neck.rfp_modules.0.layer2.2.conv2.pre_context.weight - torch.Size([128, 128, 1, 1]): 
The value is the same before and after calling `init_weights` of CascadeRCNN_BAF  

neck.rfp_modules.0.layer2.2.conv2.pre_context.bias - torch.Size([128]): 
The value is the same before and after calling `init_weights` of CascadeRCNN_BAF  

neck.rfp_modules.0.layer2.2.conv2.post_context.weight - torch.Size([128, 128, 1, 1]): 
The value is the same before and after calling `init_weights` of CascadeRCNN_BAF  

neck.rfp_modules.0.layer2.2.conv2.post_context.bias - torch.Size([128]): 
The value is the same before and after calling `init_weights` of CascadeRCNN_BAF  

neck.rfp_modules.0.layer2.2.conv2.offset_s.weight - torch.Size([18, 128, 3, 3]): 
The value is the same before and after calling `init_weights` of CascadeRCNN_BAF  

neck.rfp_modules.0.layer2.2.conv2.offset_s.bias - torch.Size([18]): 
The value is the same before and after calling `init_weights` of CascadeRCNN_BAF  

neck.rfp_modules.0.layer2.2.conv2.offset_l.weight - torch.Size([18, 128, 3, 3]): 
The value is the same before and after calling `init_weights` of CascadeRCNN_BAF  

neck.rfp_modules.0.layer2.2.conv2.offset_l.bias - torch.Size([18]): 
The value is the same before and after calling `init_weights` of CascadeRCNN_BAF  

neck.rfp_modules.0.layer2.2.bn2.weight - torch.Size([128]): 
Initialized by user-defined `init_weights` in RFP  

neck.rfp_modules.0.layer2.2.bn2.bias - torch.Size([128]): 
Initialized by user-defined `init_weights` in RFP  

neck.rfp_modules.0.layer2.2.conv3.weight - torch.Size([512, 128, 1, 1]): 
Initialized by user-defined `init_weights` in RFP  

neck.rfp_modules.0.layer2.2.bn3.weight - torch.Size([512]): 
Initialized by user-defined `init_weights` in RFP  

neck.rfp_modules.0.layer2.2.bn3.bias - torch.Size([512]): 
Initialized by user-defined `init_weights` in RFP  

neck.rfp_modules.0.layer2.3.conv1.weight - torch.Size([128, 512, 1, 1]): 
Initialized by user-defined `init_weights` in RFP  

neck.rfp_modules.0.layer2.3.bn1.weight - torch.Size([128]): 
Initialized by user-defined `init_weights` in RFP  

neck.rfp_modules.0.layer2.3.bn1.bias - torch.Size([128]): 
Initialized by user-defined `init_weights` in RFP  

neck.rfp_modules.0.layer2.3.conv2.weight - torch.Size([128, 128, 3, 3]): 
Initialized by user-defined `init_weights` in RFP  

neck.rfp_modules.0.layer2.3.conv2.weight_diff - torch.Size([128, 128, 3, 3]): 
The value is the same before and after calling `init_weights` of CascadeRCNN_BAF  

neck.rfp_modules.0.layer2.3.conv2.switch.weight - torch.Size([1, 128, 1, 1]): 
The value is the same before and after calling `init_weights` of CascadeRCNN_BAF  

neck.rfp_modules.0.layer2.3.conv2.switch.bias - torch.Size([1]): 
The value is the same before and after calling `init_weights` of CascadeRCNN_BAF  

neck.rfp_modules.0.layer2.3.conv2.pre_context.weight - torch.Size([128, 128, 1, 1]): 
The value is the same before and after calling `init_weights` of CascadeRCNN_BAF  

neck.rfp_modules.0.layer2.3.conv2.pre_context.bias - torch.Size([128]): 
The value is the same before and after calling `init_weights` of CascadeRCNN_BAF  

neck.rfp_modules.0.layer2.3.conv2.post_context.weight - torch.Size([128, 128, 1, 1]): 
The value is the same before and after calling `init_weights` of CascadeRCNN_BAF  

neck.rfp_modules.0.layer2.3.conv2.post_context.bias - torch.Size([128]): 
The value is the same before and after calling `init_weights` of CascadeRCNN_BAF  

neck.rfp_modules.0.layer2.3.conv2.offset_s.weight - torch.Size([18, 128, 3, 3]): 
The value is the same before and after calling `init_weights` of CascadeRCNN_BAF  

neck.rfp_modules.0.layer2.3.conv2.offset_s.bias - torch.Size([18]): 
The value is the same before and after calling `init_weights` of CascadeRCNN_BAF  

neck.rfp_modules.0.layer2.3.conv2.offset_l.weight - torch.Size([18, 128, 3, 3]): 
The value is the same before and after calling `init_weights` of CascadeRCNN_BAF  

neck.rfp_modules.0.layer2.3.conv2.offset_l.bias - torch.Size([18]): 
The value is the same before and after calling `init_weights` of CascadeRCNN_BAF  

neck.rfp_modules.0.layer2.3.bn2.weight - torch.Size([128]): 
Initialized by user-defined `init_weights` in RFP  

neck.rfp_modules.0.layer2.3.bn2.bias - torch.Size([128]): 
Initialized by user-defined `init_weights` in RFP  

neck.rfp_modules.0.layer2.3.conv3.weight - torch.Size([512, 128, 1, 1]): 
Initialized by user-defined `init_weights` in RFP  

neck.rfp_modules.0.layer2.3.bn3.weight - torch.Size([512]): 
Initialized by user-defined `init_weights` in RFP  

neck.rfp_modules.0.layer2.3.bn3.bias - torch.Size([512]): 
Initialized by user-defined `init_weights` in RFP  

neck.rfp_modules.0.layer3.0.conv1.weight - torch.Size([256, 512, 1, 1]): 
Initialized by user-defined `init_weights` in RFP  

neck.rfp_modules.0.layer3.0.bn1.weight - torch.Size([256]): 
Initialized by user-defined `init_weights` in RFP  

neck.rfp_modules.0.layer3.0.bn1.bias - torch.Size([256]): 
Initialized by user-defined `init_weights` in RFP  

neck.rfp_modules.0.layer3.0.conv2.weight - torch.Size([256, 256, 3, 3]): 
Initialized by user-defined `init_weights` in RFP  

neck.rfp_modules.0.layer3.0.conv2.weight_diff - torch.Size([256, 256, 3, 3]): 
The value is the same before and after calling `init_weights` of CascadeRCNN_BAF  

neck.rfp_modules.0.layer3.0.conv2.switch.weight - torch.Size([1, 256, 1, 1]): 
The value is the same before and after calling `init_weights` of CascadeRCNN_BAF  

neck.rfp_modules.0.layer3.0.conv2.switch.bias - torch.Size([1]): 
The value is the same before and after calling `init_weights` of CascadeRCNN_BAF  

neck.rfp_modules.0.layer3.0.conv2.pre_context.weight - torch.Size([256, 256, 1, 1]): 
The value is the same before and after calling `init_weights` of CascadeRCNN_BAF  

neck.rfp_modules.0.layer3.0.conv2.pre_context.bias - torch.Size([256]): 
The value is the same before and after calling `init_weights` of CascadeRCNN_BAF  

neck.rfp_modules.0.layer3.0.conv2.post_context.weight - torch.Size([256, 256, 1, 1]): 
The value is the same before and after calling `init_weights` of CascadeRCNN_BAF  

neck.rfp_modules.0.layer3.0.conv2.post_context.bias - torch.Size([256]): 
The value is the same before and after calling `init_weights` of CascadeRCNN_BAF  

neck.rfp_modules.0.layer3.0.conv2.offset_s.weight - torch.Size([18, 256, 3, 3]): 
The value is the same before and after calling `init_weights` of CascadeRCNN_BAF  

neck.rfp_modules.0.layer3.0.conv2.offset_s.bias - torch.Size([18]): 
The value is the same before and after calling `init_weights` of CascadeRCNN_BAF  

neck.rfp_modules.0.layer3.0.conv2.offset_l.weight - torch.Size([18, 256, 3, 3]): 
The value is the same before and after calling `init_weights` of CascadeRCNN_BAF  

neck.rfp_modules.0.layer3.0.conv2.offset_l.bias - torch.Size([18]): 
The value is the same before and after calling `init_weights` of CascadeRCNN_BAF  

neck.rfp_modules.0.layer3.0.bn2.weight - torch.Size([256]): 
Initialized by user-defined `init_weights` in RFP  

neck.rfp_modules.0.layer3.0.bn2.bias - torch.Size([256]): 
Initialized by user-defined `init_weights` in RFP  

neck.rfp_modules.0.layer3.0.conv3.weight - torch.Size([1024, 256, 1, 1]): 
Initialized by user-defined `init_weights` in RFP  

neck.rfp_modules.0.layer3.0.bn3.weight - torch.Size([1024]): 
Initialized by user-defined `init_weights` in RFP  

neck.rfp_modules.0.layer3.0.bn3.bias - torch.Size([1024]): 
Initialized by user-defined `init_weights` in RFP  

neck.rfp_modules.0.layer3.0.downsample.0.weight - torch.Size([1024, 512, 1, 1]): 
Initialized by user-defined `init_weights` in RFP  

neck.rfp_modules.0.layer3.0.downsample.1.weight - torch.Size([1024]): 
Initialized by user-defined `init_weights` in RFP  

neck.rfp_modules.0.layer3.0.downsample.1.bias - torch.Size([1024]): 
Initialized by user-defined `init_weights` in RFP  

neck.rfp_modules.0.layer3.0.rfp_conv.weight - torch.Size([1024, 256, 1, 1]): 
The value is the same before and after calling `init_weights` of CascadeRCNN_BAF  

neck.rfp_modules.0.layer3.0.rfp_conv.bias - torch.Size([1024]): 
The value is the same before and after calling `init_weights` of CascadeRCNN_BAF  

neck.rfp_modules.0.layer3.1.conv1.weight - torch.Size([256, 1024, 1, 1]): 
Initialized by user-defined `init_weights` in RFP  

neck.rfp_modules.0.layer3.1.bn1.weight - torch.Size([256]): 
Initialized by user-defined `init_weights` in RFP  

neck.rfp_modules.0.layer3.1.bn1.bias - torch.Size([256]): 
Initialized by user-defined `init_weights` in RFP  

neck.rfp_modules.0.layer3.1.conv2.weight - torch.Size([256, 256, 3, 3]): 
Initialized by user-defined `init_weights` in RFP  

neck.rfp_modules.0.layer3.1.conv2.weight_diff - torch.Size([256, 256, 3, 3]): 
The value is the same before and after calling `init_weights` of CascadeRCNN_BAF  

neck.rfp_modules.0.layer3.1.conv2.switch.weight - torch.Size([1, 256, 1, 1]): 
The value is the same before and after calling `init_weights` of CascadeRCNN_BAF  

neck.rfp_modules.0.layer3.1.conv2.switch.bias - torch.Size([1]): 
The value is the same before and after calling `init_weights` of CascadeRCNN_BAF  

neck.rfp_modules.0.layer3.1.conv2.pre_context.weight - torch.Size([256, 256, 1, 1]): 
The value is the same before and after calling `init_weights` of CascadeRCNN_BAF  

neck.rfp_modules.0.layer3.1.conv2.pre_context.bias - torch.Size([256]): 
The value is the same before and after calling `init_weights` of CascadeRCNN_BAF  

neck.rfp_modules.0.layer3.1.conv2.post_context.weight - torch.Size([256, 256, 1, 1]): 
The value is the same before and after calling `init_weights` of CascadeRCNN_BAF  

neck.rfp_modules.0.layer3.1.conv2.post_context.bias - torch.Size([256]): 
The value is the same before and after calling `init_weights` of CascadeRCNN_BAF  

neck.rfp_modules.0.layer3.1.conv2.offset_s.weight - torch.Size([18, 256, 3, 3]): 
The value is the same before and after calling `init_weights` of CascadeRCNN_BAF  

neck.rfp_modules.0.layer3.1.conv2.offset_s.bias - torch.Size([18]): 
The value is the same before and after calling `init_weights` of CascadeRCNN_BAF  

neck.rfp_modules.0.layer3.1.conv2.offset_l.weight - torch.Size([18, 256, 3, 3]): 
The value is the same before and after calling `init_weights` of CascadeRCNN_BAF  

neck.rfp_modules.0.layer3.1.conv2.offset_l.bias - torch.Size([18]): 
The value is the same before and after calling `init_weights` of CascadeRCNN_BAF  

neck.rfp_modules.0.layer3.1.bn2.weight - torch.Size([256]): 
Initialized by user-defined `init_weights` in RFP  

neck.rfp_modules.0.layer3.1.bn2.bias - torch.Size([256]): 
Initialized by user-defined `init_weights` in RFP  

neck.rfp_modules.0.layer3.1.conv3.weight - torch.Size([1024, 256, 1, 1]): 
Initialized by user-defined `init_weights` in RFP  

neck.rfp_modules.0.layer3.1.bn3.weight - torch.Size([1024]): 
Initialized by user-defined `init_weights` in RFP  

neck.rfp_modules.0.layer3.1.bn3.bias - torch.Size([1024]): 
Initialized by user-defined `init_weights` in RFP  

neck.rfp_modules.0.layer3.2.conv1.weight - torch.Size([256, 1024, 1, 1]): 
Initialized by user-defined `init_weights` in RFP  

neck.rfp_modules.0.layer3.2.bn1.weight - torch.Size([256]): 
Initialized by user-defined `init_weights` in RFP  

neck.rfp_modules.0.layer3.2.bn1.bias - torch.Size([256]): 
Initialized by user-defined `init_weights` in RFP  

neck.rfp_modules.0.layer3.2.conv2.weight - torch.Size([256, 256, 3, 3]): 
Initialized by user-defined `init_weights` in RFP  

neck.rfp_modules.0.layer3.2.conv2.weight_diff - torch.Size([256, 256, 3, 3]): 
The value is the same before and after calling `init_weights` of CascadeRCNN_BAF  

neck.rfp_modules.0.layer3.2.conv2.switch.weight - torch.Size([1, 256, 1, 1]): 
The value is the same before and after calling `init_weights` of CascadeRCNN_BAF  

neck.rfp_modules.0.layer3.2.conv2.switch.bias - torch.Size([1]): 
The value is the same before and after calling `init_weights` of CascadeRCNN_BAF  

neck.rfp_modules.0.layer3.2.conv2.pre_context.weight - torch.Size([256, 256, 1, 1]): 
The value is the same before and after calling `init_weights` of CascadeRCNN_BAF  

neck.rfp_modules.0.layer3.2.conv2.pre_context.bias - torch.Size([256]): 
The value is the same before and after calling `init_weights` of CascadeRCNN_BAF  

neck.rfp_modules.0.layer3.2.conv2.post_context.weight - torch.Size([256, 256, 1, 1]): 
The value is the same before and after calling `init_weights` of CascadeRCNN_BAF  

neck.rfp_modules.0.layer3.2.conv2.post_context.bias - torch.Size([256]): 
The value is the same before and after calling `init_weights` of CascadeRCNN_BAF  

neck.rfp_modules.0.layer3.2.conv2.offset_s.weight - torch.Size([18, 256, 3, 3]): 
The value is the same before and after calling `init_weights` of CascadeRCNN_BAF  

neck.rfp_modules.0.layer3.2.conv2.offset_s.bias - torch.Size([18]): 
The value is the same before and after calling `init_weights` of CascadeRCNN_BAF  

neck.rfp_modules.0.layer3.2.conv2.offset_l.weight - torch.Size([18, 256, 3, 3]): 
The value is the same before and after calling `init_weights` of CascadeRCNN_BAF  

neck.rfp_modules.0.layer3.2.conv2.offset_l.bias - torch.Size([18]): 
The value is the same before and after calling `init_weights` of CascadeRCNN_BAF  

neck.rfp_modules.0.layer3.2.bn2.weight - torch.Size([256]): 
Initialized by user-defined `init_weights` in RFP  

neck.rfp_modules.0.layer3.2.bn2.bias - torch.Size([256]): 
Initialized by user-defined `init_weights` in RFP  

neck.rfp_modules.0.layer3.2.conv3.weight - torch.Size([1024, 256, 1, 1]): 
Initialized by user-defined `init_weights` in RFP  

neck.rfp_modules.0.layer3.2.bn3.weight - torch.Size([1024]): 
Initialized by user-defined `init_weights` in RFP  

neck.rfp_modules.0.layer3.2.bn3.bias - torch.Size([1024]): 
Initialized by user-defined `init_weights` in RFP  

neck.rfp_modules.0.layer3.3.conv1.weight - torch.Size([256, 1024, 1, 1]): 
Initialized by user-defined `init_weights` in RFP  

neck.rfp_modules.0.layer3.3.bn1.weight - torch.Size([256]): 
Initialized by user-defined `init_weights` in RFP  

neck.rfp_modules.0.layer3.3.bn1.bias - torch.Size([256]): 
Initialized by user-defined `init_weights` in RFP  

neck.rfp_modules.0.layer3.3.conv2.weight - torch.Size([256, 256, 3, 3]): 
Initialized by user-defined `init_weights` in RFP  

neck.rfp_modules.0.layer3.3.conv2.weight_diff - torch.Size([256, 256, 3, 3]): 
The value is the same before and after calling `init_weights` of CascadeRCNN_BAF  

neck.rfp_modules.0.layer3.3.conv2.switch.weight - torch.Size([1, 256, 1, 1]): 
The value is the same before and after calling `init_weights` of CascadeRCNN_BAF  

neck.rfp_modules.0.layer3.3.conv2.switch.bias - torch.Size([1]): 
The value is the same before and after calling `init_weights` of CascadeRCNN_BAF  

neck.rfp_modules.0.layer3.3.conv2.pre_context.weight - torch.Size([256, 256, 1, 1]): 
The value is the same before and after calling `init_weights` of CascadeRCNN_BAF  

neck.rfp_modules.0.layer3.3.conv2.pre_context.bias - torch.Size([256]): 
The value is the same before and after calling `init_weights` of CascadeRCNN_BAF  

neck.rfp_modules.0.layer3.3.conv2.post_context.weight - torch.Size([256, 256, 1, 1]): 
The value is the same before and after calling `init_weights` of CascadeRCNN_BAF  

neck.rfp_modules.0.layer3.3.conv2.post_context.bias - torch.Size([256]): 
The value is the same before and after calling `init_weights` of CascadeRCNN_BAF  

neck.rfp_modules.0.layer3.3.conv2.offset_s.weight - torch.Size([18, 256, 3, 3]): 
The value is the same before and after calling `init_weights` of CascadeRCNN_BAF  

neck.rfp_modules.0.layer3.3.conv2.offset_s.bias - torch.Size([18]): 
The value is the same before and after calling `init_weights` of CascadeRCNN_BAF  

neck.rfp_modules.0.layer3.3.conv2.offset_l.weight - torch.Size([18, 256, 3, 3]): 
The value is the same before and after calling `init_weights` of CascadeRCNN_BAF  

neck.rfp_modules.0.layer3.3.conv2.offset_l.bias - torch.Size([18]): 
The value is the same before and after calling `init_weights` of CascadeRCNN_BAF  

neck.rfp_modules.0.layer3.3.bn2.weight - torch.Size([256]): 
Initialized by user-defined `init_weights` in RFP  

neck.rfp_modules.0.layer3.3.bn2.bias - torch.Size([256]): 
Initialized by user-defined `init_weights` in RFP  

neck.rfp_modules.0.layer3.3.conv3.weight - torch.Size([1024, 256, 1, 1]): 
Initialized by user-defined `init_weights` in RFP  

neck.rfp_modules.0.layer3.3.bn3.weight - torch.Size([1024]): 
Initialized by user-defined `init_weights` in RFP  

neck.rfp_modules.0.layer3.3.bn3.bias - torch.Size([1024]): 
Initialized by user-defined `init_weights` in RFP  

neck.rfp_modules.0.layer3.4.conv1.weight - torch.Size([256, 1024, 1, 1]): 
Initialized by user-defined `init_weights` in RFP  

neck.rfp_modules.0.layer3.4.bn1.weight - torch.Size([256]): 
Initialized by user-defined `init_weights` in RFP  

neck.rfp_modules.0.layer3.4.bn1.bias - torch.Size([256]): 
Initialized by user-defined `init_weights` in RFP  

neck.rfp_modules.0.layer3.4.conv2.weight - torch.Size([256, 256, 3, 3]): 
Initialized by user-defined `init_weights` in RFP  

neck.rfp_modules.0.layer3.4.conv2.weight_diff - torch.Size([256, 256, 3, 3]): 
The value is the same before and after calling `init_weights` of CascadeRCNN_BAF  

neck.rfp_modules.0.layer3.4.conv2.switch.weight - torch.Size([1, 256, 1, 1]): 
The value is the same before and after calling `init_weights` of CascadeRCNN_BAF  

neck.rfp_modules.0.layer3.4.conv2.switch.bias - torch.Size([1]): 
The value is the same before and after calling `init_weights` of CascadeRCNN_BAF  

neck.rfp_modules.0.layer3.4.conv2.pre_context.weight - torch.Size([256, 256, 1, 1]): 
The value is the same before and after calling `init_weights` of CascadeRCNN_BAF  

neck.rfp_modules.0.layer3.4.conv2.pre_context.bias - torch.Size([256]): 
The value is the same before and after calling `init_weights` of CascadeRCNN_BAF  

neck.rfp_modules.0.layer3.4.conv2.post_context.weight - torch.Size([256, 256, 1, 1]): 
The value is the same before and after calling `init_weights` of CascadeRCNN_BAF  

neck.rfp_modules.0.layer3.4.conv2.post_context.bias - torch.Size([256]): 
The value is the same before and after calling `init_weights` of CascadeRCNN_BAF  

neck.rfp_modules.0.layer3.4.conv2.offset_s.weight - torch.Size([18, 256, 3, 3]): 
The value is the same before and after calling `init_weights` of CascadeRCNN_BAF  

neck.rfp_modules.0.layer3.4.conv2.offset_s.bias - torch.Size([18]): 
The value is the same before and after calling `init_weights` of CascadeRCNN_BAF  

neck.rfp_modules.0.layer3.4.conv2.offset_l.weight - torch.Size([18, 256, 3, 3]): 
The value is the same before and after calling `init_weights` of CascadeRCNN_BAF  

neck.rfp_modules.0.layer3.4.conv2.offset_l.bias - torch.Size([18]): 
The value is the same before and after calling `init_weights` of CascadeRCNN_BAF  

neck.rfp_modules.0.layer3.4.bn2.weight - torch.Size([256]): 
Initialized by user-defined `init_weights` in RFP  

neck.rfp_modules.0.layer3.4.bn2.bias - torch.Size([256]): 
Initialized by user-defined `init_weights` in RFP  

neck.rfp_modules.0.layer3.4.conv3.weight - torch.Size([1024, 256, 1, 1]): 
Initialized by user-defined `init_weights` in RFP  

neck.rfp_modules.0.layer3.4.bn3.weight - torch.Size([1024]): 
Initialized by user-defined `init_weights` in RFP  

neck.rfp_modules.0.layer3.4.bn3.bias - torch.Size([1024]): 
Initialized by user-defined `init_weights` in RFP  

neck.rfp_modules.0.layer3.5.conv1.weight - torch.Size([256, 1024, 1, 1]): 
Initialized by user-defined `init_weights` in RFP  

neck.rfp_modules.0.layer3.5.bn1.weight - torch.Size([256]): 
Initialized by user-defined `init_weights` in RFP  

neck.rfp_modules.0.layer3.5.bn1.bias - torch.Size([256]): 
Initialized by user-defined `init_weights` in RFP  

neck.rfp_modules.0.layer3.5.conv2.weight - torch.Size([256, 256, 3, 3]): 
Initialized by user-defined `init_weights` in RFP  

neck.rfp_modules.0.layer3.5.conv2.weight_diff - torch.Size([256, 256, 3, 3]): 
The value is the same before and after calling `init_weights` of CascadeRCNN_BAF  

neck.rfp_modules.0.layer3.5.conv2.switch.weight - torch.Size([1, 256, 1, 1]): 
The value is the same before and after calling `init_weights` of CascadeRCNN_BAF  

neck.rfp_modules.0.layer3.5.conv2.switch.bias - torch.Size([1]): 
The value is the same before and after calling `init_weights` of CascadeRCNN_BAF  

neck.rfp_modules.0.layer3.5.conv2.pre_context.weight - torch.Size([256, 256, 1, 1]): 
The value is the same before and after calling `init_weights` of CascadeRCNN_BAF  

neck.rfp_modules.0.layer3.5.conv2.pre_context.bias - torch.Size([256]): 
The value is the same before and after calling `init_weights` of CascadeRCNN_BAF  

neck.rfp_modules.0.layer3.5.conv2.post_context.weight - torch.Size([256, 256, 1, 1]): 
The value is the same before and after calling `init_weights` of CascadeRCNN_BAF  

neck.rfp_modules.0.layer3.5.conv2.post_context.bias - torch.Size([256]): 
The value is the same before and after calling `init_weights` of CascadeRCNN_BAF  

neck.rfp_modules.0.layer3.5.conv2.offset_s.weight - torch.Size([18, 256, 3, 3]): 
The value is the same before and after calling `init_weights` of CascadeRCNN_BAF  

neck.rfp_modules.0.layer3.5.conv2.offset_s.bias - torch.Size([18]): 
The value is the same before and after calling `init_weights` of CascadeRCNN_BAF  

neck.rfp_modules.0.layer3.5.conv2.offset_l.weight - torch.Size([18, 256, 3, 3]): 
The value is the same before and after calling `init_weights` of CascadeRCNN_BAF  

neck.rfp_modules.0.layer3.5.conv2.offset_l.bias - torch.Size([18]): 
The value is the same before and after calling `init_weights` of CascadeRCNN_BAF  

neck.rfp_modules.0.layer3.5.bn2.weight - torch.Size([256]): 
Initialized by user-defined `init_weights` in RFP  

neck.rfp_modules.0.layer3.5.bn2.bias - torch.Size([256]): 
Initialized by user-defined `init_weights` in RFP  

neck.rfp_modules.0.layer3.5.conv3.weight - torch.Size([1024, 256, 1, 1]): 
Initialized by user-defined `init_weights` in RFP  

neck.rfp_modules.0.layer3.5.bn3.weight - torch.Size([1024]): 
Initialized by user-defined `init_weights` in RFP  

neck.rfp_modules.0.layer3.5.bn3.bias - torch.Size([1024]): 
Initialized by user-defined `init_weights` in RFP  

neck.rfp_modules.0.layer4.0.conv1.weight - torch.Size([512, 1024, 1, 1]): 
Initialized by user-defined `init_weights` in RFP  

neck.rfp_modules.0.layer4.0.bn1.weight - torch.Size([512]): 
Initialized by user-defined `init_weights` in RFP  

neck.rfp_modules.0.layer4.0.bn1.bias - torch.Size([512]): 
Initialized by user-defined `init_weights` in RFP  

neck.rfp_modules.0.layer4.0.conv2.weight - torch.Size([512, 512, 3, 3]): 
Initialized by user-defined `init_weights` in RFP  

neck.rfp_modules.0.layer4.0.conv2.weight_diff - torch.Size([512, 512, 3, 3]): 
The value is the same before and after calling `init_weights` of CascadeRCNN_BAF  

neck.rfp_modules.0.layer4.0.conv2.switch.weight - torch.Size([1, 512, 1, 1]): 
The value is the same before and after calling `init_weights` of CascadeRCNN_BAF  

neck.rfp_modules.0.layer4.0.conv2.switch.bias - torch.Size([1]): 
The value is the same before and after calling `init_weights` of CascadeRCNN_BAF  

neck.rfp_modules.0.layer4.0.conv2.pre_context.weight - torch.Size([512, 512, 1, 1]): 
The value is the same before and after calling `init_weights` of CascadeRCNN_BAF  

neck.rfp_modules.0.layer4.0.conv2.pre_context.bias - torch.Size([512]): 
The value is the same before and after calling `init_weights` of CascadeRCNN_BAF  

neck.rfp_modules.0.layer4.0.conv2.post_context.weight - torch.Size([512, 512, 1, 1]): 
The value is the same before and after calling `init_weights` of CascadeRCNN_BAF  

neck.rfp_modules.0.layer4.0.conv2.post_context.bias - torch.Size([512]): 
The value is the same before and after calling `init_weights` of CascadeRCNN_BAF  

neck.rfp_modules.0.layer4.0.conv2.offset_s.weight - torch.Size([18, 512, 3, 3]): 
The value is the same before and after calling `init_weights` of CascadeRCNN_BAF  

neck.rfp_modules.0.layer4.0.conv2.offset_s.bias - torch.Size([18]): 
The value is the same before and after calling `init_weights` of CascadeRCNN_BAF  

neck.rfp_modules.0.layer4.0.conv2.offset_l.weight - torch.Size([18, 512, 3, 3]): 
The value is the same before and after calling `init_weights` of CascadeRCNN_BAF  

neck.rfp_modules.0.layer4.0.conv2.offset_l.bias - torch.Size([18]): 
The value is the same before and after calling `init_weights` of CascadeRCNN_BAF  

neck.rfp_modules.0.layer4.0.bn2.weight - torch.Size([512]): 
Initialized by user-defined `init_weights` in RFP  

neck.rfp_modules.0.layer4.0.bn2.bias - torch.Size([512]): 
Initialized by user-defined `init_weights` in RFP  

neck.rfp_modules.0.layer4.0.conv3.weight - torch.Size([2048, 512, 1, 1]): 
Initialized by user-defined `init_weights` in RFP  

neck.rfp_modules.0.layer4.0.bn3.weight - torch.Size([2048]): 
Initialized by user-defined `init_weights` in RFP  

neck.rfp_modules.0.layer4.0.bn3.bias - torch.Size([2048]): 
Initialized by user-defined `init_weights` in RFP  

neck.rfp_modules.0.layer4.0.downsample.0.weight - torch.Size([2048, 1024, 1, 1]): 
Initialized by user-defined `init_weights` in RFP  

neck.rfp_modules.0.layer4.0.downsample.1.weight - torch.Size([2048]): 
Initialized by user-defined `init_weights` in RFP  

neck.rfp_modules.0.layer4.0.downsample.1.bias - torch.Size([2048]): 
Initialized by user-defined `init_weights` in RFP  

neck.rfp_modules.0.layer4.0.rfp_conv.weight - torch.Size([2048, 256, 1, 1]): 
The value is the same before and after calling `init_weights` of CascadeRCNN_BAF  

neck.rfp_modules.0.layer4.0.rfp_conv.bias - torch.Size([2048]): 
The value is the same before and after calling `init_weights` of CascadeRCNN_BAF  

neck.rfp_modules.0.layer4.1.conv1.weight - torch.Size([512, 2048, 1, 1]): 
Initialized by user-defined `init_weights` in RFP  

neck.rfp_modules.0.layer4.1.bn1.weight - torch.Size([512]): 
Initialized by user-defined `init_weights` in RFP  

neck.rfp_modules.0.layer4.1.bn1.bias - torch.Size([512]): 
Initialized by user-defined `init_weights` in RFP  

neck.rfp_modules.0.layer4.1.conv2.weight - torch.Size([512, 512, 3, 3]): 
Initialized by user-defined `init_weights` in RFP  

neck.rfp_modules.0.layer4.1.conv2.weight_diff - torch.Size([512, 512, 3, 3]): 
The value is the same before and after calling `init_weights` of CascadeRCNN_BAF  

neck.rfp_modules.0.layer4.1.conv2.switch.weight - torch.Size([1, 512, 1, 1]): 
The value is the same before and after calling `init_weights` of CascadeRCNN_BAF  

neck.rfp_modules.0.layer4.1.conv2.switch.bias - torch.Size([1]): 
The value is the same before and after calling `init_weights` of CascadeRCNN_BAF  

neck.rfp_modules.0.layer4.1.conv2.pre_context.weight - torch.Size([512, 512, 1, 1]): 
The value is the same before and after calling `init_weights` of CascadeRCNN_BAF  

neck.rfp_modules.0.layer4.1.conv2.pre_context.bias - torch.Size([512]): 
The value is the same before and after calling `init_weights` of CascadeRCNN_BAF  

neck.rfp_modules.0.layer4.1.conv2.post_context.weight - torch.Size([512, 512, 1, 1]): 
The value is the same before and after calling `init_weights` of CascadeRCNN_BAF  

neck.rfp_modules.0.layer4.1.conv2.post_context.bias - torch.Size([512]): 
The value is the same before and after calling `init_weights` of CascadeRCNN_BAF  

neck.rfp_modules.0.layer4.1.conv2.offset_s.weight - torch.Size([18, 512, 3, 3]): 
The value is the same before and after calling `init_weights` of CascadeRCNN_BAF  

neck.rfp_modules.0.layer4.1.conv2.offset_s.bias - torch.Size([18]): 
The value is the same before and after calling `init_weights` of CascadeRCNN_BAF  

neck.rfp_modules.0.layer4.1.conv2.offset_l.weight - torch.Size([18, 512, 3, 3]): 
The value is the same before and after calling `init_weights` of CascadeRCNN_BAF  

neck.rfp_modules.0.layer4.1.conv2.offset_l.bias - torch.Size([18]): 
The value is the same before and after calling `init_weights` of CascadeRCNN_BAF  

neck.rfp_modules.0.layer4.1.bn2.weight - torch.Size([512]): 
Initialized by user-defined `init_weights` in RFP  

neck.rfp_modules.0.layer4.1.bn2.bias - torch.Size([512]): 
Initialized by user-defined `init_weights` in RFP  

neck.rfp_modules.0.layer4.1.conv3.weight - torch.Size([2048, 512, 1, 1]): 
Initialized by user-defined `init_weights` in RFP  

neck.rfp_modules.0.layer4.1.bn3.weight - torch.Size([2048]): 
Initialized by user-defined `init_weights` in RFP  

neck.rfp_modules.0.layer4.1.bn3.bias - torch.Size([2048]): 
Initialized by user-defined `init_weights` in RFP  

neck.rfp_modules.0.layer4.2.conv1.weight - torch.Size([512, 2048, 1, 1]): 
Initialized by user-defined `init_weights` in RFP  

neck.rfp_modules.0.layer4.2.bn1.weight - torch.Size([512]): 
Initialized by user-defined `init_weights` in RFP  

neck.rfp_modules.0.layer4.2.bn1.bias - torch.Size([512]): 
Initialized by user-defined `init_weights` in RFP  

neck.rfp_modules.0.layer4.2.conv2.weight - torch.Size([512, 512, 3, 3]): 
Initialized by user-defined `init_weights` in RFP  

neck.rfp_modules.0.layer4.2.conv2.weight_diff - torch.Size([512, 512, 3, 3]): 
The value is the same before and after calling `init_weights` of CascadeRCNN_BAF  

neck.rfp_modules.0.layer4.2.conv2.switch.weight - torch.Size([1, 512, 1, 1]): 
The value is the same before and after calling `init_weights` of CascadeRCNN_BAF  

neck.rfp_modules.0.layer4.2.conv2.switch.bias - torch.Size([1]): 
The value is the same before and after calling `init_weights` of CascadeRCNN_BAF  

neck.rfp_modules.0.layer4.2.conv2.pre_context.weight - torch.Size([512, 512, 1, 1]): 
The value is the same before and after calling `init_weights` of CascadeRCNN_BAF  

neck.rfp_modules.0.layer4.2.conv2.pre_context.bias - torch.Size([512]): 
The value is the same before and after calling `init_weights` of CascadeRCNN_BAF  

neck.rfp_modules.0.layer4.2.conv2.post_context.weight - torch.Size([512, 512, 1, 1]): 
The value is the same before and after calling `init_weights` of CascadeRCNN_BAF  

neck.rfp_modules.0.layer4.2.conv2.post_context.bias - torch.Size([512]): 
The value is the same before and after calling `init_weights` of CascadeRCNN_BAF  

neck.rfp_modules.0.layer4.2.conv2.offset_s.weight - torch.Size([18, 512, 3, 3]): 
The value is the same before and after calling `init_weights` of CascadeRCNN_BAF  

neck.rfp_modules.0.layer4.2.conv2.offset_s.bias - torch.Size([18]): 
The value is the same before and after calling `init_weights` of CascadeRCNN_BAF  

neck.rfp_modules.0.layer4.2.conv2.offset_l.weight - torch.Size([18, 512, 3, 3]): 
The value is the same before and after calling `init_weights` of CascadeRCNN_BAF  

neck.rfp_modules.0.layer4.2.conv2.offset_l.bias - torch.Size([18]): 
The value is the same before and after calling `init_weights` of CascadeRCNN_BAF  

neck.rfp_modules.0.layer4.2.bn2.weight - torch.Size([512]): 
Initialized by user-defined `init_weights` in RFP  

neck.rfp_modules.0.layer4.2.bn2.bias - torch.Size([512]): 
Initialized by user-defined `init_weights` in RFP  

neck.rfp_modules.0.layer4.2.conv3.weight - torch.Size([2048, 512, 1, 1]): 
Initialized by user-defined `init_weights` in RFP  

neck.rfp_modules.0.layer4.2.bn3.weight - torch.Size([2048]): 
Initialized by user-defined `init_weights` in RFP  

neck.rfp_modules.0.layer4.2.bn3.bias - torch.Size([2048]): 
Initialized by user-defined `init_weights` in RFP  

neck.rfp_aspp.aspp.0.weight - torch.Size([64, 256, 1, 1]): 
The value is the same before and after calling `init_weights` of CascadeRCNN_BAF  

neck.rfp_aspp.aspp.0.bias - torch.Size([64]): 
The value is the same before and after calling `init_weights` of CascadeRCNN_BAF  

neck.rfp_aspp.aspp.1.weight - torch.Size([64, 256, 3, 3]): 
The value is the same before and after calling `init_weights` of CascadeRCNN_BAF  

neck.rfp_aspp.aspp.1.bias - torch.Size([64]): 
The value is the same before and after calling `init_weights` of CascadeRCNN_BAF  

neck.rfp_aspp.aspp.2.weight - torch.Size([64, 256, 3, 3]): 
The value is the same before and after calling `init_weights` of CascadeRCNN_BAF  

neck.rfp_aspp.aspp.2.bias - torch.Size([64]): 
The value is the same before and after calling `init_weights` of CascadeRCNN_BAF  

neck.rfp_aspp.aspp.3.weight - torch.Size([64, 256, 1, 1]): 
The value is the same before and after calling `init_weights` of CascadeRCNN_BAF  

neck.rfp_aspp.aspp.3.bias - torch.Size([64]): 
The value is the same before and after calling `init_weights` of CascadeRCNN_BAF  

neck.rfp_weight.weight - torch.Size([1, 256, 1, 1]): 
Initialized by user-defined `init_weights` in RFP  

neck.rfp_weight.bias - torch.Size([1]): 
Initialized by user-defined `init_weights` in RFP  

rpn_head.rpn_conv.weight - torch.Size([256, 256, 3, 3]): 
NormalInit: mean=0, std=0.01, bias=0 

rpn_head.rpn_conv.bias - torch.Size([256]): 
NormalInit: mean=0, std=0.01, bias=0 

rpn_head.rpn_cls.weight - torch.Size([3, 256, 1, 1]): 
NormalInit: mean=0, std=0.01, bias=0 

rpn_head.rpn_cls.bias - torch.Size([3]): 
NormalInit: mean=0, std=0.01, bias=0 

rpn_head.rpn_reg.weight - torch.Size([12, 256, 1, 1]): 
NormalInit: mean=0, std=0.01, bias=0 

rpn_head.rpn_reg.bias - torch.Size([12]): 
NormalInit: mean=0, std=0.01, bias=0 

roi_head.bbox_head.0.fc_cls.weight - torch.Size([26, 1024]): 
XavierInit: gain=1, distribution=normal, bias=0 

roi_head.bbox_head.0.fc_cls.bias - torch.Size([26]): 
NormalInit: mean=0, std=0.01, bias=0 

roi_head.bbox_head.0.fc_reg.weight - torch.Size([4, 1024]): 
XavierInit: gain=1, distribution=normal, bias=0 

roi_head.bbox_head.0.fc_reg.bias - torch.Size([4]): 
NormalInit: mean=0, std=0.001, bias=0 

roi_head.bbox_head.0.shared_fcs.0.weight - torch.Size([1024, 12544]): 
XavierInit: gain=1, distribution=normal, bias=0 

roi_head.bbox_head.0.shared_fcs.0.bias - torch.Size([1024]): 
XavierInit: gain=1, distribution=normal, bias=0 

roi_head.bbox_head.0.shared_fcs.1.weight - torch.Size([1024, 1024]): 
XavierInit: gain=1, distribution=normal, bias=0 

roi_head.bbox_head.0.shared_fcs.1.bias - torch.Size([1024]): 
XavierInit: gain=1, distribution=normal, bias=0 

roi_head.bbox_head.1.fc_cls.weight - torch.Size([26, 1024]): 
XavierInit: gain=1, distribution=normal, bias=0 

roi_head.bbox_head.1.fc_cls.bias - torch.Size([26]): 
NormalInit: mean=0, std=0.01, bias=0 

roi_head.bbox_head.1.fc_reg.weight - torch.Size([4, 1024]): 
XavierInit: gain=1, distribution=normal, bias=0 

roi_head.bbox_head.1.fc_reg.bias - torch.Size([4]): 
NormalInit: mean=0, std=0.001, bias=0 

roi_head.bbox_head.1.shared_fcs.0.weight - torch.Size([1024, 12544]): 
XavierInit: gain=1, distribution=normal, bias=0 

roi_head.bbox_head.1.shared_fcs.0.bias - torch.Size([1024]): 
XavierInit: gain=1, distribution=normal, bias=0 

roi_head.bbox_head.1.shared_fcs.1.weight - torch.Size([1024, 1024]): 
XavierInit: gain=1, distribution=normal, bias=0 

roi_head.bbox_head.1.shared_fcs.1.bias - torch.Size([1024]): 
XavierInit: gain=1, distribution=normal, bias=0 

roi_head.bbox_head.2.fc_cls.weight - torch.Size([26, 1024]): 
XavierInit: gain=1, distribution=normal, bias=0 

roi_head.bbox_head.2.fc_cls.bias - torch.Size([26]): 
NormalInit: mean=0, std=0.01, bias=0 

roi_head.bbox_head.2.fc_reg.weight - torch.Size([4, 1024]): 
XavierInit: gain=1, distribution=normal, bias=0 

roi_head.bbox_head.2.fc_reg.bias - torch.Size([4]): 
NormalInit: mean=0, std=0.001, bias=0 

roi_head.bbox_head.2.shared_fcs.0.weight - torch.Size([1024, 12544]): 
XavierInit: gain=1, distribution=normal, bias=0 

roi_head.bbox_head.2.shared_fcs.0.bias - torch.Size([1024]): 
XavierInit: gain=1, distribution=normal, bias=0 

roi_head.bbox_head.2.shared_fcs.1.weight - torch.Size([1024, 1024]): 
XavierInit: gain=1, distribution=normal, bias=0 

roi_head.bbox_head.2.shared_fcs.1.bias - torch.Size([1024]): 
XavierInit: gain=1, distribution=normal, bias=0 

boundary_loss_func.fuse_kernel - torch.Size([1, 3, 1, 1]): 
The value is the same before and after calling `init_weights` of CascadeRCNN_BAF  

rgb_global.enlayer.0.weight - torch.Size([256, 256, 3, 3]): 
The value is the same before and after calling `init_weights` of CascadeRCNN_BAF  

rgb_global.enlayer.0.bias - torch.Size([256]): 
The value is the same before and after calling `init_weights` of CascadeRCNN_BAF  

rgb_global.enlayer.1.weight - torch.Size([256]): 
The value is the same before and after calling `init_weights` of CascadeRCNN_BAF  

rgb_global.enlayer.1.bias - torch.Size([256]): 
The value is the same before and after calling `init_weights` of CascadeRCNN_BAF  

rgb_global.outlayer.0.weight - torch.Size([1, 256, 1, 1]): 
The value is the same before and after calling `init_weights` of CascadeRCNN_BAF  

rgb_global.outlayer.0.bias - torch.Size([1]): 
The value is the same before and after calling `init_weights` of CascadeRCNN_BAF  

p0_arfc.experts.0.dw.weight - torch.Size([256, 1, 5, 5]): 
The value is the same before and after calling `init_weights` of CascadeRCNN_BAF  

p0_arfc.experts.0.pw.weight - torch.Size([96, 256, 1, 1]): 
The value is the same before and after calling `init_weights` of CascadeRCNN_BAF  

p0_arfc.experts.0.bn.weight - torch.Size([96]): 
The value is the same before and after calling `init_weights` of CascadeRCNN_BAF  

p0_arfc.experts.0.bn.bias - torch.Size([96]): 
The value is the same before and after calling `init_weights` of CascadeRCNN_BAF  

p0_arfc.experts.0.ca.conv1.weight - torch.Size([8, 96, 1, 1]): 
The value is the same before and after calling `init_weights` of CascadeRCNN_BAF  

p0_arfc.experts.0.ca.bn1.weight - torch.Size([8]): 
The value is the same before and after calling `init_weights` of CascadeRCNN_BAF  

p0_arfc.experts.0.ca.bn1.bias - torch.Size([8]): 
The value is the same before and after calling `init_weights` of CascadeRCNN_BAF  

p0_arfc.experts.0.ca.conv_h.weight - torch.Size([96, 8, 1, 1]): 
The value is the same before and after calling `init_weights` of CascadeRCNN_BAF  

p0_arfc.experts.0.ca.conv_w.weight - torch.Size([96, 8, 1, 1]): 
The value is the same before and after calling `init_weights` of CascadeRCNN_BAF  

p0_arfc.experts.1.dw.weight - torch.Size([256, 1, 7, 7]): 
The value is the same before and after calling `init_weights` of CascadeRCNN_BAF  

p0_arfc.experts.1.pw.weight - torch.Size([64, 256, 1, 1]): 
The value is the same before and after calling `init_weights` of CascadeRCNN_BAF  

p0_arfc.experts.1.bn.weight - torch.Size([64]): 
The value is the same before and after calling `init_weights` of CascadeRCNN_BAF  

p0_arfc.experts.1.bn.bias - torch.Size([64]): 
The value is the same before and after calling `init_weights` of CascadeRCNN_BAF  

p0_arfc.experts.1.ca.conv1.weight - torch.Size([8, 64, 1, 1]): 
The value is the same before and after calling `init_weights` of CascadeRCNN_BAF  

p0_arfc.experts.1.ca.bn1.weight - torch.Size([8]): 
The value is the same before and after calling `init_weights` of CascadeRCNN_BAF  

p0_arfc.experts.1.ca.bn1.bias - torch.Size([8]): 
The value is the same before and after calling `init_weights` of CascadeRCNN_BAF  

p0_arfc.experts.1.ca.conv_h.weight - torch.Size([64, 8, 1, 1]): 
The value is the same before and after calling `init_weights` of CascadeRCNN_BAF  

p0_arfc.experts.1.ca.conv_w.weight - torch.Size([64, 8, 1, 1]): 
The value is the same before and after calling `init_weights` of CascadeRCNN_BAF  

p0_arfc.experts.2.dw.weight - torch.Size([256, 1, 9, 9]): 
The value is the same before and after calling `init_weights` of CascadeRCNN_BAF  

p0_arfc.experts.2.pw.weight - torch.Size([48, 256, 1, 1]): 
The value is the same before and after calling `init_weights` of CascadeRCNN_BAF  

p0_arfc.experts.2.bn.weight - torch.Size([48]): 
The value is the same before and after calling `init_weights` of CascadeRCNN_BAF  

p0_arfc.experts.2.bn.bias - torch.Size([48]): 
The value is the same before and after calling `init_weights` of CascadeRCNN_BAF  

p0_arfc.experts.2.ca.conv1.weight - torch.Size([8, 48, 1, 1]): 
The value is the same before and after calling `init_weights` of CascadeRCNN_BAF  

p0_arfc.experts.2.ca.bn1.weight - torch.Size([8]): 
The value is the same before and after calling `init_weights` of CascadeRCNN_BAF  

p0_arfc.experts.2.ca.bn1.bias - torch.Size([8]): 
The value is the same before and after calling `init_weights` of CascadeRCNN_BAF  

p0_arfc.experts.2.ca.conv_h.weight - torch.Size([48, 8, 1, 1]): 
The value is the same before and after calling `init_weights` of CascadeRCNN_BAF  

p0_arfc.experts.2.ca.conv_w.weight - torch.Size([48, 8, 1, 1]): 
The value is the same before and after calling `init_weights` of CascadeRCNN_BAF  

p0_arfc.router.score_mlp.2.weight - torch.Size([3, 256]): 
The value is the same before and after calling `init_weights` of CascadeRCNN_BAF  

p0_arfc.lce.dw_h.weight - torch.Size([256, 1, 1, 11]): 
The value is the same before and after calling `init_weights` of CascadeRCNN_BAF  

p0_arfc.lce.dw_w.weight - torch.Size([256, 1, 11, 1]): 
The value is the same before and after calling `init_weights` of CascadeRCNN_BAF  

p0_arfc.lce.pw.weight - torch.Size([256, 256, 1, 1]): 
The value is the same before and after calling `init_weights` of CascadeRCNN_BAF  

p0_arfc.lce.bn.weight - torch.Size([256]): 
The value is the same before and after calling `init_weights` of CascadeRCNN_BAF  

p0_arfc.lce.bn.bias - torch.Size([256]): 
The value is the same before and after calling `init_weights` of CascadeRCNN_BAF  

p0_arfc.align.0.weight - torch.Size([256, 96, 1, 1]): 
The value is the same before and after calling `init_weights` of CascadeRCNN_BAF  

p0_arfc.align.1.weight - torch.Size([256, 64, 1, 1]): 
The value is the same before and after calling `init_weights` of CascadeRCNN_BAF  

p0_arfc.align.2.weight - torch.Size([256, 48, 1, 1]): 
The value is the same before and after calling `init_weights` of CascadeRCNN_BAF  

p0_arfc.bn.weight - torch.Size([256]): 
The value is the same before and after calling `init_weights` of CascadeRCNN_BAF  

p0_arfc.bn.bias - torch.Size([256]): 
The value is the same before and after calling `init_weights` of CascadeRCNN_BAF  

dual_gt.feat_gt.reduce.weight - torch.Size([1, 256, 1, 1]): 
The value is the same before and after calling `init_weights` of CascadeRCNN_BAF  

seghead_dual.bn1.weight - torch.Size([512]): 
The value is the same before and after calling `init_weights` of CascadeRCNN_BAF  

seghead_dual.bn1.bias - torch.Size([512]): 
The value is the same before and after calling `init_weights` of CascadeRCNN_BAF  

seghead_dual.conv1.weight - torch.Size([256, 512, 3, 3]): 
The value is the same before and after calling `init_weights` of CascadeRCNN_BAF  

seghead_dual.bn2.weight - torch.Size([256]): 
The value is the same before and after calling `init_weights` of CascadeRCNN_BAF  

seghead_dual.bn2.bias - torch.Size([256]): 
The value is the same before and after calling `init_weights` of CascadeRCNN_BAF  

seghead_dual.conv2.weight - torch.Size([1, 256, 1, 1]): 
The value is the same before and after calling `init_weights` of CascadeRCNN_BAF  

seghead_dual.conv2.bias - torch.Size([1]): 
The value is the same before and after calling `init_weights` of CascadeRCNN_BAF  

dsam.ff_conv.aspp1.0.weight - torch.Size([256, 256, 1, 1]): 
The value is the same before and after calling `init_weights` of CascadeRCNN_BAF  

dsam.ff_conv.aspp1.0.bias - torch.Size([256]): 
The value is the same before and after calling `init_weights` of CascadeRCNN_BAF  

dsam.ff_conv.aspp1.1.weight - torch.Size([256]): 
The value is the same before and after calling `init_weights` of CascadeRCNN_BAF  

dsam.ff_conv.aspp1.1.bias - torch.Size([256]): 
The value is the same before and after calling `init_weights` of CascadeRCNN_BAF  

dsam.ff_conv.aspp2.0.weight - torch.Size([256, 256, 3, 3]): 
The value is the same before and after calling `init_weights` of CascadeRCNN_BAF  

dsam.ff_conv.aspp2.0.bias - torch.Size([256]): 
The value is the same before and after calling `init_weights` of CascadeRCNN_BAF  

dsam.ff_conv.aspp2.1.weight - torch.Size([256]): 
The value is the same before and after calling `init_weights` of CascadeRCNN_BAF  

dsam.ff_conv.aspp2.1.bias - torch.Size([256]): 
The value is the same before and after calling `init_weights` of CascadeRCNN_BAF  

dsam.ff_conv.aspp3.0.weight - torch.Size([256, 256, 3, 3]): 
The value is the same before and after calling `init_weights` of CascadeRCNN_BAF  

dsam.ff_conv.aspp3.0.bias - torch.Size([256]): 
The value is the same before and after calling `init_weights` of CascadeRCNN_BAF  

dsam.ff_conv.aspp3.1.weight - torch.Size([256]): 
The value is the same before and after calling `init_weights` of CascadeRCNN_BAF  

dsam.ff_conv.aspp3.1.bias - torch.Size([256]): 
The value is the same before and after calling `init_weights` of CascadeRCNN_BAF  

dsam.ff_conv.aspp4.0.weight - torch.Size([256, 256, 3, 3]): 
The value is the same before and after calling `init_weights` of CascadeRCNN_BAF  

dsam.ff_conv.aspp4.0.bias - torch.Size([256]): 
The value is the same before and after calling `init_weights` of CascadeRCNN_BAF  

dsam.ff_conv.aspp4.1.weight - torch.Size([256]): 
The value is the same before and after calling `init_weights` of CascadeRCNN_BAF  

dsam.ff_conv.aspp4.1.bias - torch.Size([256]): 
The value is the same before and after calling `init_weights` of CascadeRCNN_BAF  

dsam.bf_conv.aspp1.0.weight - torch.Size([256, 256, 1, 1]): 
The value is the same before and after calling `init_weights` of CascadeRCNN_BAF  

dsam.bf_conv.aspp1.0.bias - torch.Size([256]): 
The value is the same before and after calling `init_weights` of CascadeRCNN_BAF  

dsam.bf_conv.aspp1.1.weight - torch.Size([256]): 
The value is the same before and after calling `init_weights` of CascadeRCNN_BAF  

dsam.bf_conv.aspp1.1.bias - torch.Size([256]): 
The value is the same before and after calling `init_weights` of CascadeRCNN_BAF  

dsam.bf_conv.aspp2.0.weight - torch.Size([256, 256, 3, 3]): 
The value is the same before and after calling `init_weights` of CascadeRCNN_BAF  

dsam.bf_conv.aspp2.0.bias - torch.Size([256]): 
The value is the same before and after calling `init_weights` of CascadeRCNN_BAF  

dsam.bf_conv.aspp2.1.weight - torch.Size([256]): 
The value is the same before and after calling `init_weights` of CascadeRCNN_BAF  

dsam.bf_conv.aspp2.1.bias - torch.Size([256]): 
The value is the same before and after calling `init_weights` of CascadeRCNN_BAF  

dsam.bf_conv.aspp3.0.weight - torch.Size([256, 256, 3, 3]): 
The value is the same before and after calling `init_weights` of CascadeRCNN_BAF  

dsam.bf_conv.aspp3.0.bias - torch.Size([256]): 
The value is the same before and after calling `init_weights` of CascadeRCNN_BAF  

dsam.bf_conv.aspp3.1.weight - torch.Size([256]): 
The value is the same before and after calling `init_weights` of CascadeRCNN_BAF  

dsam.bf_conv.aspp3.1.bias - torch.Size([256]): 
The value is the same before and after calling `init_weights` of CascadeRCNN_BAF  

dsam.bf_conv.aspp4.0.weight - torch.Size([256, 256, 3, 3]): 
The value is the same before and after calling `init_weights` of CascadeRCNN_BAF  

dsam.bf_conv.aspp4.0.bias - torch.Size([256]): 
The value is the same before and after calling `init_weights` of CascadeRCNN_BAF  

dsam.bf_conv.aspp4.1.weight - torch.Size([256]): 
The value is the same before and after calling `init_weights` of CascadeRCNN_BAF  

dsam.bf_conv.aspp4.1.bias - torch.Size([256]): 
The value is the same before and after calling `init_weights` of CascadeRCNN_BAF  

dsam.rgbd_pred_layer.enlayer.0.weight - torch.Size([256, 2048, 3, 3]): 
The value is the same before and after calling `init_weights` of CascadeRCNN_BAF  

dsam.rgbd_pred_layer.enlayer.0.bias - torch.Size([256]): 
The value is the same before and after calling `init_weights` of CascadeRCNN_BAF  

dsam.rgbd_pred_layer.enlayer.1.weight - torch.Size([256]): 
The value is the same before and after calling `init_weights` of CascadeRCNN_BAF  

dsam.rgbd_pred_layer.enlayer.1.bias - torch.Size([256]): 
The value is the same before and after calling `init_weights` of CascadeRCNN_BAF  

dsam.rgbd_pred_layer.outlayer.0.weight - torch.Size([1, 256, 1, 1]): 
The value is the same before and after calling `init_weights` of CascadeRCNN_BAF  

dsam.rgbd_pred_layer.outlayer.0.bias - torch.Size([1]): 
The value is the same before and after calling `init_weights` of CascadeRCNN_BAF  

seghead.bn1.weight - torch.Size([256]): 
The value is the same before and after calling `init_weights` of CascadeRCNN_BAF  

seghead.bn1.bias - torch.Size([256]): 
The value is the same before and after calling `init_weights` of CascadeRCNN_BAF  

seghead.conv1.weight - torch.Size([256, 256, 3, 3]): 
The value is the same before and after calling `init_weights` of CascadeRCNN_BAF  

seghead.bn2.weight - torch.Size([256]): 
The value is the same before and after calling `init_weights` of CascadeRCNN_BAF  

seghead.bn2.bias - torch.Size([256]): 
The value is the same before and after calling `init_weights` of CascadeRCNN_BAF  

seghead.conv2.weight - torch.Size([1, 256, 1, 1]): 
The value is the same before and after calling `init_weights` of CascadeRCNN_BAF  

seghead.conv2.bias - torch.Size([1]): 
The value is the same before and after calling `init_weights` of CascadeRCNN_BAF  
2026-08-16 09:43:38,730 - mmdet - INFO - Start running, host: root@autodl-container-04e6409c9b-7db09f7c, work_dir: /root/autodl-tmp/model_v4/work_dirs/arfc_only_v1
2026-08-16 09:43:38,731 - mmdet - INFO - Hooks will be executed in the following order:
before_run:
(VERY_HIGH   ) StepLrUpdaterHook                  
(NORMAL      ) CheckpointHook                     
(NORMAL      ) EvalHook                           
(VERY_LOW    ) TextLoggerHook                     
 -------------------- 
before_train_epoch:
(VERY_HIGH   ) StepLrUpdaterHook                  
(NORMAL      ) EvalHook                           
(NORMAL      ) NumClassCheckHook                  
(NORMAL      ) SBLAEpochHook                      
(LOW         ) IterTimerHook                      
(VERY_LOW    ) TextLoggerHook                     
 -------------------- 
before_train_iter:
(VERY_HIGH   ) StepLrUpdaterHook                  
(NORMAL      ) EvalHook                           
(LOW         ) IterTimerHook                      
 -------------------- 
after_train_iter:
(ABOVE_NORMAL) OptimizerHook                      
(NORMAL      ) CheckpointHook                     
(NORMAL      ) EvalHook                           
(LOW         ) IterTimerHook                      
(VERY_LOW    ) TextLoggerHook                     
 -------------------- 
after_train_epoch:
(NORMAL      ) CheckpointHook                     
(NORMAL      ) EvalHook                           
(NORMAL      ) BestSaverHook                      
(NORMAL      ) EarlyStoppingHook                  
(VERY_LOW    ) TextLoggerHook                     
 -------------------- 
before_val_epoch:
(NORMAL      ) NumClassCheckHook                  
(LOW         ) IterTimerHook                      
(VERY_LOW    ) TextLoggerHook                     
 -------------------- 
before_val_iter:
(LOW         ) IterTimerHook                      
 -------------------- 
after_val_iter:
(LOW         ) IterTimerHook                      
 -------------------- 
after_val_epoch:
(VERY_LOW    ) TextLoggerHook                     
 -------------------- 
after_run:
(VERY_LOW    ) TextLoggerHook                     
 -------------------- 
2026-08-16 09:43:38,731 - mmdet - INFO - workflow: [('train', 1)], max: 100 epochs
2026-08-16 09:43:38,731 - mmdet - INFO - Checkpoints will be saved to /root/autodl-tmp/model_v4/work_dirs/arfc_only_v1 by HardDiskBackend.
2026-08-16 09:44:48,063 - mmdet - INFO - Epoch [1][100/1732]	lr: 1.039e-04, eta: 1 day, 9:20:03, time: 0.693, data_time: 0.028, memory: 16325, loss_rpn_cls: 0.6033, loss_rpn_bbox: 0.0364, s0.loss_cls: 0.7480, s0.acc: 86.9590, s0.loss_bbox: 0.0412, s1.loss_cls: 0.2270, s1.acc: 93.5039, s1.loss_bbox: 0.0222, s2.loss_cls: 0.1505, s2.acc: 89.0488, s2.loss_bbox: 0.0113, loss_bounder: 0.6647, loss_aux: 0.0028, loss: 2.5074
2026-08-16 09:45:56,667 - mmdet - INFO - Epoch [1][200/1732]	lr: 2.038e-04, eta: 1 day, 9:08:29, time: 0.686, data_time: 0.005, memory: 16325, loss_rpn_cls: 0.1801, loss_rpn_bbox: 0.0362, s0.loss_cls: 0.3662, s0.acc: 94.6279, s0.loss_bbox: 0.1244, s1.loss_cls: 0.1187, s1.acc: 97.2373, s1.loss_bbox: 0.0494, s2.loss_cls: 0.0397, s2.acc: 98.5371, s2.loss_bbox: 0.0100, loss_bounder: 0.6416, loss_aux: 0.0008, loss: 1.5671
2026-08-16 09:47:06,033 - mmdet - INFO - Epoch [1][300/1732]	lr: 3.037e-04, eta: 1 day, 9:11:11, time: 0.694, data_time: 0.005, memory: 16325, loss_rpn_cls: 0.1122, loss_rpn_bbox: 0.0316, s0.loss_cls: 0.4128, s0.acc: 92.2959, s0.loss_bbox: 0.1693, s1.loss_cls: 0.1478, s1.acc: 95.3662, s1.loss_bbox: 0.0834, s2.loss_cls: 0.0455, s2.acc: 97.7334, s2.loss_bbox: 0.0180, loss_bounder: 0.6412, loss_aux: 0.0009, loss: 1.6625
2026-08-16 09:48:15,928 - mmdet - INFO - Epoch [1][400/1732]	lr: 4.036e-04, eta: 1 day, 9:15:45, time: 0.699, data_time: 0.005, memory: 16864, loss_rpn_cls: 0.0999, loss_rpn_bbox: 0.0297, s0.loss_cls: 0.4304, s0.acc: 91.4043, s0.loss_bbox: 0.1638, s1.loss_cls: 0.1723, s1.acc: 93.8066, s1.loss_bbox: 0.1029, s2.loss_cls: 0.0593, s2.acc: 96.4746, s2.loss_bbox: 0.0300, loss_bounder: 0.6175, loss_aux: 0.0004, loss: 1.7063
2026-08-16 09:49:25,334 - mmdet - INFO - Epoch [1][500/1732]	lr: 5.035e-04, eta: 1 day, 9:15:13, time: 0.694, data_time: 0.005, memory: 16864, loss_rpn_cls: 0.0789, loss_rpn_bbox: 0.0227, s0.loss_cls: 0.3980, s0.acc: 90.9805, s0.loss_bbox: 0.1566, s1.loss_cls: 0.1837, s1.acc: 92.1256, s1.loss_bbox: 0.1278, s2.loss_cls: 0.0673, s2.acc: 95.2915, s2.loss_bbox: 0.0431, loss_bounder: 0.5908, loss_aux: 0.0005, loss: 1.6693
2026-08-16 09:50:34,233 - mmdet - INFO - Epoch [1][600/1732]	lr: 6.034e-04, eta: 1 day, 9:12:03, time: 0.689, data_time: 0.004, memory: 16864, loss_rpn_cls: 0.0716, loss_rpn_bbox: 0.0209, s0.loss_cls: 0.4498, s0.acc: 89.7227, s0.loss_bbox: 0.1697, s1.loss_cls: 0.2232, s1.acc: 90.4088, s1.loss_bbox: 0.1508, s2.loss_cls: 0.0842, s2.acc: 93.9688, s2.loss_bbox: 0.0567, loss_bounder: 0.6016, loss_aux: 0.0002, loss: 1.8288
2026-08-16 09:51:43,649 - mmdet - INFO - Epoch [1][700/1732]	lr: 7.033e-04, eta: 1 day, 9:11:35, time: 0.694, data_time: 0.004, memory: 17623, loss_rpn_cls: 0.0742, loss_rpn_bbox: 0.0250, s0.loss_cls: 0.4982, s0.acc: 87.9834, s0.loss_bbox: 0.1893, s1.loss_cls: 0.2484, s1.acc: 88.4204, s1.loss_bbox: 0.1702, s2.loss_cls: 0.1073, s2.acc: 91.4751, s2.loss_bbox: 0.0784, loss_bounder: 0.6063, loss_aux: 0.0004, loss: 1.9978
2026-08-16 09:52:52,788 - mmdet - INFO - Epoch [1][800/1732]	lr: 8.032e-04, eta: 1 day, 9:09:57, time: 0.691, data_time: 0.004, memory: 17623, loss_rpn_cls: 0.0540, loss_rpn_bbox: 0.0169, s0.loss_cls: 0.4450, s0.acc: 88.4561, s0.loss_bbox: 0.1705, s1.loss_cls: 0.2344, s1.acc: 88.1180, s1.loss_bbox: 0.1704, s2.loss_cls: 0.1111, s2.acc: 90.2450, s2.loss_bbox: 0.0858, loss_bounder: 0.6019, loss_aux: 0.0004, loss: 1.8905
2026-08-16 09:54:02,540 - mmdet - INFO - Epoch [1][900/1732]	lr: 9.031e-04, eta: 1 day, 9:10:22, time: 0.698, data_time: 0.004, memory: 17623, loss_rpn_cls: 0.0580, loss_rpn_bbox: 0.0194, s0.loss_cls: 0.4709, s0.acc: 87.3467, s0.loss_bbox: 0.1829, s1.loss_cls: 0.2548, s1.acc: 86.6465, s1.loss_bbox: 0.1841, s2.loss_cls: 0.1260, s2.acc: 88.4539, s2.loss_bbox: 0.0971, loss_bounder: 0.5911, loss_aux: 0.0004, loss: 1.9848
2026-08-16 09:55:11,844 - mmdet - INFO - Exp name: aircraft_bafnet_1x.py
2026-08-16 09:55:11,845 - mmdet - INFO - Epoch [1][1000/1732]	lr: 1.003e-03, eta: 1 day, 9:09:12, time: 0.693, data_time: 0.004, memory: 17623, loss_rpn_cls: 0.0500, loss_rpn_bbox: 0.0171, s0.loss_cls: 0.4999, s0.acc: 86.3438, s0.loss_bbox: 0.1891, s1.loss_cls: 0.2602, s1.acc: 85.7617, s1.loss_bbox: 0.1876, s2.loss_cls: 0.1291, s2.acc: 87.3794, s2.loss_bbox: 0.1064, loss_bounder: 0.6051, loss_aux: 0.0004, loss: 2.0449
2026-08-16 09:56:21,110 - mmdet - INFO - Epoch [1][1100/1732]	lr: 1.103e-03, eta: 1 day, 9:07:55, time: 0.693, data_time: 0.005, memory: 17623, loss_rpn_cls: 0.0577, loss_rpn_bbox: 0.0190, s0.loss_cls: 0.4184, s0.acc: 88.3057, s0.loss_bbox: 0.1584, s1.loss_cls: 0.2176, s1.acc: 87.7476, s1.loss_bbox: 0.1554, s2.loss_cls: 0.1112, s2.acc: 88.9646, s2.loss_bbox: 0.0889, loss_bounder: 0.6042, loss_aux: 0.0002, loss: 1.8309
2026-08-16 09:57:29,819 - mmdet - INFO - Epoch [1][1200/1732]	lr: 1.203e-03, eta: 1 day, 9:05:20, time: 0.687, data_time: 0.005, memory: 17623, loss_rpn_cls: 0.0402, loss_rpn_bbox: 0.0153, s0.loss_cls: 0.4635, s0.acc: 86.9922, s0.loss_bbox: 0.1631, s1.loss_cls: 0.2466, s1.acc: 86.1086, s1.loss_bbox: 0.1810, s2.loss_cls: 0.1267, s2.acc: 86.0741, s2.loss_bbox: 0.1146, loss_bounder: 0.5908, loss_aux: 0.0004, loss: 1.9422
2026-08-16 09:58:39,763 - mmdet - INFO - Epoch [1][1300/1732]	lr: 1.303e-03, eta: 1 day, 9:05:42, time: 0.699, data_time: 0.004, memory: 17623, loss_rpn_cls: 0.0416, loss_rpn_bbox: 0.0162, s0.loss_cls: 0.4315, s0.acc: 87.7354, s0.loss_bbox: 0.1608, s1.loss_cls: 0.2353, s1.acc: 86.4967, s1.loss_bbox: 0.1858, s2.loss_cls: 0.1215, s2.acc: 86.4224, s2.loss_bbox: 0.1155, loss_bounder: 0.6086, loss_aux: 0.0002, loss: 1.9170
2026-08-16 09:59:48,591 - mmdet - INFO - Epoch [1][1400/1732]	lr: 1.403e-03, eta: 1 day, 9:03:34, time: 0.688, data_time: 0.005, memory: 17623, loss_rpn_cls: 0.0393, loss_rpn_bbox: 0.0147, s0.loss_cls: 0.4213, s0.acc: 88.0088, s0.loss_bbox: 0.1641, s1.loss_cls: 0.2219, s1.acc: 86.8740, s1.loss_bbox: 0.1790, s2.loss_cls: 0.1167, s2.acc: 86.5784, s2.loss_bbox: 0.1139, loss_bounder: 0.5899, loss_aux: 0.0003, loss: 1.8610
2026-08-16 10:00:57,070 - mmdet - INFO - Epoch [1][1500/1732]	lr: 1.503e-03, eta: 1 day, 9:00:53, time: 0.685, data_time: 0.005, memory: 17623, loss_rpn_cls: 0.0405, loss_rpn_bbox: 0.0157, s0.loss_cls: 0.3855, s0.acc: 88.2061, s0.loss_bbox: 0.1553, s1.loss_cls: 0.2006, s1.acc: 87.4657, s1.loss_bbox: 0.1713, s2.loss_cls: 0.1075, s2.acc: 86.8664, s2.loss_bbox: 0.1146, loss_bounder: 0.5980, loss_aux: 0.0003, loss: 1.7896
2026-08-16 10:02:05,956 - mmdet - INFO - Epoch [1][1600/1732]	lr: 1.602e-03, eta: 1 day, 8:59:08, time: 0.689, data_time: 0.005, memory: 17623, loss_rpn_cls: 0.0427, loss_rpn_bbox: 0.0175, s0.loss_cls: 0.4068, s0.acc: 88.0586, s0.loss_bbox: 0.1641, s1.loss_cls: 0.2122, s1.acc: 87.3020, s1.loss_bbox: 0.1793, s2.loss_cls: 0.1136, s2.acc: 86.7322, s2.loss_bbox: 0.1108, loss_bounder: 0.5990, loss_aux: 0.0003, loss: 1.8462
2026-08-16 10:03:14,794 - mmdet - INFO - Epoch [1][1700/1732]	lr: 1.702e-03, eta: 1 day, 8:57:22, time: 0.688, data_time: 0.005, memory: 17623, loss_rpn_cls: 0.0300, loss_rpn_bbox: 0.0143, s0.loss_cls: 0.3840, s0.acc: 88.9854, s0.loss_bbox: 0.1484, s1.loss_cls: 0.1979, s1.acc: 88.3746, s1.loss_bbox: 0.1718, s2.loss_cls: 0.1048, s2.acc: 87.0797, s2.loss_bbox: 0.1054, loss_bounder: 0.5911, loss_aux: 0.0003, loss: 1.7480
2026-08-16 10:03:37,187 - mmdet - INFO - Saving checkpoint at 1 epochs
2026-08-16 10:04:53,407 - mmdet - INFO - Evaluating bbox...
2026-08-16 10:04:53,916 - mmdet - INFO - 
+-----------+-------+-----------+-------+------------+-------+
| category  | AP    | category  | AP    | category   | AP    |
+-----------+-------+-----------+-------+------------+-------+
| HM        | 0.000 | LQS       | 0.000 | QHS        | 0.008 |
| MS        | 0.112 | A1_SU-35  | 0.319 | A2_C-130   | 0.010 |
| A3_C-17   | 0.000 | A4_C-5    | 0.000 | A5_F-16    | 0.212 |
| A6_TU-160 | 0.000 | A7_E-3    | 0.191 | A8_B-52    | 0.169 |
| A9_P-3C   | 0.071 | A10_B-1B  | 0.016 | A11_E-8    | 0.000 |
| A12_TU-22 | 0.176 | A13_F-15  | 0.007 | A14_KC-135 | 0.206 |
| A15_F-22  | 0.023 | A16_FA-18 | 0.410 | A17_TU-95  | 0.021 |
| A18_KC-10 | 0.000 | A19_SU-34 | 0.424 | A20_SU-24  | 0.175 |
| FSC       | 0.000 | None      | None  | None       | None  |
+-----------+-------+-----------+-------+------------+-------+
2026-08-16 10:04:54,418 - mmdet - INFO - BestSaverHook: bbox_mAP=0.1020 创新高，已保存 best 模型 -> /root/autodl-tmp/model_v4/work_dirs/arfc_only_v1/best_bbox_mAP.pth
2026-08-16 10:04:54,418 - mmdet - INFO - Exp name: aircraft_bafnet_1x.py
2026-08-16 10:04:54,418 - mmdet - INFO - Epoch(val) [1][548]	bbox_mAP: 0.1020, bbox_mAP_50: 0.1670, bbox_mAP_75: 0.1170, bbox_mAP_s: 0.0000, bbox_mAP_m: 0.0990, bbox_mAP_l: 0.0970, bbox_mAP_copypaste: 0.102 0.167 0.117 0.000 0.099 0.097
2026-08-16 10:06:05,356 - mmdet - INFO - Epoch [2][100/1732]	lr: 1.834e-03, eta: 1 day, 8:24:03, time: 0.709, data_time: 0.029, memory: 17623, loss_rpn_cls: 0.0375, loss_rpn_bbox: 0.0153, s0.loss_cls: 0.3531, s0.acc: 89.5547, s0.loss_bbox: 0.1442, s1.loss_cls: 0.1861, s1.acc: 88.6250, s1.loss_bbox: 0.1693, s2.loss_cls: 0.1024, s2.acc: 87.3558, s2.loss_bbox: 0.1198, loss_bounder: 0.5976, loss_aux: 0.0002, loss: 1.7253
2026-08-16 10:07:14,570 - mmdet - INFO - Epoch [2][200/1732]	lr: 1.934e-03, eta: 1 day, 8:24:37, time: 0.692, data_time: 0.005, memory: 17623, loss_rpn_cls: 0.0257, loss_rpn_bbox: 0.0113, s0.loss_cls: 0.3123, s0.acc: 89.9434, s0.loss_bbox: 0.1233, s1.loss_cls: 0.1669, s1.acc: 89.4019, s1.loss_bbox: 0.1509, s2.loss_cls: 0.0953, s2.acc: 87.4192, s2.loss_bbox: 0.1117, loss_bounder: 0.5914, loss_aux: 0.0003, loss: 1.5891
2026-08-16 10:08:23,791 - mmdet - INFO - Epoch [2][300/1732]	lr: 2.034e-03, eta: 1 day, 8:25:01, time: 0.692, data_time: 0.005, memory: 17623, loss_rpn_cls: 0.0311, loss_rpn_bbox: 0.0131, s0.loss_cls: 0.3264, s0.acc: 89.7998, s0.loss_bbox: 0.1356, s1.loss_cls: 0.1686, s1.acc: 89.1708, s1.loss_bbox: 0.1533, s2.loss_cls: 0.0933, s2.acc: 88.0517, s2.loss_bbox: 0.1048, loss_bounder: 0.5773, loss_aux: 0.0002, loss: 1.6037
2026-08-16 10:09:33,203 - mmdet - INFO - Epoch [2][400/1732]	lr: 2.134e-03, eta: 1 day, 8:25:32, time: 0.694, data_time: 0.005, memory: 17623, loss_rpn_cls: 0.0340, loss_rpn_bbox: 0.0154, s0.loss_cls: 0.3359, s0.acc: 89.3320, s0.loss_bbox: 0.1454, s1.loss_cls: 0.1684, s1.acc: 89.2684, s1.loss_bbox: 0.1640, s2.loss_cls: 0.0950, s2.acc: 87.6071, s2.loss_bbox: 0.1169, loss_bounder: 0.5850, loss_aux: 0.0001, loss: 1.6602
2026-08-16 10:10:42,092 - mmdet - INFO - Epoch [2][500/1732]	lr: 2.234e-03, eta: 1 day, 8:25:13, time: 0.689, data_time: 0.005, memory: 17623, loss_rpn_cls: 0.0258, loss_rpn_bbox: 0.0123, s0.loss_cls: 0.3200, s0.acc: 90.3477, s0.loss_bbox: 0.1216, s1.loss_cls: 0.1680, s1.acc: 89.6601, s1.loss_bbox: 0.1511, s2.loss_cls: 0.0920, s2.acc: 88.0809, s2.loss_bbox: 0.1102, loss_bounder: 0.5789, loss_aux: 0.0001, loss: 1.5799
2026-08-16 10:11:50,986 - mmdet - INFO - Epoch [2][600/1732]	lr: 2.334e-03, eta: 1 day, 8:24:51, time: 0.689, data_time: 0.005, memory: 17623, loss_rpn_cls: 0.0281, loss_rpn_bbox: 0.0147, s0.loss_cls: 0.3416, s0.acc: 89.5547, s0.loss_bbox: 0.1393, s1.loss_cls: 0.1753, s1.acc: 89.3110, s1.loss_bbox: 0.1671, s2.loss_cls: 0.0980, s2.acc: 87.6647, s2.loss_bbox: 0.1222, loss_bounder: 0.5865, loss_aux: 0.0003, loss: 1.6730
2026-08-16 10:13:00,116 - mmdet - INFO - Epoch [2][700/1732]	lr: 2.434e-03, eta: 1 day, 8:24:41, time: 0.691, data_time: 0.005, memory: 17623, loss_rpn_cls: 0.0261, loss_rpn_bbox: 0.0137, s0.loss_cls: 0.3184, s0.acc: 89.6250, s0.loss_bbox: 0.1245, s1.loss_cls: 0.1634, s1.acc: 89.6780, s1.loss_bbox: 0.1597, s2.loss_cls: 0.0952, s2.acc: 87.3012, s2.loss_bbox: 0.1197, loss_bounder: 0.5879, loss_aux: 0.0002, loss: 1.6090
2026-08-16 10:14:09,157 - mmdet - INFO - Epoch [2][800/1732]	lr: 2.533e-03, eta: 1 day, 8:24:21, time: 0.690, data_time: 0.005, memory: 17623, loss_rpn_cls: 0.0290, loss_rpn_bbox: 0.0129, s0.loss_cls: 0.2918, s0.acc: 90.9346, s0.loss_bbox: 0.1228, s1.loss_cls: 0.1509, s1.acc: 90.5691, s1.loss_bbox: 0.1497, s2.loss_cls: 0.0818, s2.acc: 89.3356, s2.loss_bbox: 0.1073, loss_bounder: 0.5887, loss_aux: 0.0001, loss: 1.5350
2026-08-16 10:15:17,975 - mmdet - INFO - Epoch [2][900/1732]	lr: 2.633e-03, eta: 1 day, 8:23:43, time: 0.688, data_time: 0.005, memory: 17623, loss_rpn_cls: 0.0243, loss_rpn_bbox: 0.0140, s0.loss_cls: 0.3026, s0.acc: 90.4053, s0.loss_bbox: 0.1284, s1.loss_cls: 0.1538, s1.acc: 90.2045, s1.loss_bbox: 0.1559, s2.loss_cls: 0.0849, s2.acc: 88.7405, s2.loss_bbox: 0.1092, loss_bounder: 0.5873, loss_aux: 0.0002, loss: 1.5604
2026-08-16 10:16:27,316 - mmdet - INFO - Epoch [2][1000/1732]	lr: 2.733e-03, eta: 1 day, 8:23:35, time: 0.693, data_time: 0.005, memory: 17623, loss_rpn_cls: 0.0310, loss_rpn_bbox: 0.0135, s0.loss_cls: 0.3143, s0.acc: 90.3467, s0.loss_bbox: 0.1230, s1.loss_cls: 0.1571, s1.acc: 90.5089, s1.loss_bbox: 0.1392, s2.loss_cls: 0.0868, s2.acc: 89.1531, s2.loss_bbox: 0.1035, loss_bounder: 0.5821, loss_aux: 0.0001, loss: 1.5505
2026-08-16 10:17:36,683 - mmdet - INFO - Epoch [2][1100/1732]	lr: 2.833e-03, eta: 1 day, 8:23:24, time: 0.694, data_time: 0.005, memory: 17623, loss_rpn_cls: 0.0297, loss_rpn_bbox: 0.0146, s0.loss_cls: 0.3169, s0.acc: 89.8066, s0.loss_bbox: 0.1364, s1.loss_cls: 0.1537, s1.acc: 90.2296, s1.loss_bbox: 0.1607, s2.loss_cls: 0.0827, s2.acc: 88.9274, s2.loss_bbox: 0.1179, loss_bounder: 0.6009, loss_aux: 0.0002, loss: 1.6137
2026-08-16 10:18:45,549 - mmdet - INFO - Epoch [2][1200/1732]	lr: 2.933e-03, eta: 1 day, 8:22:40, time: 0.689, data_time: 0.005, memory: 17623, loss_rpn_cls: 0.0256, loss_rpn_bbox: 0.0144, s0.loss_cls: 0.2854, s0.acc: 91.2559, s0.loss_bbox: 0.1393, s1.loss_cls: 0.1385, s1.acc: 91.4198, s1.loss_bbox: 0.1627, s2.loss_cls: 0.0784, s2.acc: 89.7598, s2.loss_bbox: 0.1096, loss_bounder: 0.5742, loss_aux: 0.0001, loss: 1.5281
2026-08-16 10:19:53,747 - mmdet - INFO - Epoch [2][1300/1732]	lr: 3.033e-03, eta: 1 day, 8:21:17, time: 0.682, data_time: 0.005, memory: 17623, loss_rpn_cls: 0.0248, loss_rpn_bbox: 0.0148, s0.loss_cls: 0.2958, s0.acc: 90.6504, s0.loss_bbox: 0.1176, s1.loss_cls: 0.1478, s1.acc: 90.8492, s1.loss_bbox: 0.1479, s2.loss_cls: 0.0812, s2.acc: 89.5726, s2.loss_bbox: 0.1116, loss_bounder: 0.5826, loss_aux: 0.0001, loss: 1.5242
2026-08-16 10:21:02,283 - mmdet - INFO - Epoch [2][1400/1732]	lr: 3.133e-03, eta: 1 day, 8:20:13, time: 0.685, data_time: 0.005, memory: 17623, loss_rpn_cls: 0.0298, loss_rpn_bbox: 0.0126, s0.loss_cls: 0.2657, s0.acc: 91.8682, s0.loss_bbox: 0.1072, s1.loss_cls: 0.1322, s1.acc: 91.5446, s1.loss_bbox: 0.1373, s2.loss_cls: 0.0700, s2.acc: 91.2867, s2.loss_bbox: 0.0993, loss_bounder: 0.5924, loss_aux: 0.0001, loss: 1.4466
2026-08-16 10:22:11,189 - mmdet - INFO - Epoch [2][1500/1732]	lr: 3.233e-03, eta: 1 day, 8:19:29, time: 0.689, data_time: 0.005, memory: 17623, loss_rpn_cls: 0.0205, loss_rpn_bbox: 0.0122, s0.loss_cls: 0.2867, s0.acc: 90.9414, s0.loss_bbox: 0.1254, s1.loss_cls: 0.1475, s1.acc: 90.8332, s1.loss_bbox: 0.1494, s2.loss_cls: 0.0821, s2.acc: 89.2106, s2.loss_bbox: 0.1116, loss_bounder: 0.5831, loss_aux: 0.0002, loss: 1.5188
2026-08-16 10:23:19,629 - mmdet - INFO - Epoch [2][1600/1732]	lr: 3.333e-03, eta: 1 day, 8:18:19, time: 0.684, data_time: 0.005, memory: 17623, loss_rpn_cls: 0.0207, loss_rpn_bbox: 0.0100, s0.loss_cls: 0.2805, s0.acc: 91.0322, s0.loss_bbox: 0.1078, s1.loss_cls: 0.1407, s1.acc: 90.9615, s1.loss_bbox: 0.1332, s2.loss_cls: 0.0760, s2.acc: 90.3339, s2.loss_bbox: 0.0989, loss_bounder: 0.5771, loss_aux: 0.0001, loss: 1.4450
2026-08-16 10:24:28,988 - mmdet - INFO - Epoch [2][1700/1732]	lr: 3.433e-03, eta: 1 day, 8:17:55, time: 0.694, data_time: 0.005, memory: 17623, loss_rpn_cls: 0.0262, loss_rpn_bbox: 0.0143, s0.loss_cls: 0.3166, s0.acc: 90.4180, s0.loss_bbox: 0.1162, s1.loss_cls: 0.1529, s1.acc: 90.8624, s1.loss_bbox: 0.1448, s2.loss_cls: 0.0814, s2.acc: 89.5152, s2.loss_bbox: 0.1064, loss_bounder: 0.5912, loss_aux: 0.0002, loss: 1.5502
2026-08-16 10:24:51,094 - mmdet - INFO - Saving checkpoint at 2 epochs
2026-08-16 10:26:06,236 - mmdet - INFO - Evaluating bbox...
2026-08-16 10:26:07,048 - mmdet - INFO - 
+-----------+-------+-----------+-------+------------+-------+
| category  | AP    | category  | AP    | category   | AP    |
+-----------+-------+-----------+-------+------------+-------+
| HM        | 0.000 | LQS       | 0.000 | QHS        | 0.016 |
| MS        | 0.251 | A1_SU-35  | 0.454 | A2_C-130   | 0.291 |
| A3_C-17   | 0.340 | A4_C-5    | 0.327 | A5_F-16    | 0.425 |
| A6_TU-160 | 0.647 | A7_E-3    | 0.559 | A8_B-52    | 0.508 |
| A9_P-3C   | 0.318 | A10_B-1B  | 0.438 | A11_E-8    | 0.250 |
| A12_TU-22 | 0.427 | A13_F-15  | 0.338 | A14_KC-135 | 0.239 |
| A15_F-22  | 0.000 | A16_FA-18 | 0.569 | A17_TU-95  | 0.646 |
| A18_KC-10 | 0.000 | A19_SU-34 | 0.473 | A20_SU-24  | 0.361 |
| FSC       | 0.095 | None      | None  | None       | None  |
+-----------+-------+-----------+-------+------------+-------+
2026-08-16 10:26:07,821 - mmdet - INFO - BestSaverHook: bbox_mAP=0.3190 创新高，已保存 best 模型 -> /root/autodl-tmp/model_v4/work_dirs/arfc_only_v1/best_bbox_mAP.pth
2026-08-16 10:26:07,821 - mmdet - INFO - Exp name: aircraft_bafnet_1x.py
2026-08-16 10:26:07,821 - mmdet - INFO - Epoch(val) [2][548]	bbox_mAP: 0.3190, bbox_mAP_50: 0.4970, bbox_mAP_75: 0.3780, bbox_mAP_s: 0.0000, bbox_mAP_m: 0.2950, bbox_mAP_l: 0.3510, bbox_mAP_copypaste: 0.319 0.497 0.378 0.000 0.295 0.351
2026-08-16 10:27:18,642 - mmdet - INFO - Epoch [3][100/1732]	lr: 3.564e-03, eta: 1 day, 8:00:51, time: 0.708, data_time: 0.028, memory: 17623, loss_rpn_cls: 0.0293, loss_rpn_bbox: 0.0133, s0.loss_cls: 0.2591, s0.acc: 91.8213, s0.loss_bbox: 0.1018, s1.loss_cls: 0.1214, s1.acc: 92.2549, s1.loss_bbox: 0.1274, s2.loss_cls: 0.0629, s2.acc: 92.0101, s2.loss_bbox: 0.0996, loss_bounder: 0.5886, loss_aux: 0.0001, loss: 1.4035
2026-08-16 10:28:27,697 - mmdet - INFO - Epoch [3][200/1732]	lr: 3.664e-03, eta: 1 day, 8:00:35, time: 0.691, data_time: 0.005, memory: 17623, loss_rpn_cls: 0.0183, loss_rpn_bbox: 0.0109, s0.loss_cls: 0.2492, s0.acc: 91.9717, s0.loss_bbox: 0.1125, s1.loss_cls: 0.1242, s1.acc: 92.2973, s1.loss_bbox: 0.1435, s2.loss_cls: 0.0726, s2.acc: 90.3849, s2.loss_bbox: 0.1072, loss_bounder: 0.5864, loss_aux: 0.0001, loss: 1.4250
2026-08-16 10:29:36,403 - mmdet - INFO - Epoch [3][300/1732]	lr: 3.764e-03, eta: 1 day, 8:00:00, time: 0.687, data_time: 0.005, memory: 17623, loss_rpn_cls: 0.0206, loss_rpn_bbox: 0.0133, s0.loss_cls: 0.2512, s0.acc: 91.8457, s0.loss_bbox: 0.1154, s1.loss_cls: 0.1177, s1.acc: 92.1938, s1.loss_bbox: 0.1387, s2.loss_cls: 0.0633, s2.acc: 91.6979, s2.loss_bbox: 0.1093, loss_bounder: 0.5670, loss_aux: 0.0001, loss: 1.3967
2026-08-16 10:30:44,768 - mmdet - INFO - Epoch [3][400/1732]	lr: 3.864e-03, eta: 1 day, 7:59:08, time: 0.684, data_time: 0.005, memory: 17623, loss_rpn_cls: 0.0235, loss_rpn_bbox: 0.0141, s0.loss_cls: 0.2893, s0.acc: 91.1875, s0.loss_bbox: 0.1119, s1.loss_cls: 0.1358, s1.acc: 91.8140, s1.loss_bbox: 0.1433, s2.loss_cls: 0.0743, s2.acc: 90.8665, s2.loss_bbox: 0.1025, loss_bounder: 0.5879, loss_aux: 0.0001, loss: 1.4827
2026-08-16 10:31:53,578 - mmdet - INFO - Epoch [3][500/1732]	lr: 3.964e-03, eta: 1 day, 7:58:35, time: 0.688, data_time: 0.005, memory: 17623, loss_rpn_cls: 0.0237, loss_rpn_bbox: 0.0115, s0.loss_cls: 0.2747, s0.acc: 91.4170, s0.loss_bbox: 0.0951, s1.loss_cls: 0.1314, s1.acc: 91.8941, s1.loss_bbox: 0.1157, s2.loss_cls: 0.0711, s2.acc: 90.8349, s2.loss_bbox: 0.0879, loss_bounder: 0.5782, loss_aux: 0.0001, loss: 1.3894
2026-08-16 10:33:02,973 - mmdet - INFO - Epoch [3][600/1732]	lr: 4.064e-03, eta: 1 day, 7:58:24, time: 0.694, data_time: 0.005, memory: 17623, loss_rpn_cls: 0.0242, loss_rpn_bbox: 0.0102, s0.loss_cls: 0.2968, s0.acc: 90.7754, s0.loss_bbox: 0.0912, s1.loss_cls: 0.1476, s1.acc: 90.5650, s1.loss_bbox: 0.1227, s2.loss_cls: 0.0780, s2.acc: 89.9604, s2.loss_bbox: 0.0981, loss_bounder: 0.5699, loss_aux: 0.0001, loss: 1.4388
2026-08-16 10:34:11,607 - mmdet - INFO - Epoch [3][700/1732]	lr: 4.164e-03, eta: 1 day, 7:57:40, time: 0.686, data_time: 0.005, memory: 17623, loss_rpn_cls: 0.0253, loss_rpn_bbox: 0.0126, s0.loss_cls: 0.2581, s0.acc: 91.6982, s0.loss_bbox: 0.1085, s1.loss_cls: 0.1202, s1.acc: 92.4128, s1.loss_bbox: 0.1299, s2.loss_cls: 0.0658, s2.acc: 91.6619, s2.loss_bbox: 0.0984, loss_bounder: 0.5706, loss_aux: 0.0001, loss: 1.3895
2026-08-16 10:35:20,413 - mmdet - INFO - Epoch [3][800/1732]	lr: 4.264e-03, eta: 1 day, 7:57:01, time: 0.688, data_time: 0.005, memory: 17623, loss_rpn_cls: 0.0212, loss_rpn_bbox: 0.0121, s0.loss_cls: 0.2673, s0.acc: 91.9102, s0.loss_bbox: 0.1082, s1.loss_cls: 0.1234, s1.acc: 92.5480, s1.loss_bbox: 0.1323, s2.loss_cls: 0.0645, s2.acc: 92.3383, s2.loss_bbox: 0.1042, loss_bounder: 0.5971, loss_aux: 0.0001, loss: 1.4304
2026-08-16 10:36:29,239 - mmdet - INFO - Epoch [3][900/1732]	lr: 4.364e-03, eta: 1 day, 7:56:21, time: 0.688, data_time: 0.005, memory: 17623, loss_rpn_cls: 0.0228, loss_rpn_bbox: 0.0119, s0.loss_cls: 0.2590, s0.acc: 92.1992, s0.loss_bbox: 0.1087, s1.loss_cls: 0.1247, s1.acc: 92.4929, s1.loss_bbox: 0.1356, s2.loss_cls: 0.0644, s2.acc: 92.1000, s2.loss_bbox: 0.1040, loss_bounder: 0.5801, loss_aux: 0.0001, loss: 1.4113
2026-08-16 10:37:38,541 - mmdet - INFO - Epoch [3][1000/1732]	lr: 4.464e-03, eta: 1 day, 7:55:58, time: 0.693, data_time: 0.005, memory: 17623, loss_rpn_cls: 0.0197, loss_rpn_bbox: 0.0102, s0.loss_cls: 0.2837, s0.acc: 91.2070, s0.loss_bbox: 0.1035, s1.loss_cls: 0.1409, s1.acc: 91.2853, s1.loss_bbox: 0.1351, s2.loss_cls: 0.0741, s2.acc: 90.3703, s2.loss_bbox: 0.1018, loss_bounder: 0.5759, loss_aux: 0.0001, loss: 1.4449
2026-08-16 10:38:47,147 - mmdet - INFO - Epoch [3][1100/1732]	lr: 4.563e-03, eta: 1 day, 7:55:08, time: 0.686, data_time: 0.005, memory: 17623, loss_rpn_cls: 0.0215, loss_rpn_bbox: 0.0120, s0.loss_cls: 0.2604, s0.acc: 91.7783, s0.loss_bbox: 0.1085, s1.loss_cls: 0.1230, s1.acc: 92.1349, s1.loss_bbox: 0.1280, s2.loss_cls: 0.0672, s2.acc: 91.4398, s2.loss_bbox: 0.0973, loss_bounder: 0.5839, loss_aux: 0.0001, loss: 1.4019
2026-08-16 10:39:57,029 - mmdet - INFO - Epoch [3][1200/1732]	lr: 4.663e-03, eta: 1 day, 7:55:03, time: 0.699, data_time: 0.005, memory: 17623, loss_rpn_cls: 0.0185, loss_rpn_bbox: 0.0120, s0.loss_cls: 0.2605, s0.acc: 92.0176, s0.loss_bbox: 0.0933, s1.loss_cls: 0.1240, s1.acc: 92.6232, s1.loss_bbox: 0.1239, s2.loss_cls: 0.0668, s2.acc: 91.8861, s2.loss_bbox: 0.0947, loss_bounder: 0.5589, loss_aux: 0.0001, loss: 1.3528
2026-08-16 10:41:05,657 - mmdet - INFO - Epoch [3][1300/1732]	lr: 4.763e-03, eta: 1 day, 7:54:10, time: 0.686, data_time: 0.005, memory: 17623, loss_rpn_cls: 0.0168, loss_rpn_bbox: 0.0134, s0.loss_cls: 0.2383, s0.acc: 92.6084, s0.loss_bbox: 0.1009, s1.loss_cls: 0.1107, s1.acc: 93.2085, s1.loss_bbox: 0.1318, s2.loss_cls: 0.0628, s2.acc: 92.1147, s2.loss_bbox: 0.1022, loss_bounder: 0.5777, loss_aux: 0.0001, loss: 1.3547
2026-08-16 10:42:13,667 - mmdet - INFO - Epoch [3][1400/1732]	lr: 4.863e-03, eta: 1 day, 7:52:56, time: 0.680, data_time: 0.005, memory: 17623, loss_rpn_cls: 0.0238, loss_rpn_bbox: 0.0117, s0.loss_cls: 0.2331, s0.acc: 92.5234, s0.loss_bbox: 0.1029, s1.loss_cls: 0.1113, s1.acc: 93.0504, s1.loss_bbox: 0.1264, s2.loss_cls: 0.0565, s2.acc: 93.0761, s2.loss_bbox: 0.0942, loss_bounder: 0.5836, loss_aux: 0.0001, loss: 1.3436
2026-08-16 10:43:22,130 - mmdet - INFO - Epoch [3][1500/1732]	lr: 4.963e-03, eta: 1 day, 7:51:57, time: 0.685, data_time: 0.005, memory: 17623, loss_rpn_cls: 0.0240, loss_rpn_bbox: 0.0137, s0.loss_cls: 0.2355, s0.acc: 92.4473, s0.loss_bbox: 0.1021, s1.loss_cls: 0.1142, s1.acc: 92.8298, s1.loss_bbox: 0.1209, s2.loss_cls: 0.0591, s2.acc: 92.4310, s2.loss_bbox: 0.0915, loss_bounder: 0.5673, loss_aux: 0.0002, loss: 1.3285
2026-08-16 10:44:31,404 - mmdet - INFO - Epoch [3][1600/1732]	lr: 5.000e-03, eta: 1 day, 7:51:25, time: 0.693, data_time: 0.005, memory: 17623, loss_rpn_cls: 0.0185, loss_rpn_bbox: 0.0118, s0.loss_cls: 0.2430, s0.acc: 92.6816, s0.loss_bbox: 0.1029, s1.loss_cls: 0.1200, s1.acc: 92.9428, s1.loss_bbox: 0.1246, s2.loss_cls: 0.0650, s2.acc: 92.1312, s2.loss_bbox: 0.0926, loss_bounder: 0.5808, loss_aux: 0.0001, loss: 1.3594
2026-08-16 10:45:40,794 - mmdet - INFO - Epoch [3][1700/1732]	lr: 5.000e-03, eta: 1 day, 7:50:55, time: 0.694, data_time: 0.005, memory: 17623, loss_rpn_cls: 0.0164, loss_rpn_bbox: 0.0116, s0.loss_cls: 0.1754, s0.acc: 94.3418, s0.loss_bbox: 0.0979, s1.loss_cls: 0.0827, s1.acc: 94.7011, s1.loss_bbox: 0.1253, s2.loss_cls: 0.0465, s2.acc: 93.8414, s2.loss_bbox: 0.0940, loss_bounder: 0.5786, loss_aux: 0.0000, loss: 1.2285
2026-08-16 10:46:02,985 - mmdet - INFO - Saving checkpoint at 3 epochs
2026-08-16 10:47:18,314 - mmdet - INFO - Evaluating bbox...
2026-08-16 10:47:19,210 - mmdet - INFO - 
+-----------+-------+-----------+-------+------------+-------+
| category  | AP    | category  | AP    | category   | AP    |
+-----------+-------+-----------+-------+------------+-------+
| HM        | 0.000 | LQS       | 0.000 | QHS        | 0.000 |
| MS        | 0.261 | A1_SU-35  | 0.588 | A2_C-130   | 0.534 |
| A3_C-17   | 0.207 | A4_C-5    | 0.344 | A5_F-16    | 0.595 |
| A6_TU-160 | 0.402 | A7_E-3    | 0.641 | A8_B-52    | 0.533 |
| A9_P-3C   | 0.593 | A10_B-1B  | 0.505 | A11_E-8    | 0.478 |
| A12_TU-22 | 0.375 | A13_F-15  | 0.445 | A14_KC-135 | 0.513 |
| A15_F-22  | 0.016 | A16_FA-18 | 0.646 | A17_TU-95  | 0.544 |
| A18_KC-10 | 0.341 | A19_SU-34 | 0.423 | A20_SU-24  | 0.378 |
| FSC       | 0.119 | None      | None  | None       | None  |
+-----------+-------+-----------+-------+------------+-------+
2026-08-16 10:47:19,986 - mmdet - INFO - BestSaverHook: bbox_mAP=0.3790 创新高，已保存 best 模型 -> /root/autodl-tmp/model_v4/work_dirs/arfc_only_v1/best_bbox_mAP.pth
2026-08-16 10:47:19,986 - mmdet - INFO - Exp name: aircraft_bafnet_1x.py
2026-08-16 10:47:19,986 - mmdet - INFO - Epoch(val) [3][548]	bbox_mAP: 0.3790, bbox_mAP_50: 0.5940, bbox_mAP_75: 0.4350, bbox_mAP_s: 0.0290, bbox_mAP_m: 0.3380, bbox_mAP_l: 0.4020, bbox_mAP_copypaste: 0.379 0.594 0.435 0.029 0.338 0.402
2026-08-16 10:48:31,019 - mmdet - INFO - Epoch [4][100/1732]	lr: 5.000e-03, eta: 1 day, 7:39:22, time: 0.710, data_time: 0.028, memory: 17623, loss_rpn_cls: 0.0156, loss_rpn_bbox: 0.0099, s0.loss_cls: 0.1828, s0.acc: 93.9287, s0.loss_bbox: 0.0892, s1.loss_cls: 0.0880, s1.acc: 94.3783, s1.loss_bbox: 0.1163, s2.loss_cls: 0.0475, s2.acc: 93.8823, s2.loss_bbox: 0.0944, loss_bounder: 0.5811, loss_aux: 0.0000, loss: 1.2249
2026-08-16 10:49:40,258 - mmdet - INFO - Epoch [4][200/1732]	lr: 5.000e-03, eta: 1 day, 7:38:56, time: 0.692, data_time: 0.005, memory: 17623, loss_rpn_cls: 0.0133, loss_rpn_bbox: 0.0117, s0.loss_cls: 0.1627, s0.acc: 94.8691, s0.loss_bbox: 0.0871, s1.loss_cls: 0.0794, s1.acc: 95.0922, s1.loss_bbox: 0.1197, s2.loss_cls: 0.0446, s2.acc: 94.6761, s2.loss_bbox: 0.0963, loss_bounder: 0.5771, loss_aux: 0.0000, loss: 1.1920
2026-08-16 10:50:49,193 - mmdet - INFO - Epoch [4][300/1732]	lr: 5.000e-03, eta: 1 day, 7:38:20, time: 0.689, data_time: 0.005, memory: 17623, loss_rpn_cls: 0.0136, loss_rpn_bbox: 0.0095, s0.loss_cls: 0.2504, s0.acc: 92.2637, s0.loss_bbox: 0.0816, s1.loss_cls: 0.1232, s1.acc: 92.5526, s1.loss_bbox: 0.1123, s2.loss_cls: 0.0644, s2.acc: 91.8601, s2.loss_bbox: 0.0897, loss_bounder: 0.5630, loss_aux: 0.0001, loss: 1.3076
2026-08-16 10:51:57,754 - mmdet - INFO - Epoch [4][400/1732]	lr: 5.000e-03, eta: 1 day, 7:37:31, time: 0.686, data_time: 0.005, memory: 17623, loss_rpn_cls: 0.0173, loss_rpn_bbox: 0.0130, s0.loss_cls: 0.2090, s0.acc: 93.3896, s0.loss_bbox: 0.0974, s1.loss_cls: 0.1021, s1.acc: 93.9150, s1.loss_bbox: 0.1230, s2.loss_cls: 0.0524, s2.acc: 93.5332, s2.loss_bbox: 0.0934, loss_bounder: 0.5838, loss_aux: 0.0001, loss: 1.2914
2026-08-16 10:53:06,484 - mmdet - INFO - Epoch [4][500/1732]	lr: 5.000e-03, eta: 1 day, 7:36:47, time: 0.687, data_time: 0.005, memory: 17623, loss_rpn_cls: 0.0157, loss_rpn_bbox: 0.0094, s0.loss_cls: 0.1967, s0.acc: 93.7188, s0.loss_bbox: 0.0820, s1.loss_cls: 0.0916, s1.acc: 94.2554, s1.loss_bbox: 0.1097, s2.loss_cls: 0.0484, s2.acc: 93.9836, s2.loss_bbox: 0.0904, loss_bounder: 0.5778, loss_aux: 0.0001, loss: 1.2217
2026-08-16 10:54:15,171 - mmdet - INFO - Epoch [4][600/1732]	lr: 5.000e-03, eta: 1 day, 7:36:00, time: 0.687, data_time: 0.005, memory: 17623, loss_rpn_cls: 0.0179, loss_rpn_bbox: 0.0118, s0.loss_cls: 0.2018, s0.acc: 94.5635, s0.loss_bbox: 0.0952, s1.loss_cls: 0.0965, s1.acc: 95.0349, s1.loss_bbox: 0.1133, s2.loss_cls: 0.0497, s2.acc: 94.8760, s2.loss_bbox: 0.0874, loss_bounder: 0.5762, loss_aux: 0.0001, loss: 1.2497
2026-08-16 10:55:23,730 - mmdet - INFO - Epoch [4][700/1732]	lr: 5.000e-03, eta: 1 day, 7:35:10, time: 0.686, data_time: 0.005, memory: 17623, loss_rpn_cls: 0.0153, loss_rpn_bbox: 0.0096, s0.loss_cls: 0.1804, s0.acc: 94.2490, s0.loss_bbox: 0.0850, s1.loss_cls: 0.0851, s1.acc: 94.6079, s1.loss_bbox: 0.1086, s2.loss_cls: 0.0462, s2.acc: 93.9574, s2.loss_bbox: 0.0882, loss_bounder: 0.5610, loss_aux: 0.0001, loss: 1.1795
2026-08-16 10:56:32,582 - mmdet - INFO - Epoch [4][800/1732]	lr: 5.000e-03, eta: 1 day, 7:34:26, time: 0.689, data_time: 0.005, memory: 17623, loss_rpn_cls: 0.0193, loss_rpn_bbox: 0.0104, s0.loss_cls: 0.2054, s0.acc: 93.9453, s0.loss_bbox: 0.0948, s1.loss_cls: 0.0964, s1.acc: 94.4515, s1.loss_bbox: 0.1189, s2.loss_cls: 0.0519, s2.acc: 93.7088, s2.loss_bbox: 0.0947, loss_bounder: 0.5589, loss_aux: 0.0001, loss: 1.2509
2026-08-16 10:57:40,779 - mmdet - INFO - Epoch [4][900/1732]	lr: 5.000e-03, eta: 1 day, 7:33:24, time: 0.682, data_time: 0.004, memory: 17623, loss_rpn_cls: 0.0201, loss_rpn_bbox: 0.0117, s0.loss_cls: 0.1900, s0.acc: 93.5928, s0.loss_bbox: 0.0986, s1.loss_cls: 0.0876, s1.acc: 94.3083, s1.loss_bbox: 0.1146, s2.loss_cls: 0.0467, s2.acc: 94.0413, s2.loss_bbox: 0.0850, loss_bounder: 0.5669, loss_aux: 0.0001, loss: 1.2214
2026-08-16 10:58:49,846 - mmdet - INFO - Epoch [4][1000/1732]	lr: 5.000e-03, eta: 1 day, 7:32:45, time: 0.691, data_time: 0.005, memory: 17623, loss_rpn_cls: 0.0166, loss_rpn_bbox: 0.0110, s0.loss_cls: 0.1859, s0.acc: 94.4092, s0.loss_bbox: 0.0892, s1.loss_cls: 0.0837, s1.acc: 94.8970, s1.loss_bbox: 0.1064, s2.loss_cls: 0.0435, s2.acc: 94.7885, s2.loss_bbox: 0.0863, loss_bounder: 0.5669, loss_aux: 0.0001, loss: 1.1896
2026-08-16 10:59:59,199 - mmdet - INFO - Epoch [4][1100/1732]	lr: 5.000e-03, eta: 1 day, 7:32:13, time: 0.694, data_time: 0.005, memory: 17623, loss_rpn_cls: 0.0201, loss_rpn_bbox: 0.0120, s0.loss_cls: 0.1758, s0.acc: 94.3877, s0.loss_bbox: 0.0906, s1.loss_cls: 0.0825, s1.acc: 94.6429, s1.loss_bbox: 0.1147, s2.loss_cls: 0.0442, s2.acc: 94.5446, s2.loss_bbox: 0.0908, loss_bounder: 0.5855, loss_aux: 0.0001, loss: 1.2163
2026-08-16 11:01:07,330 - mmdet - INFO - Epoch [4][1200/1732]	lr: 5.000e-03, eta: 1 day, 7:31:08, time: 0.681, data_time: 0.005, memory: 17623, loss_rpn_cls: 0.0206, loss_rpn_bbox: 0.0106, s0.loss_cls: 0.1873, s0.acc: 93.8418, s0.loss_bbox: 0.0848, s1.loss_cls: 0.0848, s1.acc: 94.3869, s1.loss_bbox: 0.1107, s2.loss_cls: 0.0463, s2.acc: 93.9904, s2.loss_bbox: 0.0876, loss_bounder: 0.5760, loss_aux: 0.0001, loss: 1.2087
2026-08-16 11:02:15,856 - mmdet - INFO - Epoch [4][1300/1732]	lr: 5.000e-03, eta: 1 day, 7:30:13, time: 0.685, data_time: 0.005, memory: 17623, loss_rpn_cls: 0.0201, loss_rpn_bbox: 0.0127, s0.loss_cls: 0.1903, s0.acc: 93.8896, s0.loss_bbox: 0.0900, s1.loss_cls: 0.0842, s1.acc: 94.6928, s1.loss_bbox: 0.1083, s2.loss_cls: 0.0445, s2.acc: 94.3578, s2.loss_bbox: 0.0834, loss_bounder: 0.5629, loss_aux: 0.0001, loss: 1.1964
2026-08-16 11:03:24,661 - mmdet - INFO - Epoch [4][1400/1732]	lr: 5.000e-03, eta: 1 day, 7:29:24, time: 0.688, data_time: 0.005, memory: 17623, loss_rpn_cls: 0.0158, loss_rpn_bbox: 0.0088, s0.loss_cls: 0.1632, s0.acc: 95.0303, s0.loss_bbox: 0.0827, s1.loss_cls: 0.0748, s1.acc: 95.7017, s1.loss_bbox: 0.1111, s2.loss_cls: 0.0399, s2.acc: 95.3314, s2.loss_bbox: 0.0894, loss_bounder: 0.5816, loss_aux: 0.0001, loss: 1.1673
2026-08-16 11:04:33,372 - mmdet - INFO - Epoch [4][1500/1732]	lr: 5.000e-03, eta: 1 day, 7:28:33, time: 0.687, data_time: 0.005, memory: 17623, loss_rpn_cls: 0.0174, loss_rpn_bbox: 0.0104, s0.loss_cls: 0.1854, s0.acc: 94.3037, s0.loss_bbox: 0.0824, s1.loss_cls: 0.0883, s1.acc: 94.6694, s1.loss_bbox: 0.1039, s2.loss_cls: 0.0467, s2.acc: 94.1895, s2.loss_bbox: 0.0841, loss_bounder: 0.5783, loss_aux: 0.0000, loss: 1.1969
2026-08-16 11:05:42,233 - mmdet - INFO - Epoch [4][1600/1732]	lr: 5.000e-03, eta: 1 day, 7:27:44, time: 0.689, data_time: 0.005, memory: 17623, loss_rpn_cls: 0.0166, loss_rpn_bbox: 0.0096, s0.loss_cls: 0.2010, s0.acc: 93.6572, s0.loss_bbox: 0.0812, s1.loss_cls: 0.0917, s1.acc: 94.2909, s1.loss_bbox: 0.1055, s2.loss_cls: 0.0472, s2.acc: 94.2674, s2.loss_bbox: 0.0878, loss_bounder: 0.5682, loss_aux: 0.0002, loss: 1.2089
2026-08-16 11:06:51,229 - mmdet - INFO - Epoch [4][1700/1732]	lr: 5.000e-03, eta: 1 day, 7:26:59, time: 0.690, data_time: 0.005, memory: 17623, loss_rpn_cls: 0.0167, loss_rpn_bbox: 0.0116, s0.loss_cls: 0.1937, s0.acc: 93.8193, s0.loss_bbox: 0.0953, s1.loss_cls: 0.0900, s1.acc: 94.5415, s1.loss_bbox: 0.1178, s2.loss_cls: 0.0492, s2.acc: 93.9014, s2.loss_bbox: 0.0878, loss_bounder: 0.5753, loss_aux: 0.0001, loss: 1.2375
2026-08-16 11:07:13,655 - mmdet - INFO - Saving checkpoint at 4 epochs
2026-08-16 11:08:28,885 - mmdet - INFO - Evaluating bbox...
2026-08-16 11:08:29,822 - mmdet - INFO - 
+-----------+-------+-----------+-------+------------+-------+
| category  | AP    | category  | AP    | category   | AP    |
+-----------+-------+-----------+-------+------------+-------+
| HM        | 0.000 | LQS       | 0.000 | QHS        | 0.161 |
| MS        | 0.336 | A1_SU-35  | 0.637 | A2_C-130   | 0.636 |
| A3_C-17   | 0.592 | A4_C-5    | 0.258 | A5_F-16    | 0.525 |
| A6_TU-160 | 0.572 | A7_E-3    | 0.692 | A8_B-52    | 0.565 |
| A9_P-3C   | 0.649 | A10_B-1B  | 0.701 | A11_E-8    | 0.525 |
| A12_TU-22 | 0.513 | A13_F-15  | 0.420 | A14_KC-135 | 0.581 |
| A15_F-22  | 0.390 | A16_FA-18 | 0.680 | A17_TU-95  | 0.670 |
| A18_KC-10 | 0.353 | A19_SU-34 | 0.412 | A20_SU-24  | 0.478 |
| FSC       | 0.136 | None      | None  | None       | None  |
+-----------+-------+-----------+-------+------------+-------+
2026-08-16 11:08:30,615 - mmdet - INFO - BestSaverHook: bbox_mAP=0.4590 创新高，已保存 best 模型 -> /root/autodl-tmp/model_v4/work_dirs/arfc_only_v1/best_bbox_mAP.pth
2026-08-16 11:08:30,615 - mmdet - INFO - Exp name: aircraft_bafnet_1x.py
2026-08-16 11:08:30,615 - mmdet - INFO - Epoch(val) [4][548]	bbox_mAP: 0.4590, bbox_mAP_50: 0.6620, bbox_mAP_75: 0.5650, bbox_mAP_s: 0.0010, bbox_mAP_m: 0.4570, bbox_mAP_l: 0.4840, bbox_mAP_copypaste: 0.459 0.662 0.565 0.001 0.457 0.484
2026-08-16 11:09:41,501 - mmdet - INFO - Epoch [5][100/1732]	lr: 5.000e-03, eta: 1 day, 7:18:00, time: 0.709, data_time: 0.028, memory: 17623, loss_rpn_cls: 0.0166, loss_rpn_bbox: 0.0106, s0.loss_cls: 0.1649, s0.acc: 94.7422, s0.loss_bbox: 0.0890, s1.loss_cls: 0.0707, s1.acc: 95.6825, s1.loss_bbox: 0.1085, s2.loss_cls: 0.0372, s2.acc: 95.1054, s2.loss_bbox: 0.0833, loss_bounder: 0.5717, loss_aux: 0.0001, loss: 1.1526
2026-08-16 11:10:50,524 - mmdet - INFO - Epoch [5][200/1732]	lr: 5.000e-03, eta: 1 day, 7:17:20, time: 0.690, data_time: 0.005, memory: 17623, loss_rpn_cls: 0.0147, loss_rpn_bbox: 0.0094, s0.loss_cls: 0.1516, s0.acc: 95.1855, s0.loss_bbox: 0.0834, s1.loss_cls: 0.0716, s1.acc: 95.7750, s1.loss_bbox: 0.0998, s2.loss_cls: 0.0372, s2.acc: 95.3588, s2.loss_bbox: 0.0813, loss_bounder: 0.5721, loss_aux: 0.0000, loss: 1.1214
2026-08-16 11:11:59,374 - mmdet - INFO - Epoch [5][300/1732]	lr: 5.000e-03, eta: 1 day, 7:16:36, time: 0.688, data_time: 0.005, memory: 17623, loss_rpn_cls: 0.0108, loss_rpn_bbox: 0.0084, s0.loss_cls: 0.1345, s0.acc: 95.7881, s0.loss_bbox: 0.0669, s1.loss_cls: 0.0619, s1.acc: 96.2293, s1.loss_bbox: 0.0930, s2.loss_cls: 0.0342, s2.acc: 95.9350, s2.loss_bbox: 0.0796, loss_bounder: 0.5634, loss_aux: 0.0001, loss: 1.0528
2026-08-16 11:13:08,229 - mmdet - INFO - Epoch [5][400/1732]	lr: 5.000e-03, eta: 1 day, 7:15:51, time: 0.689, data_time: 0.005, memory: 17623, loss_rpn_cls: 0.0098, loss_rpn_bbox: 0.0073, s0.loss_cls: 0.1195, s0.acc: 96.0537, s0.loss_bbox: 0.0617, s1.loss_cls: 0.0586, s1.acc: 96.2912, s1.loss_bbox: 0.0904, s2.loss_cls: 0.0335, s2.acc: 95.8451, s2.loss_bbox: 0.0787, loss_bounder: 0.5681, loss_aux: 0.0000, loss: 1.0277
2026-08-16 11:14:17,726 - mmdet - INFO - Epoch [5][500/1732]	lr: 5.000e-03, eta: 1 day, 7:15:20, time: 0.695, data_time: 0.005, memory: 17623, loss_rpn_cls: 0.0116, loss_rpn_bbox: 0.0104, s0.loss_cls: 0.1510, s0.acc: 95.0537, s0.loss_bbox: 0.0791, s1.loss_cls: 0.0704, s1.acc: 95.4764, s1.loss_bbox: 0.1066, s2.loss_cls: 0.0376, s2.acc: 95.1806, s2.loss_bbox: 0.0890, loss_bounder: 0.5531, loss_aux: 0.0000, loss: 1.1088
2026-08-16 11:15:26,291 - mmdet - INFO - Epoch [5][600/1732]	lr: 5.000e-03, eta: 1 day, 7:14:27, time: 0.686, data_time: 0.005, memory: 17623, loss_rpn_cls: 0.0135, loss_rpn_bbox: 0.0088, s0.loss_cls: 0.1631, s0.acc: 94.5391, s0.loss_bbox: 0.0728, s1.loss_cls: 0.0769, s1.acc: 94.7536, s1.loss_bbox: 0.0928, s2.loss_cls: 0.0394, s2.acc: 94.6829, s2.loss_bbox: 0.0777, loss_bounder: 0.5785, loss_aux: 0.0001, loss: 1.1235
2026-08-16 11:16:34,997 - mmdet - INFO - Epoch [5][700/1732]	lr: 5.000e-03, eta: 1 day, 7:13:37, time: 0.687, data_time: 0.005, memory: 17623, loss_rpn_cls: 0.0102, loss_rpn_bbox: 0.0082, s0.loss_cls: 0.1359, s0.acc: 95.2373, s0.loss_bbox: 0.0695, s1.loss_cls: 0.0592, s1.acc: 96.0773, s1.loss_bbox: 0.0959, s2.loss_cls: 0.0320, s2.acc: 95.8408, s2.loss_bbox: 0.0861, loss_bounder: 0.5796, loss_aux: 0.0000, loss: 1.0765
2026-08-16 11:17:44,571 - mmdet - INFO - Epoch [5][800/1732]	lr: 5.000e-03, eta: 1 day, 7:13:05, time: 0.696, data_time: 0.005, memory: 17623, loss_rpn_cls: 0.0171, loss_rpn_bbox: 0.0112, s0.loss_cls: 0.1577, s0.acc: 94.7900, s0.loss_bbox: 0.0820, s1.loss_cls: 0.0731, s1.acc: 95.4467, s1.loss_bbox: 0.1065, s2.loss_cls: 0.0375, s2.acc: 95.0875, s2.loss_bbox: 0.0801, loss_bounder: 0.5583, loss_aux: 0.0001, loss: 1.1237
2026-08-16 11:18:52,966 - mmdet - INFO - Epoch [5][900/1732]	lr: 5.000e-03, eta: 1 day, 7:12:07, time: 0.684, data_time: 0.005, memory: 17623, loss_rpn_cls: 0.0123, loss_rpn_bbox: 0.0085, s0.loss_cls: 0.1437, s0.acc: 95.4766, s0.loss_bbox: 0.0809, s1.loss_cls: 0.0658, s1.acc: 96.3433, s1.loss_bbox: 0.1030, s2.loss_cls: 0.0343, s2.acc: 96.1867, s2.loss_bbox: 0.0815, loss_bounder: 0.5699, loss_aux: 0.0000, loss: 1.0998
2026-08-16 11:20:02,102 - mmdet - INFO - Epoch [5][1000/1732]	lr: 5.000e-03, eta: 1 day, 7:11:25, time: 0.691, data_time: 0.005, memory: 17623, loss_rpn_cls: 0.0102, loss_rpn_bbox: 0.0101, s0.loss_cls: 0.1497, s0.acc: 95.5752, s0.loss_bbox: 0.0760, s1.loss_cls: 0.0720, s1.acc: 96.1455, s1.loss_bbox: 0.1005, s2.loss_cls: 0.0381, s2.acc: 95.9124, s2.loss_bbox: 0.0809, loss_bounder: 0.5645, loss_aux: 0.0001, loss: 1.1020
2026-08-16 11:21:10,977 - mmdet - INFO - Epoch [5][1100/1732]	lr: 5.000e-03, eta: 1 day, 7:10:36, time: 0.689, data_time: 0.005, memory: 17623, loss_rpn_cls: 0.0124, loss_rpn_bbox: 0.0081, s0.loss_cls: 0.1454, s0.acc: 95.7266, s0.loss_bbox: 0.0786, s1.loss_cls: 0.0742, s1.acc: 96.1099, s1.loss_bbox: 0.1069, s2.loss_cls: 0.0407, s2.acc: 95.6729, s2.loss_bbox: 0.0836, loss_bounder: 0.5683, loss_aux: 0.0000, loss: 1.1182
2026-08-16 11:22:19,414 - mmdet - INFO - Epoch [5][1200/1732]	lr: 5.000e-03, eta: 1 day, 7:09:38, time: 0.684, data_time: 0.005, memory: 17623, loss_rpn_cls: 0.0126, loss_rpn_bbox: 0.0091, s0.loss_cls: 0.1564, s0.acc: 94.8838, s0.loss_bbox: 0.0782, s1.loss_cls: 0.0765, s1.acc: 95.4341, s1.loss_bbox: 0.1091, s2.loss_cls: 0.0423, s2.acc: 94.7924, s2.loss_bbox: 0.0912, loss_bounder: 0.5835, loss_aux: 0.0000, loss: 1.1589
2026-08-16 11:23:28,453 - mmdet - INFO - Epoch [5][1300/1732]	lr: 5.000e-03, eta: 1 day, 7:08:51, time: 0.690, data_time: 0.005, memory: 17623, loss_rpn_cls: 0.0103, loss_rpn_bbox: 0.0071, s0.loss_cls: 0.1421, s0.acc: 95.7061, s0.loss_bbox: 0.0671, s1.loss_cls: 0.0710, s1.acc: 96.1566, s1.loss_bbox: 0.0926, s2.loss_cls: 0.0375, s2.acc: 95.7733, s2.loss_bbox: 0.0763, loss_bounder: 0.5704, loss_aux: 0.0000, loss: 1.0743
2026-08-16 11:24:38,502 - mmdet - INFO - Epoch [5][1400/1732]	lr: 5.000e-03, eta: 1 day, 7:08:25, time: 0.700, data_time: 0.005, memory: 17623, loss_rpn_cls: 0.0116, loss_rpn_bbox: 0.0086, s0.loss_cls: 0.1398, s0.acc: 95.3926, s0.loss_bbox: 0.0764, s1.loss_cls: 0.0664, s1.acc: 96.0814, s1.loss_bbox: 0.1023, s2.loss_cls: 0.0371, s2.acc: 95.4543, s2.loss_bbox: 0.0826, loss_bounder: 0.5636, loss_aux: 0.0000, loss: 1.0884
2026-08-16 11:25:46,869 - mmdet - INFO - Epoch [5][1500/1732]	lr: 5.000e-03, eta: 1 day, 7:07:24, time: 0.684, data_time: 0.005, memory: 17623, loss_rpn_cls: 0.0148, loss_rpn_bbox: 0.0087, s0.loss_cls: 0.1361, s0.acc: 95.3867, s0.loss_bbox: 0.0751, s1.loss_cls: 0.0613, s1.acc: 95.8970, s1.loss_bbox: 0.1022, s2.loss_cls: 0.0325, s2.acc: 95.7889, s2.loss_bbox: 0.0830, loss_bounder: 0.5873, loss_aux: 0.0000, loss: 1.1011
2026-08-16 11:26:55,627 - mmdet - INFO - Epoch [5][1600/1732]	lr: 5.000e-03, eta: 1 day, 7:06:31, time: 0.688, data_time: 0.005, memory: 17623, loss_rpn_cls: 0.0157, loss_rpn_bbox: 0.0094, s0.loss_cls: 0.1468, s0.acc: 95.1553, s0.loss_bbox: 0.0715, s1.loss_cls: 0.0672, s1.acc: 95.7986, s1.loss_bbox: 0.0955, s2.loss_cls: 0.0354, s2.acc: 95.6508, s2.loss_bbox: 0.0784, loss_bounder: 0.5788, loss_aux: 0.0000, loss: 1.0987
2026-08-16 11:28:04,085 - mmdet - INFO - Epoch [5][1700/1732]	lr: 5.000e-03, eta: 1 day, 7:05:31, time: 0.685, data_time: 0.005, memory: 17623, loss_rpn_cls: 0.0107, loss_rpn_bbox: 0.0098, s0.loss_cls: 0.1443, s0.acc: 94.9404, s0.loss_bbox: 0.0806, s1.loss_cls: 0.0687, s1.acc: 95.2599, s1.loss_bbox: 0.1030, s2.loss_cls: 0.0398, s2.acc: 94.8902, s2.loss_bbox: 0.0823, loss_bounder: 0.5644, loss_aux: 0.0000, loss: 1.1035
2026-08-16 11:28:26,289 - mmdet - INFO - Saving checkpoint at 5 epochs
2026-08-16 11:29:41,697 - mmdet - INFO - Evaluating bbox...
2026-08-16 11:29:42,612 - mmdet - INFO - 
+-----------+-------+-----------+-------+------------+-------+
| category  | AP    | category  | AP    | category   | AP    |
+-----------+-------+-----------+-------+------------+-------+
| HM        | 0.000 | LQS       | 0.000 | QHS        | 0.135 |
| MS        | 0.376 | A1_SU-35  | 0.670 | A2_C-130   | 0.668 |
| A3_C-17   | 0.660 | A4_C-5    | 0.730 | A5_F-16    | 0.534 |
| A6_TU-160 | 0.586 | A7_E-3    | 0.668 | A8_B-52    | 0.572 |
| A9_P-3C   | 0.668 | A10_B-1B  | 0.508 | A11_E-8    | 0.464 |
| A12_TU-22 | 0.556 | A13_F-15  | 0.590 | A14_KC-135 | 0.572 |
| A15_F-22  | 0.559 | A16_FA-18 | 0.685 | A17_TU-95  | 0.751 |
| A18_KC-10 | 0.000 | A19_SU-34 | 0.508 | A20_SU-24  | 0.586 |
| FSC       | 0.372 | None      | None  | None       | None  |
+-----------+-------+-----------+-------+------------+-------+
2026-08-16 11:29:43,388 - mmdet - INFO - BestSaverHook: bbox_mAP=0.4970 创新高，已保存 best 模型 -> /root/autodl-tmp/model_v4/work_dirs/arfc_only_v1/best_bbox_mAP.pth
2026-08-16 11:29:43,388 - mmdet - INFO - Exp name: aircraft_bafnet_1x.py
2026-08-16 11:29:43,388 - mmdet - INFO - Epoch(val) [5][548]	bbox_mAP: 0.4970, bbox_mAP_50: 0.7020, bbox_mAP_75: 0.6200, bbox_mAP_s: 0.0260, bbox_mAP_m: 0.4770, bbox_mAP_l: 0.5390, bbox_mAP_copypaste: 0.497 0.702 0.620 0.026 0.477 0.539
2026-08-16 11:30:54,733 - mmdet - INFO - Epoch [6][100/1732]	lr: 5.000e-03, eta: 1 day, 6:58:15, time: 0.713, data_time: 0.029, memory: 17623, loss_rpn_cls: 0.0095, loss_rpn_bbox: 0.0096, s0.loss_cls: 0.1047, s0.acc: 96.4941, s0.loss_bbox: 0.0704, s1.loss_cls: 0.0473, s1.acc: 97.2151, s1.loss_bbox: 0.0966, s2.loss_cls: 0.0270, s2.acc: 96.8934, s2.loss_bbox: 0.0798, loss_bounder: 0.5816, loss_aux: 0.0000, loss: 1.0266
2026-08-16 11:32:03,194 - mmdet - INFO - Epoch [6][200/1732]	lr: 5.000e-03, eta: 1 day, 6:57:19, time: 0.685, data_time: 0.004, memory: 17623, loss_rpn_cls: 0.0134, loss_rpn_bbox: 0.0081, s0.loss_cls: 0.0933, s0.acc: 96.8457, s0.loss_bbox: 0.0695, s1.loss_cls: 0.0411, s1.acc: 97.2410, s1.loss_bbox: 0.0914, s2.loss_cls: 0.0223, s2.acc: 96.9334, s2.loss_bbox: 0.0768, loss_bounder: 0.5620, loss_aux: 0.0000, loss: 0.9778
2026-08-16 11:33:11,750 - mmdet - INFO - Epoch [6][300/1732]	lr: 5.000e-03, eta: 1 day, 6:56:25, time: 0.686, data_time: 0.005, memory: 17623, loss_rpn_cls: 0.0118, loss_rpn_bbox: 0.0079, s0.loss_cls: 0.0998, s0.acc: 96.6055, s0.loss_bbox: 0.0735, s1.loss_cls: 0.0454, s1.acc: 97.0427, s1.loss_bbox: 0.0965, s2.loss_cls: 0.0259, s2.acc: 96.6682, s2.loss_bbox: 0.0770, loss_bounder: 0.5695, loss_aux: 0.0000, loss: 1.0073
2026-08-16 11:34:20,651 - mmdet - INFO - Epoch [6][400/1732]	lr: 5.000e-03, eta: 1 day, 6:55:37, time: 0.689, data_time: 0.005, memory: 17623, loss_rpn_cls: 0.0103, loss_rpn_bbox: 0.0071, s0.loss_cls: 0.1125, s0.acc: 96.3564, s0.loss_bbox: 0.0645, s1.loss_cls: 0.0592, s1.acc: 96.7948, s1.loss_bbox: 0.0859, s2.loss_cls: 0.0339, s2.acc: 96.6940, s2.loss_bbox: 0.0688, loss_bounder: 0.5597, loss_aux: 0.0000, loss: 1.0020
2026-08-16 11:35:29,298 - mmdet - INFO - Epoch [6][500/1732]	lr: 5.000e-03, eta: 1 day, 6:54:44, time: 0.686, data_time: 0.005, memory: 17623, loss_rpn_cls: 0.0096, loss_rpn_bbox: 0.0081, s0.loss_cls: 0.1225, s0.acc: 95.8184, s0.loss_bbox: 0.0628, s1.loss_cls: 0.0585, s1.acc: 96.3572, s1.loss_bbox: 0.0864, s2.loss_cls: 0.0339, s2.acc: 95.7684, s2.loss_bbox: 0.0726, loss_bounder: 0.5694, loss_aux: 0.0000, loss: 1.0238
2026-08-16 11:36:38,352 - mmdet - INFO - Epoch [6][600/1732]	lr: 5.000e-03, eta: 1 day, 6:53:58, time: 0.691, data_time: 0.005, memory: 17623, loss_rpn_cls: 0.0102, loss_rpn_bbox: 0.0085, s0.loss_cls: 0.1453, s0.acc: 95.1240, s0.loss_bbox: 0.0662, s1.loss_cls: 0.0671, s1.acc: 95.7388, s1.loss_bbox: 0.0909, s2.loss_cls: 0.0350, s2.acc: 95.7455, s2.loss_bbox: 0.0749, loss_bounder: 0.5655, loss_aux: 0.0000, loss: 1.0637
2026-08-16 11:37:46,994 - mmdet - INFO - Epoch [6][700/1732]	lr: 5.000e-03, eta: 1 day, 6:53:03, time: 0.686, data_time: 0.005, memory: 17623, loss_rpn_cls: 0.0078, loss_rpn_bbox: 0.0069, s0.loss_cls: 0.1051, s0.acc: 96.1846, s0.loss_bbox: 0.0565, s1.loss_cls: 0.0486, s1.acc: 96.7762, s1.loss_bbox: 0.0817, s2.loss_cls: 0.0273, s2.acc: 96.4778, s2.loss_bbox: 0.0697, loss_bounder: 0.5844, loss_aux: 0.0000, loss: 0.9881
2026-08-16 11:38:56,242 - mmdet - INFO - Epoch [6][800/1732]	lr: 5.000e-03, eta: 1 day, 6:52:20, time: 0.692, data_time: 0.004, memory: 17623, loss_rpn_cls: 0.0133, loss_rpn_bbox: 0.0099, s0.loss_cls: 0.1198, s0.acc: 96.0547, s0.loss_bbox: 0.0758, s1.loss_cls: 0.0568, s1.acc: 96.6553, s1.loss_bbox: 0.0963, s2.loss_cls: 0.0307, s2.acc: 96.6412, s2.loss_bbox: 0.0763, loss_bounder: 0.5660, loss_aux: 0.0000, loss: 1.0449
2026-08-16 11:40:05,283 - mmdet - INFO - Epoch [6][900/1732]	lr: 5.000e-03, eta: 1 day, 6:51:32, time: 0.690, data_time: 0.004, memory: 17623, loss_rpn_cls: 0.0105, loss_rpn_bbox: 0.0085, s0.loss_cls: 0.0988, s0.acc: 96.6328, s0.loss_bbox: 0.0625, s1.loss_cls: 0.0479, s1.acc: 97.1050, s1.loss_bbox: 0.0839, s2.loss_cls: 0.0272, s2.acc: 96.7718, s2.loss_bbox: 0.0696, loss_bounder: 0.5833, loss_aux: 0.0000, loss: 0.9922
2026-08-16 11:41:14,114 - mmdet - INFO - Epoch [6][1000/1732]	lr: 5.000e-03, eta: 1 day, 6:50:40, time: 0.688, data_time: 0.004, memory: 17623, loss_rpn_cls: 0.0085, loss_rpn_bbox: 0.0073, s0.loss_cls: 0.1209, s0.acc: 95.7432, s0.loss_bbox: 0.0629, s1.loss_cls: 0.0533, s1.acc: 96.4295, s1.loss_bbox: 0.0896, s2.loss_cls: 0.0287, s2.acc: 96.2723, s2.loss_bbox: 0.0776, loss_bounder: 0.5655, loss_aux: 0.0000, loss: 1.0142
2026-08-16 11:42:23,373 - mmdet - INFO - Epoch [6][1100/1732]	lr: 5.000e-03, eta: 1 day, 6:49:55, time: 0.693, data_time: 0.005, memory: 17623, loss_rpn_cls: 0.0089, loss_rpn_bbox: 0.0065, s0.loss_cls: 0.1253, s0.acc: 95.9033, s0.loss_bbox: 0.0595, s1.loss_cls: 0.0552, s1.acc: 96.6442, s1.loss_bbox: 0.0864, s2.loss_cls: 0.0283, s2.acc: 96.5715, s2.loss_bbox: 0.0757, loss_bounder: 0.5767, loss_aux: 0.0000, loss: 1.0224
2026-08-16 11:43:31,972 - mmdet - INFO - Epoch [6][1200/1732]	lr: 5.000e-03, eta: 1 day, 6:48:58, time: 0.686, data_time: 0.005, memory: 17623, loss_rpn_cls: 0.0108, loss_rpn_bbox: 0.0080, s0.loss_cls: 0.1284, s0.acc: 95.8623, s0.loss_bbox: 0.0696, s1.loss_cls: 0.0590, s1.acc: 96.3531, s1.loss_bbox: 0.0918, s2.loss_cls: 0.0310, s2.acc: 96.0272, s2.loss_bbox: 0.0738, loss_bounder: 0.5805, loss_aux: 0.0000, loss: 1.0528
2026-08-16 11:44:41,184 - mmdet - INFO - Epoch [6][1300/1732]	lr: 5.000e-03, eta: 1 day, 6:48:11, time: 0.692, data_time: 0.005, memory: 17623, loss_rpn_cls: 0.0097, loss_rpn_bbox: 0.0068, s0.loss_cls: 0.1136, s0.acc: 96.2881, s0.loss_bbox: 0.0652, s1.loss_cls: 0.0514, s1.acc: 96.8127, s1.loss_bbox: 0.0898, s2.loss_cls: 0.0285, s2.acc: 96.6296, s2.loss_bbox: 0.0803, loss_bounder: 0.5545, loss_aux: 0.0000, loss: 0.9998
2026-08-16 11:45:50,448 - mmdet - INFO - Epoch [6][1400/1732]	lr: 5.000e-03, eta: 1 day, 6:47:25, time: 0.693, data_time: 0.005, memory: 17623, loss_rpn_cls: 0.0088, loss_rpn_bbox: 0.0069, s0.loss_cls: 0.1093, s0.acc: 96.2998, s0.loss_bbox: 0.0669, s1.loss_cls: 0.0492, s1.acc: 96.9160, s1.loss_bbox: 0.0955, s2.loss_cls: 0.0271, s2.acc: 96.4668, s2.loss_bbox: 0.0799, loss_bounder: 0.5550, loss_aux: 0.0000, loss: 0.9985
2026-08-16 11:46:59,355 - mmdet - INFO - Epoch [6][1500/1732]	lr: 5.000e-03, eta: 1 day, 6:46:32, time: 0.689, data_time: 0.005, memory: 17623, loss_rpn_cls: 0.0088, loss_rpn_bbox: 0.0076, s0.loss_cls: 0.1362, s0.acc: 95.3232, s0.loss_bbox: 0.0624, s1.loss_cls: 0.0633, s1.acc: 95.8889, s1.loss_bbox: 0.0874, s2.loss_cls: 0.0330, s2.acc: 95.7613, s2.loss_bbox: 0.0744, loss_bounder: 0.5571, loss_aux: 0.0000, loss: 1.0302
2026-08-16 11:48:08,342 - mmdet - INFO - Epoch [6][1600/1732]	lr: 5.000e-03, eta: 1 day, 6:45:41, time: 0.690, data_time: 0.004, memory: 17623, loss_rpn_cls: 0.0098, loss_rpn_bbox: 0.0065, s0.loss_cls: 0.1274, s0.acc: 95.8438, s0.loss_bbox: 0.0592, s1.loss_cls: 0.0580, s1.acc: 96.2262, s1.loss_bbox: 0.0807, s2.loss_cls: 0.0312, s2.acc: 96.0812, s2.loss_bbox: 0.0666, loss_bounder: 0.5652, loss_aux: 0.0000, loss: 1.0045
2026-08-16 11:49:17,362 - mmdet - INFO - Epoch [6][1700/1732]	lr: 5.000e-03, eta: 1 day, 6:44:50, time: 0.690, data_time: 0.005, memory: 17623, loss_rpn_cls: 0.0125, loss_rpn_bbox: 0.0091, s0.loss_cls: 0.1217, s0.acc: 96.0879, s0.loss_bbox: 0.0732, s1.loss_cls: 0.0509, s1.acc: 97.0113, s1.loss_bbox: 0.0946, s2.loss_cls: 0.0285, s2.acc: 96.7404, s2.loss_bbox: 0.0803, loss_bounder: 0.5604, loss_aux: 0.0000, loss: 1.0313
2026-08-16 11:49:39,835 - mmdet - INFO - Saving checkpoint at 6 epochs
2026-08-16 11:50:56,154 - mmdet - INFO - Evaluating bbox...
2026-08-16 11:50:57,058 - mmdet - INFO - 
+-----------+-------+-----------+-------+------------+-------+
| category  | AP    | category  | AP    | category   | AP    |
+-----------+-------+-----------+-------+------------+-------+
| HM        | 0.000 | LQS       | 0.000 | QHS        | 0.064 |
| MS        | 0.368 | A1_SU-35  | 0.669 | A2_C-130   | 0.673 |
| A3_C-17   | 0.718 | A4_C-5    | 0.691 | A5_F-16    | 0.638 |
| A6_TU-160 | 0.735 | A7_E-3    | 0.748 | A8_B-52    | 0.601 |
| A9_P-3C   | 0.682 | A10_B-1B  | 0.726 | A11_E-8    | 0.619 |
| A12_TU-22 | 0.710 | A13_F-15  | 0.599 | A14_KC-135 | 0.620 |
| A15_F-22  | 0.547 | A16_FA-18 | 0.701 | A17_TU-95  | 0.755 |
| A18_KC-10 | 0.527 | A19_SU-34 | 0.655 | A20_SU-24  | 0.658 |
| FSC       | 0.328 | None      | None  | None       | None  |
+-----------+-------+-----------+-------+------------+-------+
2026-08-16 11:50:57,856 - mmdet - INFO - BestSaverHook: bbox_mAP=0.5610 创新高，已保存 best 模型 -> /root/autodl-tmp/model_v4/work_dirs/arfc_only_v1/best_bbox_mAP.pth
2026-08-16 11:50:57,856 - mmdet - INFO - Exp name: aircraft_bafnet_1x.py
2026-08-16 11:50:57,856 - mmdet - INFO - Epoch(val) [6][548]	bbox_mAP: 0.5610, bbox_mAP_50: 0.7690, bbox_mAP_75: 0.6980, bbox_mAP_s: 0.0300, bbox_mAP_m: 0.5570, bbox_mAP_l: 0.6080, bbox_mAP_copypaste: 0.561 0.769 0.698 0.030 0.557 0.608
2026-08-16 11:52:08,452 - mmdet - INFO - Epoch [7][100/1732]	lr: 5.000e-03, eta: 1 day, 6:38:23, time: 0.706, data_time: 0.028, memory: 17623, loss_rpn_cls: 0.0077, loss_rpn_bbox: 0.0071, s0.loss_cls: 0.0946, s0.acc: 96.8975, s0.loss_bbox: 0.0626, s1.loss_cls: 0.0468, s1.acc: 97.3120, s1.loss_bbox: 0.0807, s2.loss_cls: 0.0277, s2.acc: 96.9714, s2.loss_bbox: 0.0691, loss_bounder: 0.5647, loss_aux: 0.0000, loss: 0.9609
2026-08-16 11:53:17,070 - mmdet - INFO - Epoch [7][200/1732]	lr: 5.000e-03, eta: 1 day, 6:37:28, time: 0.686, data_time: 0.005, memory: 17623, loss_rpn_cls: 0.0093, loss_rpn_bbox: 0.0091, s0.loss_cls: 0.1002, s0.acc: 96.4541, s0.loss_bbox: 0.0623, s1.loss_cls: 0.0478, s1.acc: 96.9585, s1.loss_bbox: 0.0853, s2.loss_cls: 0.0266, s2.acc: 96.9243, s2.loss_bbox: 0.0720, loss_bounder: 0.5621, loss_aux: 0.0000, loss: 0.9748
2026-08-16 11:54:25,480 - mmdet - INFO - Epoch [7][300/1732]	lr: 5.000e-03, eta: 1 day, 6:36:29, time: 0.684, data_time: 0.004, memory: 17623, loss_rpn_cls: 0.0081, loss_rpn_bbox: 0.0072, s0.loss_cls: 0.0962, s0.acc: 96.6260, s0.loss_bbox: 0.0572, s1.loss_cls: 0.0449, s1.acc: 97.1195, s1.loss_bbox: 0.0807, s2.loss_cls: 0.0260, s2.acc: 96.9012, s2.loss_bbox: 0.0678, loss_bounder: 0.5582, loss_aux: 0.0000, loss: 0.9462
2026-08-16 11:55:33,912 - mmdet - INFO - Epoch [7][400/1732]	lr: 5.000e-03, eta: 1 day, 6:35:31, time: 0.684, data_time: 0.004, memory: 17623, loss_rpn_cls: 0.0088, loss_rpn_bbox: 0.0078, s0.loss_cls: 0.0768, s0.acc: 97.4521, s0.loss_bbox: 0.0586, s1.loss_cls: 0.0363, s1.acc: 97.9998, s1.loss_bbox: 0.0816, s2.loss_cls: 0.0215, s2.acc: 98.0065, s2.loss_bbox: 0.0689, loss_bounder: 0.5550, loss_aux: 0.0000, loss: 0.9155
2026-08-16 11:56:42,374 - mmdet - INFO - Epoch [7][500/1732]	lr: 5.000e-03, eta: 1 day, 6:34:33, time: 0.685, data_time: 0.004, memory: 17623, loss_rpn_cls: 0.0062, loss_rpn_bbox: 0.0063, s0.loss_cls: 0.0849, s0.acc: 97.0029, s0.loss_bbox: 0.0577, s1.loss_cls: 0.0391, s1.acc: 97.4619, s1.loss_bbox: 0.0826, s2.loss_cls: 0.0231, s2.acc: 97.1358, s2.loss_bbox: 0.0718, loss_bounder: 0.5762, loss_aux: 0.0000, loss: 0.9479
2026-08-16 11:57:50,901 - mmdet - INFO - Epoch [7][600/1732]	lr: 5.000e-03, eta: 1 day, 6:33:35, time: 0.685, data_time: 0.005, memory: 17623, loss_rpn_cls: 0.0096, loss_rpn_bbox: 0.0073, s0.loss_cls: 0.0878, s0.acc: 96.8330, s0.loss_bbox: 0.0586, s1.loss_cls: 0.0403, s1.acc: 97.3589, s1.loss_bbox: 0.0825, s2.loss_cls: 0.0236, s2.acc: 97.4031, s2.loss_bbox: 0.0721, loss_bounder: 0.5792, loss_aux: 0.0000, loss: 0.9610
2026-08-16 11:59:00,186 - mmdet - INFO - Epoch [7][700/1732]	lr: 5.000e-03, eta: 1 day, 6:32:49, time: 0.693, data_time: 0.005, memory: 17623, loss_rpn_cls: 0.0080, loss_rpn_bbox: 0.0083, s0.loss_cls: 0.0927, s0.acc: 96.7539, s0.loss_bbox: 0.0618, s1.loss_cls: 0.0431, s1.acc: 97.3213, s1.loss_bbox: 0.0845, s2.loss_cls: 0.0261, s2.acc: 97.1664, s2.loss_bbox: 0.0686, loss_bounder: 0.5562, loss_aux: 0.0000, loss: 0.9492
2026-08-16 12:00:08,404 - mmdet - INFO - Epoch [7][800/1732]	lr: 5.000e-03, eta: 1 day, 6:31:47, time: 0.682, data_time: 0.005, memory: 17623, loss_rpn_cls: 0.0077, loss_rpn_bbox: 0.0062, s0.loss_cls: 0.0926, s0.acc: 96.6768, s0.loss_bbox: 0.0578, s1.loss_cls: 0.0383, s1.acc: 97.4292, s1.loss_bbox: 0.0820, s2.loss_cls: 0.0212, s2.acc: 97.3195, s2.loss_bbox: 0.0722, loss_bounder: 0.5686, loss_aux: 0.0000, loss: 0.9467
2026-08-16 12:01:17,167 - mmdet - INFO - Epoch [7][900/1732]	lr: 5.000e-03, eta: 1 day, 6:30:52, time: 0.688, data_time: 0.005, memory: 17623, loss_rpn_cls: 0.0089, loss_rpn_bbox: 0.0071, s0.loss_cls: 0.0864, s0.acc: 97.0215, s0.loss_bbox: 0.0603, s1.loss_cls: 0.0378, s1.acc: 97.5644, s1.loss_bbox: 0.0834, s2.loss_cls: 0.0208, s2.acc: 97.4735, s2.loss_bbox: 0.0722, loss_bounder: 0.5637, loss_aux: 0.0000, loss: 0.9407
2026-08-16 12:02:25,285 - mmdet - INFO - Epoch [7][1000/1732]	lr: 5.000e-03, eta: 1 day, 6:29:48, time: 0.681, data_time: 0.005, memory: 17623, loss_rpn_cls: 0.0077, loss_rpn_bbox: 0.0061, s0.loss_cls: 0.0753, s0.acc: 97.4072, s0.loss_bbox: 0.0579, s1.loss_cls: 0.0331, s1.acc: 98.0328, s1.loss_bbox: 0.0826, s2.loss_cls: 0.0219, s2.acc: 97.7431, s2.loss_bbox: 0.0731, loss_bounder: 0.5683, loss_aux: 0.0000, loss: 0.9261
2026-08-16 12:03:33,911 - mmdet - INFO - Epoch [7][1100/1732]	lr: 5.000e-03, eta: 1 day, 6:28:51, time: 0.686, data_time: 0.005, memory: 17623, loss_rpn_cls: 0.0078, loss_rpn_bbox: 0.0072, s0.loss_cls: 0.0941, s0.acc: 96.6133, s0.loss_bbox: 0.0629, s1.loss_cls: 0.0424, s1.acc: 97.1832, s1.loss_bbox: 0.0871, s2.loss_cls: 0.0249, s2.acc: 96.8250, s2.loss_bbox: 0.0733, loss_bounder: 0.5635, loss_aux: 0.0000, loss: 0.9632
2026-08-16 12:04:42,086 - mmdet - INFO - Epoch [7][1200/1732]	lr: 5.000e-03, eta: 1 day, 6:27:48, time: 0.682, data_time: 0.004, memory: 17623, loss_rpn_cls: 0.0071, loss_rpn_bbox: 0.0076, s0.loss_cls: 0.0791, s0.acc: 97.1494, s0.loss_bbox: 0.0597, s1.loss_cls: 0.0343, s1.acc: 97.6008, s1.loss_bbox: 0.0800, s2.loss_cls: 0.0191, s2.acc: 97.4921, s2.loss_bbox: 0.0659, loss_bounder: 0.5783, loss_aux: 0.0000, loss: 0.9311
2026-08-16 12:05:51,131 - mmdet - INFO - Epoch [7][1300/1732]	lr: 5.000e-03, eta: 1 day, 6:26:56, time: 0.690, data_time: 0.005, memory: 17623, loss_rpn_cls: 0.0071, loss_rpn_bbox: 0.0061, s0.loss_cls: 0.0770, s0.acc: 97.2520, s0.loss_bbox: 0.0562, s1.loss_cls: 0.0323, s1.acc: 97.8622, s1.loss_bbox: 0.0797, s2.loss_cls: 0.0189, s2.acc: 97.7077, s2.loss_bbox: 0.0680, loss_bounder: 0.5668, loss_aux: 0.0000, loss: 0.9119
2026-08-16 12:07:00,119 - mmdet - INFO - Epoch [7][1400/1732]	lr: 5.000e-03, eta: 1 day, 6:26:03, time: 0.690, data_time: 0.005, memory: 17623, loss_rpn_cls: 0.0086, loss_rpn_bbox: 0.0071, s0.loss_cls: 0.0835, s0.acc: 97.1963, s0.loss_bbox: 0.0586, s1.loss_cls: 0.0361, s1.acc: 97.7241, s1.loss_bbox: 0.0816, s2.loss_cls: 0.0217, s2.acc: 97.3669, s2.loss_bbox: 0.0683, loss_bounder: 0.5607, loss_aux: 0.0000, loss: 0.9262
2026-08-16 12:08:08,776 - mmdet - INFO - Epoch [7][1500/1732]	lr: 5.000e-03, eta: 1 day, 6:25:06, time: 0.687, data_time: 0.005, memory: 17623, loss_rpn_cls: 0.0070, loss_rpn_bbox: 0.0072, s0.loss_cls: 0.0817, s0.acc: 97.1797, s0.loss_bbox: 0.0598, s1.loss_cls: 0.0350, s1.acc: 97.7160, s1.loss_bbox: 0.0828, s2.loss_cls: 0.0201, s2.acc: 97.4055, s2.loss_bbox: 0.0712, loss_bounder: 0.5763, loss_aux: 0.0000, loss: 0.9410
2026-08-16 12:09:18,250 - mmdet - INFO - Epoch [7][1600/1732]	lr: 5.000e-03, eta: 1 day, 6:24:20, time: 0.695, data_time: 0.004, memory: 17623, loss_rpn_cls: 0.0110, loss_rpn_bbox: 0.0076, s0.loss_cls: 0.0906, s0.acc: 97.0088, s0.loss_bbox: 0.0582, s1.loss_cls: 0.0387, s1.acc: 97.5315, s1.loss_bbox: 0.0788, s2.loss_cls: 0.0218, s2.acc: 97.2569, s2.loss_bbox: 0.0662, loss_bounder: 0.5706, loss_aux: 0.0000, loss: 0.9436
2026-08-16 12:10:26,887 - mmdet - INFO - Epoch [7][1700/1732]	lr: 5.000e-03, eta: 1 day, 6:23:21, time: 0.686, data_time: 0.004, memory: 17623, loss_rpn_cls: 0.0092, loss_rpn_bbox: 0.0066, s0.loss_cls: 0.0744, s0.acc: 97.3682, s0.loss_bbox: 0.0576, s1.loss_cls: 0.0308, s1.acc: 97.8278, s1.loss_bbox: 0.0781, s2.loss_cls: 0.0178, s2.acc: 97.7112, s2.loss_bbox: 0.0675, loss_bounder: 0.5744, loss_aux: 0.0000, loss: 0.9164
2026-08-16 12:10:48,873 - mmdet - INFO - Saving checkpoint at 7 epochs
2026-08-16 12:12:04,586 - mmdet - INFO - Evaluating bbox...
2026-08-16 12:12:05,507 - mmdet - INFO - 
+-----------+-------+-----------+-------+------------+-------+
| category  | AP    | category  | AP    | category   | AP    |
+-----------+-------+-----------+-------+------------+-------+
| HM        | 0.000 | LQS       | 0.000 | QHS        | 0.204 |
| MS        | 0.405 | A1_SU-35  | 0.739 | A2_C-130   | 0.691 |
| A3_C-17   | 0.563 | A4_C-5    | 0.448 | A5_F-16    | 0.702 |
| A6_TU-160 | 0.802 | A7_E-3    | 0.795 | A8_B-52    | 0.447 |
| A9_P-3C   | 0.742 | A10_B-1B  | 0.731 | A11_E-8    | 0.623 |
| A12_TU-22 | 0.749 | A13_F-15  | 0.667 | A14_KC-135 | 0.620 |
| A15_F-22  | 0.616 | A16_FA-18 | 0.714 | A17_TU-95  | 0.764 |
| A18_KC-10 | 0.639 | A19_SU-34 | 0.694 | A20_SU-24  | 0.702 |
| FSC       | 0.416 | None      | None  | None       | None  |
+-----------+-------+-----------+-------+------------+-------+
2026-08-16 12:12:06,302 - mmdet - INFO - BestSaverHook: bbox_mAP=0.5790 创新高，已保存 best 模型 -> /root/autodl-tmp/model_v4/work_dirs/arfc_only_v1/best_bbox_mAP.pth
2026-08-16 12:12:06,302 - mmdet - INFO - Exp name: aircraft_bafnet_1x.py
2026-08-16 12:12:06,302 - mmdet - INFO - Epoch(val) [7][548]	bbox_mAP: 0.5790, bbox_mAP_50: 0.7740, bbox_mAP_75: 0.7180, bbox_mAP_s: 0.0160, bbox_mAP_m: 0.6020, bbox_mAP_l: 0.5990, bbox_mAP_copypaste: 0.579 0.774 0.718 0.016 0.602 0.599
2026-08-16 12:13:16,954 - mmdet - INFO - Epoch [8][100/1732]	lr: 5.000e-03, eta: 1 day, 6:17:42, time: 0.706, data_time: 0.028, memory: 17623, loss_rpn_cls: 0.0112, loss_rpn_bbox: 0.0076, s0.loss_cls: 0.0998, s0.acc: 96.7637, s0.loss_bbox: 0.0620, s1.loss_cls: 0.0422, s1.acc: 97.2576, s1.loss_bbox: 0.0827, s2.loss_cls: 0.0230, s2.acc: 97.1044, s2.loss_bbox: 0.0659, loss_bounder: 0.5546, loss_aux: 0.0000, loss: 0.9491
2026-08-16 12:14:25,354 - mmdet - INFO - Epoch [8][200/1732]	lr: 5.000e-03, eta: 1 day, 6:16:42, time: 0.684, data_time: 0.005, memory: 17623, loss_rpn_cls: 0.0068, loss_rpn_bbox: 0.0065, s0.loss_cls: 0.0808, s0.acc: 97.1680, s0.loss_bbox: 0.0534, s1.loss_cls: 0.0345, s1.acc: 97.6980, s1.loss_bbox: 0.0741, s2.loss_cls: 0.0193, s2.acc: 97.5412, s2.loss_bbox: 0.0613, loss_bounder: 0.5713, loss_aux: 0.0000, loss: 0.9081
2026-08-16 12:15:34,587 - mmdet - INFO - Epoch [8][300/1732]	lr: 5.000e-03, eta: 1 day, 6:15:54, time: 0.692, data_time: 0.005, memory: 17623, loss_rpn_cls: 0.0086, loss_rpn_bbox: 0.0066, s0.loss_cls: 0.0747, s0.acc: 97.3584, s0.loss_bbox: 0.0520, s1.loss_cls: 0.0323, s1.acc: 97.9644, s1.loss_bbox: 0.0718, s2.loss_cls: 0.0207, s2.acc: 97.9253, s2.loss_bbox: 0.0621, loss_bounder: 0.5858, loss_aux: 0.0000, loss: 0.9145
2026-08-16 12:16:43,550 - mmdet - INFO - Epoch [8][400/1732]	lr: 5.000e-03, eta: 1 day, 6:15:01, time: 0.690, data_time: 0.005, memory: 17623, loss_rpn_cls: 0.0085, loss_rpn_bbox: 0.0072, s0.loss_cls: 0.0804, s0.acc: 97.2500, s0.loss_bbox: 0.0601, s1.loss_cls: 0.0345, s1.acc: 97.8845, s1.loss_bbox: 0.0812, s2.loss_cls: 0.0235, s2.acc: 97.7385, s2.loss_bbox: 0.0694, loss_bounder: 0.5625, loss_aux: 0.0000, loss: 0.9274
2026-08-16 12:17:51,902 - mmdet - INFO - Epoch [8][500/1732]	lr: 5.000e-03, eta: 1 day, 6:14:01, time: 0.684, data_time: 0.005, memory: 17623, loss_rpn_cls: 0.0093, loss_rpn_bbox: 0.0064, s0.loss_cls: 0.0677, s0.acc: 97.7012, s0.loss_bbox: 0.0458, s1.loss_cls: 0.0279, s1.acc: 98.2024, s1.loss_bbox: 0.0660, s2.loss_cls: 0.0153, s2.acc: 98.2552, s2.loss_bbox: 0.0581, loss_bounder: 0.5759, loss_aux: 0.0000, loss: 0.8723
2026-08-16 12:19:00,522 - mmdet - INFO - Epoch [8][600/1732]	lr: 5.000e-03, eta: 1 day, 6:13:04, time: 0.686, data_time: 0.005, memory: 17623, loss_rpn_cls: 0.0069, loss_rpn_bbox: 0.0054, s0.loss_cls: 0.0921, s0.acc: 97.0059, s0.loss_bbox: 0.0486, s1.loss_cls: 0.0406, s1.acc: 97.6589, s1.loss_bbox: 0.0711, s2.loss_cls: 0.0231, s2.acc: 97.4092, s2.loss_bbox: 0.0635, loss_bounder: 0.5680, loss_aux: 0.0000, loss: 0.9192
2026-08-16 12:20:09,601 - mmdet - INFO - Epoch [8][700/1732]	lr: 5.000e-03, eta: 1 day, 6:12:12, time: 0.691, data_time: 0.005, memory: 17623, loss_rpn_cls: 0.0059, loss_rpn_bbox: 0.0061, s0.loss_cls: 0.0734, s0.acc: 97.4111, s0.loss_bbox: 0.0545, s1.loss_cls: 0.0307, s1.acc: 97.9927, s1.loss_bbox: 0.0747, s2.loss_cls: 0.0198, s2.acc: 97.6749, s2.loss_bbox: 0.0625, loss_bounder: 0.5728, loss_aux: 0.0000, loss: 0.9005
2026-08-16 12:21:18,817 - mmdet - INFO - Epoch [8][800/1732]	lr: 5.000e-03, eta: 1 day, 6:11:22, time: 0.692, data_time: 0.005, memory: 17623, loss_rpn_cls: 0.0052, loss_rpn_bbox: 0.0058, s0.loss_cls: 0.0666, s0.acc: 97.5908, s0.loss_bbox: 0.0437, s1.loss_cls: 0.0261, s1.acc: 98.2604, s1.loss_bbox: 0.0641, s2.loss_cls: 0.0156, s2.acc: 98.2194, s2.loss_bbox: 0.0589, loss_bounder: 0.5543, loss_aux: 0.0000, loss: 0.8402
2026-08-16 12:22:27,822 - mmdet - INFO - Epoch [8][900/1732]	lr: 5.000e-03, eta: 1 day, 6:10:29, time: 0.690, data_time: 0.005, memory: 17623, loss_rpn_cls: 0.0070, loss_rpn_bbox: 0.0062, s0.loss_cls: 0.0830, s0.acc: 97.2500, s0.loss_bbox: 0.0547, s1.loss_cls: 0.0368, s1.acc: 97.6173, s1.loss_bbox: 0.0762, s2.loss_cls: 0.0196, s2.acc: 97.5451, s2.loss_bbox: 0.0638, loss_bounder: 0.5675, loss_aux: 0.0000, loss: 0.9147
2026-08-16 12:23:36,575 - mmdet - INFO - Epoch [8][1000/1732]	lr: 5.000e-03, eta: 1 day, 6:09:32, time: 0.688, data_time: 0.005, memory: 17623, loss_rpn_cls: 0.0059, loss_rpn_bbox: 0.0061, s0.loss_cls: 0.0872, s0.acc: 96.9766, s0.loss_bbox: 0.0509, s1.loss_cls: 0.0356, s1.acc: 97.6692, s1.loss_bbox: 0.0708, s2.loss_cls: 0.0189, s2.acc: 97.6007, s2.loss_bbox: 0.0627, loss_bounder: 0.5638, loss_aux: 0.0000, loss: 0.9018
2026-08-16 12:24:45,944 - mmdet - INFO - Epoch [8][1100/1732]	lr: 5.000e-03, eta: 1 day, 6:08:43, time: 0.694, data_time: 0.005, memory: 17623, loss_rpn_cls: 0.0067, loss_rpn_bbox: 0.0064, s0.loss_cls: 0.0971, s0.acc: 96.8623, s0.loss_bbox: 0.0574, s1.loss_cls: 0.0408, s1.acc: 97.5600, s1.loss_bbox: 0.0813, s2.loss_cls: 0.0216, s2.acc: 97.6515, s2.loss_bbox: 0.0709, loss_bounder: 0.5602, loss_aux: 0.0000, loss: 0.9426
2026-08-16 12:25:54,861 - mmdet - INFO - Epoch [8][1200/1732]	lr: 5.000e-03, eta: 1 day, 6:07:48, time: 0.689, data_time: 0.005, memory: 17623, loss_rpn_cls: 0.0068, loss_rpn_bbox: 0.0062, s0.loss_cls: 0.0677, s0.acc: 97.6846, s0.loss_bbox: 0.0521, s1.loss_cls: 0.0274, s1.acc: 98.1999, s1.loss_bbox: 0.0714, s2.loss_cls: 0.0156, s2.acc: 98.1731, s2.loss_bbox: 0.0632, loss_bounder: 0.5617, loss_aux: 0.0000, loss: 0.8721
2026-08-16 12:27:03,929 - mmdet - INFO - Epoch [8][1300/1732]	lr: 5.000e-03, eta: 1 day, 6:06:55, time: 0.691, data_time: 0.004, memory: 17623, loss_rpn_cls: 0.0073, loss_rpn_bbox: 0.0058, s0.loss_cls: 0.0721, s0.acc: 97.5156, s0.loss_bbox: 0.0486, s1.loss_cls: 0.0287, s1.acc: 98.1192, s1.loss_bbox: 0.0694, s2.loss_cls: 0.0162, s2.acc: 97.9439, s2.loss_bbox: 0.0632, loss_bounder: 0.5739, loss_aux: 0.0000, loss: 0.8852
2026-08-16 12:28:13,191 - mmdet - INFO - Epoch [8][1400/1732]	lr: 5.000e-03, eta: 1 day, 6:06:04, time: 0.693, data_time: 0.004, memory: 17623, loss_rpn_cls: 0.0062, loss_rpn_bbox: 0.0065, s0.loss_cls: 0.0693, s0.acc: 97.5195, s0.loss_bbox: 0.0531, s1.loss_cls: 0.0287, s1.acc: 97.9834, s1.loss_bbox: 0.0759, s2.loss_cls: 0.0161, s2.acc: 97.8214, s2.loss_bbox: 0.0645, loss_bounder: 0.5428, loss_aux: 0.0000, loss: 0.8631
2026-08-16 12:29:22,788 - mmdet - INFO - Epoch [8][1500/1732]	lr: 5.000e-03, eta: 1 day, 6:05:16, time: 0.696, data_time: 0.004, memory: 17623, loss_rpn_cls: 0.0061, loss_rpn_bbox: 0.0062, s0.loss_cls: 0.0665, s0.acc: 97.5918, s0.loss_bbox: 0.0537, s1.loss_cls: 0.0285, s1.acc: 98.1675, s1.loss_bbox: 0.0779, s2.loss_cls: 0.0186, s2.acc: 97.7052, s2.loss_bbox: 0.0680, loss_bounder: 0.5501, loss_aux: 0.0000, loss: 0.8754
2026-08-16 12:30:32,138 - mmdet - INFO - Epoch [8][1600/1732]	lr: 5.000e-03, eta: 1 day, 6:04:25, time: 0.694, data_time: 0.005, memory: 17623, loss_rpn_cls: 0.0062, loss_rpn_bbox: 0.0076, s0.loss_cls: 0.0834, s0.acc: 97.0537, s0.loss_bbox: 0.0625, s1.loss_cls: 0.0364, s1.acc: 97.5472, s1.loss_bbox: 0.0891, s2.loss_cls: 0.0225, s2.acc: 97.0305, s2.loss_bbox: 0.0746, loss_bounder: 0.5737, loss_aux: 0.0000, loss: 0.9560
2026-08-16 12:31:41,547 - mmdet - INFO - Epoch [8][1700/1732]	lr: 5.000e-03, eta: 1 day, 6:03:35, time: 0.694, data_time: 0.005, memory: 17623, loss_rpn_cls: 0.0063, loss_rpn_bbox: 0.0062, s0.loss_cls: 0.0819, s0.acc: 97.1035, s0.loss_bbox: 0.0506, s1.loss_cls: 0.0346, s1.acc: 97.6995, s1.loss_bbox: 0.0756, s2.loss_cls: 0.0197, s2.acc: 97.3779, s2.loss_bbox: 0.0672, loss_bounder: 0.5679, loss_aux: 0.0000, loss: 0.9100
2026-08-16 12:32:04,020 - mmdet - INFO - Saving checkpoint at 8 epochs
2026-08-16 12:33:20,330 - mmdet - INFO - Evaluating bbox...
2026-08-16 12:33:21,295 - mmdet - INFO - 
+-----------+-------+-----------+-------+------------+-------+
| category  | AP    | category  | AP    | category   | AP    |
+-----------+-------+-----------+-------+------------+-------+
| HM        | 0.000 | LQS       | 0.000 | QHS        | 0.239 |
| MS        | 0.411 | A1_SU-35  | 0.715 | A2_C-130   | 0.738 |
| A3_C-17   | 0.770 | A4_C-5    | 0.824 | A5_F-16    | 0.703 |
| A6_TU-160 | 0.749 | A7_E-3    | 0.767 | A8_B-52    | 0.794 |
| A9_P-3C   | 0.748 | A10_B-1B  | 0.781 | A11_E-8    | 0.635 |
| A12_TU-22 | 0.708 | A13_F-15  | 0.697 | A14_KC-135 | 0.712 |
| A15_F-22  | 0.610 | A16_FA-18 | 0.694 | A17_TU-95  | 0.783 |
| A18_KC-10 | 0.577 | A19_SU-34 | 0.635 | A20_SU-24  | 0.704 |
| FSC       | 0.389 | None      | None  | None       | None  |
+-----------+-------+-----------+-------+------------+-------+
2026-08-16 12:33:22,089 - mmdet - INFO - BestSaverHook: bbox_mAP=0.6150 创新高，已保存 best 模型 -> /root/autodl-tmp/model_v4/work_dirs/arfc_only_v1/best_bbox_mAP.pth
2026-08-16 12:33:22,090 - mmdet - INFO - Exp name: aircraft_bafnet_1x.py
2026-08-16 12:33:22,090 - mmdet - INFO - Epoch(val) [8][548]	bbox_mAP: 0.6150, bbox_mAP_50: 0.8240, bbox_mAP_75: 0.7610, bbox_mAP_s: 0.0460, bbox_mAP_m: 0.6130, bbox_mAP_l: 0.6630, bbox_mAP_copypaste: 0.615 0.824 0.761 0.046 0.613 0.663
2026-08-16 12:34:33,475 - mmdet - INFO - Epoch [9][100/1732]	lr: 5.000e-03, eta: 1 day, 5:58:37, time: 0.714, data_time: 0.029, memory: 17623, loss_rpn_cls: 0.0074, loss_rpn_bbox: 0.0066, s0.loss_cls: 0.0721, s0.acc: 97.4307, s0.loss_bbox: 0.0473, s1.loss_cls: 0.0272, s1.acc: 98.1192, s1.loss_bbox: 0.0685, s2.loss_cls: 0.0150, s2.acc: 98.0581, s2.loss_bbox: 0.0604, loss_bounder: 0.5631, loss_aux: 0.0000, loss: 0.8677
2026-08-16 12:35:42,205 - mmdet - INFO - Epoch [9][200/1732]	lr: 5.000e-03, eta: 1 day, 5:57:40, time: 0.687, data_time: 0.005, memory: 17623, loss_rpn_cls: 0.0071, loss_rpn_bbox: 0.0065, s0.loss_cls: 0.0671, s0.acc: 97.6982, s0.loss_bbox: 0.0491, s1.loss_cls: 0.0254, s1.acc: 98.3716, s1.loss_bbox: 0.0680, s2.loss_cls: 0.0142, s2.acc: 98.2812, s2.loss_bbox: 0.0583, loss_bounder: 0.5598, loss_aux: 0.0000, loss: 0.8554
2026-08-16 12:36:50,763 - mmdet - INFO - Epoch [9][300/1732]	lr: 5.000e-03, eta: 1 day, 5:56:41, time: 0.686, data_time: 0.005, memory: 17623, loss_rpn_cls: 0.0056, loss_rpn_bbox: 0.0051, s0.loss_cls: 0.0585, s0.acc: 97.8369, s0.loss_bbox: 0.0486, s1.loss_cls: 0.0232, s1.acc: 98.3660, s1.loss_bbox: 0.0697, s2.loss_cls: 0.0132, s2.acc: 98.1589, s2.loss_bbox: 0.0600, loss_bounder: 0.5504, loss_aux: 0.0000, loss: 0.8343
2026-08-16 12:37:59,889 - mmdet - INFO - Epoch [9][400/1732]	lr: 5.000e-03, eta: 1 day, 5:55:48, time: 0.691, data_time: 0.005, memory: 17623, loss_rpn_cls: 0.0062, loss_rpn_bbox: 0.0058, s0.loss_cls: 0.0760, s0.acc: 97.4873, s0.loss_bbox: 0.0463, s1.loss_cls: 0.0329, s1.acc: 97.8330, s1.loss_bbox: 0.0665, s2.loss_cls: 0.0170, s2.acc: 97.7705, s2.loss_bbox: 0.0598, loss_bounder: 0.5579, loss_aux: 0.0000, loss: 0.8683
2026-08-16 12:39:08,551 - mmdet - INFO - Epoch [9][500/1732]	lr: 5.000e-03, eta: 1 day, 5:54:50, time: 0.687, data_time: 0.005, memory: 17623, loss_rpn_cls: 0.0080, loss_rpn_bbox: 0.0059, s0.loss_cls: 0.0668, s0.acc: 97.5898, s0.loss_bbox: 0.0542, s1.loss_cls: 0.0274, s1.acc: 98.0809, s1.loss_bbox: 0.0745, s2.loss_cls: 0.0163, s2.acc: 97.8548, s2.loss_bbox: 0.0630, loss_bounder: 0.5622, loss_aux: 0.0000, loss: 0.8783
2026-08-16 12:40:16,797 - mmdet - INFO - Epoch [9][600/1732]	lr: 5.000e-03, eta: 1 day, 5:53:47, time: 0.682, data_time: 0.005, memory: 17623, loss_rpn_cls: 0.0074, loss_rpn_bbox: 0.0059, s0.loss_cls: 0.0648, s0.acc: 97.6973, s0.loss_bbox: 0.0471, s1.loss_cls: 0.0261, s1.acc: 98.1828, s1.loss_bbox: 0.0673, s2.loss_cls: 0.0153, s2.acc: 97.9429, s2.loss_bbox: 0.0574, loss_bounder: 0.5616, loss_aux: 0.0000, loss: 0.8529
2026-08-16 12:41:26,341 - mmdet - INFO - Epoch [9][700/1732]	lr: 5.000e-03, eta: 1 day, 5:52:58, time: 0.695, data_time: 0.005, memory: 17623, loss_rpn_cls: 0.0083, loss_rpn_bbox: 0.0068, s0.loss_cls: 0.0728, s0.acc: 97.3926, s0.loss_bbox: 0.0479, s1.loss_cls: 0.0303, s1.acc: 97.9349, s1.loss_bbox: 0.0690, s2.loss_cls: 0.0161, s2.acc: 97.8325, s2.loss_bbox: 0.0602, loss_bounder: 0.5672, loss_aux: 0.0000, loss: 0.8785
2026-08-16 12:42:35,352 - mmdet - INFO - Epoch [9][800/1732]	lr: 5.000e-03, eta: 1 day, 5:52:04, time: 0.690, data_time: 0.005, memory: 17623, loss_rpn_cls: 0.0057, loss_rpn_bbox: 0.0056, s0.loss_cls: 0.0595, s0.acc: 97.9180, s0.loss_bbox: 0.0499, s1.loss_cls: 0.0218, s1.acc: 98.5184, s1.loss_bbox: 0.0697, s2.loss_cls: 0.0123, s2.acc: 98.3646, s2.loss_bbox: 0.0630, loss_bounder: 0.5672, loss_aux: 0.0000, loss: 0.8548
2026-08-16 12:43:44,284 - mmdet - INFO - Epoch [9][900/1732]	lr: 5.000e-03, eta: 1 day, 5:51:08, time: 0.689, data_time: 0.005, memory: 17623, loss_rpn_cls: 0.0050, loss_rpn_bbox: 0.0053, s0.loss_cls: 0.0660, s0.acc: 97.5830, s0.loss_bbox: 0.0505, s1.loss_cls: 0.0253, s1.acc: 98.2378, s1.loss_bbox: 0.0732, s2.loss_cls: 0.0148, s2.acc: 97.8239, s2.loss_bbox: 0.0647, loss_bounder: 0.5606, loss_aux: 0.0000, loss: 0.8654
2026-08-16 12:44:53,132 - mmdet - INFO - Epoch [9][1000/1732]	lr: 5.000e-03, eta: 1 day, 5:50:11, time: 0.688, data_time: 0.004, memory: 17623, loss_rpn_cls: 0.0104, loss_rpn_bbox: 0.0067, s0.loss_cls: 0.0800, s0.acc: 97.2539, s0.loss_bbox: 0.0590, s1.loss_cls: 0.0334, s1.acc: 97.7725, s1.loss_bbox: 0.0808, s2.loss_cls: 0.0200, s2.acc: 97.4644, s2.loss_bbox: 0.0672, loss_bounder: 0.5742, loss_aux: 0.0000, loss: 0.9317
2026-08-16 12:46:02,883 - mmdet - INFO - Epoch [9][1100/1732]	lr: 5.000e-03, eta: 1 day, 5:49:23, time: 0.698, data_time: 0.004, memory: 17623, loss_rpn_cls: 0.0064, loss_rpn_bbox: 0.0061, s0.loss_cls: 0.0976, s0.acc: 96.7979, s0.loss_bbox: 0.0526, s1.loss_cls: 0.0428, s1.acc: 97.3027, s1.loss_bbox: 0.0715, s2.loss_cls: 0.0236, s2.acc: 97.0995, s2.loss_bbox: 0.0612, loss_bounder: 0.5763, loss_aux: 0.0000, loss: 0.9380
2026-08-16 12:47:12,332 - mmdet - INFO - Epoch [9][1200/1732]	lr: 5.000e-03, eta: 1 day, 5:48:32, time: 0.694, data_time: 0.005, memory: 17623, loss_rpn_cls: 0.0059, loss_rpn_bbox: 0.0051, s0.loss_cls: 0.0643, s0.acc: 97.6553, s0.loss_bbox: 0.0446, s1.loss_cls: 0.0272, s1.acc: 98.1442, s1.loss_bbox: 0.0662, s2.loss_cls: 0.0151, s2.acc: 98.1191, s2.loss_bbox: 0.0606, loss_bounder: 0.5685, loss_aux: 0.0000, loss: 0.8575
2026-08-16 12:48:21,840 - mmdet - INFO - Epoch [9][1300/1732]	lr: 5.000e-03, eta: 1 day, 5:47:42, time: 0.695, data_time: 0.005, memory: 17623, loss_rpn_cls: 0.0047, loss_rpn_bbox: 0.0044, s0.loss_cls: 0.0596, s0.acc: 97.8916, s0.loss_bbox: 0.0459, s1.loss_cls: 0.0267, s1.acc: 98.3200, s1.loss_bbox: 0.0691, s2.loss_cls: 0.0191, s2.acc: 98.1903, s2.loss_bbox: 0.0615, loss_bounder: 0.5661, loss_aux: 0.0000, loss: 0.8572
2026-08-16 12:49:31,656 - mmdet - INFO - Epoch [9][1400/1732]	lr: 5.000e-03, eta: 1 day, 5:46:54, time: 0.698, data_time: 0.005, memory: 17623, loss_rpn_cls: 0.0064, loss_rpn_bbox: 0.0067, s0.loss_cls: 0.0780, s0.acc: 97.3320, s0.loss_bbox: 0.0516, s1.loss_cls: 0.0349, s1.acc: 97.8622, s1.loss_bbox: 0.0754, s2.loss_cls: 0.0240, s2.acc: 97.7038, s2.loss_bbox: 0.0669, loss_bounder: 0.5564, loss_aux: 0.0000, loss: 0.9003
2026-08-16 12:50:41,031 - mmdet - INFO - Epoch [9][1500/1732]	lr: 5.000e-03, eta: 1 day, 5:46:01, time: 0.694, data_time: 0.004, memory: 17623, loss_rpn_cls: 0.0068, loss_rpn_bbox: 0.0058, s0.loss_cls: 0.0838, s0.acc: 97.1875, s0.loss_bbox: 0.0515, s1.loss_cls: 0.0369, s1.acc: 97.6949, s1.loss_bbox: 0.0735, s2.loss_cls: 0.0237, s2.acc: 97.6254, s2.loss_bbox: 0.0652, loss_bounder: 0.5552, loss_aux: 0.0000, loss: 0.9025
2026-08-16 12:51:49,756 - mmdet - INFO - Epoch [9][1600/1732]	lr: 5.000e-03, eta: 1 day, 5:45:02, time: 0.687, data_time: 0.004, memory: 17623, loss_rpn_cls: 0.0066, loss_rpn_bbox: 0.0056, s0.loss_cls: 0.0707, s0.acc: 97.4863, s0.loss_bbox: 0.0468, s1.loss_cls: 0.0281, s1.acc: 98.1609, s1.loss_bbox: 0.0703, s2.loss_cls: 0.0170, s2.acc: 98.1563, s2.loss_bbox: 0.0591, loss_bounder: 0.5758, loss_aux: 0.0000, loss: 0.8800
2026-08-16 12:52:57,940 - mmdet - INFO - Epoch [9][1700/1732]	lr: 5.000e-03, eta: 1 day, 5:43:57, time: 0.682, data_time: 0.004, memory: 17623, loss_rpn_cls: 0.0074, loss_rpn_bbox: 0.0055, s0.loss_cls: 0.0643, s0.acc: 97.7158, s0.loss_bbox: 0.0508, s1.loss_cls: 0.0265, s1.acc: 98.1275, s1.loss_bbox: 0.0712, s2.loss_cls: 0.0153, s2.acc: 97.9211, s2.loss_bbox: 0.0614, loss_bounder: 0.5667, loss_aux: 0.0000, loss: 0.8689
2026-08-16 12:53:19,999 - mmdet - INFO - Saving checkpoint at 9 epochs
2026-08-16 12:54:34,980 - mmdet - INFO - Evaluating bbox...
2026-08-16 12:54:35,896 - mmdet - INFO - 
+-----------+-------+-----------+-------+------------+-------+
| category  | AP    | category  | AP    | category   | AP    |
+-----------+-------+-----------+-------+------------+-------+
| HM        | 0.000 | LQS       | 0.000 | QHS        | 0.217 |
| MS        | 0.411 | A1_SU-35  | 0.750 | A2_C-130   | 0.680 |
| A3_C-17   | 0.735 | A4_C-5    | 0.712 | A5_F-16    | 0.652 |
| A6_TU-160 | 0.749 | A7_E-3    | 0.743 | A8_B-52    | 0.746 |
| A9_P-3C   | 0.711 | A10_B-1B  | 0.787 | A11_E-8    | 0.514 |
| A12_TU-22 | 0.686 | A13_F-15  | 0.653 | A14_KC-135 | 0.669 |
| A15_F-22  | 0.561 | A16_FA-18 | 0.671 | A17_TU-95  | 0.802 |
| A18_KC-10 | 0.470 | A19_SU-34 | 0.704 | A20_SU-24  | 0.687 |
| FSC       | 0.435 | None      | None  | None       | None  |
+-----------+-------+-----------+-------+------------+-------+
2026-08-16 12:54:35,902 - mmdet - INFO - EarlyStoppingHook: bbox_mAP=0.5900 提升幅度不足 0.0010（当前最佳 0.6150，等待 1/16）
2026-08-16 12:54:35,904 - mmdet - INFO - Exp name: aircraft_bafnet_1x.py
2026-08-16 12:54:35,904 - mmdet - INFO - Epoch(val) [9][548]	bbox_mAP: 0.5900, bbox_mAP_50: 0.7880, bbox_mAP_75: 0.7240, bbox_mAP_s: 0.0330, bbox_mAP_m: 0.5890, bbox_mAP_l: 0.6120, bbox_mAP_copypaste: 0.590 0.788 0.724 0.033 0.589 0.612
2026-08-16 12:55:47,089 - mmdet - INFO - Epoch [10][100/1732]	lr: 5.000e-03, eta: 1 day, 5:39:22, time: 0.712, data_time: 0.028, memory: 17623, loss_rpn_cls: 0.0042, loss_rpn_bbox: 0.0045, s0.loss_cls: 0.0580, s0.acc: 97.9590, s0.loss_bbox: 0.0433, s1.loss_cls: 0.0220, s1.acc: 98.5256, s1.loss_bbox: 0.0611, s2.loss_cls: 0.0119, s2.acc: 98.4992, s2.loss_bbox: 0.0553, loss_bounder: 0.5684, loss_aux: 0.0000, loss: 0.8286
2026-08-16 12:56:56,018 - mmdet - INFO - Epoch [10][200/1732]	lr: 5.000e-03, eta: 1 day, 5:38:26, time: 0.689, data_time: 0.005, memory: 17623, loss_rpn_cls: 0.0058, loss_rpn_bbox: 0.0046, s0.loss_cls: 0.0642, s0.acc: 97.7979, s0.loss_bbox: 0.0442, s1.loss_cls: 0.0286, s1.acc: 98.1519, s1.loss_bbox: 0.0643, s2.loss_cls: 0.0165, s2.acc: 97.9297, s2.loss_bbox: 0.0539, loss_bounder: 0.5382, loss_aux: 0.0000, loss: 0.8205
2026-08-16 12:58:05,441 - mmdet - INFO - Epoch [10][300/1732]	lr: 5.000e-03, eta: 1 day, 5:37:34, time: 0.694, data_time: 0.005, memory: 17623, loss_rpn_cls: 0.0047, loss_rpn_bbox: 0.0050, s0.loss_cls: 0.0532, s0.acc: 98.0664, s0.loss_bbox: 0.0404, s1.loss_cls: 0.0193, s1.acc: 98.6316, s1.loss_bbox: 0.0627, s2.loss_cls: 0.0122, s2.acc: 98.3801, s2.loss_bbox: 0.0574, loss_bounder: 0.5639, loss_aux: 0.0000, loss: 0.8187
2026-08-16 12:59:13,739 - mmdet - INFO - Epoch [10][400/1732]	lr: 5.000e-03, eta: 1 day, 5:36:31, time: 0.683, data_time: 0.005, memory: 17623, loss_rpn_cls: 0.0047, loss_rpn_bbox: 0.0048, s0.loss_cls: 0.0503, s0.acc: 98.2129, s0.loss_bbox: 0.0420, s1.loss_cls: 0.0200, s1.acc: 98.6770, s1.loss_bbox: 0.0632, s2.loss_cls: 0.0124, s2.acc: 98.4242, s2.loss_bbox: 0.0560, loss_bounder: 0.5735, loss_aux: 0.0000, loss: 0.8269
2026-08-16 13:00:22,102 - mmdet - INFO - Epoch [10][500/1732]	lr: 5.000e-03, eta: 1 day, 5:35:29, time: 0.684, data_time: 0.005, memory: 17623, loss_rpn_cls: 0.0060, loss_rpn_bbox: 0.0061, s0.loss_cls: 0.0587, s0.acc: 98.0176, s0.loss_bbox: 0.0456, s1.loss_cls: 0.0241, s1.acc: 98.4334, s1.loss_bbox: 0.0634, s2.loss_cls: 0.0144, s2.acc: 98.2027, s2.loss_bbox: 0.0532, loss_bounder: 0.5482, loss_aux: 0.0000, loss: 0.8197
2026-08-16 13:01:30,501 - mmdet - INFO - Epoch [10][600/1732]	lr: 5.000e-03, eta: 1 day, 5:34:27, time: 0.684, data_time: 0.005, memory: 17623, loss_rpn_cls: 0.0063, loss_rpn_bbox: 0.0062, s0.loss_cls: 0.0535, s0.acc: 98.1279, s0.loss_bbox: 0.0423, s1.loss_cls: 0.0209, s1.acc: 98.6827, s1.loss_bbox: 0.0644, s2.loss_cls: 0.0128, s2.acc: 98.6378, s2.loss_bbox: 0.0579, loss_bounder: 0.5594, loss_aux: 0.0000, loss: 0.8238
2026-08-16 13:02:39,189 - mmdet - INFO - Epoch [10][700/1732]	lr: 5.000e-03, eta: 1 day, 5:33:27, time: 0.687, data_time: 0.005, memory: 17623, loss_rpn_cls: 0.0046, loss_rpn_bbox: 0.0043, s0.loss_cls: 0.0498, s0.acc: 98.1816, s0.loss_bbox: 0.0384, s1.loss_cls: 0.0171, s1.acc: 98.7989, s1.loss_bbox: 0.0545, s2.loss_cls: 0.0106, s2.acc: 98.7074, s2.loss_bbox: 0.0484, loss_bounder: 0.5583, loss_aux: 0.0000, loss: 0.7860
2026-08-16 13:03:48,256 - mmdet - INFO - Epoch [10][800/1732]	lr: 5.000e-03, eta: 1 day, 5:32:32, time: 0.691, data_time: 0.005, memory: 17623, loss_rpn_cls: 0.0050, loss_rpn_bbox: 0.0052, s0.loss_cls: 0.0442, s0.acc: 98.3203, s0.loss_bbox: 0.0389, s1.loss_cls: 0.0161, s1.acc: 98.8423, s1.loss_bbox: 0.0584, s2.loss_cls: 0.0105, s2.acc: 98.8181, s2.loss_bbox: 0.0543, loss_bounder: 0.5777, loss_aux: 0.0000, loss: 0.8104
2026-08-16 13:04:56,825 - mmdet - INFO - Epoch [10][900/1732]	lr: 5.000e-03, eta: 1 day, 5:31:31, time: 0.686, data_time: 0.005, memory: 17623, loss_rpn_cls: 0.0059, loss_rpn_bbox: 0.0066, s0.loss_cls: 0.0571, s0.acc: 97.9277, s0.loss_bbox: 0.0519, s1.loss_cls: 0.0245, s1.acc: 98.2841, s1.loss_bbox: 0.0752, s2.loss_cls: 0.0140, s2.acc: 98.1675, s2.loss_bbox: 0.0667, loss_bounder: 0.5711, loss_aux: 0.0000, loss: 0.8731
2026-08-16 13:06:06,817 - mmdet - INFO - Epoch [10][1000/1732]	lr: 5.000e-03, eta: 1 day, 5:30:44, time: 0.700, data_time: 0.005, memory: 17623, loss_rpn_cls: 0.0055, loss_rpn_bbox: 0.0053, s0.loss_cls: 0.0560, s0.acc: 97.9248, s0.loss_bbox: 0.0402, s1.loss_cls: 0.0235, s1.acc: 98.4137, s1.loss_bbox: 0.0597, s2.loss_cls: 0.0149, s2.acc: 98.3474, s2.loss_bbox: 0.0534, loss_bounder: 0.5577, loss_aux: 0.0000, loss: 0.8161
2026-08-16 13:07:15,287 - mmdet - INFO - Epoch [10][1100/1732]	lr: 5.000e-03, eta: 1 day, 5:29:42, time: 0.685, data_time: 0.005, memory: 17623, loss_rpn_cls: 0.0058, loss_rpn_bbox: 0.0055, s0.loss_cls: 0.0549, s0.acc: 98.0312, s0.loss_bbox: 0.0414, s1.loss_cls: 0.0218, s1.acc: 98.5321, s1.loss_bbox: 0.0618, s2.loss_cls: 0.0112, s2.acc: 98.6613, s2.loss_bbox: 0.0563, loss_bounder: 0.5676, loss_aux: 0.0000, loss: 0.8263
2026-08-16 13:08:24,534 - mmdet - INFO - Epoch [10][1200/1732]	lr: 5.000e-03, eta: 1 day, 5:28:47, time: 0.692, data_time: 0.005, memory: 17623, loss_rpn_cls: 0.0050, loss_rpn_bbox: 0.0053, s0.loss_cls: 0.0559, s0.acc: 97.8975, s0.loss_bbox: 0.0474, s1.loss_cls: 0.0229, s1.acc: 98.3625, s1.loss_bbox: 0.0648, s2.loss_cls: 0.0138, s2.acc: 98.2641, s2.loss_bbox: 0.0551, loss_bounder: 0.5615, loss_aux: 0.0000, loss: 0.8318
2026-08-16 13:09:33,670 - mmdet - INFO - Epoch [10][1300/1732]	lr: 5.000e-03, eta: 1 day, 5:27:51, time: 0.691, data_time: 0.005, memory: 17623, loss_rpn_cls: 0.0049, loss_rpn_bbox: 0.0064, s0.loss_cls: 0.0532, s0.acc: 98.0479, s0.loss_bbox: 0.0417, s1.loss_cls: 0.0206, s1.acc: 98.5786, s1.loss_bbox: 0.0594, s2.loss_cls: 0.0124, s2.acc: 98.5571, s2.loss_bbox: 0.0556, loss_bounder: 0.5540, loss_aux: 0.0000, loss: 0.8082
2026-08-16 13:10:42,494 - mmdet - INFO - Epoch [10][1400/1732]	lr: 5.000e-03, eta: 1 day, 5:26:52, time: 0.688, data_time: 0.005, memory: 17623, loss_rpn_cls: 0.0057, loss_rpn_bbox: 0.0051, s0.loss_cls: 0.0661, s0.acc: 97.6104, s0.loss_bbox: 0.0495, s1.loss_cls: 0.0269, s1.acc: 98.0979, s1.loss_bbox: 0.0675, s2.loss_cls: 0.0151, s2.acc: 97.9319, s2.loss_bbox: 0.0558, loss_bounder: 0.5684, loss_aux: 0.0000, loss: 0.8603
2026-08-16 13:11:51,485 - mmdet - INFO - Epoch [10][1500/1732]	lr: 5.000e-03, eta: 1 day, 5:25:54, time: 0.690, data_time: 0.005, memory: 17623, loss_rpn_cls: 0.0051, loss_rpn_bbox: 0.0056, s0.loss_cls: 0.0649, s0.acc: 97.6221, s0.loss_bbox: 0.0447, s1.loss_cls: 0.0264, s1.acc: 98.1365, s1.loss_bbox: 0.0675, s2.loss_cls: 0.0150, s2.acc: 98.0137, s2.loss_bbox: 0.0595, loss_bounder: 0.5730, loss_aux: 0.0000, loss: 0.8616
2026-08-16 13:13:00,650 - mmdet - INFO - Epoch [10][1600/1732]	lr: 5.000e-03, eta: 1 day, 5:24:58, time: 0.692, data_time: 0.005, memory: 17623, loss_rpn_cls: 0.0059, loss_rpn_bbox: 0.0068, s0.loss_cls: 0.0580, s0.acc: 97.8584, s0.loss_bbox: 0.0474, s1.loss_cls: 0.0228, s1.acc: 98.3978, s1.loss_bbox: 0.0689, s2.loss_cls: 0.0139, s2.acc: 98.1022, s2.loss_bbox: 0.0585, loss_bounder: 0.5614, loss_aux: 0.0000, loss: 0.8438
2026-08-16 13:14:09,411 - mmdet - INFO - Epoch [10][1700/1732]	lr: 5.000e-03, eta: 1 day, 5:23:58, time: 0.688, data_time: 0.005, memory: 17623, loss_rpn_cls: 0.0047, loss_rpn_bbox: 0.0053, s0.loss_cls: 0.0657, s0.acc: 97.5947, s0.loss_bbox: 0.0413, s1.loss_cls: 0.0273, s1.acc: 98.0269, s1.loss_bbox: 0.0619, s2.loss_cls: 0.0151, s2.acc: 97.9839, s2.loss_bbox: 0.0548, loss_bounder: 0.5650, loss_aux: 0.0000, loss: 0.8410
2026-08-16 13:14:31,394 - mmdet - INFO - Saving checkpoint at 10 epochs
2026-08-16 13:15:46,957 - mmdet - INFO - Evaluating bbox...
2026-08-16 13:15:47,882 - mmdet - INFO - 
+-----------+-------+-----------+-------+------------+-------+
| category  | AP    | category  | AP    | category   | AP    |
+-----------+-------+-----------+-------+------------+-------+
| HM        | 0.353 | LQS       | 0.000 | QHS        | 0.255 |
| MS        | 0.419 | A1_SU-35  | 0.712 | A2_C-130   | 0.731 |
| A3_C-17   | 0.762 | A4_C-5    | 0.824 | A5_F-16    | 0.703 |
| A6_TU-160 | 0.798 | A7_E-3    | 0.777 | A8_B-52    | 0.764 |
| A9_P-3C   | 0.760 | A10_B-1B  | 0.785 | A11_E-8    | 0.660 |
| A12_TU-22 | 0.736 | A13_F-15  | 0.675 | A14_KC-135 | 0.717 |
| A15_F-22  | 0.584 | A16_FA-18 | 0.701 | A17_TU-95  | 0.845 |
| A18_KC-10 | 0.379 | A19_SU-34 | 0.707 | A20_SU-24  | 0.693 |
| FSC       | 0.433 | None      | None  | None       | None  |
+-----------+-------+-----------+-------+------------+-------+
2026-08-16 13:15:48,670 - mmdet - INFO - BestSaverHook: bbox_mAP=0.6310 创新高，已保存 best 模型 -> /root/autodl-tmp/model_v4/work_dirs/arfc_only_v1/best_bbox_mAP.pth
2026-08-16 13:15:48,671 - mmdet - INFO - Exp name: aircraft_bafnet_1x.py
2026-08-16 13:15:48,671 - mmdet - INFO - Epoch(val) [10][548]	bbox_mAP: 0.6310, bbox_mAP_50: 0.8350, bbox_mAP_75: 0.7760, bbox_mAP_s: 0.1050, bbox_mAP_m: 0.6120, bbox_mAP_l: 0.6720, bbox_mAP_copypaste: 0.631 0.835 0.776 0.105 0.612 0.672
2026-08-16 13:16:59,852 - mmdet - INFO - Epoch [11][100/1732]	lr: 5.000e-03, eta: 1 day, 5:19:44, time: 0.712, data_time: 0.029, memory: 17623, loss_rpn_cls: 0.0063, loss_rpn_bbox: 0.0062, s0.loss_cls: 0.0652, s0.acc: 97.5947, s0.loss_bbox: 0.0467, s1.loss_cls: 0.0263, s1.acc: 98.1630, s1.loss_bbox: 0.0640, s2.loss_cls: 0.0160, s2.acc: 98.0430, s2.loss_bbox: 0.0547, loss_bounder: 0.5685, loss_aux: 0.0000, loss: 0.8539
2026-08-16 13:18:08,353 - mmdet - INFO - Epoch [11][200/1732]	lr: 5.000e-03, eta: 1 day, 5:18:42, time: 0.685, data_time: 0.005, memory: 17623, loss_rpn_cls: 0.0046, loss_rpn_bbox: 0.0046, s0.loss_cls: 0.0508, s0.acc: 98.1855, s0.loss_bbox: 0.0367, s1.loss_cls: 0.0188, s1.acc: 98.7965, s1.loss_bbox: 0.0518, s2.loss_cls: 0.0115, s2.acc: 98.6549, s2.loss_bbox: 0.0482, loss_bounder: 0.5604, loss_aux: 0.0000, loss: 0.7872
2026-08-16 13:19:16,465 - mmdet - INFO - Epoch [11][300/1732]	lr: 5.000e-03, eta: 1 day, 5:17:38, time: 0.681, data_time: 0.005, memory: 17623, loss_rpn_cls: 0.0056, loss_rpn_bbox: 0.0059, s0.loss_cls: 0.0565, s0.acc: 97.9971, s0.loss_bbox: 0.0426, s1.loss_cls: 0.0230, s1.acc: 98.5284, s1.loss_bbox: 0.0605, s2.loss_cls: 0.0125, s2.acc: 98.3896, s2.loss_bbox: 0.0530, loss_bounder: 0.5749, loss_aux: 0.0000, loss: 0.8346
2026-08-16 13:20:25,231 - mmdet - INFO - Epoch [11][400/1732]	lr: 5.000e-03, eta: 1 day, 5:16:38, time: 0.688, data_time: 0.005, memory: 17623, loss_rpn_cls: 0.0056, loss_rpn_bbox: 0.0059, s0.loss_cls: 0.0531, s0.acc: 98.0615, s0.loss_bbox: 0.0428, s1.loss_cls: 0.0200, s1.acc: 98.5993, s1.loss_bbox: 0.0627, s2.loss_cls: 0.0123, s2.acc: 98.4214, s2.loss_bbox: 0.0542, loss_bounder: 0.5600, loss_aux: 0.0000, loss: 0.8166
2026-08-16 13:21:34,021 - mmdet - INFO - Epoch [11][500/1732]	lr: 5.000e-03, eta: 1 day, 5:15:39, time: 0.688, data_time: 0.005, memory: 17623, loss_rpn_cls: 0.0046, loss_rpn_bbox: 0.0045, s0.loss_cls: 0.0469, s0.acc: 98.3301, s0.loss_bbox: 0.0399, s1.loss_cls: 0.0181, s1.acc: 98.7130, s1.loss_bbox: 0.0571, s2.loss_cls: 0.0097, s2.acc: 98.7020, s2.loss_bbox: 0.0531, loss_bounder: 0.5679, loss_aux: 0.0000, loss: 0.8019
2026-08-16 13:22:42,744 - mmdet - INFO - Epoch [11][600/1732]	lr: 5.000e-03, eta: 1 day, 5:14:40, time: 0.687, data_time: 0.005, memory: 17623, loss_rpn_cls: 0.0044, loss_rpn_bbox: 0.0050, s0.loss_cls: 0.0450, s0.acc: 98.4375, s0.loss_bbox: 0.0402, s1.loss_cls: 0.0163, s1.acc: 98.8849, s1.loss_bbox: 0.0587, s2.loss_cls: 0.0096, s2.acc: 98.6495, s2.loss_bbox: 0.0522, loss_bounder: 0.5751, loss_aux: 0.0000, loss: 0.8064
2026-08-16 13:23:51,398 - mmdet - INFO - Epoch [11][700/1732]	lr: 5.000e-03, eta: 1 day, 5:13:39, time: 0.687, data_time: 0.005, memory: 17623, loss_rpn_cls: 0.0043, loss_rpn_bbox: 0.0043, s0.loss_cls: 0.0446, s0.acc: 98.4248, s0.loss_bbox: 0.0390, s1.loss_cls: 0.0161, s1.acc: 98.9638, s1.loss_bbox: 0.0557, s2.loss_cls: 0.0092, s2.acc: 98.9088, s2.loss_bbox: 0.0511, loss_bounder: 0.5525, loss_aux: 0.0000, loss: 0.7768
2026-08-16 13:25:00,236 - mmdet - INFO - Epoch [11][800/1732]	lr: 5.000e-03, eta: 1 day, 5:12:40, time: 0.688, data_time: 0.005, memory: 17623, loss_rpn_cls: 0.0053, loss_rpn_bbox: 0.0058, s0.loss_cls: 0.0597, s0.acc: 97.8486, s0.loss_bbox: 0.0426, s1.loss_cls: 0.0229, s1.acc: 98.3587, s1.loss_bbox: 0.0599, s2.loss_cls: 0.0122, s2.acc: 98.2430, s2.loss_bbox: 0.0530, loss_bounder: 0.5616, loss_aux: 0.0000, loss: 0.8230
2026-08-16 13:26:08,221 - mmdet - INFO - Epoch [11][900/1732]	lr: 5.000e-03, eta: 1 day, 5:11:34, time: 0.680, data_time: 0.005, memory: 17623, loss_rpn_cls: 0.0050, loss_rpn_bbox: 0.0063, s0.loss_cls: 0.0539, s0.acc: 98.0186, s0.loss_bbox: 0.0495, s1.loss_cls: 0.0217, s1.acc: 98.5442, s1.loss_bbox: 0.0689, s2.loss_cls: 0.0129, s2.acc: 98.2710, s2.loss_bbox: 0.0569, loss_bounder: 0.5717, loss_aux: 0.0000, loss: 0.8468
2026-08-16 13:27:17,383 - mmdet - INFO - Epoch [11][1000/1732]	lr: 5.000e-03, eta: 1 day, 5:10:37, time: 0.692, data_time: 0.005, memory: 17623, loss_rpn_cls: 0.0049, loss_rpn_bbox: 0.0063, s0.loss_cls: 0.0467, s0.acc: 98.2363, s0.loss_bbox: 0.0401, s1.loss_cls: 0.0178, s1.acc: 98.6803, s1.loss_bbox: 0.0578, s2.loss_cls: 0.0109, s2.acc: 98.6326, s2.loss_bbox: 0.0511, loss_bounder: 0.5554, loss_aux: 0.0000, loss: 0.7909
2026-08-16 13:28:27,108 - mmdet - INFO - Epoch [11][1100/1732]	lr: 5.000e-03, eta: 1 day, 5:09:46, time: 0.697, data_time: 0.005, memory: 17623, loss_rpn_cls: 0.0046, loss_rpn_bbox: 0.0060, s0.loss_cls: 0.0507, s0.acc: 98.1309, s0.loss_bbox: 0.0453, s1.loss_cls: 0.0195, s1.acc: 98.7199, s1.loss_bbox: 0.0655, s2.loss_cls: 0.0138, s2.acc: 98.3264, s2.loss_bbox: 0.0563, loss_bounder: 0.5542, loss_aux: 0.0000, loss: 0.8160
2026-08-16 13:29:36,265 - mmdet - INFO - Epoch [11][1200/1732]	lr: 5.000e-03, eta: 1 day, 5:08:49, time: 0.692, data_time: 0.005, memory: 17623, loss_rpn_cls: 0.0048, loss_rpn_bbox: 0.0045, s0.loss_cls: 0.0445, s0.acc: 98.3174, s0.loss_bbox: 0.0375, s1.loss_cls: 0.0159, s1.acc: 98.7533, s1.loss_bbox: 0.0569, s2.loss_cls: 0.0098, s2.acc: 98.6664, s2.loss_bbox: 0.0520, loss_bounder: 0.5601, loss_aux: 0.0000, loss: 0.7859
2026-08-16 13:30:46,051 - mmdet - INFO - Epoch [11][1300/1732]	lr: 5.000e-03, eta: 1 day, 5:07:57, time: 0.698, data_time: 0.005, memory: 17623, loss_rpn_cls: 0.0046, loss_rpn_bbox: 0.0053, s0.loss_cls: 0.0567, s0.acc: 97.9961, s0.loss_bbox: 0.0424, s1.loss_cls: 0.0228, s1.acc: 98.3561, s1.loss_bbox: 0.0627, s2.loss_cls: 0.0130, s2.acc: 98.3086, s2.loss_bbox: 0.0569, loss_bounder: 0.5615, loss_aux: 0.0000, loss: 0.8257
2026-08-16 13:31:54,825 - mmdet - INFO - Epoch [11][1400/1732]	lr: 5.000e-03, eta: 1 day, 5:06:57, time: 0.688, data_time: 0.005, memory: 17623, loss_rpn_cls: 0.0045, loss_rpn_bbox: 0.0040, s0.loss_cls: 0.0413, s0.acc: 98.5488, s0.loss_bbox: 0.0355, s1.loss_cls: 0.0143, s1.acc: 99.0653, s1.loss_bbox: 0.0545, s2.loss_cls: 0.0090, s2.acc: 98.9653, s2.loss_bbox: 0.0497, loss_bounder: 0.5483, loss_aux: 0.0000, loss: 0.7612
2026-08-16 13:33:03,739 - mmdet - INFO - Epoch [11][1500/1732]	lr: 5.000e-03, eta: 1 day, 5:05:58, time: 0.689, data_time: 0.005, memory: 17623, loss_rpn_cls: 0.0055, loss_rpn_bbox: 0.0061, s0.loss_cls: 0.0495, s0.acc: 98.2334, s0.loss_bbox: 0.0434, s1.loss_cls: 0.0185, s1.acc: 98.7683, s1.loss_bbox: 0.0643, s2.loss_cls: 0.0112, s2.acc: 98.5952, s2.loss_bbox: 0.0582, loss_bounder: 0.5768, loss_aux: 0.0000, loss: 0.8334
2026-08-16 13:34:12,419 - mmdet - INFO - Epoch [11][1600/1732]	lr: 5.000e-03, eta: 1 day, 5:04:57, time: 0.687, data_time: 0.005, memory: 17623, loss_rpn_cls: 0.0056, loss_rpn_bbox: 0.0058, s0.loss_cls: 0.0486, s0.acc: 98.2314, s0.loss_bbox: 0.0391, s1.loss_cls: 0.0201, s1.acc: 98.5247, s1.loss_bbox: 0.0579, s2.loss_cls: 0.0112, s2.acc: 98.4410, s2.loss_bbox: 0.0521, loss_bounder: 0.5483, loss_aux: 0.0000, loss: 0.7887
2026-08-16 13:35:20,940 - mmdet - INFO - Epoch [11][1700/1732]	lr: 5.000e-03, eta: 1 day, 5:03:54, time: 0.685, data_time: 0.005, memory: 17623, loss_rpn_cls: 0.0056, loss_rpn_bbox: 0.0048, s0.loss_cls: 0.0487, s0.acc: 98.2959, s0.loss_bbox: 0.0412, s1.loss_cls: 0.0192, s1.acc: 98.6927, s1.loss_bbox: 0.0585, s2.loss_cls: 0.0116, s2.acc: 98.5416, s2.loss_bbox: 0.0530, loss_bounder: 0.5668, loss_aux: 0.0000, loss: 0.8095
2026-08-16 13:35:43,031 - mmdet - INFO - Saving checkpoint at 11 epochs
2026-08-16 13:36:58,493 - mmdet - INFO - Evaluating bbox...
2026-08-16 13:36:59,426 - mmdet - INFO - 
+-----------+-------+-----------+-------+------------+-------+
| category  | AP    | category  | AP    | category   | AP    |
+-----------+-------+-----------+-------+------------+-------+
| HM        | 0.202 | LQS       | 0.000 | QHS        | 0.326 |
| MS        | 0.412 | A1_SU-35  | 0.777 | A2_C-130   | 0.725 |
| A3_C-17   | 0.775 | A4_C-5    | 0.824 | A5_F-16    | 0.705 |
| A6_TU-160 | 0.776 | A7_E-3    | 0.772 | A8_B-52    | 0.796 |
| A9_P-3C   | 0.731 | A10_B-1B  | 0.780 | A11_E-8    | 0.623 |
| A12_TU-22 | 0.768 | A13_F-15  | 0.710 | A14_KC-135 | 0.725 |
| A15_F-22  | 0.563 | A16_FA-18 | 0.716 | A17_TU-95  | 0.843 |
| A18_KC-10 | 0.659 | A19_SU-34 | 0.679 | A20_SU-24  | 0.741 |
| FSC       | 0.437 | None      | None  | None       | None  |
+-----------+-------+-----------+-------+------------+-------+
2026-08-16 13:37:00,213 - mmdet - INFO - BestSaverHook: bbox_mAP=0.6430 创新高，已保存 best 模型 -> /root/autodl-tmp/model_v4/work_dirs/arfc_only_v1/best_bbox_mAP.pth
2026-08-16 13:37:00,215 - mmdet - INFO - Exp name: aircraft_bafnet_1x.py
2026-08-16 13:37:00,215 - mmdet - INFO - Epoch(val) [11][548]	bbox_mAP: 0.6430, bbox_mAP_50: 0.8440, bbox_mAP_75: 0.7880, bbox_mAP_s: 0.0780, bbox_mAP_m: 0.6230, bbox_mAP_l: 0.7040, bbox_mAP_copypaste: 0.643 0.844 0.788 0.078 0.623 0.704
2026-08-16 13:38:11,549 - mmdet - INFO - Epoch [12][100/1732]	lr: 5.000e-03, eta: 1 day, 4:59:58, time: 0.713, data_time: 0.028, memory: 17623, loss_rpn_cls: 0.0035, loss_rpn_bbox: 0.0036, s0.loss_cls: 0.0363, s0.acc: 98.6836, s0.loss_bbox: 0.0318, s1.loss_cls: 0.0120, s1.acc: 99.2302, s1.loss_bbox: 0.0494, s2.loss_cls: 0.0070, s2.acc: 99.1535, s2.loss_bbox: 0.0473, loss_bounder: 0.5623, loss_aux: 0.0000, loss: 0.7532
2026-08-16 13:39:20,513 - mmdet - INFO - Epoch [12][200/1732]	lr: 5.000e-03, eta: 1 day, 4:59:00, time: 0.690, data_time: 0.005, memory: 17623, loss_rpn_cls: 0.0054, loss_rpn_bbox: 0.0058, s0.loss_cls: 0.0487, s0.acc: 98.1992, s0.loss_bbox: 0.0391, s1.loss_cls: 0.0178, s1.acc: 98.7401, s1.loss_bbox: 0.0544, s2.loss_cls: 0.0112, s2.acc: 98.6105, s2.loss_bbox: 0.0479, loss_bounder: 0.5415, loss_aux: 0.0000, loss: 0.7719
2026-08-16 13:40:29,230 - mmdet - INFO - Epoch [12][300/1732]	lr: 5.000e-03, eta: 1 day, 4:57:59, time: 0.687, data_time: 0.004, memory: 17623, loss_rpn_cls: 0.0041, loss_rpn_bbox: 0.0047, s0.loss_cls: 0.0438, s0.acc: 98.3623, s0.loss_bbox: 0.0367, s1.loss_cls: 0.0169, s1.acc: 98.7458, s1.loss_bbox: 0.0515, s2.loss_cls: 0.0095, s2.acc: 98.7216, s2.loss_bbox: 0.0445, loss_bounder: 0.5638, loss_aux: 0.0000, loss: 0.7754
2026-08-16 13:41:37,682 - mmdet - INFO - Epoch [12][400/1732]	lr: 5.000e-03, eta: 1 day, 4:56:57, time: 0.685, data_time: 0.004, memory: 17623, loss_rpn_cls: 0.0055, loss_rpn_bbox: 0.0052, s0.loss_cls: 0.0412, s0.acc: 98.4814, s0.loss_bbox: 0.0374, s1.loss_cls: 0.0157, s1.acc: 98.8783, s1.loss_bbox: 0.0526, s2.loss_cls: 0.0096, s2.acc: 98.7268, s2.loss_bbox: 0.0468, loss_bounder: 0.5586, loss_aux: 0.0000, loss: 0.7726
2026-08-16 13:42:47,177 - mmdet - INFO - Epoch [12][500/1732]	lr: 5.000e-03, eta: 1 day, 4:56:02, time: 0.695, data_time: 0.005, memory: 17623, loss_rpn_cls: 0.0045, loss_rpn_bbox: 0.0039, s0.loss_cls: 0.0396, s0.acc: 98.5869, s0.loss_bbox: 0.0306, s1.loss_cls: 0.0145, s1.acc: 99.0811, s1.loss_bbox: 0.0453, s2.loss_cls: 0.0092, s2.acc: 99.0427, s2.loss_bbox: 0.0424, loss_bounder: 0.5667, loss_aux: 0.0000, loss: 0.7567
2026-08-16 13:43:55,813 - mmdet - INFO - Epoch [12][600/1732]	lr: 5.000e-03, eta: 1 day, 4:55:01, time: 0.686, data_time: 0.005, memory: 17623, loss_rpn_cls: 0.0051, loss_rpn_bbox: 0.0058, s0.loss_cls: 0.0424, s0.acc: 98.3945, s0.loss_bbox: 0.0365, s1.loss_cls: 0.0152, s1.acc: 98.9197, s1.loss_bbox: 0.0545, s2.loss_cls: 0.0088, s2.acc: 98.8280, s2.loss_bbox: 0.0489, loss_bounder: 0.5601, loss_aux: 0.0000, loss: 0.7773
2026-08-16 13:45:04,968 - mmdet - INFO - Epoch [12][700/1732]	lr: 5.000e-03, eta: 1 day, 4:54:04, time: 0.692, data_time: 0.005, memory: 17623, loss_rpn_cls: 0.0057, loss_rpn_bbox: 0.0050, s0.loss_cls: 0.0476, s0.acc: 98.3086, s0.loss_bbox: 0.0417, s1.loss_cls: 0.0180, s1.acc: 98.7276, s1.loss_bbox: 0.0586, s2.loss_cls: 0.0104, s2.acc: 98.5859, s2.loss_bbox: 0.0510, loss_bounder: 0.5666, loss_aux: 0.0000, loss: 0.8046
2026-08-16 13:46:13,993 - mmdet - INFO - Epoch [12][800/1732]	lr: 5.000e-03, eta: 1 day, 4:53:06, time: 0.690, data_time: 0.005, memory: 17623, loss_rpn_cls: 0.0041, loss_rpn_bbox: 0.0044, s0.loss_cls: 0.0424, s0.acc: 98.4092, s0.loss_bbox: 0.0372, s1.loss_cls: 0.0159, s1.acc: 98.8686, s1.loss_bbox: 0.0566, s2.loss_cls: 0.0093, s2.acc: 98.7811, s2.loss_bbox: 0.0517, loss_bounder: 0.5608, loss_aux: 0.0000, loss: 0.7824
2026-08-16 13:47:22,897 - mmdet - INFO - Epoch [12][900/1732]	lr: 5.000e-03, eta: 1 day, 4:52:06, time: 0.689, data_time: 0.005, memory: 17623, loss_rpn_cls: 0.0045, loss_rpn_bbox: 0.0037, s0.loss_cls: 0.0393, s0.acc: 98.5107, s0.loss_bbox: 0.0307, s1.loss_cls: 0.0146, s1.acc: 98.9141, s1.loss_bbox: 0.0471, s2.loss_cls: 0.0082, s2.acc: 98.8421, s2.loss_bbox: 0.0449, loss_bounder: 0.5509, loss_aux: 0.0000, loss: 0.7440
2026-08-16 13:48:31,757 - mmdet - INFO - Epoch [12][1000/1732]	lr: 5.000e-03, eta: 1 day, 4:51:06, time: 0.689, data_time: 0.005, memory: 17623, loss_rpn_cls: 0.0045, loss_rpn_bbox: 0.0045, s0.loss_cls: 0.0488, s0.acc: 98.1533, s0.loss_bbox: 0.0392, s1.loss_cls: 0.0174, s1.acc: 98.7155, s1.loss_bbox: 0.0587, s2.loss_cls: 0.0090, s2.acc: 98.7497, s2.loss_bbox: 0.0541, loss_bounder: 0.5494, loss_aux: 0.0000, loss: 0.7856
2026-08-16 13:49:40,287 - mmdet - INFO - Epoch [12][1100/1732]	lr: 5.000e-03, eta: 1 day, 4:50:04, time: 0.685, data_time: 0.005, memory: 17623, loss_rpn_cls: 0.0039, loss_rpn_bbox: 0.0043, s0.loss_cls: 0.0382, s0.acc: 98.5439, s0.loss_bbox: 0.0337, s1.loss_cls: 0.0144, s1.acc: 98.9205, s1.loss_bbox: 0.0488, s2.loss_cls: 0.0087, s2.acc: 98.7904, s2.loss_bbox: 0.0446, loss_bounder: 0.5738, loss_aux: 0.0000, loss: 0.7705
2026-08-16 13:50:48,886 - mmdet - INFO - Epoch [12][1200/1732]	lr: 5.000e-03, eta: 1 day, 4:49:02, time: 0.686, data_time: 0.005, memory: 17623, loss_rpn_cls: 0.0043, loss_rpn_bbox: 0.0050, s0.loss_cls: 0.0433, s0.acc: 98.3867, s0.loss_bbox: 0.0373, s1.loss_cls: 0.0162, s1.acc: 98.8449, s1.loss_bbox: 0.0528, s2.loss_cls: 0.0091, s2.acc: 98.7782, s2.loss_bbox: 0.0505, loss_bounder: 0.5569, loss_aux: 0.0000, loss: 0.7753
2026-08-16 13:51:58,769 - mmdet - INFO - Epoch [12][1300/1732]	lr: 5.000e-03, eta: 1 day, 4:48:09, time: 0.699, data_time: 0.005, memory: 17623, loss_rpn_cls: 0.0053, loss_rpn_bbox: 0.0056, s0.loss_cls: 0.0467, s0.acc: 98.3379, s0.loss_bbox: 0.0431, s1.loss_cls: 0.0177, s1.acc: 98.8367, s1.loss_bbox: 0.0630, s2.loss_cls: 0.0122, s2.acc: 98.4537, s2.loss_bbox: 0.0545, loss_bounder: 0.5741, loss_aux: 0.0000, loss: 0.8223
2026-08-16 13:53:07,869 - mmdet - INFO - Epoch [12][1400/1732]	lr: 5.000e-03, eta: 1 day, 4:47:11, time: 0.691, data_time: 0.005, memory: 17623, loss_rpn_cls: 0.0038, loss_rpn_bbox: 0.0064, s0.loss_cls: 0.0493, s0.acc: 98.1104, s0.loss_bbox: 0.0431, s1.loss_cls: 0.0189, s1.acc: 98.6352, s1.loss_bbox: 0.0604, s2.loss_cls: 0.0114, s2.acc: 98.4164, s2.loss_bbox: 0.0526, loss_bounder: 0.5815, loss_aux: 0.0000, loss: 0.8273
2026-08-16 13:54:16,980 - mmdet - INFO - Epoch [12][1500/1732]	lr: 5.000e-03, eta: 1 day, 4:46:13, time: 0.691, data_time: 0.005, memory: 17623, loss_rpn_cls: 0.0040, loss_rpn_bbox: 0.0044, s0.loss_cls: 0.0456, s0.acc: 98.3438, s0.loss_bbox: 0.0375, s1.loss_cls: 0.0186, s1.acc: 98.7329, s1.loss_bbox: 0.0553, s2.loss_cls: 0.0101, s2.acc: 98.7690, s2.loss_bbox: 0.0486, loss_bounder: 0.5547, loss_aux: 0.0000, loss: 0.7789
2026-08-16 13:55:25,865 - mmdet - INFO - Epoch [12][1600/1732]	lr: 5.000e-03, eta: 1 day, 4:45:12, time: 0.689, data_time: 0.005, memory: 17623, loss_rpn_cls: 0.0039, loss_rpn_bbox: 0.0041, s0.loss_cls: 0.0385, s0.acc: 98.6064, s0.loss_bbox: 0.0324, s1.loss_cls: 0.0138, s1.acc: 98.9974, s1.loss_bbox: 0.0486, s2.loss_cls: 0.0081, s2.acc: 98.8616, s2.loss_bbox: 0.0455, loss_bounder: 0.5634, loss_aux: 0.0000, loss: 0.7582
2026-08-16 13:56:35,187 - mmdet - INFO - Epoch [12][1700/1732]	lr: 5.000e-03, eta: 1 day, 4:44:15, time: 0.693, data_time: 0.005, memory: 17623, loss_rpn_cls: 0.0045, loss_rpn_bbox: 0.0043, s0.loss_cls: 0.0439, s0.acc: 98.5107, s0.loss_bbox: 0.0357, s1.loss_cls: 0.0169, s1.acc: 98.9495, s1.loss_bbox: 0.0509, s2.loss_cls: 0.0100, s2.acc: 98.8555, s2.loss_bbox: 0.0473, loss_bounder: 0.5538, loss_aux: 0.0000, loss: 0.7673
2026-08-16 13:56:57,574 - mmdet - INFO - Saving checkpoint at 12 epochs
2026-08-16 13:58:13,910 - mmdet - INFO - Evaluating bbox...
2026-08-16 13:58:14,833 - mmdet - INFO - 
+-----------+-------+-----------+-------+------------+-------+
| category  | AP    | category  | AP    | category   | AP    |
+-----------+-------+-----------+-------+------------+-------+
| HM        | 0.000 | LQS       | 0.116 | QHS        | 0.250 |
| MS        | 0.436 | A1_SU-35  | 0.730 | A2_C-130   | 0.739 |
| A3_C-17   | 0.774 | A4_C-5    | 0.831 | A5_F-16    | 0.698 |
| A6_TU-160 | 0.796 | A7_E-3    | 0.790 | A8_B-52    | 0.790 |
| A9_P-3C   | 0.775 | A10_B-1B  | 0.802 | A11_E-8    | 0.678 |
| A12_TU-22 | 0.767 | A13_F-15  | 0.695 | A14_KC-135 | 0.756 |
| A15_F-22  | 0.638 | A16_FA-18 | 0.731 | A17_TU-95  | 0.814 |
| A18_KC-10 | 0.642 | A19_SU-34 | 0.678 | A20_SU-24  | 0.715 |
| FSC       | 0.434 | None      | None  | None       | None  |
+-----------+-------+-----------+-------+------------+-------+
2026-08-16 13:58:14,840 - mmdet - INFO - EarlyStoppingHook: bbox_mAP=0.6430 提升幅度不足 0.0010（当前最佳 0.6430，等待 1/16）
2026-08-16 13:58:14,841 - mmdet - INFO - Exp name: aircraft_bafnet_1x.py
2026-08-16 13:58:14,841 - mmdet - INFO - Epoch(val) [12][548]	bbox_mAP: 0.6430, bbox_mAP_50: 0.8390, bbox_mAP_75: 0.7880, bbox_mAP_s: 0.0440, bbox_mAP_m: 0.6370, bbox_mAP_l: 0.6910, bbox_mAP_copypaste: 0.643 0.839 0.788 0.044 0.637 0.691
2026-08-16 13:59:25,905 - mmdet - INFO - Epoch [13][100/1732]	lr: 5.000e-03, eta: 1 day, 4:40:31, time: 0.711, data_time: 0.028, memory: 17623, loss_rpn_cls: 0.0048, loss_rpn_bbox: 0.0055, s0.loss_cls: 0.0424, s0.acc: 98.3721, s0.loss_bbox: 0.0384, s1.loss_cls: 0.0154, s1.acc: 98.8872, s1.loss_bbox: 0.0556, s2.loss_cls: 0.0092, s2.acc: 98.7630, s2.loss_bbox: 0.0500, loss_bounder: 0.5551, loss_aux: 0.0000, loss: 0.7765
2026-08-16 14:00:34,799 - mmdet - INFO - Epoch [13][200/1732]	lr: 5.000e-03, eta: 1 day, 4:39:31, time: 0.689, data_time: 0.005, memory: 17623, loss_rpn_cls: 0.0030, loss_rpn_bbox: 0.0036, s0.loss_cls: 0.0372, s0.acc: 98.6338, s0.loss_bbox: 0.0285, s1.loss_cls: 0.0124, s1.acc: 99.0972, s1.loss_bbox: 0.0443, s2.loss_cls: 0.0069, s2.acc: 99.0373, s2.loss_bbox: 0.0414, loss_bounder: 0.5635, loss_aux: 0.0000, loss: 0.7408
2026-08-16 14:01:44,094 - mmdet - INFO - Epoch [13][300/1732]	lr: 5.000e-03, eta: 1 day, 4:38:34, time: 0.693, data_time: 0.005, memory: 17623, loss_rpn_cls: 0.0035, loss_rpn_bbox: 0.0044, s0.loss_cls: 0.0371, s0.acc: 98.6123, s0.loss_bbox: 0.0343, s1.loss_cls: 0.0131, s1.acc: 99.0430, s1.loss_bbox: 0.0482, s2.loss_cls: 0.0074, s2.acc: 98.9590, s2.loss_bbox: 0.0433, loss_bounder: 0.5652, loss_aux: 0.0000, loss: 0.7567
2026-08-16 14:02:52,638 - mmdet - INFO - Epoch [13][400/1732]	lr: 5.000e-03, eta: 1 day, 4:37:32, time: 0.685, data_time: 0.005, memory: 17623, loss_rpn_cls: 0.0035, loss_rpn_bbox: 0.0051, s0.loss_cls: 0.0408, s0.acc: 98.4951, s0.loss_bbox: 0.0359, s1.loss_cls: 0.0142, s1.acc: 99.0237, s1.loss_bbox: 0.0507, s2.loss_cls: 0.0083, s2.acc: 98.8050, s2.loss_bbox: 0.0463, loss_bounder: 0.5552, loss_aux: 0.0000, loss: 0.7600
2026-08-16 14:04:01,954 - mmdet - INFO - Epoch [13][500/1732]	lr: 5.000e-03, eta: 1 day, 4:36:35, time: 0.693, data_time: 0.005, memory: 17623, loss_rpn_cls: 0.0033, loss_rpn_bbox: 0.0049, s0.loss_cls: 0.0422, s0.acc: 98.4521, s0.loss_bbox: 0.0346, s1.loss_cls: 0.0166, s1.acc: 98.8432, s1.loss_bbox: 0.0508, s2.loss_cls: 0.0091, s2.acc: 98.7273, s2.loss_bbox: 0.0449, loss_bounder: 0.5656, loss_aux: 0.0000, loss: 0.7721
2026-08-16 14:05:10,405 - mmdet - INFO - Epoch [13][600/1732]	lr: 5.000e-03, eta: 1 day, 4:35:32, time: 0.685, data_time: 0.005, memory: 17623, loss_rpn_cls: 0.0043, loss_rpn_bbox: 0.0036, s0.loss_cls: 0.0360, s0.acc: 98.7227, s0.loss_bbox: 0.0299, s1.loss_cls: 0.0130, s1.acc: 99.1267, s1.loss_bbox: 0.0452, s2.loss_cls: 0.0074, s2.acc: 99.0540, s2.loss_bbox: 0.0409, loss_bounder: 0.5643, loss_aux: 0.0000, loss: 0.7446
2026-08-16 14:06:19,550 - mmdet - INFO - Epoch [13][700/1732]	lr: 5.000e-03, eta: 1 day, 4:34:33, time: 0.691, data_time: 0.005, memory: 17623, loss_rpn_cls: 0.0045, loss_rpn_bbox: 0.0037, s0.loss_cls: 0.0330, s0.acc: 98.7891, s0.loss_bbox: 0.0291, s1.loss_cls: 0.0102, s1.acc: 99.2811, s1.loss_bbox: 0.0439, s2.loss_cls: 0.0060, s2.acc: 99.2012, s2.loss_bbox: 0.0416, loss_bounder: 0.5439, loss_aux: 0.0000, loss: 0.7160
2026-08-16 14:07:29,005 - mmdet - INFO - Epoch [13][800/1732]	lr: 5.000e-03, eta: 1 day, 4:33:37, time: 0.695, data_time: 0.005, memory: 17623, loss_rpn_cls: 0.0036, loss_rpn_bbox: 0.0041, s0.loss_cls: 0.0342, s0.acc: 98.7441, s0.loss_bbox: 0.0313, s1.loss_cls: 0.0103, s1.acc: 99.2827, s1.loss_bbox: 0.0474, s2.loss_cls: 0.0062, s2.acc: 99.2479, s2.loss_bbox: 0.0450, loss_bounder: 0.5655, loss_aux: 0.0000, loss: 0.7476
2026-08-16 14:08:37,938 - mmdet - INFO - Epoch [13][900/1732]	lr: 5.000e-03, eta: 1 day, 4:32:37, time: 0.689, data_time: 0.005, memory: 17623, loss_rpn_cls: 0.0044, loss_rpn_bbox: 0.0046, s0.loss_cls: 0.0378, s0.acc: 98.6270, s0.loss_bbox: 0.0382, s1.loss_cls: 0.0121, s1.acc: 99.1324, s1.loss_bbox: 0.0521, s2.loss_cls: 0.0077, s2.acc: 99.0331, s2.loss_bbox: 0.0448, loss_bounder: 0.5486, loss_aux: 0.0000, loss: 0.7503
2026-08-16 14:09:47,077 - mmdet - INFO - Epoch [13][1000/1732]	lr: 5.000e-03, eta: 1 day, 4:31:38, time: 0.691, data_time: 0.005, memory: 17623, loss_rpn_cls: 0.0039, loss_rpn_bbox: 0.0029, s0.loss_cls: 0.0278, s0.acc: 98.9688, s0.loss_bbox: 0.0249, s1.loss_cls: 0.0084, s1.acc: 99.4034, s1.loss_bbox: 0.0379, s2.loss_cls: 0.0047, s2.acc: 99.3701, s2.loss_bbox: 0.0375, loss_bounder: 0.5675, loss_aux: 0.0000, loss: 0.7155
2026-08-16 14:10:55,854 - mmdet - INFO - Epoch [13][1100/1732]	lr: 5.000e-03, eta: 1 day, 4:30:37, time: 0.688, data_time: 0.005, memory: 17623, loss_rpn_cls: 0.0040, loss_rpn_bbox: 0.0046, s0.loss_cls: 0.0397, s0.acc: 98.5547, s0.loss_bbox: 0.0370, s1.loss_cls: 0.0147, s1.acc: 98.9188, s1.loss_bbox: 0.0530, s2.loss_cls: 0.0083, s2.acc: 98.8712, s2.loss_bbox: 0.0473, loss_bounder: 0.5579, loss_aux: 0.0000, loss: 0.7665
2026-08-16 14:12:04,770 - mmdet - INFO - Epoch [13][1200/1732]	lr: 5.000e-03, eta: 1 day, 4:29:37, time: 0.689, data_time: 0.005, memory: 17623, loss_rpn_cls: 0.0041, loss_rpn_bbox: 0.0048, s0.loss_cls: 0.0379, s0.acc: 98.5820, s0.loss_bbox: 0.0331, s1.loss_cls: 0.0136, s1.acc: 98.9944, s1.loss_bbox: 0.0461, s2.loss_cls: 0.0077, s2.acc: 98.9341, s2.loss_bbox: 0.0425, loss_bounder: 0.5606, loss_aux: 0.0000, loss: 0.7504
2026-08-16 14:13:13,921 - mmdet - INFO - Epoch [13][1300/1732]	lr: 5.000e-03, eta: 1 day, 4:28:38, time: 0.692, data_time: 0.005, memory: 17623, loss_rpn_cls: 0.0036, loss_rpn_bbox: 0.0041, s0.loss_cls: 0.0414, s0.acc: 98.5293, s0.loss_bbox: 0.0336, s1.loss_cls: 0.0159, s1.acc: 98.9084, s1.loss_bbox: 0.0496, s2.loss_cls: 0.0087, s2.acc: 98.9016, s2.loss_bbox: 0.0451, loss_bounder: 0.5471, loss_aux: 0.0000, loss: 0.7490
2026-08-16 14:14:23,703 - mmdet - INFO - Epoch [13][1400/1732]	lr: 5.000e-03, eta: 1 day, 4:27:43, time: 0.698, data_time: 0.005, memory: 17623, loss_rpn_cls: 0.0033, loss_rpn_bbox: 0.0040, s0.loss_cls: 0.0368, s0.acc: 98.6768, s0.loss_bbox: 0.0287, s1.loss_cls: 0.0127, s1.acc: 99.0882, s1.loss_bbox: 0.0447, s2.loss_cls: 0.0077, s2.acc: 99.0477, s2.loss_bbox: 0.0419, loss_bounder: 0.5783, loss_aux: 0.0000, loss: 0.7581
2026-08-16 14:15:33,176 - mmdet - INFO - Epoch [13][1500/1732]	lr: 5.000e-03, eta: 1 day, 4:26:47, time: 0.695, data_time: 0.005, memory: 17623, loss_rpn_cls: 0.0039, loss_rpn_bbox: 0.0046, s0.loss_cls: 0.0391, s0.acc: 98.5908, s0.loss_bbox: 0.0328, s1.loss_cls: 0.0139, s1.acc: 99.0273, s1.loss_bbox: 0.0490, s2.loss_cls: 0.0077, s2.acc: 99.0223, s2.loss_bbox: 0.0450, loss_bounder: 0.5611, loss_aux: 0.0000, loss: 0.7572
2026-08-16 14:16:42,241 - mmdet - INFO - Epoch [13][1600/1732]	lr: 5.000e-03, eta: 1 day, 4:25:47, time: 0.691, data_time: 0.005, memory: 17623, loss_rpn_cls: 0.0049, loss_rpn_bbox: 0.0051, s0.loss_cls: 0.0435, s0.acc: 98.3818, s0.loss_bbox: 0.0367, s1.loss_cls: 0.0162, s1.acc: 98.7905, s1.loss_bbox: 0.0524, s2.loss_cls: 0.0082, s2.acc: 98.9025, s2.loss_bbox: 0.0470, loss_bounder: 0.5694, loss_aux: 0.0000, loss: 0.7834
2026-08-16 14:17:50,748 - mmdet - INFO - Epoch [13][1700/1732]	lr: 5.000e-03, eta: 1 day, 4:24:43, time: 0.685, data_time: 0.005, memory: 17623, loss_rpn_cls: 0.0045, loss_rpn_bbox: 0.0048, s0.loss_cls: 0.0421, s0.acc: 98.4502, s0.loss_bbox: 0.0357, s1.loss_cls: 0.0162, s1.acc: 98.8549, s1.loss_bbox: 0.0493, s2.loss_cls: 0.0090, s2.acc: 98.7582, s2.loss_bbox: 0.0435, loss_bounder: 0.5538, loss_aux: 0.0000, loss: 0.7590
2026-08-16 14:18:12,732 - mmdet - INFO - Saving checkpoint at 13 epochs
2026-08-16 14:19:28,253 - mmdet - INFO - Evaluating bbox...
2026-08-16 14:19:29,173 - mmdet - INFO - 
+-----------+-------+-----------+-------+------------+-------+
| category  | AP    | category  | AP    | category   | AP    |
+-----------+-------+-----------+-------+------------+-------+
| HM        | 0.303 | LQS       | 0.045 | QHS        | 0.283 |
| MS        | 0.399 | A1_SU-35  | 0.750 | A2_C-130   | 0.750 |
| A3_C-17   | 0.776 | A4_C-5    | 0.848 | A5_F-16    | 0.695 |
| A6_TU-160 | 0.791 | A7_E-3    | 0.783 | A8_B-52    | 0.768 |
| A9_P-3C   | 0.770 | A10_B-1B  | 0.800 | A11_E-8    | 0.707 |
| A12_TU-22 | 0.772 | A13_F-15  | 0.689 | A14_KC-135 | 0.762 |
| A15_F-22  | 0.631 | A16_FA-18 | 0.739 | A17_TU-95  | 0.834 |
| A18_KC-10 | 0.664 | A19_SU-34 | 0.743 | A20_SU-24  | 0.716 |
| FSC       | 0.411 | None      | None  | None       | None  |
+-----------+-------+-----------+-------+------------+-------+
2026-08-16 14:19:29,970 - mmdet - INFO - BestSaverHook: bbox_mAP=0.6570 创新高，已保存 best 模型 -> /root/autodl-tmp/model_v4/work_dirs/arfc_only_v1/best_bbox_mAP.pth
2026-08-16 14:19:29,971 - mmdet - INFO - Exp name: aircraft_bafnet_1x.py
2026-08-16 14:19:29,971 - mmdet - INFO - Epoch(val) [13][548]	bbox_mAP: 0.6570, bbox_mAP_50: 0.8570, bbox_mAP_75: 0.8100, bbox_mAP_s: 0.0280, bbox_mAP_m: 0.6330, bbox_mAP_l: 0.7120, bbox_mAP_copypaste: 0.657 0.857 0.810 0.028 0.633 0.712
2026-08-16 14:20:40,988 - mmdet - INFO - Epoch [14][100/1732]	lr: 5.000e-03, eta: 1 day, 4:21:10, time: 0.710, data_time: 0.028, memory: 17623, loss_rpn_cls: 0.0035, loss_rpn_bbox: 0.0040, s0.loss_cls: 0.0357, s0.acc: 98.7119, s0.loss_bbox: 0.0321, s1.loss_cls: 0.0123, s1.acc: 99.1313, s1.loss_bbox: 0.0485, s2.loss_cls: 0.0068, s2.acc: 99.0669, s2.loss_bbox: 0.0461, loss_bounder: 0.5629, loss_aux: 0.0000, loss: 0.7519
2026-08-16 14:21:49,662 - mmdet - INFO - Epoch [14][200/1732]	lr: 5.000e-03, eta: 1 day, 4:20:08, time: 0.687, data_time: 0.005, memory: 17623, loss_rpn_cls: 0.0041, loss_rpn_bbox: 0.0041, s0.loss_cls: 0.0356, s0.acc: 98.6758, s0.loss_bbox: 0.0288, s1.loss_cls: 0.0125, s1.acc: 99.0705, s1.loss_bbox: 0.0425, s2.loss_cls: 0.0065, s2.acc: 99.0796, s2.loss_bbox: 0.0404, loss_bounder: 0.5535, loss_aux: 0.0000, loss: 0.7281
2026-08-16 14:22:58,705 - mmdet - INFO - Epoch [14][300/1732]	lr: 5.000e-03, eta: 1 day, 4:19:09, time: 0.690, data_time: 0.004, memory: 17623, loss_rpn_cls: 0.0041, loss_rpn_bbox: 0.0045, s0.loss_cls: 0.0415, s0.acc: 98.3789, s0.loss_bbox: 0.0317, s1.loss_cls: 0.0169, s1.acc: 98.7332, s1.loss_bbox: 0.0442, s2.loss_cls: 0.0096, s2.acc: 98.6326, s2.loss_bbox: 0.0381, loss_bounder: 0.5522, loss_aux: 0.0000, loss: 0.7429
2026-08-16 14:24:07,234 - mmdet - INFO - Epoch [14][400/1732]	lr: 5.000e-03, eta: 1 day, 4:18:06, time: 0.685, data_time: 0.005, memory: 17623, loss_rpn_cls: 0.0043, loss_rpn_bbox: 0.0043, s0.loss_cls: 0.0378, s0.acc: 98.6104, s0.loss_bbox: 0.0317, s1.loss_cls: 0.0137, s1.acc: 98.9828, s1.loss_bbox: 0.0455, s2.loss_cls: 0.0073, s2.acc: 98.9960, s2.loss_bbox: 0.0399, loss_bounder: 0.5700, loss_aux: 0.0000, loss: 0.7545
2026-08-16 14:25:15,928 - mmdet - INFO - Epoch [14][500/1732]	lr: 5.000e-03, eta: 1 day, 4:17:04, time: 0.687, data_time: 0.005, memory: 17623, loss_rpn_cls: 0.0036, loss_rpn_bbox: 0.0043, s0.loss_cls: 0.0361, s0.acc: 98.6572, s0.loss_bbox: 0.0330, s1.loss_cls: 0.0127, s1.acc: 99.0910, s1.loss_bbox: 0.0462, s2.loss_cls: 0.0075, s2.acc: 98.9464, s2.loss_bbox: 0.0408, loss_bounder: 0.5740, loss_aux: 0.0000, loss: 0.7582
2026-08-16 14:26:24,462 - mmdet - INFO - Epoch [14][600/1732]	lr: 5.000e-03, eta: 1 day, 4:16:01, time: 0.685, data_time: 0.005, memory: 17623, loss_rpn_cls: 0.0033, loss_rpn_bbox: 0.0036, s0.loss_cls: 0.0309, s0.acc: 98.8623, s0.loss_bbox: 0.0262, s1.loss_cls: 0.0100, s1.acc: 99.2903, s1.loss_bbox: 0.0394, s2.loss_cls: 0.0057, s2.acc: 99.2799, s2.loss_bbox: 0.0356, loss_bounder: 0.5445, loss_aux: 0.0000, loss: 0.6993
2026-08-16 14:27:33,908 - mmdet - INFO - Epoch [14][700/1732]	lr: 5.000e-03, eta: 1 day, 4:15:03, time: 0.694, data_time: 0.005, memory: 17623, loss_rpn_cls: 0.0027, loss_rpn_bbox: 0.0031, s0.loss_cls: 0.0276, s0.acc: 98.9844, s0.loss_bbox: 0.0260, s1.loss_cls: 0.0080, s1.acc: 99.4550, s1.loss_bbox: 0.0401, s2.loss_cls: 0.0050, s2.acc: 99.3449, s2.loss_bbox: 0.0382, loss_bounder: 0.5607, loss_aux: 0.0000, loss: 0.7113
2026-08-16 14:28:43,114 - mmdet - INFO - Epoch [14][800/1732]	lr: 5.000e-03, eta: 1 day, 4:14:05, time: 0.692, data_time: 0.005, memory: 17623, loss_rpn_cls: 0.0038, loss_rpn_bbox: 0.0041, s0.loss_cls: 0.0358, s0.acc: 98.6807, s0.loss_bbox: 0.0337, s1.loss_cls: 0.0131, s1.acc: 99.0534, s1.loss_bbox: 0.0467, s2.loss_cls: 0.0076, s2.acc: 99.0062, s2.loss_bbox: 0.0403, loss_bounder: 0.5637, loss_aux: 0.0000, loss: 0.7487
2026-08-16 14:29:52,227 - mmdet - INFO - Epoch [14][900/1732]	lr: 5.000e-03, eta: 1 day, 4:13:05, time: 0.691, data_time: 0.005, memory: 17623, loss_rpn_cls: 0.0044, loss_rpn_bbox: 0.0047, s0.loss_cls: 0.0391, s0.acc: 98.6299, s0.loss_bbox: 0.0339, s1.loss_cls: 0.0132, s1.acc: 99.1253, s1.loss_bbox: 0.0469, s2.loss_cls: 0.0073, s2.acc: 99.0571, s2.loss_bbox: 0.0425, loss_bounder: 0.5645, loss_aux: 0.0000, loss: 0.7566
2026-08-16 14:31:01,728 - mmdet - INFO - Epoch [14][1000/1732]	lr: 5.000e-03, eta: 1 day, 4:12:08, time: 0.695, data_time: 0.005, memory: 17623, loss_rpn_cls: 0.0036, loss_rpn_bbox: 0.0041, s0.loss_cls: 0.0326, s0.acc: 98.8223, s0.loss_bbox: 0.0303, s1.loss_cls: 0.0108, s1.acc: 99.2546, s1.loss_bbox: 0.0448, s2.loss_cls: 0.0068, s2.acc: 99.0264, s2.loss_bbox: 0.0405, loss_bounder: 0.5544, loss_aux: 0.0000, loss: 0.7278
2026-08-16 14:32:10,955 - mmdet - INFO - Epoch [14][1100/1732]	lr: 5.000e-03, eta: 1 day, 4:11:09, time: 0.692, data_time: 0.005, memory: 17623, loss_rpn_cls: 0.0050, loss_rpn_bbox: 0.0039, s0.loss_cls: 0.0332, s0.acc: 98.7559, s0.loss_bbox: 0.0314, s1.loss_cls: 0.0105, s1.acc: 99.2355, s1.loss_bbox: 0.0468, s2.loss_cls: 0.0059, s2.acc: 99.2552, s2.loss_bbox: 0.0433, loss_bounder: 0.5534, loss_aux: 0.0000, loss: 0.7333
2026-08-16 14:33:20,304 - mmdet - INFO - Epoch [14][1200/1732]	lr: 5.000e-03, eta: 1 day, 4:10:11, time: 0.693, data_time: 0.004, memory: 17623, loss_rpn_cls: 0.0037, loss_rpn_bbox: 0.0050, s0.loss_cls: 0.0331, s0.acc: 98.7969, s0.loss_bbox: 0.0320, s1.loss_cls: 0.0100, s1.acc: 99.3062, s1.loss_bbox: 0.0456, s2.loss_cls: 0.0057, s2.acc: 99.2924, s2.loss_bbox: 0.0445, loss_bounder: 0.5619, loss_aux: 0.0000, loss: 0.7415
2026-08-16 14:34:28,957 - mmdet - INFO - Epoch [14][1300/1732]	lr: 5.000e-03, eta: 1 day, 4:09:08, time: 0.687, data_time: 0.004, memory: 17623, loss_rpn_cls: 0.0044, loss_rpn_bbox: 0.0052, s0.loss_cls: 0.0347, s0.acc: 98.6807, s0.loss_bbox: 0.0363, s1.loss_cls: 0.0122, s1.acc: 99.1211, s1.loss_bbox: 0.0520, s2.loss_cls: 0.0069, s2.acc: 99.1063, s2.loss_bbox: 0.0446, loss_bounder: 0.5533, loss_aux: 0.0000, loss: 0.7496
2026-08-16 14:35:37,385 - mmdet - INFO - Epoch [14][1400/1732]	lr: 5.000e-03, eta: 1 day, 4:08:04, time: 0.684, data_time: 0.005, memory: 17623, loss_rpn_cls: 0.0035, loss_rpn_bbox: 0.0034, s0.loss_cls: 0.0322, s0.acc: 98.7988, s0.loss_bbox: 0.0294, s1.loss_cls: 0.0116, s1.acc: 99.1683, s1.loss_bbox: 0.0437, s2.loss_cls: 0.0064, s2.acc: 99.0865, s2.loss_bbox: 0.0392, loss_bounder: 0.5515, loss_aux: 0.0000, loss: 0.7209
2026-08-16 14:36:45,994 - mmdet - INFO - Epoch [14][1500/1732]	lr: 5.000e-03, eta: 1 day, 4:07:01, time: 0.686, data_time: 0.005, memory: 17623, loss_rpn_cls: 0.0049, loss_rpn_bbox: 0.0043, s0.loss_cls: 0.0447, s0.acc: 98.3984, s0.loss_bbox: 0.0324, s1.loss_cls: 0.0172, s1.acc: 98.8546, s1.loss_bbox: 0.0458, s2.loss_cls: 0.0094, s2.acc: 98.7559, s2.loss_bbox: 0.0416, loss_bounder: 0.5675, loss_aux: 0.0000, loss: 0.7679
2026-08-16 14:37:55,487 - mmdet - INFO - Epoch [14][1600/1732]	lr: 5.000e-03, eta: 1 day, 4:06:03, time: 0.695, data_time: 0.005, memory: 17623, loss_rpn_cls: 0.0041, loss_rpn_bbox: 0.0043, s0.loss_cls: 0.0348, s0.acc: 98.7373, s0.loss_bbox: 0.0299, s1.loss_cls: 0.0119, s1.acc: 99.2218, s1.loss_bbox: 0.0446, s2.loss_cls: 0.0072, s2.acc: 99.1242, s2.loss_bbox: 0.0417, loss_bounder: 0.5666, loss_aux: 0.0000, loss: 0.7451
2026-08-16 14:39:04,351 - mmdet - INFO - Epoch [14][1700/1732]	lr: 5.000e-03, eta: 1 day, 4:05:01, time: 0.689, data_time: 0.005, memory: 17623, loss_rpn_cls: 0.0044, loss_rpn_bbox: 0.0045, s0.loss_cls: 0.0366, s0.acc: 98.6260, s0.loss_bbox: 0.0331, s1.loss_cls: 0.0140, s1.acc: 98.9611, s1.loss_bbox: 0.0485, s2.loss_cls: 0.0091, s2.acc: 98.6706, s2.loss_bbox: 0.0416, loss_bounder: 0.5550, loss_aux: 0.0000, loss: 0.7468
2026-08-16 14:39:26,951 - mmdet - INFO - Saving checkpoint at 14 epochs
2026-08-16 14:40:42,560 - mmdet - INFO - Evaluating bbox...
2026-08-16 14:40:43,502 - mmdet - INFO - 
+-----------+-------+-----------+-------+------------+-------+
| category  | AP    | category  | AP    | category   | AP    |
+-----------+-------+-----------+-------+------------+-------+
| HM        | 0.000 | LQS       | 0.103 | QHS        | 0.305 |
| MS        | 0.445 | A1_SU-35  | 0.768 | A2_C-130   | 0.741 |
| A3_C-17   | 0.781 | A4_C-5    | 0.855 | A5_F-16    | 0.684 |
| A6_TU-160 | 0.788 | A7_E-3    | 0.799 | A8_B-52    | 0.775 |
| A9_P-3C   | 0.778 | A10_B-1B  | 0.784 | A11_E-8    | 0.701 |
| A12_TU-22 | 0.783 | A13_F-15  | 0.676 | A14_KC-135 | 0.753 |
| A15_F-22  | 0.626 | A16_FA-18 | 0.747 | A17_TU-95  | 0.835 |
| A18_KC-10 | 0.690 | A19_SU-34 | 0.630 | A20_SU-24  | 0.738 |
| FSC       | 0.419 | None      | None  | None       | None  |
+-----------+-------+-----------+-------+------------+-------+
2026-08-16 14:40:43,510 - mmdet - INFO - EarlyStoppingHook: bbox_mAP=0.6480 提升幅度不足 0.0010（当前最佳 0.6570，等待 1/16）
2026-08-16 14:40:43,511 - mmdet - INFO - Exp name: aircraft_bafnet_1x.py
2026-08-16 14:40:43,511 - mmdet - INFO - Epoch(val) [14][548]	bbox_mAP: 0.6480, bbox_mAP_50: 0.8430, bbox_mAP_75: 0.7850, bbox_mAP_s: 0.0320, bbox_mAP_m: 0.6400, bbox_mAP_l: 0.6990, bbox_mAP_copypaste: 0.648 0.843 0.785 0.032 0.640 0.699
2026-08-16 14:41:55,288 - mmdet - INFO - Epoch [15][100/1732]	lr: 5.000e-03, eta: 1 day, 4:01:43, time: 0.718, data_time: 0.029, memory: 17623, loss_rpn_cls: 0.0028, loss_rpn_bbox: 0.0032, s0.loss_cls: 0.0294, s0.acc: 98.8750, s0.loss_bbox: 0.0254, s1.loss_cls: 0.0097, s1.acc: 99.3045, s1.loss_bbox: 0.0374, s2.loss_cls: 0.0053, s2.acc: 99.3059, s2.loss_bbox: 0.0365, loss_bounder: 0.5520, loss_aux: 0.0000, loss: 0.7018
2026-08-16 14:43:04,383 - mmdet - INFO - Epoch [15][200/1732]	lr: 5.000e-03, eta: 1 day, 4:00:43, time: 0.691, data_time: 0.005, memory: 17623, loss_rpn_cls: 0.0034, loss_rpn_bbox: 0.0047, s0.loss_cls: 0.0327, s0.acc: 98.8027, s0.loss_bbox: 0.0318, s1.loss_cls: 0.0108, s1.acc: 99.2200, s1.loss_bbox: 0.0440, s2.loss_cls: 0.0059, s2.acc: 99.1881, s2.loss_bbox: 0.0417, loss_bounder: 0.5540, loss_aux: 0.0000, loss: 0.7290
2026-08-16 14:44:14,544 - mmdet - INFO - Epoch [15][300/1732]	lr: 5.000e-03, eta: 1 day, 3:59:50, time: 0.702, data_time: 0.005, memory: 17623, loss_rpn_cls: 0.0028, loss_rpn_bbox: 0.0036, s0.loss_cls: 0.0331, s0.acc: 98.7578, s0.loss_bbox: 0.0278, s1.loss_cls: 0.0115, s1.acc: 99.1495, s1.loss_bbox: 0.0415, s2.loss_cls: 0.0075, s2.acc: 99.0218, s2.loss_bbox: 0.0390, loss_bounder: 0.5501, loss_aux: 0.0000, loss: 0.7171
2026-08-16 14:45:23,673 - mmdet - INFO - Epoch [15][400/1732]	lr: 5.000e-03, eta: 1 day, 3:58:50, time: 0.691, data_time: 0.005, memory: 17623, loss_rpn_cls: 0.0038, loss_rpn_bbox: 0.0042, s0.loss_cls: 0.0343, s0.acc: 98.7734, s0.loss_bbox: 0.0286, s1.loss_cls: 0.0110, s1.acc: 99.2606, s1.loss_bbox: 0.0432, s2.loss_cls: 0.0064, s2.acc: 99.0905, s2.loss_bbox: 0.0408, loss_bounder: 0.5610, loss_aux: 0.0000, loss: 0.7334
2026-08-16 14:46:32,853 - mmdet - INFO - Epoch [15][500/1732]	lr: 5.000e-03, eta: 1 day, 3:57:50, time: 0.692, data_time: 0.005, memory: 17623, loss_rpn_cls: 0.0030, loss_rpn_bbox: 0.0050, s0.loss_cls: 0.0291, s0.acc: 98.9150, s0.loss_bbox: 0.0280, s1.loss_cls: 0.0100, s1.acc: 99.2987, s1.loss_bbox: 0.0423, s2.loss_cls: 0.0060, s2.acc: 99.2653, s2.loss_bbox: 0.0384, loss_bounder: 0.5675, loss_aux: 0.0000, loss: 0.7293
2026-08-16 14:47:42,165 - mmdet - INFO - Epoch [15][600/1732]	lr: 5.000e-03, eta: 1 day, 3:56:51, time: 0.693, data_time: 0.005, memory: 17623, loss_rpn_cls: 0.0039, loss_rpn_bbox: 0.0043, s0.loss_cls: 0.0338, s0.acc: 98.7266, s0.loss_bbox: 0.0331, s1.loss_cls: 0.0125, s1.acc: 99.0898, s1.loss_bbox: 0.0469, s2.loss_cls: 0.0074, s2.acc: 98.9844, s2.loss_bbox: 0.0404, loss_bounder: 0.5609, loss_aux: 0.0000, loss: 0.7431
2026-08-16 14:48:50,552 - mmdet - INFO - Epoch [15][700/1732]	lr: 5.000e-03, eta: 1 day, 3:55:47, time: 0.684, data_time: 0.005, memory: 17623, loss_rpn_cls: 0.0036, loss_rpn_bbox: 0.0045, s0.loss_cls: 0.0303, s0.acc: 98.8525, s0.loss_bbox: 0.0279, s1.loss_cls: 0.0104, s1.acc: 99.2065, s1.loss_bbox: 0.0412, s2.loss_cls: 0.0057, s2.acc: 99.1608, s2.loss_bbox: 0.0376, loss_bounder: 0.5529, loss_aux: 0.0000, loss: 0.7141
2026-08-16 14:49:59,018 - mmdet - INFO - Epoch [15][800/1732]	lr: 5.000e-03, eta: 1 day, 3:54:43, time: 0.685, data_time: 0.005, memory: 17623, loss_rpn_cls: 0.0030, loss_rpn_bbox: 0.0039, s0.loss_cls: 0.0330, s0.acc: 98.7588, s0.loss_bbox: 0.0298, s1.loss_cls: 0.0115, s1.acc: 99.1755, s1.loss_bbox: 0.0448, s2.loss_cls: 0.0069, s2.acc: 99.0387, s2.loss_bbox: 0.0412, loss_bounder: 0.5543, loss_aux: 0.0000, loss: 0.7285
2026-08-16 14:51:08,234 - mmdet - INFO - Epoch [15][900/1732]	lr: 5.000e-03, eta: 1 day, 3:53:43, time: 0.692, data_time: 0.005, memory: 17623, loss_rpn_cls: 0.0030, loss_rpn_bbox: 0.0035, s0.loss_cls: 0.0269, s0.acc: 99.0342, s0.loss_bbox: 0.0271, s1.loss_cls: 0.0077, s1.acc: 99.4869, s1.loss_bbox: 0.0409, s2.loss_cls: 0.0049, s2.acc: 99.3712, s2.loss_bbox: 0.0373, loss_bounder: 0.5646, loss_aux: 0.0000, loss: 0.7158
2026-08-16 14:52:17,376 - mmdet - INFO - Epoch [15][1000/1732]	lr: 5.000e-03, eta: 1 day, 3:52:43, time: 0.691, data_time: 0.005, memory: 17623, loss_rpn_cls: 0.0033, loss_rpn_bbox: 0.0038, s0.loss_cls: 0.0336, s0.acc: 98.7305, s0.loss_bbox: 0.0294, s1.loss_cls: 0.0114, s1.acc: 99.0997, s1.loss_bbox: 0.0434, s2.loss_cls: 0.0065, s2.acc: 99.0684, s2.loss_bbox: 0.0406, loss_bounder: 0.5494, loss_aux: 0.0000, loss: 0.7214
2026-08-16 14:53:26,210 - mmdet - INFO - Epoch [15][1100/1732]	lr: 5.000e-03, eta: 1 day, 3:51:41, time: 0.688, data_time: 0.005, memory: 17623, loss_rpn_cls: 0.0036, loss_rpn_bbox: 0.0037, s0.loss_cls: 0.0342, s0.acc: 98.6826, s0.loss_bbox: 0.0321, s1.loss_cls: 0.0117, s1.acc: 99.1645, s1.loss_bbox: 0.0470, s2.loss_cls: 0.0066, s2.acc: 99.1286, s2.loss_bbox: 0.0432, loss_bounder: 0.5658, loss_aux: 0.0000, loss: 0.7479
2026-08-16 14:54:35,458 - mmdet - INFO - Epoch [15][1200/1732]	lr: 5.000e-03, eta: 1 day, 3:50:41, time: 0.692, data_time: 0.005, memory: 17623, loss_rpn_cls: 0.0037, loss_rpn_bbox: 0.0043, s0.loss_cls: 0.0340, s0.acc: 98.6895, s0.loss_bbox: 0.0307, s1.loss_cls: 0.0120, s1.acc: 99.1130, s1.loss_bbox: 0.0466, s2.loss_cls: 0.0068, s2.acc: 99.0884, s2.loss_bbox: 0.0424, loss_bounder: 0.5590, loss_aux: 0.0000, loss: 0.7396
2026-08-16 14:55:44,098 - mmdet - INFO - Epoch [15][1300/1732]	lr: 5.000e-03, eta: 1 day, 3:49:38, time: 0.686, data_time: 0.005, memory: 17623, loss_rpn_cls: 0.0032, loss_rpn_bbox: 0.0044, s0.loss_cls: 0.0339, s0.acc: 98.8154, s0.loss_bbox: 0.0276, s1.loss_cls: 0.0118, s1.acc: 99.1805, s1.loss_bbox: 0.0407, s2.loss_cls: 0.0066, s2.acc: 99.0540, s2.loss_bbox: 0.0353, loss_bounder: 0.5544, loss_aux: 0.0000, loss: 0.7179
2026-08-16 14:56:52,735 - mmdet - INFO - Epoch [15][1400/1732]	lr: 5.000e-03, eta: 1 day, 3:48:35, time: 0.686, data_time: 0.005, memory: 17623, loss_rpn_cls: 0.0040, loss_rpn_bbox: 0.0036, s0.loss_cls: 0.0308, s0.acc: 98.8408, s0.loss_bbox: 0.0272, s1.loss_cls: 0.0108, s1.acc: 99.1921, s1.loss_bbox: 0.0391, s2.loss_cls: 0.0058, s2.acc: 99.2408, s2.loss_bbox: 0.0362, loss_bounder: 0.5599, loss_aux: 0.0000, loss: 0.7175
2026-08-16 14:58:02,565 - mmdet - INFO - Epoch [15][1500/1732]	lr: 5.000e-03, eta: 1 day, 3:47:38, time: 0.698, data_time: 0.005, memory: 17623, loss_rpn_cls: 0.0038, loss_rpn_bbox: 0.0039, s0.loss_cls: 0.0297, s0.acc: 98.8916, s0.loss_bbox: 0.0262, s1.loss_cls: 0.0102, s1.acc: 99.3071, s1.loss_bbox: 0.0388, s2.loss_cls: 0.0056, s2.acc: 99.1723, s2.loss_bbox: 0.0366, loss_bounder: 0.5578, loss_aux: 0.0000, loss: 0.7128
2026-08-16 14:59:11,249 - mmdet - INFO - Epoch [15][1600/1732]	lr: 5.000e-03, eta: 1 day, 3:46:35, time: 0.687, data_time: 0.005, memory: 17623, loss_rpn_cls: 0.0032, loss_rpn_bbox: 0.0035, s0.loss_cls: 0.0328, s0.acc: 98.7959, s0.loss_bbox: 0.0293, s1.loss_cls: 0.0115, s1.acc: 99.1763, s1.loss_bbox: 0.0428, s2.loss_cls: 0.0063, s2.acc: 99.1203, s2.loss_bbox: 0.0396, loss_bounder: 0.5627, loss_aux: 0.0000, loss: 0.7317
2026-08-16 15:00:20,605 - mmdet - INFO - Epoch [15][1700/1732]	lr: 5.000e-03, eta: 1 day, 3:45:36, time: 0.694, data_time: 0.005, memory: 17623, loss_rpn_cls: 0.0037, loss_rpn_bbox: 0.0042, s0.loss_cls: 0.0309, s0.acc: 98.8789, s0.loss_bbox: 0.0295, s1.loss_cls: 0.0094, s1.acc: 99.3552, s1.loss_bbox: 0.0420, s2.loss_cls: 0.0055, s2.acc: 99.3279, s2.loss_bbox: 0.0378, loss_bounder: 0.5666, loss_aux: 0.0000, loss: 0.7296
2026-08-16 15:00:42,590 - mmdet - INFO - Saving checkpoint at 15 epochs
2026-08-16 15:01:59,079 - mmdet - INFO - Evaluating bbox...
2026-08-16 15:02:00,059 - mmdet - INFO - 
+-----------+-------+-----------+-------+------------+-------+
| category  | AP    | category  | AP    | category   | AP    |
+-----------+-------+-----------+-------+------------+-------+
| HM        | 0.353 | LQS       | 0.144 | QHS        | 0.291 |
| MS        | 0.444 | A1_SU-35  | 0.751 | A2_C-130   | 0.708 |
| A3_C-17   | 0.722 | A4_C-5    | 0.832 | A5_F-16    | 0.702 |
| A6_TU-160 | 0.680 | A7_E-3    | 0.785 | A8_B-52    | 0.795 |
| A9_P-3C   | 0.773 | A10_B-1B  | 0.780 | A11_E-8    | 0.688 |
| A12_TU-22 | 0.762 | A13_F-15  | 0.705 | A14_KC-135 | 0.735 |
| A15_F-22  | 0.588 | A16_FA-18 | 0.755 | A17_TU-95  | 0.827 |
| A18_KC-10 | 0.571 | A19_SU-34 | 0.660 | A20_SU-24  | 0.727 |
| FSC       | 0.477 | None      | None  | None       | None  |
+-----------+-------+-----------+-------+------------+-------+
2026-08-16 15:02:00,066 - mmdet - INFO - EarlyStoppingHook: bbox_mAP=0.6500 提升幅度不足 0.0010（当前最佳 0.6570，等待 2/16）
2026-08-16 15:02:00,068 - mmdet - INFO - Exp name: aircraft_bafnet_1x.py
2026-08-16 15:02:00,068 - mmdet - INFO - Epoch(val) [15][548]	bbox_mAP: 0.6500, bbox_mAP_50: 0.8610, bbox_mAP_75: 0.8030, bbox_mAP_s: 0.0780, bbox_mAP_m: 0.6220, bbox_mAP_l: 0.7060, bbox_mAP_copypaste: 0.650 0.861 0.803 0.078 0.622 0.706
2026-08-16 15:03:11,683 - mmdet - INFO - Epoch [16][100/1732]	lr: 5.000e-03, eta: 1 day, 3:42:25, time: 0.716, data_time: 0.029, memory: 17623, loss_rpn_cls: 0.0032, loss_rpn_bbox: 0.0032, s0.loss_cls: 0.0277, s0.acc: 98.9463, s0.loss_bbox: 0.0263, s1.loss_cls: 0.0092, s1.acc: 99.3650, s1.loss_bbox: 0.0371, s2.loss_cls: 0.0050, s2.acc: 99.3431, s2.loss_bbox: 0.0356, loss_bounder: 0.5523, loss_aux: 0.0000, loss: 0.6997
2026-08-16 15:04:20,233 - mmdet - INFO - Epoch [16][200/1732]	lr: 5.000e-03, eta: 1 day, 3:41:21, time: 0.685, data_time: 0.005, memory: 17623, loss_rpn_cls: 0.0045, loss_rpn_bbox: 0.0039, s0.loss_cls: 0.0311, s0.acc: 98.8809, s0.loss_bbox: 0.0256, s1.loss_cls: 0.0111, s1.acc: 99.2805, s1.loss_bbox: 0.0371, s2.loss_cls: 0.0058, s2.acc: 99.1572, s2.loss_bbox: 0.0351, loss_bounder: 0.5438, loss_aux: 0.0000, loss: 0.6981
2026-08-16 15:05:29,646 - mmdet - INFO - Epoch [16][300/1732]	lr: 5.000e-03, eta: 1 day, 3:40:22, time: 0.694, data_time: 0.005, memory: 17623, loss_rpn_cls: 0.0034, loss_rpn_bbox: 0.0039, s0.loss_cls: 0.0361, s0.acc: 98.7100, s0.loss_bbox: 0.0260, s1.loss_cls: 0.0131, s1.acc: 99.1278, s1.loss_bbox: 0.0369, s2.loss_cls: 0.0069, s2.acc: 99.0571, s2.loss_bbox: 0.0335, loss_bounder: 0.5519, loss_aux: 0.0000, loss: 0.7117
2026-08-16 15:06:38,673 - mmdet - INFO - Epoch [16][400/1732]	lr: 5.000e-03, eta: 1 day, 3:39:21, time: 0.690, data_time: 0.005, memory: 17623, loss_rpn_cls: 0.0031, loss_rpn_bbox: 0.0037, s0.loss_cls: 0.0314, s0.acc: 98.8174, s0.loss_bbox: 0.0284, s1.loss_cls: 0.0110, s1.acc: 99.2091, s1.loss_bbox: 0.0427, s2.loss_cls: 0.0072, s2.acc: 99.0010, s2.loss_bbox: 0.0369, loss_bounder: 0.5510, loss_aux: 0.0000, loss: 0.7156
2026-08-16 15:07:47,678 - mmdet - INFO - Epoch [16][500/1732]	lr: 5.000e-03, eta: 1 day, 3:38:20, time: 0.690, data_time: 0.005, memory: 17623, loss_rpn_cls: 0.0032, loss_rpn_bbox: 0.0040, s0.loss_cls: 0.0330, s0.acc: 98.7764, s0.loss_bbox: 0.0307, s1.loss_cls: 0.0118, s1.acc: 99.1478, s1.loss_bbox: 0.0421, s2.loss_cls: 0.0067, s2.acc: 99.0598, s2.loss_bbox: 0.0379, loss_bounder: 0.5613, loss_aux: 0.0000, loss: 0.7307
2026-08-16 15:08:57,346 - mmdet - INFO - Epoch [16][600/1732]	lr: 5.000e-03, eta: 1 day, 3:37:22, time: 0.697, data_time: 0.005, memory: 17623, loss_rpn_cls: 0.0020, loss_rpn_bbox: 0.0040, s0.loss_cls: 0.0308, s0.acc: 98.8115, s0.loss_bbox: 0.0257, s1.loss_cls: 0.0091, s1.acc: 99.3492, s1.loss_bbox: 0.0376, s2.loss_cls: 0.0051, s2.acc: 99.2557, s2.loss_bbox: 0.0347, loss_bounder: 0.5621, loss_aux: 0.0000, loss: 0.7111
2026-08-16 15:10:06,667 - mmdet - INFO - Epoch [16][700/1732]	lr: 5.000e-03, eta: 1 day, 3:36:23, time: 0.693, data_time: 0.005, memory: 17623, loss_rpn_cls: 0.0031, loss_rpn_bbox: 0.0036, s0.loss_cls: 0.0283, s0.acc: 98.9795, s0.loss_bbox: 0.0255, s1.loss_cls: 0.0092, s1.acc: 99.3830, s1.loss_bbox: 0.0375, s2.loss_cls: 0.0053, s2.acc: 99.3226, s2.loss_bbox: 0.0356, loss_bounder: 0.5412, loss_aux: 0.0000, loss: 0.6892
2026-08-16 15:11:15,709 - mmdet - INFO - Epoch [16][800/1732]	lr: 5.000e-03, eta: 1 day, 3:35:22, time: 0.690, data_time: 0.005, memory: 17623, loss_rpn_cls: 0.0025, loss_rpn_bbox: 0.0032, s0.loss_cls: 0.0266, s0.acc: 98.9883, s0.loss_bbox: 0.0250, s1.loss_cls: 0.0086, s1.acc: 99.3624, s1.loss_bbox: 0.0379, s2.loss_cls: 0.0055, s2.acc: 99.2815, s2.loss_bbox: 0.0354, loss_bounder: 0.5460, loss_aux: 0.0000, loss: 0.6908
2026-08-16 15:12:25,151 - mmdet - INFO - Epoch [16][900/1732]	lr: 5.000e-03, eta: 1 day, 3:34:23, time: 0.694, data_time: 0.005, memory: 17623, loss_rpn_cls: 0.0025, loss_rpn_bbox: 0.0034, s0.loss_cls: 0.0287, s0.acc: 98.9346, s0.loss_bbox: 0.0262, s1.loss_cls: 0.0099, s1.acc: 99.2896, s1.loss_bbox: 0.0396, s2.loss_cls: 0.0056, s2.acc: 99.2284, s2.loss_bbox: 0.0374, loss_bounder: 0.5592, loss_aux: 0.0000, loss: 0.7126
2026-08-16 15:13:34,692 - mmdet - INFO - Epoch [16][1000/1732]	lr: 5.000e-03, eta: 1 day, 3:33:24, time: 0.695, data_time: 0.005, memory: 17623, loss_rpn_cls: 0.0025, loss_rpn_bbox: 0.0039, s0.loss_cls: 0.0306, s0.acc: 98.8643, s0.loss_bbox: 0.0295, s1.loss_cls: 0.0101, s1.acc: 99.2823, s1.loss_bbox: 0.0442, s2.loss_cls: 0.0062, s2.acc: 99.1833, s2.loss_bbox: 0.0405, loss_bounder: 0.5567, loss_aux: 0.0000, loss: 0.7243
2026-08-16 15:14:45,011 - mmdet - INFO - Epoch [16][1100/1732]	lr: 5.000e-03, eta: 1 day, 3:32:29, time: 0.703, data_time: 0.005, memory: 17623, loss_rpn_cls: 0.0023, loss_rpn_bbox: 0.0034, s0.loss_cls: 0.0271, s0.acc: 99.0215, s0.loss_bbox: 0.0238, s1.loss_cls: 0.0085, s1.acc: 99.4076, s1.loss_bbox: 0.0345, s2.loss_cls: 0.0046, s2.acc: 99.4570, s2.loss_bbox: 0.0329, loss_bounder: 0.5455, loss_aux: 0.0000, loss: 0.6825
2026-08-16 15:15:54,245 - mmdet - INFO - Epoch [16][1200/1732]	lr: 5.000e-03, eta: 1 day, 3:31:29, time: 0.692, data_time: 0.005, memory: 17623, loss_rpn_cls: 0.0024, loss_rpn_bbox: 0.0030, s0.loss_cls: 0.0265, s0.acc: 98.9990, s0.loss_bbox: 0.0247, s1.loss_cls: 0.0083, s1.acc: 99.4017, s1.loss_bbox: 0.0391, s2.loss_cls: 0.0045, s2.acc: 99.4144, s2.loss_bbox: 0.0386, loss_bounder: 0.5618, loss_aux: 0.0000, loss: 0.7090
2026-08-16 15:17:02,963 - mmdet - INFO - Epoch [16][1300/1732]	lr: 5.000e-03, eta: 1 day, 3:30:26, time: 0.687, data_time: 0.005, memory: 17623, loss_rpn_cls: 0.0034, loss_rpn_bbox: 0.0038, s0.loss_cls: 0.0262, s0.acc: 98.9932, s0.loss_bbox: 0.0262, s1.loss_cls: 0.0081, s1.acc: 99.3953, s1.loss_bbox: 0.0380, s2.loss_cls: 0.0046, s2.acc: 99.3658, s2.loss_bbox: 0.0359, loss_bounder: 0.5768, loss_aux: 0.0000, loss: 0.7229
2026-08-16 15:18:11,794 - mmdet - INFO - Epoch [16][1400/1732]	lr: 5.000e-03, eta: 1 day, 3:29:23, time: 0.688, data_time: 0.005, memory: 17623, loss_rpn_cls: 0.0030, loss_rpn_bbox: 0.0030, s0.loss_cls: 0.0253, s0.acc: 99.0430, s0.loss_bbox: 0.0230, s1.loss_cls: 0.0078, s1.acc: 99.4332, s1.loss_bbox: 0.0342, s2.loss_cls: 0.0047, s2.acc: 99.3435, s2.loss_bbox: 0.0328, loss_bounder: 0.5813, loss_aux: 0.0000, loss: 0.7151
2026-08-16 15:19:20,628 - mmdet - INFO - Epoch [16][1500/1732]	lr: 5.000e-03, eta: 1 day, 3:28:20, time: 0.688, data_time: 0.005, memory: 17623, loss_rpn_cls: 0.0031, loss_rpn_bbox: 0.0039, s0.loss_cls: 0.0283, s0.acc: 98.9092, s0.loss_bbox: 0.0278, s1.loss_cls: 0.0092, s1.acc: 99.3283, s1.loss_bbox: 0.0421, s2.loss_cls: 0.0052, s2.acc: 99.2589, s2.loss_bbox: 0.0382, loss_bounder: 0.5618, loss_aux: 0.0000, loss: 0.7196
2026-08-16 15:20:29,863 - mmdet - INFO - Epoch [16][1600/1732]	lr: 5.000e-03, eta: 1 day, 3:27:20, time: 0.692, data_time: 0.005, memory: 17623, loss_rpn_cls: 0.0037, loss_rpn_bbox: 0.0047, s0.loss_cls: 0.0311, s0.acc: 98.8535, s0.loss_bbox: 0.0308, s1.loss_cls: 0.0112, s1.acc: 99.1606, s1.loss_bbox: 0.0420, s2.loss_cls: 0.0063, s2.acc: 99.0819, s2.loss_bbox: 0.0362, loss_bounder: 0.5644, loss_aux: 0.0000, loss: 0.7303
2026-08-16 15:21:38,652 - mmdet - INFO - Epoch [16][1700/1732]	lr: 5.000e-03, eta: 1 day, 3:26:17, time: 0.688, data_time: 0.005, memory: 17623, loss_rpn_cls: 0.0029, loss_rpn_bbox: 0.0030, s0.loss_cls: 0.0237, s0.acc: 99.1025, s0.loss_bbox: 0.0218, s1.loss_cls: 0.0076, s1.acc: 99.4413, s1.loss_bbox: 0.0338, s2.loss_cls: 0.0039, s2.acc: 99.4487, s2.loss_bbox: 0.0339, loss_bounder: 0.5724, loss_aux: 0.0000, loss: 0.7031
2026-08-16 15:22:00,625 - mmdet - INFO - Saving checkpoint at 16 epochs
2026-08-16 15:23:16,935 - mmdet - INFO - Evaluating bbox...
2026-08-16 15:23:17,886 - mmdet - INFO - 
+-----------+-------+-----------+-------+------------+-------+
| category  | AP    | category  | AP    | category   | AP    |
+-----------+-------+-----------+-------+------------+-------+
| HM        | 0.126 | LQS       | 0.139 | QHS        | 0.317 |
| MS        | 0.407 | A1_SU-35  | 0.753 | A2_C-130   | 0.726 |
| A3_C-17   | 0.764 | A4_C-5    | 0.857 | A5_F-16    | 0.708 |
| A6_TU-160 | 0.805 | A7_E-3    | 0.795 | A8_B-52    | 0.774 |
| A9_P-3C   | 0.782 | A10_B-1B  | 0.784 | A11_E-8    | 0.662 |
| A12_TU-22 | 0.754 | A13_F-15  | 0.687 | A14_KC-135 | 0.743 |
| A15_F-22  | 0.649 | A16_FA-18 | 0.753 | A17_TU-95  | 0.843 |
| A18_KC-10 | 0.666 | A19_SU-34 | 0.774 | A20_SU-24  | 0.733 |
| FSC       | 0.397 | None      | None  | None       | None  |
+-----------+-------+-----------+-------+------------+-------+
2026-08-16 15:23:17,894 - mmdet - INFO - EarlyStoppingHook: bbox_mAP=0.6560 提升幅度不足 0.0010（当前最佳 0.6570，等待 3/16）
2026-08-16 15:23:17,895 - mmdet - INFO - Exp name: aircraft_bafnet_1x.py
2026-08-16 15:23:17,895 - mmdet - INFO - Epoch(val) [16][548]	bbox_mAP: 0.6560, bbox_mAP_50: 0.8590, bbox_mAP_75: 0.7930, bbox_mAP_s: 0.0540, bbox_mAP_m: 0.6440, bbox_mAP_l: 0.7050, bbox_mAP_copypaste: 0.656 0.859 0.793 0.054 0.644 0.705
2026-08-16 15:24:29,134 - mmdet - INFO - Epoch [17][100/1732]	lr: 5.000e-03, eta: 1 day, 3:23:11, time: 0.712, data_time: 0.028, memory: 17623, loss_rpn_cls: 0.0034, loss_rpn_bbox: 0.0048, s0.loss_cls: 0.0271, s0.acc: 98.9629, s0.loss_bbox: 0.0282, s1.loss_cls: 0.0095, s1.acc: 99.3264, s1.loss_bbox: 0.0402, s2.loss_cls: 0.0057, s2.acc: 99.1273, s2.loss_bbox: 0.0371, loss_bounder: 0.5533, loss_aux: 0.0000, loss: 0.7093
2026-08-16 15:25:38,235 - mmdet - INFO - Epoch [17][200/1732]	lr: 5.000e-03, eta: 1 day, 3:22:10, time: 0.691, data_time: 0.005, memory: 17623, loss_rpn_cls: 0.0028, loss_rpn_bbox: 0.0040, s0.loss_cls: 0.0299, s0.acc: 98.8896, s0.loss_bbox: 0.0237, s1.loss_cls: 0.0097, s1.acc: 99.3182, s1.loss_bbox: 0.0337, s2.loss_cls: 0.0050, s2.acc: 99.3254, s2.loss_bbox: 0.0325, loss_bounder: 0.5791, loss_aux: 0.0000, loss: 0.7205
2026-08-16 15:26:46,905 - mmdet - INFO - Epoch [17][300/1732]	lr: 5.000e-03, eta: 1 day, 3:21:06, time: 0.687, data_time: 0.005, memory: 17623, loss_rpn_cls: 0.0022, loss_rpn_bbox: 0.0032, s0.loss_cls: 0.0252, s0.acc: 99.0527, s0.loss_bbox: 0.0228, s1.loss_cls: 0.0079, s1.acc: 99.4368, s1.loss_bbox: 0.0336, s2.loss_cls: 0.0044, s2.acc: 99.3930, s2.loss_bbox: 0.0329, loss_bounder: 0.5671, loss_aux: 0.0000, loss: 0.6993
2026-08-16 15:27:55,939 - mmdet - INFO - Epoch [17][400/1732]	lr: 5.000e-03, eta: 1 day, 3:20:05, time: 0.690, data_time: 0.005, memory: 17623, loss_rpn_cls: 0.0036, loss_rpn_bbox: 0.0036, s0.loss_cls: 0.0261, s0.acc: 98.9990, s0.loss_bbox: 0.0268, s1.loss_cls: 0.0089, s1.acc: 99.3546, s1.loss_bbox: 0.0393, s2.loss_cls: 0.0051, s2.acc: 99.2588, s2.loss_bbox: 0.0359, loss_bounder: 0.5704, loss_aux: 0.0000, loss: 0.7198
2026-08-16 15:29:04,987 - mmdet - INFO - Epoch [17][500/1732]	lr: 5.000e-03, eta: 1 day, 3:19:03, time: 0.690, data_time: 0.005, memory: 17623, loss_rpn_cls: 0.0032, loss_rpn_bbox: 0.0042, s0.loss_cls: 0.0298, s0.acc: 98.8857, s0.loss_bbox: 0.0303, s1.loss_cls: 0.0106, s1.acc: 99.2040, s1.loss_bbox: 0.0437, s2.loss_cls: 0.0060, s2.acc: 99.1277, s2.loss_bbox: 0.0380, loss_bounder: 0.5589, loss_aux: 0.0000, loss: 0.7246
2026-08-16 15:30:13,974 - mmdet - INFO - Epoch [17][600/1732]	lr: 5.000e-03, eta: 1 day, 3:18:01, time: 0.690, data_time: 0.005, memory: 17623, loss_rpn_cls: 0.0033, loss_rpn_bbox: 0.0033, s0.loss_cls: 0.0278, s0.acc: 98.9795, s0.loss_bbox: 0.0232, s1.loss_cls: 0.0077, s1.acc: 99.4998, s1.loss_bbox: 0.0341, s2.loss_cls: 0.0046, s2.acc: 99.4682, s2.loss_bbox: 0.0326, loss_bounder: 0.5777, loss_aux: 0.0000, loss: 0.7144
2026-08-16 15:31:22,605 - mmdet - INFO - Epoch [17][700/1732]	lr: 5.000e-03, eta: 1 day, 3:16:58, time: 0.686, data_time: 0.005, memory: 17623, loss_rpn_cls: 0.0027, loss_rpn_bbox: 0.0038, s0.loss_cls: 0.0273, s0.acc: 98.9961, s0.loss_bbox: 0.0275, s1.loss_cls: 0.0094, s1.acc: 99.3445, s1.loss_bbox: 0.0392, s2.loss_cls: 0.0059, s2.acc: 99.1190, s2.loss_bbox: 0.0350, loss_bounder: 0.5723, loss_aux: 0.0000, loss: 0.7230
2026-08-16 15:32:31,873 - mmdet - INFO - Epoch [17][800/1732]	lr: 5.000e-03, eta: 1 day, 3:15:57, time: 0.693, data_time: 0.005, memory: 17623, loss_rpn_cls: 0.0035, loss_rpn_bbox: 0.0037, s0.loss_cls: 0.0307, s0.acc: 98.7881, s0.loss_bbox: 0.0270, s1.loss_cls: 0.0106, s1.acc: 99.1133, s1.loss_bbox: 0.0382, s2.loss_cls: 0.0057, s2.acc: 99.1593, s2.loss_bbox: 0.0351, loss_bounder: 0.5562, loss_aux: 0.0000, loss: 0.7108
2026-08-16 15:33:41,020 - mmdet - INFO - Epoch [17][900/1732]	lr: 5.000e-03, eta: 1 day, 3:14:56, time: 0.691, data_time: 0.005, memory: 17623, loss_rpn_cls: 0.0031, loss_rpn_bbox: 0.0039, s0.loss_cls: 0.0285, s0.acc: 98.9258, s0.loss_bbox: 0.0254, s1.loss_cls: 0.0095, s1.acc: 99.3307, s1.loss_bbox: 0.0382, s2.loss_cls: 0.0055, s2.acc: 99.2170, s2.loss_bbox: 0.0365, loss_bounder: 0.5403, loss_aux: 0.0000, loss: 0.6910
2026-08-16 15:34:49,781 - mmdet - INFO - Epoch [17][1000/1732]	lr: 5.000e-03, eta: 1 day, 3:13:53, time: 0.688, data_time: 0.005, memory: 17623, loss_rpn_cls: 0.0031, loss_rpn_bbox: 0.0028, s0.loss_cls: 0.0237, s0.acc: 99.1455, s0.loss_bbox: 0.0196, s1.loss_cls: 0.0075, s1.acc: 99.4866, s1.loss_bbox: 0.0304, s2.loss_cls: 0.0039, s2.acc: 99.5248, s2.loss_bbox: 0.0296, loss_bounder: 0.5535, loss_aux: 0.0000, loss: 0.6742
2026-08-16 15:35:58,254 - mmdet - INFO - Epoch [17][1100/1732]	lr: 5.000e-03, eta: 1 day, 3:12:48, time: 0.685, data_time: 0.005, memory: 17623, loss_rpn_cls: 0.0028, loss_rpn_bbox: 0.0028, s0.loss_cls: 0.0239, s0.acc: 99.1221, s0.loss_bbox: 0.0209, s1.loss_cls: 0.0075, s1.acc: 99.4654, s1.loss_bbox: 0.0328, s2.loss_cls: 0.0047, s2.acc: 99.4203, s2.loss_bbox: 0.0317, loss_bounder: 0.5615, loss_aux: 0.0000, loss: 0.6886
2026-08-16 15:37:07,268 - mmdet - INFO - Epoch [17][1200/1732]	lr: 5.000e-03, eta: 1 day, 3:11:46, time: 0.690, data_time: 0.005, memory: 17623, loss_rpn_cls: 0.0027, loss_rpn_bbox: 0.0031, s0.loss_cls: 0.0276, s0.acc: 98.9932, s0.loss_bbox: 0.0238, s1.loss_cls: 0.0097, s1.acc: 99.2976, s1.loss_bbox: 0.0346, s2.loss_cls: 0.0055, s2.acc: 99.2781, s2.loss_bbox: 0.0327, loss_bounder: 0.5495, loss_aux: 0.0000, loss: 0.6892
2026-08-16 15:38:16,139 - mmdet - INFO - Epoch [17][1300/1732]	lr: 5.000e-03, eta: 1 day, 3:10:43, time: 0.689, data_time: 0.005, memory: 17623, loss_rpn_cls: 0.0028, loss_rpn_bbox: 0.0035, s0.loss_cls: 0.0232, s0.acc: 99.1904, s0.loss_bbox: 0.0225, s1.loss_cls: 0.0079, s1.acc: 99.5016, s1.loss_bbox: 0.0331, s2.loss_cls: 0.0041, s2.acc: 99.4402, s2.loss_bbox: 0.0314, loss_bounder: 0.5382, loss_aux: 0.0000, loss: 0.6668
2026-08-16 15:39:24,967 - mmdet - INFO - Epoch [17][1400/1732]	lr: 5.000e-03, eta: 1 day, 3:09:40, time: 0.688, data_time: 0.005, memory: 17623, loss_rpn_cls: 0.0027, loss_rpn_bbox: 0.0030, s0.loss_cls: 0.0245, s0.acc: 99.0938, s0.loss_bbox: 0.0225, s1.loss_cls: 0.0070, s1.acc: 99.4921, s1.loss_bbox: 0.0342, s2.loss_cls: 0.0038, s2.acc: 99.4573, s2.loss_bbox: 0.0330, loss_bounder: 0.5572, loss_aux: 0.0000, loss: 0.6877
2026-08-16 15:40:33,288 - mmdet - INFO - Epoch [17][1500/1732]	lr: 5.000e-03, eta: 1 day, 3:08:34, time: 0.683, data_time: 0.005, memory: 17623, loss_rpn_cls: 0.0023, loss_rpn_bbox: 0.0034, s0.loss_cls: 0.0243, s0.acc: 99.0938, s0.loss_bbox: 0.0242, s1.loss_cls: 0.0079, s1.acc: 99.4342, s1.loss_bbox: 0.0369, s2.loss_cls: 0.0046, s2.acc: 99.3905, s2.loss_bbox: 0.0348, loss_bounder: 0.5356, loss_aux: 0.0000, loss: 0.6740
2026-08-16 15:41:41,965 - mmdet - INFO - Epoch [17][1600/1732]	lr: 5.000e-03, eta: 1 day, 3:07:30, time: 0.687, data_time: 0.005, memory: 17623, loss_rpn_cls: 0.0028, loss_rpn_bbox: 0.0031, s0.loss_cls: 0.0355, s0.acc: 98.7627, s0.loss_bbox: 0.0269, s1.loss_cls: 0.0122, s1.acc: 99.1465, s1.loss_bbox: 0.0400, s2.loss_cls: 0.0069, s2.acc: 99.0231, s2.loss_bbox: 0.0381, loss_bounder: 0.5585, loss_aux: 0.0000, loss: 0.7240
2026-08-16 15:42:51,539 - mmdet - INFO - Epoch [17][1700/1732]	lr: 5.000e-03, eta: 1 day, 3:06:31, time: 0.696, data_time: 0.005, memory: 17623, loss_rpn_cls: 0.0033, loss_rpn_bbox: 0.0040, s0.loss_cls: 0.0329, s0.acc: 98.8115, s0.loss_bbox: 0.0266, s1.loss_cls: 0.0113, s1.acc: 99.2407, s1.loss_bbox: 0.0389, s2.loss_cls: 0.0064, s2.acc: 99.1489, s2.loss_bbox: 0.0359, loss_bounder: 0.5415, loss_aux: 0.0000, loss: 0.7008
2026-08-16 15:43:13,761 - mmdet - INFO - Saving checkpoint at 17 epochs
2026-08-16 15:44:30,500 - mmdet - INFO - Evaluating bbox...
2026-08-16 15:44:31,429 - mmdet - INFO - 
+-----------+-------+-----------+-------+------------+-------+
| category  | AP    | category  | AP    | category   | AP    |
+-----------+-------+-----------+-------+------------+-------+
| HM        | 0.000 | LQS       | 0.116 | QHS        | 0.318 |
| MS        | 0.407 | A1_SU-35  | 0.770 | A2_C-130   | 0.718 |
| A3_C-17   | 0.778 | A4_C-5    | 0.825 | A5_F-16    | 0.699 |
| A6_TU-160 | 0.811 | A7_E-3    | 0.780 | A8_B-52    | 0.781 |
| A9_P-3C   | 0.770 | A10_B-1B  | 0.797 | A11_E-8    | 0.696 |
| A12_TU-22 | 0.758 | A13_F-15  | 0.693 | A14_KC-135 | 0.732 |
| A15_F-22  | 0.579 | A16_FA-18 | 0.723 | A17_TU-95  | 0.819 |
| A18_KC-10 | 0.666 | A19_SU-34 | 0.727 | A20_SU-24  | 0.761 |
| FSC       | 0.414 | None      | None  | None       | None  |
+-----------+-------+-----------+-------+------------+-------+
2026-08-16 15:44:31,438 - mmdet - INFO - EarlyStoppingHook: bbox_mAP=0.6450 提升幅度不足 0.0010（当前最佳 0.6570，等待 4/16）
2026-08-16 15:44:31,439 - mmdet - INFO - Exp name: aircraft_bafnet_1x.py
2026-08-16 15:44:31,439 - mmdet - INFO - Epoch(val) [17][548]	bbox_mAP: 0.6450, bbox_mAP_50: 0.8420, bbox_mAP_75: 0.7870, bbox_mAP_s: 0.1060, bbox_mAP_m: 0.6400, bbox_mAP_l: 0.6880, bbox_mAP_copypaste: 0.645 0.842 0.787 0.106 0.640 0.688
2026-08-16 15:45:42,636 - mmdet - INFO - Epoch [18][100/1732]	lr: 5.000e-03, eta: 1 day, 3:03:32, time: 0.712, data_time: 0.028, memory: 17623, loss_rpn_cls: 0.0027, loss_rpn_bbox: 0.0031, s0.loss_cls: 0.0263, s0.acc: 99.0361, s0.loss_bbox: 0.0233, s1.loss_cls: 0.0091, s1.acc: 99.3450, s1.loss_bbox: 0.0339, s2.loss_cls: 0.0052, s2.acc: 99.2756, s2.loss_bbox: 0.0319, loss_bounder: 0.5550, loss_aux: 0.0000, loss: 0.6906
2026-08-16 15:46:51,151 - mmdet - INFO - Epoch [18][200/1732]	lr: 5.000e-03, eta: 1 day, 3:02:27, time: 0.685, data_time: 0.005, memory: 17623, loss_rpn_cls: 0.0030, loss_rpn_bbox: 0.0033, s0.loss_cls: 0.0259, s0.acc: 99.0000, s0.loss_bbox: 0.0250, s1.loss_cls: 0.0094, s1.acc: 99.2915, s1.loss_bbox: 0.0381, s2.loss_cls: 0.0050, s2.acc: 99.2468, s2.loss_bbox: 0.0356, loss_bounder: 0.5605, loss_aux: 0.0000, loss: 0.7060
2026-08-16 15:47:59,953 - mmdet - INFO - Epoch [18][300/1732]	lr: 5.000e-03, eta: 1 day, 3:01:24, time: 0.688, data_time: 0.005, memory: 17623, loss_rpn_cls: 0.0026, loss_rpn_bbox: 0.0028, s0.loss_cls: 0.0250, s0.acc: 99.0791, s0.loss_bbox: 0.0239, s1.loss_cls: 0.0082, s1.acc: 99.3815, s1.loss_bbox: 0.0363, s2.loss_cls: 0.0050, s2.acc: 99.2254, s2.loss_bbox: 0.0333, loss_bounder: 0.5729, loss_aux: 0.0000, loss: 0.7100
2026-08-16 15:49:08,478 - mmdet - INFO - Epoch [18][400/1732]	lr: 5.000e-03, eta: 1 day, 3:00:20, time: 0.685, data_time: 0.005, memory: 17623, loss_rpn_cls: 0.0028, loss_rpn_bbox: 0.0034, s0.loss_cls: 0.0265, s0.acc: 98.9805, s0.loss_bbox: 0.0226, s1.loss_cls: 0.0078, s1.acc: 99.4386, s1.loss_bbox: 0.0332, s2.loss_cls: 0.0042, s2.acc: 99.4149, s2.loss_bbox: 0.0327, loss_bounder: 0.5712, loss_aux: 0.0000, loss: 0.7045
2026-08-16 15:50:17,257 - mmdet - INFO - Epoch [18][500/1732]	lr: 5.000e-03, eta: 1 day, 2:59:17, time: 0.688, data_time: 0.005, memory: 17623, loss_rpn_cls: 0.0028, loss_rpn_bbox: 0.0026, s0.loss_cls: 0.0272, s0.acc: 98.9619, s0.loss_bbox: 0.0199, s1.loss_cls: 0.0094, s1.acc: 99.2903, s1.loss_bbox: 0.0297, s2.loss_cls: 0.0049, s2.acc: 99.3362, s2.loss_bbox: 0.0291, loss_bounder: 0.5488, loss_aux: 0.0000, loss: 0.6745
2026-08-16 15:51:26,935 - mmdet - INFO - Epoch [18][600/1732]	lr: 5.000e-03, eta: 1 day, 2:58:18, time: 0.697, data_time: 0.005, memory: 17623, loss_rpn_cls: 0.0024, loss_rpn_bbox: 0.0032, s0.loss_cls: 0.0248, s0.acc: 99.0615, s0.loss_bbox: 0.0232, s1.loss_cls: 0.0073, s1.acc: 99.4556, s1.loss_bbox: 0.0341, s2.loss_cls: 0.0042, s2.acc: 99.3997, s2.loss_bbox: 0.0323, loss_bounder: 0.5616, loss_aux: 0.0000, loss: 0.6930
2026-08-16 15:52:35,486 - mmdet - INFO - Epoch [18][700/1732]	lr: 5.000e-03, eta: 1 day, 2:57:13, time: 0.686, data_time: 0.005, memory: 17623, loss_rpn_cls: 0.0029, loss_rpn_bbox: 0.0036, s0.loss_cls: 0.0247, s0.acc: 99.0889, s0.loss_bbox: 0.0242, s1.loss_cls: 0.0076, s1.acc: 99.4322, s1.loss_bbox: 0.0349, s2.loss_cls: 0.0043, s2.acc: 99.3749, s2.loss_bbox: 0.0325, loss_bounder: 0.5697, loss_aux: 0.0000, loss: 0.7044
2026-08-16 15:53:44,330 - mmdet - INFO - Epoch [18][800/1732]	lr: 5.000e-03, eta: 1 day, 2:56:10, time: 0.688, data_time: 0.005, memory: 17623, loss_rpn_cls: 0.0040, loss_rpn_bbox: 0.0038, s0.loss_cls: 0.0313, s0.acc: 98.8721, s0.loss_bbox: 0.0230, s1.loss_cls: 0.0108, s1.acc: 99.2080, s1.loss_bbox: 0.0323, s2.loss_cls: 0.0056, s2.acc: 99.1657, s2.loss_bbox: 0.0310, loss_bounder: 0.5333, loss_aux: 0.0000, loss: 0.6751
2026-08-16 15:54:53,352 - mmdet - INFO - Epoch [18][900/1732]	lr: 5.000e-03, eta: 1 day, 2:55:08, time: 0.690, data_time: 0.005, memory: 17623, loss_rpn_cls: 0.0031, loss_rpn_bbox: 0.0031, s0.loss_cls: 0.0225, s0.acc: 99.1689, s0.loss_bbox: 0.0212, s1.loss_cls: 0.0075, s1.acc: 99.4671, s1.loss_bbox: 0.0303, s2.loss_cls: 0.0043, s2.acc: 99.3748, s2.loss_bbox: 0.0271, loss_bounder: 0.5612, loss_aux: 0.0000, loss: 0.6803
2026-08-16 15:56:02,102 - mmdet - INFO - Epoch [18][1000/1732]	lr: 5.000e-03, eta: 1 day, 2:54:05, time: 0.687, data_time: 0.005, memory: 17623, loss_rpn_cls: 0.0029, loss_rpn_bbox: 0.0032, s0.loss_cls: 0.0289, s0.acc: 98.9014, s0.loss_bbox: 0.0286, s1.loss_cls: 0.0088, s1.acc: 99.3648, s1.loss_bbox: 0.0396, s2.loss_cls: 0.0049, s2.acc: 99.3032, s2.loss_bbox: 0.0362, loss_bounder: 0.5653, loss_aux: 0.0000, loss: 0.7184
2026-08-16 15:57:11,299 - mmdet - INFO - Epoch [18][1100/1732]	lr: 5.000e-03, eta: 1 day, 2:53:03, time: 0.692, data_time: 0.005, memory: 17623, loss_rpn_cls: 0.0022, loss_rpn_bbox: 0.0027, s0.loss_cls: 0.0236, s0.acc: 99.1289, s0.loss_bbox: 0.0214, s1.loss_cls: 0.0072, s1.acc: 99.4778, s1.loss_bbox: 0.0330, s2.loss_cls: 0.0044, s2.acc: 99.3660, s2.loss_bbox: 0.0306, loss_bounder: 0.5607, loss_aux: 0.0000, loss: 0.6858
2026-08-16 15:58:20,445 - mmdet - INFO - Epoch [18][1200/1732]	lr: 5.000e-03, eta: 1 day, 2:52:01, time: 0.691, data_time: 0.005, memory: 17623, loss_rpn_cls: 0.0030, loss_rpn_bbox: 0.0032, s0.loss_cls: 0.0279, s0.acc: 98.9512, s0.loss_bbox: 0.0220, s1.loss_cls: 0.0084, s1.acc: 99.3792, s1.loss_bbox: 0.0320, s2.loss_cls: 0.0044, s2.acc: 99.4111, s2.loss_bbox: 0.0317, loss_bounder: 0.5379, loss_aux: 0.0000, loss: 0.6706
2026-08-16 15:59:29,115 - mmdet - INFO - Epoch [18][1300/1732]	lr: 5.000e-03, eta: 1 day, 2:50:57, time: 0.687, data_time: 0.005, memory: 17623, loss_rpn_cls: 0.0025, loss_rpn_bbox: 0.0024, s0.loss_cls: 0.0235, s0.acc: 99.1357, s0.loss_bbox: 0.0178, s1.loss_cls: 0.0066, s1.acc: 99.5568, s1.loss_bbox: 0.0276, s2.loss_cls: 0.0038, s2.acc: 99.5271, s2.loss_bbox: 0.0280, loss_bounder: 0.5737, loss_aux: 0.0000, loss: 0.6860
2026-08-16 16:00:38,354 - mmdet - INFO - Epoch [18][1400/1732]	lr: 5.000e-03, eta: 1 day, 2:49:56, time: 0.692, data_time: 0.005, memory: 17623, loss_rpn_cls: 0.0034, loss_rpn_bbox: 0.0034, s0.loss_cls: 0.0262, s0.acc: 99.0146, s0.loss_bbox: 0.0223, s1.loss_cls: 0.0087, s1.acc: 99.3891, s1.loss_bbox: 0.0327, s2.loss_cls: 0.0046, s2.acc: 99.3644, s2.loss_bbox: 0.0318, loss_bounder: 0.5355, loss_aux: 0.0000, loss: 0.6685
2026-08-16 16:01:47,012 - mmdet - INFO - Epoch [18][1500/1732]	lr: 5.000e-03, eta: 1 day, 2:48:52, time: 0.687, data_time: 0.005, memory: 17623, loss_rpn_cls: 0.0032, loss_rpn_bbox: 0.0034, s0.loss_cls: 0.0268, s0.acc: 98.9863, s0.loss_bbox: 0.0243, s1.loss_cls: 0.0081, s1.acc: 99.4497, s1.loss_bbox: 0.0349, s2.loss_cls: 0.0048, s2.acc: 99.3744, s2.loss_bbox: 0.0316, loss_bounder: 0.5469, loss_aux: 0.0000, loss: 0.6840
2026-08-16 16:02:55,686 - mmdet - INFO - Epoch [18][1600/1732]	lr: 5.000e-03, eta: 1 day, 2:47:48, time: 0.687, data_time: 0.005, memory: 17623, loss_rpn_cls: 0.0029, loss_rpn_bbox: 0.0032, s0.loss_cls: 0.0263, s0.acc: 99.0010, s0.loss_bbox: 0.0265, s1.loss_cls: 0.0084, s1.acc: 99.3850, s1.loss_bbox: 0.0366, s2.loss_cls: 0.0051, s2.acc: 99.2339, s2.loss_bbox: 0.0319, loss_bounder: 0.5644, loss_aux: 0.0000, loss: 0.7053
2026-08-16 16:04:05,260 - mmdet - INFO - Epoch [18][1700/1732]	lr: 5.000e-03, eta: 1 day, 2:46:47, time: 0.696, data_time: 0.005, memory: 17623, loss_rpn_cls: 0.0030, loss_rpn_bbox: 0.0030, s0.loss_cls: 0.0234, s0.acc: 99.1328, s0.loss_bbox: 0.0202, s1.loss_cls: 0.0076, s1.acc: 99.4015, s1.loss_bbox: 0.0299, s2.loss_cls: 0.0043, s2.acc: 99.3724, s2.loss_bbox: 0.0276, loss_bounder: 0.5549, loss_aux: 0.0000, loss: 0.6738
2026-08-16 16:04:27,520 - mmdet - INFO - Saving checkpoint at 18 epochs
2026-08-16 16:05:44,408 - mmdet - INFO - Evaluating bbox...
2026-08-16 16:05:45,335 - mmdet - INFO - 
+-----------+-------+-----------+-------+------------+-------+
| category  | AP    | category  | AP    | category   | AP    |
+-----------+-------+-----------+-------+------------+-------+
| HM        | 0.404 | LQS       | 0.103 | QHS        | 0.312 |
| MS        | 0.438 | A1_SU-35  | 0.792 | A2_C-130   | 0.731 |
| A3_C-17   | 0.767 | A4_C-5    | 0.825 | A5_F-16    | 0.697 |
| A6_TU-160 | 0.804 | A7_E-3    | 0.788 | A8_B-52    | 0.775 |
| A9_P-3C   | 0.755 | A10_B-1B  | 0.805 | A11_E-8    | 0.651 |
| A12_TU-22 | 0.773 | A13_F-15  | 0.725 | A14_KC-135 | 0.755 |
| A15_F-22  | 0.665 | A16_FA-18 | 0.730 | A17_TU-95  | 0.840 |
| A18_KC-10 | 0.611 | A19_SU-34 | 0.674 | A20_SU-24  | 0.748 |
| FSC       | 0.429 | None      | None  | None       | None  |
+-----------+-------+-----------+-------+------------+-------+
2026-08-16 16:05:46,201 - mmdet - INFO - BestSaverHook: bbox_mAP=0.6640 创新高，已保存 best 模型 -> /root/autodl-tmp/model_v4/work_dirs/arfc_only_v1/best_bbox_mAP.pth
2026-08-16 16:05:46,202 - mmdet - INFO - Exp name: aircraft_bafnet_1x.py
2026-08-16 16:05:46,203 - mmdet - INFO - Epoch(val) [18][548]	bbox_mAP: 0.6640, bbox_mAP_50: 0.8630, bbox_mAP_75: 0.8100, bbox_mAP_s: 0.1130, bbox_mAP_m: 0.6420, bbox_mAP_l: 0.7070, bbox_mAP_copypaste: 0.664 0.863 0.810 0.113 0.642 0.707
2026-08-16 16:06:57,810 - mmdet - INFO - Epoch [19][100/1732]	lr: 5.000e-03, eta: 1 day, 2:43:56, time: 0.716, data_time: 0.028, memory: 17623, loss_rpn_cls: 0.0022, loss_rpn_bbox: 0.0035, s0.loss_cls: 0.0247, s0.acc: 99.0811, s0.loss_bbox: 0.0239, s1.loss_cls: 0.0069, s1.acc: 99.5044, s1.loss_bbox: 0.0339, s2.loss_cls: 0.0037, s2.acc: 99.4920, s2.loss_bbox: 0.0325, loss_bounder: 0.5674, loss_aux: 0.0000, loss: 0.6987
2026-08-16 16:08:06,742 - mmdet - INFO - Epoch [19][200/1732]	lr: 5.000e-03, eta: 1 day, 2:42:54, time: 0.689, data_time: 0.005, memory: 17623, loss_rpn_cls: 0.0023, loss_rpn_bbox: 0.0039, s0.loss_cls: 0.0253, s0.acc: 99.0635, s0.loss_bbox: 0.0277, s1.loss_cls: 0.0086, s1.acc: 99.3745, s1.loss_bbox: 0.0364, s2.loss_cls: 0.0048, s2.acc: 99.3140, s2.loss_bbox: 0.0325, loss_bounder: 0.5454, loss_aux: 0.0000, loss: 0.6868
2026-08-16 16:09:16,034 - mmdet - INFO - Epoch [19][300/1732]	lr: 5.000e-03, eta: 1 day, 2:41:52, time: 0.693, data_time: 0.005, memory: 17623, loss_rpn_cls: 0.0026, loss_rpn_bbox: 0.0030, s0.loss_cls: 0.0223, s0.acc: 99.1436, s0.loss_bbox: 0.0197, s1.loss_cls: 0.0059, s1.acc: 99.5518, s1.loss_bbox: 0.0284, s2.loss_cls: 0.0032, s2.acc: 99.5407, s2.loss_bbox: 0.0284, loss_bounder: 0.5706, loss_aux: 0.0000, loss: 0.6842
2026-08-16 16:10:25,499 - mmdet - INFO - Epoch [19][400/1732]	lr: 5.000e-03, eta: 1 day, 2:40:52, time: 0.695, data_time: 0.005, memory: 17623, loss_rpn_cls: 0.0024, loss_rpn_bbox: 0.0030, s0.loss_cls: 0.0204, s0.acc: 99.2285, s0.loss_bbox: 0.0213, s1.loss_cls: 0.0059, s1.acc: 99.5614, s1.loss_bbox: 0.0312, s2.loss_cls: 0.0035, s2.acc: 99.5101, s2.loss_bbox: 0.0296, loss_bounder: 0.5663, loss_aux: 0.0000, loss: 0.6835
2026-08-16 16:11:34,855 - mmdet - INFO - Epoch [19][500/1732]	lr: 5.000e-03, eta: 1 day, 2:39:51, time: 0.694, data_time: 0.005, memory: 17623, loss_rpn_cls: 0.0021, loss_rpn_bbox: 0.0028, s0.loss_cls: 0.0245, s0.acc: 99.0508, s0.loss_bbox: 0.0187, s1.loss_cls: 0.0071, s1.acc: 99.4840, s1.loss_bbox: 0.0276, s2.loss_cls: 0.0040, s2.acc: 99.4033, s2.loss_bbox: 0.0270, loss_bounder: 0.5625, loss_aux: 0.0000, loss: 0.6763
2026-08-16 16:12:43,712 - mmdet - INFO - Epoch [19][600/1732]	lr: 5.000e-03, eta: 1 day, 2:38:48, time: 0.689, data_time: 0.005, memory: 17623, loss_rpn_cls: 0.0017, loss_rpn_bbox: 0.0030, s0.loss_cls: 0.0246, s0.acc: 99.1045, s0.loss_bbox: 0.0220, s1.loss_cls: 0.0072, s1.acc: 99.4588, s1.loss_bbox: 0.0322, s2.loss_cls: 0.0040, s2.acc: 99.4232, s2.loss_bbox: 0.0307, loss_bounder: 0.5664, loss_aux: 0.0000, loss: 0.6919
2026-08-16 16:13:52,605 - mmdet - INFO - Epoch [19][700/1732]	lr: 5.000e-03, eta: 1 day, 2:37:45, time: 0.689, data_time: 0.005, memory: 17623, loss_rpn_cls: 0.0024, loss_rpn_bbox: 0.0029, s0.loss_cls: 0.0221, s0.acc: 99.1670, s0.loss_bbox: 0.0219, s1.loss_cls: 0.0070, s1.acc: 99.4618, s1.loss_bbox: 0.0304, s2.loss_cls: 0.0039, s2.acc: 99.3972, s2.loss_bbox: 0.0283, loss_bounder: 0.5484, loss_aux: 0.0000, loss: 0.6672
2026-08-16 16:15:01,764 - mmdet - INFO - Epoch [19][800/1732]	lr: 5.000e-03, eta: 1 day, 2:36:43, time: 0.692, data_time: 0.005, memory: 17623, loss_rpn_cls: 0.0032, loss_rpn_bbox: 0.0031, s0.loss_cls: 0.0295, s0.acc: 98.9346, s0.loss_bbox: 0.0216, s1.loss_cls: 0.0103, s1.acc: 99.2345, s1.loss_bbox: 0.0334, s2.loss_cls: 0.0057, s2.acc: 99.1854, s2.loss_bbox: 0.0318, loss_bounder: 0.5548, loss_aux: 0.0000, loss: 0.6933
2026-08-16 16:16:10,265 - mmdet - INFO - Epoch [19][900/1732]	lr: 5.000e-03, eta: 1 day, 2:35:38, time: 0.685, data_time: 0.005, memory: 17623, loss_rpn_cls: 0.0025, loss_rpn_bbox: 0.0029, s0.loss_cls: 0.0262, s0.acc: 99.0020, s0.loss_bbox: 0.0237, s1.loss_cls: 0.0095, s1.acc: 99.2769, s1.loss_bbox: 0.0352, s2.loss_cls: 0.0050, s2.acc: 99.2285, s2.loss_bbox: 0.0321, loss_bounder: 0.5593, loss_aux: 0.0000, loss: 0.6965
2026-08-16 16:17:19,325 - mmdet - INFO - Epoch [19][1000/1732]	lr: 5.000e-03, eta: 1 day, 2:34:35, time: 0.691, data_time: 0.005, memory: 17623, loss_rpn_cls: 0.0024, loss_rpn_bbox: 0.0030, s0.loss_cls: 0.0282, s0.acc: 98.9395, s0.loss_bbox: 0.0259, s1.loss_cls: 0.0094, s1.acc: 99.3042, s1.loss_bbox: 0.0347, s2.loss_cls: 0.0054, s2.acc: 99.2377, s2.loss_bbox: 0.0314, loss_bounder: 0.5491, loss_aux: 0.0000, loss: 0.6893
2026-08-16 16:18:28,388 - mmdet - INFO - Epoch [19][1100/1732]	lr: 5.000e-03, eta: 1 day, 2:33:33, time: 0.691, data_time: 0.005, memory: 17623, loss_rpn_cls: 0.0035, loss_rpn_bbox: 0.0037, s0.loss_cls: 0.0302, s0.acc: 98.9521, s0.loss_bbox: 0.0261, s1.loss_cls: 0.0090, s1.acc: 99.4032, s1.loss_bbox: 0.0365, s2.loss_cls: 0.0052, s2.acc: 99.3258, s2.loss_bbox: 0.0343, loss_bounder: 0.5673, loss_aux: 0.0000, loss: 0.7158
2026-08-16 16:19:37,016 - mmdet - INFO - Epoch [19][1200/1732]	lr: 5.000e-03, eta: 1 day, 2:32:28, time: 0.686, data_time: 0.005, memory: 17623, loss_rpn_cls: 0.0030, loss_rpn_bbox: 0.0039, s0.loss_cls: 0.0269, s0.acc: 99.0146, s0.loss_bbox: 0.0254, s1.loss_cls: 0.0091, s1.acc: 99.3742, s1.loss_bbox: 0.0364, s2.loss_cls: 0.0054, s2.acc: 99.2107, s2.loss_bbox: 0.0329, loss_bounder: 0.5560, loss_aux: 0.0000, loss: 0.6990
2026-08-16 16:20:46,110 - mmdet - INFO - Epoch [19][1300/1732]	lr: 5.000e-03, eta: 1 day, 2:31:26, time: 0.691, data_time: 0.005, memory: 17623, loss_rpn_cls: 0.0031, loss_rpn_bbox: 0.0033, s0.loss_cls: 0.0255, s0.acc: 99.0732, s0.loss_bbox: 0.0239, s1.loss_cls: 0.0074, s1.acc: 99.4727, s1.loss_bbox: 0.0345, s2.loss_cls: 0.0050, s2.acc: 99.3053, s2.loss_bbox: 0.0313, loss_bounder: 0.5547, loss_aux: 0.0000, loss: 0.6887
2026-08-16 16:21:54,621 - mmdet - INFO - Epoch [19][1400/1732]	lr: 5.000e-03, eta: 1 day, 2:30:21, time: 0.685, data_time: 0.005, memory: 17623, loss_rpn_cls: 0.0021, loss_rpn_bbox: 0.0033, s0.loss_cls: 0.0224, s0.acc: 99.1621, s0.loss_bbox: 0.0202, s1.loss_cls: 0.0060, s1.acc: 99.5841, s1.loss_bbox: 0.0286, s2.loss_cls: 0.0029, s2.acc: 99.6546, s2.loss_bbox: 0.0286, loss_bounder: 0.5530, loss_aux: 0.0000, loss: 0.6671
2026-08-16 16:23:03,197 - mmdet - INFO - Epoch [19][1500/1732]	lr: 5.000e-03, eta: 1 day, 2:29:16, time: 0.686, data_time: 0.005, memory: 17623, loss_rpn_cls: 0.0032, loss_rpn_bbox: 0.0034, s0.loss_cls: 0.0288, s0.acc: 98.9082, s0.loss_bbox: 0.0219, s1.loss_cls: 0.0096, s1.acc: 99.3173, s1.loss_bbox: 0.0317, s2.loss_cls: 0.0050, s2.acc: 99.3268, s2.loss_bbox: 0.0292, loss_bounder: 0.5542, loss_aux: 0.0000, loss: 0.6870
2026-08-16 16:24:13,200 - mmdet - INFO - Epoch [19][1600/1732]	lr: 5.000e-03, eta: 1 day, 2:28:17, time: 0.700, data_time: 0.005, memory: 17623, loss_rpn_cls: 0.0027, loss_rpn_bbox: 0.0027, s0.loss_cls: 0.0286, s0.acc: 98.8906, s0.loss_bbox: 0.0224, s1.loss_cls: 0.0094, s1.acc: 99.3154, s1.loss_bbox: 0.0328, s2.loss_cls: 0.0049, s2.acc: 99.2821, s2.loss_bbox: 0.0313, loss_bounder: 0.5491, loss_aux: 0.0000, loss: 0.6839
2026-08-16 16:25:22,028 - mmdet - INFO - Epoch [19][1700/1732]	lr: 5.000e-03, eta: 1 day, 2:27:14, time: 0.688, data_time: 0.005, memory: 17623, loss_rpn_cls: 0.0025, loss_rpn_bbox: 0.0034, s0.loss_cls: 0.0330, s0.acc: 98.8242, s0.loss_bbox: 0.0264, s1.loss_cls: 0.0096, s1.acc: 99.3669, s1.loss_bbox: 0.0382, s2.loss_cls: 0.0056, s2.acc: 99.3305, s2.loss_bbox: 0.0348, loss_bounder: 0.5352, loss_aux: 0.0000, loss: 0.6888
2026-08-16 16:25:43,852 - mmdet - INFO - Saving checkpoint at 19 epochs
2026-08-16 16:26:59,608 - mmdet - INFO - Evaluating bbox...
2026-08-16 16:27:00,429 - mmdet - INFO - 
+-----------+-------+-----------+-------+------------+-------+
| category  | AP    | category  | AP    | category   | AP    |
+-----------+-------+-----------+-------+------------+-------+
| HM        | 0.000 | LQS       | 0.090 | QHS        | 0.239 |
| MS        | 0.425 | A1_SU-35  | 0.761 | A2_C-130   | 0.705 |
| A3_C-17   | 0.761 | A4_C-5    | 0.830 | A5_F-16    | 0.681 |
| A6_TU-160 | 0.816 | A7_E-3    | 0.785 | A8_B-52    | 0.775 |
| A9_P-3C   | 0.781 | A10_B-1B  | 0.793 | A11_E-8    | 0.693 |
| A12_TU-22 | 0.771 | A13_F-15  | 0.722 | A14_KC-135 | 0.729 |
| A15_F-22  | 0.662 | A16_FA-18 | 0.741 | A17_TU-95  | 0.829 |
| A18_KC-10 | 0.526 | A19_SU-34 | 0.678 | A20_SU-24  | 0.722 |
| FSC       | 0.475 | None      | None  | None       | None  |
+-----------+-------+-----------+-------+------------+-------+
2026-08-16 16:27:00,437 - mmdet - INFO - EarlyStoppingHook: bbox_mAP=0.6400 提升幅度不足 0.0010（当前最佳 0.6640，等待 1/16）
2026-08-16 16:27:00,438 - mmdet - INFO - Exp name: aircraft_bafnet_1x.py
2026-08-16 16:27:00,439 - mmdet - INFO - Epoch(val) [19][548]	bbox_mAP: 0.6400, bbox_mAP_50: 0.8330, bbox_mAP_75: 0.7850, bbox_mAP_s: 0.0920, bbox_mAP_m: 0.6400, bbox_mAP_l: 0.6800, bbox_mAP_copypaste: 0.640 0.833 0.785 0.092 0.640 0.680
2026-08-16 16:28:11,774 - mmdet - INFO - Epoch [20][100/1732]	lr: 5.000e-03, eta: 1 day, 2:24:26, time: 0.713, data_time: 0.029, memory: 17623, loss_rpn_cls: 0.0023, loss_rpn_bbox: 0.0031, s0.loss_cls: 0.0251, s0.acc: 99.0879, s0.loss_bbox: 0.0180, s1.loss_cls: 0.0083, s1.acc: 99.4283, s1.loss_bbox: 0.0256, s2.loss_cls: 0.0047, s2.acc: 99.3598, s2.loss_bbox: 0.0247, loss_bounder: 0.5588, loss_aux: 0.0000, loss: 0.6707
2026-08-16 16:29:21,103 - mmdet - INFO - Epoch [20][200/1732]	lr: 5.000e-03, eta: 1 day, 2:23:25, time: 0.693, data_time: 0.005, memory: 17623, loss_rpn_cls: 0.0019, loss_rpn_bbox: 0.0024, s0.loss_cls: 0.0227, s0.acc: 99.1689, s0.loss_bbox: 0.0188, s1.loss_cls: 0.0072, s1.acc: 99.4702, s1.loss_bbox: 0.0261, s2.loss_cls: 0.0035, s2.acc: 99.5077, s2.loss_bbox: 0.0259, loss_bounder: 0.5590, loss_aux: 0.0000, loss: 0.6673
2026-08-16 16:30:30,173 - mmdet - INFO - Epoch [20][300/1732]	lr: 5.000e-03, eta: 1 day, 2:22:22, time: 0.691, data_time: 0.005, memory: 17623, loss_rpn_cls: 0.0027, loss_rpn_bbox: 0.0031, s0.loss_cls: 0.0268, s0.acc: 98.9834, s0.loss_bbox: 0.0223, s1.loss_cls: 0.0075, s1.acc: 99.4342, s1.loss_bbox: 0.0315, s2.loss_cls: 0.0041, s2.acc: 99.4610, s2.loss_bbox: 0.0298, loss_bounder: 0.5632, loss_aux: 0.0000, loss: 0.6912
2026-08-16 16:31:39,223 - mmdet - INFO - Epoch [20][400/1732]	lr: 5.000e-03, eta: 1 day, 2:21:20, time: 0.690, data_time: 0.005, memory: 17623, loss_rpn_cls: 0.0042, loss_rpn_bbox: 0.0033, s0.loss_cls: 0.0240, s0.acc: 99.1104, s0.loss_bbox: 0.0219, s1.loss_cls: 0.0073, s1.acc: 99.4902, s1.loss_bbox: 0.0310, s2.loss_cls: 0.0041, s2.acc: 99.4356, s2.loss_bbox: 0.0286, loss_bounder: 0.5695, loss_aux: 0.0000, loss: 0.6939
2026-08-16 16:32:48,042 - mmdet - INFO - Epoch [20][500/1732]	lr: 5.000e-03, eta: 1 day, 2:20:16, time: 0.688, data_time: 0.005, memory: 17623, loss_rpn_cls: 0.0024, loss_rpn_bbox: 0.0029, s0.loss_cls: 0.0237, s0.acc: 99.1250, s0.loss_bbox: 0.0208, s1.loss_cls: 0.0067, s1.acc: 99.5387, s1.loss_bbox: 0.0300, s2.loss_cls: 0.0039, s2.acc: 99.4603, s2.loss_bbox: 0.0280, loss_bounder: 0.5461, loss_aux: 0.0000, loss: 0.6645
2026-08-16 16:33:56,487 - mmdet - INFO - Epoch [20][600/1732]	lr: 5.000e-03, eta: 1 day, 2:19:11, time: 0.684, data_time: 0.005, memory: 17623, loss_rpn_cls: 0.0021, loss_rpn_bbox: 0.0030, s0.loss_cls: 0.0337, s0.acc: 98.7549, s0.loss_bbox: 0.0207, s1.loss_cls: 0.0117, s1.acc: 99.1565, s1.loss_bbox: 0.0297, s2.loss_cls: 0.0058, s2.acc: 99.2227, s2.loss_bbox: 0.0293, loss_bounder: 0.5504, loss_aux: 0.0000, loss: 0.6864
2026-08-16 16:35:05,089 - mmdet - INFO - Epoch [20][700/1732]	lr: 5.000e-03, eta: 1 day, 2:18:06, time: 0.686, data_time: 0.005, memory: 17623, loss_rpn_cls: 0.0024, loss_rpn_bbox: 0.0034, s0.loss_cls: 0.0325, s0.acc: 98.7334, s0.loss_bbox: 0.0264, s1.loss_cls: 0.0106, s1.acc: 99.1819, s1.loss_bbox: 0.0369, s2.loss_cls: 0.0063, s2.acc: 99.1268, s2.loss_bbox: 0.0338, loss_bounder: 0.5693, loss_aux: 0.0000, loss: 0.7217
2026-08-16 16:36:14,129 - mmdet - INFO - Epoch [20][800/1732]	lr: 5.000e-03, eta: 1 day, 2:17:03, time: 0.690, data_time: 0.005, memory: 17623, loss_rpn_cls: 0.0028, loss_rpn_bbox: 0.0028, s0.loss_cls: 0.0357, s0.acc: 98.6904, s0.loss_bbox: 0.0243, s1.loss_cls: 0.0136, s1.acc: 99.0071, s1.loss_bbox: 0.0338, s2.loss_cls: 0.0072, s2.acc: 98.9593, s2.loss_bbox: 0.0332, loss_bounder: 0.5628, loss_aux: 0.0000, loss: 0.7163
2026-08-16 16:37:22,777 - mmdet - INFO - Epoch [20][900/1732]	lr: 5.000e-03, eta: 1 day, 2:15:59, time: 0.686, data_time: 0.005, memory: 17623, loss_rpn_cls: 0.0022, loss_rpn_bbox: 0.0032, s0.loss_cls: 0.0272, s0.acc: 98.9883, s0.loss_bbox: 0.0221, s1.loss_cls: 0.0082, s1.acc: 99.4048, s1.loss_bbox: 0.0323, s2.loss_cls: 0.0043, s2.acc: 99.3735, s2.loss_bbox: 0.0314, loss_bounder: 0.5534, loss_aux: 0.0000, loss: 0.6843
2026-08-16 16:38:31,722 - mmdet - INFO - Epoch [20][1000/1732]	lr: 5.000e-03, eta: 1 day, 2:14:56, time: 0.689, data_time: 0.005, memory: 17623, loss_rpn_cls: 0.0020, loss_rpn_bbox: 0.0027, s0.loss_cls: 0.0227, s0.acc: 99.1709, s0.loss_bbox: 0.0201, s1.loss_cls: 0.0069, s1.acc: 99.4941, s1.loss_bbox: 0.0296, s2.loss_cls: 0.0034, s2.acc: 99.5296, s2.loss_bbox: 0.0286, loss_bounder: 0.5704, loss_aux: 0.0000, loss: 0.6864
2026-08-16 16:39:41,311 - mmdet - INFO - Epoch [20][1100/1732]	lr: 5.000e-03, eta: 1 day, 2:13:55, time: 0.696, data_time: 0.005, memory: 17623, loss_rpn_cls: 0.0029, loss_rpn_bbox: 0.0027, s0.loss_cls: 0.0267, s0.acc: 99.0068, s0.loss_bbox: 0.0188, s1.loss_cls: 0.0081, s1.acc: 99.4768, s1.loss_bbox: 0.0296, s2.loss_cls: 0.0043, s2.acc: 99.4847, s2.loss_bbox: 0.0310, loss_bounder: 0.5398, loss_aux: 0.0000, loss: 0.6639
2026-08-16 16:40:50,563 - mmdet - INFO - Epoch [20][1200/1732]	lr: 5.000e-03, eta: 1 day, 2:12:53, time: 0.693, data_time: 0.005, memory: 17623, loss_rpn_cls: 0.0027, loss_rpn_bbox: 0.0040, s0.loss_cls: 0.0294, s0.acc: 98.9160, s0.loss_bbox: 0.0260, s1.loss_cls: 0.0092, s1.acc: 99.3606, s1.loss_bbox: 0.0369, s2.loss_cls: 0.0047, s2.acc: 99.3514, s2.loss_bbox: 0.0350, loss_bounder: 0.5530, loss_aux: 0.0000, loss: 0.7007
2026-08-16 16:41:59,524 - mmdet - INFO - Epoch [20][1300/1732]	lr: 5.000e-03, eta: 1 day, 2:11:50, time: 0.690, data_time: 0.005, memory: 17623, loss_rpn_cls: 0.0024, loss_rpn_bbox: 0.0028, s0.loss_cls: 0.0252, s0.acc: 99.0645, s0.loss_bbox: 0.0222, s1.loss_cls: 0.0080, s1.acc: 99.4604, s1.loss_bbox: 0.0327, s2.loss_cls: 0.0042, s2.acc: 99.4655, s2.loss_bbox: 0.0310, loss_bounder: 0.5402, loss_aux: 0.0000, loss: 0.6687
2026-08-16 16:43:09,024 - mmdet - INFO - Epoch [20][1400/1732]	lr: 5.000e-03, eta: 1 day, 2:10:48, time: 0.695, data_time: 0.005, memory: 17623, loss_rpn_cls: 0.0036, loss_rpn_bbox: 0.0038, s0.loss_cls: 0.0312, s0.acc: 98.8477, s0.loss_bbox: 0.0245, s1.loss_cls: 0.0094, s1.acc: 99.3245, s1.loss_bbox: 0.0368, s2.loss_cls: 0.0052, s2.acc: 99.2770, s2.loss_bbox: 0.0347, loss_bounder: 0.5609, loss_aux: 0.0000, loss: 0.7102
2026-08-16 16:44:18,687 - mmdet - INFO - Epoch [20][1500/1732]	lr: 5.000e-03, eta: 1 day, 2:09:48, time: 0.697, data_time: 0.005, memory: 17623, loss_rpn_cls: 0.0022, loss_rpn_bbox: 0.0037, s0.loss_cls: 0.0237, s0.acc: 99.1113, s0.loss_bbox: 0.0236, s1.loss_cls: 0.0072, s1.acc: 99.4842, s1.loss_bbox: 0.0353, s2.loss_cls: 0.0046, s2.acc: 99.3999, s2.loss_bbox: 0.0341, loss_bounder: 0.5399, loss_aux: 0.0000, loss: 0.6744
2026-08-16 16:45:27,922 - mmdet - INFO - Epoch [20][1600/1732]	lr: 5.000e-03, eta: 1 day, 2:08:45, time: 0.692, data_time: 0.005, memory: 17623, loss_rpn_cls: 0.0027, loss_rpn_bbox: 0.0035, s0.loss_cls: 0.0291, s0.acc: 98.8477, s0.loss_bbox: 0.0271, s1.loss_cls: 0.0106, s1.acc: 99.2558, s1.loss_bbox: 0.0375, s2.loss_cls: 0.0058, s2.acc: 99.1517, s2.loss_bbox: 0.0341, loss_bounder: 0.5604, loss_aux: 0.0000, loss: 0.7108
2026-08-16 16:46:36,591 - mmdet - INFO - Epoch [20][1700/1732]	lr: 5.000e-03, eta: 1 day, 2:07:41, time: 0.687, data_time: 0.005, memory: 17623, loss_rpn_cls: 0.0021, loss_rpn_bbox: 0.0034, s0.loss_cls: 0.0291, s0.acc: 98.8994, s0.loss_bbox: 0.0210, s1.loss_cls: 0.0105, s1.acc: 99.2456, s1.loss_bbox: 0.0306, s2.loss_cls: 0.0054, s2.acc: 99.2418, s2.loss_bbox: 0.0309, loss_bounder: 0.5522, loss_aux: 0.0000, loss: 0.6850
2026-08-16 16:46:58,941 - mmdet - INFO - Saving checkpoint at 20 epochs
2026-08-16 16:48:16,117 - mmdet - INFO - Evaluating bbox...
2026-08-16 16:48:16,965 - mmdet - INFO - 
+-----------+-------+-----------+-------+------------+-------+
| category  | AP    | category  | AP    | category   | AP    |
+-----------+-------+-----------+-------+------------+-------+
| HM        | 0.000 | LQS       | 0.167 | QHS        | 0.351 |
| MS        | 0.422 | A1_SU-35  | 0.774 | A2_C-130   | 0.718 |
| A3_C-17   | 0.784 | A4_C-5    | 0.837 | A5_F-16    | 0.683 |
| A6_TU-160 | 0.798 | A7_E-3    | 0.792 | A8_B-52    | 0.778 |
| A9_P-3C   | 0.743 | A10_B-1B  | 0.795 | A11_E-8    | 0.676 |
| A12_TU-22 | 0.766 | A13_F-15  | 0.702 | A14_KC-135 | 0.729 |
| A15_F-22  | 0.556 | A16_FA-18 | 0.723 | A17_TU-95  | 0.827 |
| A18_KC-10 | 0.755 | A19_SU-34 | 0.687 | A20_SU-24  | 0.727 |
| FSC       | 0.417 | None      | None  | None       | None  |
+-----------+-------+-----------+-------+------------+-------+
2026-08-16 16:48:16,974 - mmdet - INFO - EarlyStoppingHook: bbox_mAP=0.6480 提升幅度不足 0.0010（当前最佳 0.6640，等待 2/16）
2026-08-16 16:48:16,975 - mmdet - INFO - Exp name: aircraft_bafnet_1x.py
2026-08-16 16:48:16,976 - mmdet - INFO - Epoch(val) [20][548]	bbox_mAP: 0.6480, bbox_mAP_50: 0.8510, bbox_mAP_75: 0.7930, bbox_mAP_s: 0.1390, bbox_mAP_m: 0.6340, bbox_mAP_l: 0.7060, bbox_mAP_copypaste: 0.648 0.851 0.793 0.139 0.634 0.706
2026-08-16 16:49:28,409 - mmdet - INFO - Epoch [21][100/1732]	lr: 5.000e-03, eta: 1 day, 2:04:59, time: 0.714, data_time: 0.028, memory: 17623, loss_rpn_cls: 0.0022, loss_rpn_bbox: 0.0027, s0.loss_cls: 0.0232, s0.acc: 99.1533, s0.loss_bbox: 0.0216, s1.loss_cls: 0.0067, s1.acc: 99.5206, s1.loss_bbox: 0.0322, s2.loss_cls: 0.0036, s2.acc: 99.5142, s2.loss_bbox: 0.0313, loss_bounder: 0.5460, loss_aux: 0.0000, loss: 0.6695
2026-08-16 16:50:37,789 - mmdet - INFO - Epoch [21][200/1732]	lr: 5.000e-03, eta: 1 day, 2:03:57, time: 0.694, data_time: 0.005, memory: 17623, loss_rpn_cls: 0.0025, loss_rpn_bbox: 0.0027, s0.loss_cls: 0.0240, s0.acc: 99.1035, s0.loss_bbox: 0.0211, s1.loss_cls: 0.0078, s1.acc: 99.4378, s1.loss_bbox: 0.0314, s2.loss_cls: 0.0044, s2.acc: 99.3601, s2.loss_bbox: 0.0293, loss_bounder: 0.5380, loss_aux: 0.0000, loss: 0.6613
2026-08-16 16:51:47,383 - mmdet - INFO - Epoch [21][300/1732]	lr: 5.000e-03, eta: 1 day, 2:02:56, time: 0.696, data_time: 0.005, memory: 17623, loss_rpn_cls: 0.0020, loss_rpn_bbox: 0.0030, s0.loss_cls: 0.0218, s0.acc: 99.1963, s0.loss_bbox: 0.0203, s1.loss_cls: 0.0068, s1.acc: 99.5128, s1.loss_bbox: 0.0280, s2.loss_cls: 0.0034, s2.acc: 99.5349, s2.loss_bbox: 0.0274, loss_bounder: 0.5601, loss_aux: 0.0000, loss: 0.6727
2026-08-16 16:52:56,854 - mmdet - INFO - Epoch [21][400/1732]	lr: 5.000e-03, eta: 1 day, 2:01:55, time: 0.695, data_time: 0.005, memory: 17623, loss_rpn_cls: 0.0026, loss_rpn_bbox: 0.0033, s0.loss_cls: 0.0234, s0.acc: 99.1123, s0.loss_bbox: 0.0238, s1.loss_cls: 0.0079, s1.acc: 99.4461, s1.loss_bbox: 0.0331, s2.loss_cls: 0.0051, s2.acc: 99.2678, s2.loss_bbox: 0.0296, loss_bounder: 0.5518, loss_aux: 0.0000, loss: 0.6806
2026-08-16 16:54:06,677 - mmdet - INFO - Epoch [21][500/1732]	lr: 5.000e-03, eta: 1 day, 2:00:55, time: 0.698, data_time: 0.005, memory: 17623, loss_rpn_cls: 0.0033, loss_rpn_bbox: 0.0034, s0.loss_cls: 0.0233, s0.acc: 99.1787, s0.loss_bbox: 0.0199, s1.loss_cls: 0.0071, s1.acc: 99.5091, s1.loss_bbox: 0.0289, s2.loss_cls: 0.0039, s2.acc: 99.5282, s2.loss_bbox: 0.0271, loss_bounder: 0.5503, loss_aux: 0.0000, loss: 0.6673
2026-08-16 16:55:16,396 - mmdet - INFO - Epoch [21][600/1732]	lr: 5.000e-03, eta: 1 day, 1:59:55, time: 0.697, data_time: 0.005, memory: 17623, loss_rpn_cls: 0.0029, loss_rpn_bbox: 0.0030, s0.loss_cls: 0.0210, s0.acc: 99.1934, s0.loss_bbox: 0.0195, s1.loss_cls: 0.0058, s1.acc: 99.5444, s1.loss_bbox: 0.0284, s2.loss_cls: 0.0033, s2.acc: 99.5851, s2.loss_bbox: 0.0277, loss_bounder: 0.5289, loss_aux: 0.0000, loss: 0.6405
2026-08-16 16:56:25,797 - mmdet - INFO - Epoch [21][700/1732]	lr: 5.000e-03, eta: 1 day, 1:58:53, time: 0.694, data_time: 0.005, memory: 17623, loss_rpn_cls: 0.0027, loss_rpn_bbox: 0.0027, s0.loss_cls: 0.0240, s0.acc: 99.1582, s0.loss_bbox: 0.0200, s1.loss_cls: 0.0070, s1.acc: 99.5332, s1.loss_bbox: 0.0297, s2.loss_cls: 0.0033, s2.acc: 99.5995, s2.loss_bbox: 0.0294, loss_bounder: 0.5600, loss_aux: 0.0000, loss: 0.6788
2026-08-16 16:57:35,027 - mmdet - INFO - Epoch [21][800/1732]	lr: 5.000e-03, eta: 1 day, 1:57:50, time: 0.692, data_time: 0.005, memory: 17623, loss_rpn_cls: 0.0024, loss_rpn_bbox: 0.0025, s0.loss_cls: 0.0210, s0.acc: 99.2363, s0.loss_bbox: 0.0187, s1.loss_cls: 0.0062, s1.acc: 99.5839, s1.loss_bbox: 0.0268, s2.loss_cls: 0.0035, s2.acc: 99.5646, s2.loss_bbox: 0.0264, loss_bounder: 0.5719, loss_aux: 0.0000, loss: 0.6794
2026-08-16 16:58:44,755 - mmdet - INFO - Epoch [21][900/1732]	lr: 5.000e-03, eta: 1 day, 1:56:50, time: 0.697, data_time: 0.005, memory: 17623, loss_rpn_cls: 0.0023, loss_rpn_bbox: 0.0026, s0.loss_cls: 0.0223, s0.acc: 99.1670, s0.loss_bbox: 0.0204, s1.loss_cls: 0.0068, s1.acc: 99.4916, s1.loss_bbox: 0.0285, s2.loss_cls: 0.0037, s2.acc: 99.4842, s2.loss_bbox: 0.0272, loss_bounder: 0.5668, loss_aux: 0.0000, loss: 0.6805
2026-08-16 16:59:54,478 - mmdet - INFO - Epoch [21][1000/1732]	lr: 5.000e-03, eta: 1 day, 1:55:49, time: 0.697, data_time: 0.005, memory: 17623, loss_rpn_cls: 0.0027, loss_rpn_bbox: 0.0031, s0.loss_cls: 0.0251, s0.acc: 99.0166, s0.loss_bbox: 0.0211, s1.loss_cls: 0.0078, s1.acc: 99.4162, s1.loss_bbox: 0.0298, s2.loss_cls: 0.0039, s2.acc: 99.4333, s2.loss_bbox: 0.0292, loss_bounder: 0.5635, loss_aux: 0.0000, loss: 0.6863
2026-08-16 17:01:03,437 - mmdet - INFO - Epoch [21][1100/1732]	lr: 5.000e-03, eta: 1 day, 1:54:45, time: 0.690, data_time: 0.005, memory: 17623, loss_rpn_cls: 0.0016, loss_rpn_bbox: 0.0026, s0.loss_cls: 0.0188, s0.acc: 99.2686, s0.loss_bbox: 0.0153, s1.loss_cls: 0.0048, s1.acc: 99.6514, s1.loss_bbox: 0.0233, s2.loss_cls: 0.0027, s2.acc: 99.6401, s2.loss_bbox: 0.0238, loss_bounder: 0.5689, loss_aux: 0.0000, loss: 0.6617
2026-08-16 17:02:12,862 - mmdet - INFO - Epoch [21][1200/1732]	lr: 5.000e-03, eta: 1 day, 1:53:44, time: 0.694, data_time: 0.005, memory: 17623, loss_rpn_cls: 0.0024, loss_rpn_bbox: 0.0026, s0.loss_cls: 0.0210, s0.acc: 99.1885, s0.loss_bbox: 0.0182, s1.loss_cls: 0.0061, s1.acc: 99.5447, s1.loss_bbox: 0.0266, s2.loss_cls: 0.0033, s2.acc: 99.5483, s2.loss_bbox: 0.0255, loss_bounder: 0.5599, loss_aux: 0.0000, loss: 0.6658
2026-08-16 17:03:22,114 - mmdet - INFO - Epoch [21][1300/1732]	lr: 5.000e-03, eta: 1 day, 1:52:41, time: 0.693, data_time: 0.005, memory: 17623, loss_rpn_cls: 0.0023, loss_rpn_bbox: 0.0034, s0.loss_cls: 0.0219, s0.acc: 99.1641, s0.loss_bbox: 0.0206, s1.loss_cls: 0.0067, s1.acc: 99.4950, s1.loss_bbox: 0.0292, s2.loss_cls: 0.0039, s2.acc: 99.4196, s2.loss_bbox: 0.0270, loss_bounder: 0.5614, loss_aux: 0.0000, loss: 0.6763
2026-08-16 17:04:31,568 - mmdet - INFO - Epoch [21][1400/1732]	lr: 5.000e-03, eta: 1 day, 1:51:39, time: 0.695, data_time: 0.005, memory: 17623, loss_rpn_cls: 0.0020, loss_rpn_bbox: 0.0023, s0.loss_cls: 0.0209, s0.acc: 99.2061, s0.loss_bbox: 0.0192, s1.loss_cls: 0.0059, s1.acc: 99.5548, s1.loss_bbox: 0.0285, s2.loss_cls: 0.0032, s2.acc: 99.5835, s2.loss_bbox: 0.0273, loss_bounder: 0.5605, loss_aux: 0.0000, loss: 0.6698
2026-08-16 17:05:41,306 - mmdet - INFO - Epoch [21][1500/1732]	lr: 5.000e-03, eta: 1 day, 1:50:38, time: 0.697, data_time: 0.005, memory: 17623, loss_rpn_cls: 0.0025, loss_rpn_bbox: 0.0033, s0.loss_cls: 0.0237, s0.acc: 99.0762, s0.loss_bbox: 0.0210, s1.loss_cls: 0.0066, s1.acc: 99.4882, s1.loss_bbox: 0.0306, s2.loss_cls: 0.0034, s2.acc: 99.5205, s2.loss_bbox: 0.0303, loss_bounder: 0.5660, loss_aux: 0.0000, loss: 0.6874
2026-08-16 17:06:51,255 - mmdet - INFO - Epoch [21][1600/1732]	lr: 5.000e-03, eta: 1 day, 1:49:38, time: 0.699, data_time: 0.005, memory: 17623, loss_rpn_cls: 0.0027, loss_rpn_bbox: 0.0030, s0.loss_cls: 0.0231, s0.acc: 99.1484, s0.loss_bbox: 0.0217, s1.loss_cls: 0.0073, s1.acc: 99.4761, s1.loss_bbox: 0.0320, s2.loss_cls: 0.0047, s2.acc: 99.4050, s2.loss_bbox: 0.0291, loss_bounder: 0.5451, loss_aux: 0.0000, loss: 0.6687
2026-08-16 17:08:00,794 - mmdet - INFO - Epoch [21][1700/1732]	lr: 5.000e-03, eta: 1 day, 1:48:37, time: 0.695, data_time: 0.005, memory: 17623, loss_rpn_cls: 0.0027, loss_rpn_bbox: 0.0033, s0.loss_cls: 0.0259, s0.acc: 99.0127, s0.loss_bbox: 0.0256, s1.loss_cls: 0.0081, s1.acc: 99.4069, s1.loss_bbox: 0.0366, s2.loss_cls: 0.0043, s2.acc: 99.3939, s2.loss_bbox: 0.0339, loss_bounder: 0.5475, loss_aux: 0.0000, loss: 0.6878
2026-08-16 17:08:23,106 - mmdet - INFO - Saving checkpoint at 21 epochs
2026-08-16 17:09:39,839 - mmdet - INFO - Evaluating bbox...
2026-08-16 17:09:40,846 - mmdet - INFO - 
+-----------+-------+-----------+-------+------------+-------+
| category  | AP    | category  | AP    | category   | AP    |
+-----------+-------+-----------+-------+------------+-------+
| HM        | 0.303 | LQS       | 0.174 | QHS        | 0.285 |
| MS        | 0.453 | A1_SU-35  | 0.790 | A2_C-130   | 0.722 |
| A3_C-17   | 0.779 | A4_C-5    | 0.843 | A5_F-16    | 0.689 |
| A6_TU-160 | 0.774 | A7_E-3    | 0.789 | A8_B-52    | 0.797 |
| A9_P-3C   | 0.774 | A10_B-1B  | 0.791 | A11_E-8    | 0.654 |
| A12_TU-22 | 0.784 | A13_F-15  | 0.701 | A14_KC-135 | 0.751 |
| A15_F-22  | 0.580 | A16_FA-18 | 0.722 | A17_TU-95  | 0.839 |
| A18_KC-10 | 0.612 | A19_SU-34 | 0.693 | A20_SU-24  | 0.758 |
| FSC       | 0.422 | None      | None  | None       | None  |
+-----------+-------+-----------+-------+------------+-------+
2026-08-16 17:09:40,856 - mmdet - INFO - EarlyStoppingHook: bbox_mAP=0.6590 提升幅度不足 0.0010（当前最佳 0.6640，等待 3/16）
2026-08-16 17:09:40,857 - mmdet - INFO - Exp name: aircraft_bafnet_1x.py
2026-08-16 17:09:40,858 - mmdet - INFO - Epoch(val) [21][548]	bbox_mAP: 0.6590, bbox_mAP_50: 0.8630, bbox_mAP_75: 0.8110, bbox_mAP_s: 0.1100, bbox_mAP_m: 0.6430, bbox_mAP_l: 0.7090, bbox_mAP_copypaste: 0.659 0.863 0.811 0.110 0.643 0.709
2026-08-16 17:10:51,968 - mmdet - INFO - Epoch [22][100/1732]	lr: 5.000e-03, eta: 1 day, 1:45:58, time: 0.711, data_time: 0.028, memory: 17623, loss_rpn_cls: 0.0022, loss_rpn_bbox: 0.0026, s0.loss_cls: 0.0208, s0.acc: 99.2168, s0.loss_bbox: 0.0171, s1.loss_cls: 0.0058, s1.acc: 99.5551, s1.loss_bbox: 0.0252, s2.loss_cls: 0.0030, s2.acc: 99.6078, s2.loss_bbox: 0.0252, loss_bounder: 0.5492, loss_aux: 0.0000, loss: 0.6510
2026-08-16 17:12:01,389 - mmdet - INFO - Epoch [22][200/1732]	lr: 5.000e-03, eta: 1 day, 1:44:56, time: 0.694, data_time: 0.005, memory: 17623, loss_rpn_cls: 0.0019, loss_rpn_bbox: 0.0027, s0.loss_cls: 0.0222, s0.acc: 99.1670, s0.loss_bbox: 0.0201, s1.loss_cls: 0.0063, s1.acc: 99.5146, s1.loss_bbox: 0.0293, s2.loss_cls: 0.0033, s2.acc: 99.5284, s2.loss_bbox: 0.0289, loss_bounder: 0.5491, loss_aux: 0.0000, loss: 0.6637
2026-08-16 17:13:10,972 - mmdet - INFO - Epoch [22][300/1732]	lr: 5.000e-03, eta: 1 day, 1:43:54, time: 0.696, data_time: 0.005, memory: 17623, loss_rpn_cls: 0.0021, loss_rpn_bbox: 0.0026, s0.loss_cls: 0.0204, s0.acc: 99.2461, s0.loss_bbox: 0.0179, s1.loss_cls: 0.0060, s1.acc: 99.5606, s1.loss_bbox: 0.0262, s2.loss_cls: 0.0033, s2.acc: 99.5569, s2.loss_bbox: 0.0259, loss_bounder: 0.5503, loss_aux: 0.0000, loss: 0.6547
2026-08-16 17:14:19,675 - mmdet - INFO - Epoch [22][400/1732]	lr: 5.000e-03, eta: 1 day, 1:42:50, time: 0.687, data_time: 0.005, memory: 17623, loss_rpn_cls: 0.0020, loss_rpn_bbox: 0.0025, s0.loss_cls: 0.0226, s0.acc: 99.1455, s0.loss_bbox: 0.0205, s1.loss_cls: 0.0070, s1.acc: 99.4880, s1.loss_bbox: 0.0293, s2.loss_cls: 0.0039, s2.acc: 99.4805, s2.loss_bbox: 0.0280, loss_bounder: 0.5436, loss_aux: 0.0000, loss: 0.6596
2026-08-16 17:15:28,535 - mmdet - INFO - Epoch [22][500/1732]	lr: 5.000e-03, eta: 1 day, 1:41:45, time: 0.689, data_time: 0.005, memory: 17623, loss_rpn_cls: 0.0021, loss_rpn_bbox: 0.0031, s0.loss_cls: 0.0228, s0.acc: 99.1396, s0.loss_bbox: 0.0228, s1.loss_cls: 0.0072, s1.acc: 99.4717, s1.loss_bbox: 0.0338, s2.loss_cls: 0.0039, s2.acc: 99.4574, s2.loss_bbox: 0.0315, loss_bounder: 0.5587, loss_aux: 0.0000, loss: 0.6859
2026-08-16 17:16:37,224 - mmdet - INFO - Epoch [22][600/1732]	lr: 5.000e-03, eta: 1 day, 1:40:41, time: 0.687, data_time: 0.005, memory: 17623, loss_rpn_cls: 0.0027, loss_rpn_bbox: 0.0024, s0.loss_cls: 0.0209, s0.acc: 99.1963, s0.loss_bbox: 0.0176, s1.loss_cls: 0.0062, s1.acc: 99.5175, s1.loss_bbox: 0.0256, s2.loss_cls: 0.0027, s2.acc: 99.5850, s2.loss_bbox: 0.0256, loss_bounder: 0.5662, loss_aux: 0.0000, loss: 0.6698
2026-08-16 17:17:46,121 - mmdet - INFO - Epoch [22][700/1732]	lr: 5.000e-03, eta: 1 day, 1:39:37, time: 0.689, data_time: 0.005, memory: 17623, loss_rpn_cls: 0.0026, loss_rpn_bbox: 0.0031, s0.loss_cls: 0.0215, s0.acc: 99.1914, s0.loss_bbox: 0.0205, s1.loss_cls: 0.0067, s1.acc: 99.4835, s1.loss_bbox: 0.0294, s2.loss_cls: 0.0038, s2.acc: 99.4556, s2.loss_bbox: 0.0275, loss_bounder: 0.5687, loss_aux: 0.0000, loss: 0.6837
2026-08-16 17:18:55,504 - mmdet - INFO - Epoch [22][800/1732]	lr: 5.000e-03, eta: 1 day, 1:38:34, time: 0.694, data_time: 0.005, memory: 17623, loss_rpn_cls: 0.0018, loss_rpn_bbox: 0.0025, s0.loss_cls: 0.0195, s0.acc: 99.2559, s0.loss_bbox: 0.0167, s1.loss_cls: 0.0049, s1.acc: 99.6346, s1.loss_bbox: 0.0268, s2.loss_cls: 0.0025, s2.acc: 99.6775, s2.loss_bbox: 0.0274, loss_bounder: 0.5597, loss_aux: 0.0000, loss: 0.6617
2026-08-16 17:20:04,429 - mmdet - INFO - Epoch [22][900/1732]	lr: 5.000e-03, eta: 1 day, 1:37:30, time: 0.689, data_time: 0.005, memory: 17623, loss_rpn_cls: 0.0016, loss_rpn_bbox: 0.0024, s0.loss_cls: 0.0191, s0.acc: 99.2998, s0.loss_bbox: 0.0152, s1.loss_cls: 0.0047, s1.acc: 99.6605, s1.loss_bbox: 0.0223, s2.loss_cls: 0.0022, s2.acc: 99.6842, s2.loss_bbox: 0.0231, loss_bounder: 0.5632, loss_aux: 0.0000, loss: 0.6539
2026-08-16 17:21:13,883 - mmdet - INFO - Epoch [22][1000/1732]	lr: 5.000e-03, eta: 1 day, 1:36:28, time: 0.695, data_time: 0.005, memory: 17623, loss_rpn_cls: 0.0024, loss_rpn_bbox: 0.0029, s0.loss_cls: 0.0259, s0.acc: 99.0566, s0.loss_bbox: 0.0197, s1.loss_cls: 0.0085, s1.acc: 99.3872, s1.loss_bbox: 0.0272, s2.loss_cls: 0.0051, s2.acc: 99.3157, s2.loss_bbox: 0.0262, loss_bounder: 0.5684, loss_aux: 0.0000, loss: 0.6863
2026-08-16 17:22:23,405 - mmdet - INFO - Epoch [22][1100/1732]	lr: 5.000e-03, eta: 1 day, 1:35:26, time: 0.695, data_time: 0.005, memory: 17623, loss_rpn_cls: 0.0024, loss_rpn_bbox: 0.0034, s0.loss_cls: 0.0239, s0.acc: 99.0918, s0.loss_bbox: 0.0231, s1.loss_cls: 0.0073, s1.acc: 99.4500, s1.loss_bbox: 0.0304, s2.loss_cls: 0.0037, s2.acc: 99.4786, s2.loss_bbox: 0.0283, loss_bounder: 0.5388, loss_aux: 0.0000, loss: 0.6613
2026-08-16 17:23:32,936 - mmdet - INFO - Epoch [22][1200/1732]	lr: 5.000e-03, eta: 1 day, 1:34:24, time: 0.695, data_time: 0.005, memory: 17623, loss_rpn_cls: 0.0018, loss_rpn_bbox: 0.0027, s0.loss_cls: 0.0222, s0.acc: 99.1602, s0.loss_bbox: 0.0192, s1.loss_cls: 0.0065, s1.acc: 99.5177, s1.loss_bbox: 0.0284, s2.loss_cls: 0.0036, s2.acc: 99.4797, s2.loss_bbox: 0.0270, loss_bounder: 0.5537, loss_aux: 0.0000, loss: 0.6651
2026-08-16 17:24:41,749 - mmdet - INFO - Epoch [22][1300/1732]	lr: 5.000e-03, eta: 1 day, 1:33:20, time: 0.688, data_time: 0.005, memory: 17623, loss_rpn_cls: 0.0019, loss_rpn_bbox: 0.0035, s0.loss_cls: 0.0249, s0.acc: 99.0273, s0.loss_bbox: 0.0229, s1.loss_cls: 0.0079, s1.acc: 99.3545, s1.loss_bbox: 0.0321, s2.loss_cls: 0.0042, s2.acc: 99.3327, s2.loss_bbox: 0.0301, loss_bounder: 0.5479, loss_aux: 0.0000, loss: 0.6755
2026-08-16 17:25:50,841 - mmdet - INFO - Epoch [22][1400/1732]	lr: 5.000e-03, eta: 1 day, 1:32:16, time: 0.691, data_time: 0.005, memory: 17623, loss_rpn_cls: 0.0024, loss_rpn_bbox: 0.0036, s0.loss_cls: 0.0241, s0.acc: 99.0908, s0.loss_bbox: 0.0231, s1.loss_cls: 0.0080, s1.acc: 99.4248, s1.loss_bbox: 0.0328, s2.loss_cls: 0.0042, s2.acc: 99.4037, s2.loss_bbox: 0.0316, loss_bounder: 0.5733, loss_aux: 0.0000, loss: 0.7032
2026-08-16 17:26:59,892 - mmdet - INFO - Epoch [22][1500/1732]	lr: 5.000e-03, eta: 1 day, 1:31:13, time: 0.690, data_time: 0.005, memory: 17623, loss_rpn_cls: 0.0026, loss_rpn_bbox: 0.0026, s0.loss_cls: 0.0208, s0.acc: 99.2432, s0.loss_bbox: 0.0163, s1.loss_cls: 0.0054, s1.acc: 99.6393, s1.loss_bbox: 0.0240, s2.loss_cls: 0.0030, s2.acc: 99.6398, s2.loss_bbox: 0.0233, loss_bounder: 0.5377, loss_aux: 0.0000, loss: 0.6358
2026-08-16 17:28:08,948 - mmdet - INFO - Epoch [22][1600/1732]	lr: 5.000e-03, eta: 1 day, 1:30:09, time: 0.691, data_time: 0.005, memory: 17623, loss_rpn_cls: 0.0019, loss_rpn_bbox: 0.0025, s0.loss_cls: 0.0178, s0.acc: 99.3271, s0.loss_bbox: 0.0145, s1.loss_cls: 0.0042, s1.acc: 99.6912, s1.loss_bbox: 0.0205, s2.loss_cls: 0.0023, s2.acc: 99.7056, s2.loss_bbox: 0.0205, loss_bounder: 0.5486, loss_aux: 0.0000, loss: 0.6328
2026-08-16 17:29:17,137 - mmdet - INFO - Epoch [22][1700/1732]	lr: 5.000e-03, eta: 1 day, 1:29:02, time: 0.682, data_time: 0.005, memory: 17623, loss_rpn_cls: 0.0029, loss_rpn_bbox: 0.0026, s0.loss_cls: 0.0249, s0.acc: 99.1035, s0.loss_bbox: 0.0186, s1.loss_cls: 0.0089, s1.acc: 99.3989, s1.loss_bbox: 0.0267, s2.loss_cls: 0.0048, s2.acc: 99.3393, s2.loss_bbox: 0.0254, loss_bounder: 0.5583, loss_aux: 0.0000, loss: 0.6731
2026-08-16 17:29:39,765 - mmdet - INFO - Saving checkpoint at 22 epochs
2026-08-16 17:30:56,360 - mmdet - INFO - Evaluating bbox...
2026-08-16 17:30:57,263 - mmdet - INFO - 
+-----------+-------+-----------+-------+------------+-------+
| category  | AP    | category  | AP    | category   | AP    |
+-----------+-------+-----------+-------+------------+-------+
| HM        | 0.303 | LQS       | 0.148 | QHS        | 0.329 |
| MS        | 0.404 | A1_SU-35  | 0.782 | A2_C-130   | 0.722 |
| A3_C-17   | 0.769 | A4_C-5    | 0.835 | A5_F-16    | 0.691 |
| A6_TU-160 | 0.800 | A7_E-3    | 0.781 | A8_B-52    | 0.785 |
| A9_P-3C   | 0.775 | A10_B-1B  | 0.792 | A11_E-8    | 0.686 |
| A12_TU-22 | 0.774 | A13_F-15  | 0.703 | A14_KC-135 | 0.739 |
| A15_F-22  | 0.639 | A16_FA-18 | 0.748 | A17_TU-95  | 0.812 |
| A18_KC-10 | 0.643 | A19_SU-34 | 0.742 | A20_SU-24  | 0.727 |
| FSC       | 0.455 | None      | None  | None       | None  |
+-----------+-------+-----------+-------+------------+-------+
2026-08-16 17:30:57,270 - mmdet - INFO - EarlyStoppingHook: bbox_mAP=0.6630 提升幅度不足 0.0010（当前最佳 0.6640，等待 4/16）
2026-08-16 17:30:57,272 - mmdet - INFO - Exp name: aircraft_bafnet_1x.py
2026-08-16 17:30:57,272 - mmdet - INFO - Epoch(val) [22][548]	bbox_mAP: 0.6630, bbox_mAP_50: 0.8680, bbox_mAP_75: 0.8170, bbox_mAP_s: 0.0790, bbox_mAP_m: 0.6380, bbox_mAP_l: 0.7120, bbox_mAP_copypaste: 0.663 0.868 0.817 0.079 0.638 0.712
2026-08-16 17:32:08,365 - mmdet - INFO - Epoch [23][100/1732]	lr: 5.000e-03, eta: 1 day, 1:26:27, time: 0.711, data_time: 0.029, memory: 17623, loss_rpn_cls: 0.0022, loss_rpn_bbox: 0.0028, s0.loss_cls: 0.0212, s0.acc: 99.1533, s0.loss_bbox: 0.0203, s1.loss_cls: 0.0067, s1.acc: 99.4945, s1.loss_bbox: 0.0279, s2.loss_cls: 0.0034, s2.acc: 99.4724, s2.loss_bbox: 0.0258, loss_bounder: 0.5451, loss_aux: 0.0000, loss: 0.6554
2026-08-16 17:33:17,755 - mmdet - INFO - Epoch [23][200/1732]	lr: 5.000e-03, eta: 1 day, 1:25:24, time: 0.694, data_time: 0.005, memory: 17623, loss_rpn_cls: 0.0022, loss_rpn_bbox: 0.0028, s0.loss_cls: 0.0216, s0.acc: 99.1875, s0.loss_bbox: 0.0180, s1.loss_cls: 0.0072, s1.acc: 99.4842, s1.loss_bbox: 0.0253, s2.loss_cls: 0.0041, s2.acc: 99.4287, s2.loss_bbox: 0.0239, loss_bounder: 0.5507, loss_aux: 0.0000, loss: 0.6560
2026-08-16 17:34:26,850 - mmdet - INFO - Epoch [23][300/1732]	lr: 5.000e-03, eta: 1 day, 1:24:21, time: 0.691, data_time: 0.005, memory: 17623, loss_rpn_cls: 0.0023, loss_rpn_bbox: 0.0025, s0.loss_cls: 0.0196, s0.acc: 99.2754, s0.loss_bbox: 0.0170, s1.loss_cls: 0.0057, s1.acc: 99.5522, s1.loss_bbox: 0.0239, s2.loss_cls: 0.0029, s2.acc: 99.5958, s2.loss_bbox: 0.0232, loss_bounder: 0.5651, loss_aux: 0.0000, loss: 0.6621
2026-08-16 17:35:35,876 - mmdet - INFO - Epoch [23][400/1732]	lr: 5.000e-03, eta: 1 day, 1:23:17, time: 0.690, data_time: 0.005, memory: 17623, loss_rpn_cls: 0.0024, loss_rpn_bbox: 0.0028, s0.loss_cls: 0.0210, s0.acc: 99.1895, s0.loss_bbox: 0.0207, s1.loss_cls: 0.0063, s1.acc: 99.5224, s1.loss_bbox: 0.0291, s2.loss_cls: 0.0034, s2.acc: 99.5145, s2.loss_bbox: 0.0276, loss_bounder: 0.5670, loss_aux: 0.0000, loss: 0.6803
2026-08-16 17:36:44,748 - mmdet - INFO - Epoch [23][500/1732]	lr: 5.000e-03, eta: 1 day, 1:22:13, time: 0.689, data_time: 0.005, memory: 17623, loss_rpn_cls: 0.0030, loss_rpn_bbox: 0.0028, s0.loss_cls: 0.0199, s0.acc: 99.2529, s0.loss_bbox: 0.0186, s1.loss_cls: 0.0065, s1.acc: 99.5252, s1.loss_bbox: 0.0271, s2.loss_cls: 0.0037, s2.acc: 99.4856, s2.loss_bbox: 0.0241, loss_bounder: 0.5549, loss_aux: 0.0000, loss: 0.6607
2026-08-16 17:37:53,671 - mmdet - INFO - Epoch [23][600/1732]	lr: 5.000e-03, eta: 1 day, 1:21:09, time: 0.689, data_time: 0.004, memory: 17623, loss_rpn_cls: 0.0019, loss_rpn_bbox: 0.0025, s0.loss_cls: 0.0188, s0.acc: 99.2939, s0.loss_bbox: 0.0162, s1.loss_cls: 0.0051, s1.acc: 99.6432, s1.loss_bbox: 0.0235, s2.loss_cls: 0.0024, s2.acc: 99.6505, s2.loss_bbox: 0.0233, loss_bounder: 0.5651, loss_aux: 0.0000, loss: 0.6587
2026-08-16 17:39:02,535 - mmdet - INFO - Epoch [23][700/1732]	lr: 5.000e-03, eta: 1 day, 1:20:04, time: 0.689, data_time: 0.005, memory: 17623, loss_rpn_cls: 0.0020, loss_rpn_bbox: 0.0025, s0.loss_cls: 0.0200, s0.acc: 99.2744, s0.loss_bbox: 0.0173, s1.loss_cls: 0.0056, s1.acc: 99.5920, s1.loss_bbox: 0.0249, s2.loss_cls: 0.0027, s2.acc: 99.6490, s2.loss_bbox: 0.0253, loss_bounder: 0.5624, loss_aux: 0.0000, loss: 0.6626
2026-08-16 17:40:10,967 - mmdet - INFO - Epoch [23][800/1732]	lr: 5.000e-03, eta: 1 day, 1:18:58, time: 0.684, data_time: 0.005, memory: 17623, loss_rpn_cls: 0.0021, loss_rpn_bbox: 0.0028, s0.loss_cls: 0.0214, s0.acc: 99.1816, s0.loss_bbox: 0.0190, s1.loss_cls: 0.0063, s1.acc: 99.5265, s1.loss_bbox: 0.0269, s2.loss_cls: 0.0032, s2.acc: 99.5416, s2.loss_bbox: 0.0263, loss_bounder: 0.5577, loss_aux: 0.0000, loss: 0.6657
2026-08-16 17:41:19,806 - mmdet - INFO - Epoch [23][900/1732]	lr: 5.000e-03, eta: 1 day, 1:17:54, time: 0.688, data_time: 0.005, memory: 17623, loss_rpn_cls: 0.0017, loss_rpn_bbox: 0.0022, s0.loss_cls: 0.0179, s0.acc: 99.3018, s0.loss_bbox: 0.0155, s1.loss_cls: 0.0049, s1.acc: 99.6455, s1.loss_bbox: 0.0233, s2.loss_cls: 0.0030, s2.acc: 99.5829, s2.loss_bbox: 0.0227, loss_bounder: 0.5453, loss_aux: 0.0000, loss: 0.6366
2026-08-16 17:42:28,836 - mmdet - INFO - Epoch [23][1000/1732]	lr: 5.000e-03, eta: 1 day, 1:16:50, time: 0.690, data_time: 0.005, memory: 17623, loss_rpn_cls: 0.0023, loss_rpn_bbox: 0.0027, s0.loss_cls: 0.0218, s0.acc: 99.1719, s0.loss_bbox: 0.0204, s1.loss_cls: 0.0064, s1.acc: 99.5505, s1.loss_bbox: 0.0291, s2.loss_cls: 0.0036, s2.acc: 99.4753, s2.loss_bbox: 0.0285, loss_bounder: 0.5321, loss_aux: 0.0000, loss: 0.6468
2026-08-16 17:43:38,375 - mmdet - INFO - Epoch [23][1100/1732]	lr: 5.000e-03, eta: 1 day, 1:15:48, time: 0.695, data_time: 0.005, memory: 17623, loss_rpn_cls: 0.0020, loss_rpn_bbox: 0.0027, s0.loss_cls: 0.0213, s0.acc: 99.1738, s0.loss_bbox: 0.0189, s1.loss_cls: 0.0064, s1.acc: 99.5065, s1.loss_bbox: 0.0289, s2.loss_cls: 0.0033, s2.acc: 99.5433, s2.loss_bbox: 0.0287, loss_bounder: 0.5607, loss_aux: 0.0000, loss: 0.6730
2026-08-16 17:44:47,367 - mmdet - INFO - Epoch [23][1200/1732]	lr: 5.000e-03, eta: 1 day, 1:14:44, time: 0.690, data_time: 0.005, memory: 17623, loss_rpn_cls: 0.0019, loss_rpn_bbox: 0.0028, s0.loss_cls: 0.0232, s0.acc: 99.1338, s0.loss_bbox: 0.0200, s1.loss_cls: 0.0058, s1.acc: 99.5613, s1.loss_bbox: 0.0282, s2.loss_cls: 0.0029, s2.acc: 99.6102, s2.loss_bbox: 0.0283, loss_bounder: 0.5517, loss_aux: 0.0000, loss: 0.6648
2026-08-16 17:45:56,289 - mmdet - INFO - Epoch [23][1300/1732]	lr: 5.000e-03, eta: 1 day, 1:13:40, time: 0.689, data_time: 0.005, memory: 17623, loss_rpn_cls: 0.0028, loss_rpn_bbox: 0.0034, s0.loss_cls: 0.0240, s0.acc: 99.1260, s0.loss_bbox: 0.0242, s1.loss_cls: 0.0078, s1.acc: 99.4379, s1.loss_bbox: 0.0304, s2.loss_cls: 0.0041, s2.acc: 99.4817, s2.loss_bbox: 0.0282, loss_bounder: 0.5565, loss_aux: 0.0000, loss: 0.6815
2026-08-16 17:47:04,984 - mmdet - INFO - Epoch [23][1400/1732]	lr: 5.000e-03, eta: 1 day, 1:12:34, time: 0.687, data_time: 0.005, memory: 17623, loss_rpn_cls: 0.0025, loss_rpn_bbox: 0.0029, s0.loss_cls: 0.0186, s0.acc: 99.2900, s0.loss_bbox: 0.0160, s1.loss_cls: 0.0052, s1.acc: 99.5998, s1.loss_bbox: 0.0242, s2.loss_cls: 0.0026, s2.acc: 99.6216, s2.loss_bbox: 0.0250, loss_bounder: 0.5523, loss_aux: 0.0000, loss: 0.6494
2026-08-16 17:48:13,459 - mmdet - INFO - Epoch [23][1500/1732]	lr: 5.000e-03, eta: 1 day, 1:11:29, time: 0.685, data_time: 0.005, memory: 17623, loss_rpn_cls: 0.0022, loss_rpn_bbox: 0.0027, s0.loss_cls: 0.0208, s0.acc: 99.2246, s0.loss_bbox: 0.0179, s1.loss_cls: 0.0059, s1.acc: 99.5553, s1.loss_bbox: 0.0262, s2.loss_cls: 0.0032, s2.acc: 99.5864, s2.loss_bbox: 0.0252, loss_bounder: 0.5703, loss_aux: 0.0000, loss: 0.6742
2026-08-16 17:49:22,846 - mmdet - INFO - Epoch [23][1600/1732]	lr: 5.000e-03, eta: 1 day, 1:10:26, time: 0.694, data_time: 0.005, memory: 17623, loss_rpn_cls: 0.0022, loss_rpn_bbox: 0.0025, s0.loss_cls: 0.0200, s0.acc: 99.2324, s0.loss_bbox: 0.0189, s1.loss_cls: 0.0062, s1.acc: 99.5422, s1.loss_bbox: 0.0276, s2.loss_cls: 0.0036, s2.acc: 99.4964, s2.loss_bbox: 0.0255, loss_bounder: 0.5487, loss_aux: 0.0000, loss: 0.6552
2026-08-16 17:50:31,221 - mmdet - INFO - Epoch [23][1700/1732]	lr: 5.000e-03, eta: 1 day, 1:09:19, time: 0.684, data_time: 0.005, memory: 17623, loss_rpn_cls: 0.0015, loss_rpn_bbox: 0.0023, s0.loss_cls: 0.0176, s0.acc: 99.3574, s0.loss_bbox: 0.0158, s1.loss_cls: 0.0044, s1.acc: 99.6767, s1.loss_bbox: 0.0234, s2.loss_cls: 0.0024, s2.acc: 99.6872, s2.loss_bbox: 0.0233, loss_bounder: 0.5525, loss_aux: 0.0000, loss: 0.6431
2026-08-16 17:50:53,440 - mmdet - INFO - Saving checkpoint at 23 epochs
2026-08-16 17:52:09,823 - mmdet - INFO - Evaluating bbox...
2026-08-16 17:52:10,747 - mmdet - INFO - 
+-----------+-------+-----------+-------+------------+-------+
| category  | AP    | category  | AP    | category   | AP    |
+-----------+-------+-----------+-------+------------+-------+
| HM        | 0.353 | LQS       | 0.103 | QHS        | 0.327 |
| MS        | 0.431 | A1_SU-35  | 0.779 | A2_C-130   | 0.724 |
| A3_C-17   | 0.747 | A4_C-5    | 0.832 | A5_F-16    | 0.689 |
| A6_TU-160 | 0.786 | A7_E-3    | 0.760 | A8_B-52    | 0.798 |
| A9_P-3C   | 0.758 | A10_B-1B  | 0.778 | A11_E-8    | 0.729 |
| A12_TU-22 | 0.781 | A13_F-15  | 0.688 | A14_KC-135 | 0.739 |
| A15_F-22  | 0.631 | A16_FA-18 | 0.748 | A17_TU-95  | 0.830 |
| A18_KC-10 | 0.638 | A19_SU-34 | 0.757 | A20_SU-24  | 0.740 |
| FSC       | 0.426 | None      | None  | None       | None  |
+-----------+-------+-----------+-------+------------+-------+
2026-08-16 17:52:10,755 - mmdet - INFO - EarlyStoppingHook: bbox_mAP=0.6630 提升幅度不足 0.0010（当前最佳 0.6640，等待 5/16）
2026-08-16 17:52:10,756 - mmdet - INFO - Exp name: aircraft_bafnet_1x.py
2026-08-16 17:52:10,756 - mmdet - INFO - Epoch(val) [23][548]	bbox_mAP: 0.6630, bbox_mAP_50: 0.8700, bbox_mAP_75: 0.8120, bbox_mAP_s: 0.1190, bbox_mAP_m: 0.6310, bbox_mAP_l: 0.7210, bbox_mAP_copypaste: 0.663 0.870 0.812 0.119 0.631 0.721
2026-08-16 17:53:21,815 - mmdet - INFO - Epoch [24][100/1732]	lr: 5.000e-03, eta: 1 day, 1:06:48, time: 0.711, data_time: 0.028, memory: 17623, loss_rpn_cls: 0.0018, loss_rpn_bbox: 0.0026, s0.loss_cls: 0.0202, s0.acc: 99.2666, s0.loss_bbox: 0.0174, s1.loss_cls: 0.0054, s1.acc: 99.6068, s1.loss_bbox: 0.0247, s2.loss_cls: 0.0025, s2.acc: 99.6760, s2.loss_bbox: 0.0245, loss_bounder: 0.5588, loss_aux: 0.0000, loss: 0.6579
2026-08-16 17:54:30,417 - mmdet - INFO - Epoch [24][200/1732]	lr: 5.000e-03, eta: 1 day, 1:05:43, time: 0.686, data_time: 0.005, memory: 17623, loss_rpn_cls: 0.0016, loss_rpn_bbox: 0.0038, s0.loss_cls: 0.0217, s0.acc: 99.1533, s0.loss_bbox: 0.0197, s1.loss_cls: 0.0071, s1.acc: 99.4490, s1.loss_bbox: 0.0273, s2.loss_cls: 0.0037, s2.acc: 99.4173, s2.loss_bbox: 0.0247, loss_bounder: 0.5564, loss_aux: 0.0000, loss: 0.6660
2026-08-16 17:55:38,985 - mmdet - INFO - Epoch [24][300/1732]	lr: 5.000e-03, eta: 1 day, 1:04:37, time: 0.686, data_time: 0.004, memory: 17623, loss_rpn_cls: 0.0018, loss_rpn_bbox: 0.0026, s0.loss_cls: 0.0195, s0.acc: 99.2363, s0.loss_bbox: 0.0167, s1.loss_cls: 0.0054, s1.acc: 99.5945, s1.loss_bbox: 0.0251, s2.loss_cls: 0.0027, s2.acc: 99.5903, s2.loss_bbox: 0.0255, loss_bounder: 0.5702, loss_aux: 0.0000, loss: 0.6694
2026-08-16 17:56:48,126 - mmdet - INFO - Epoch [24][400/1732]	lr: 5.000e-03, eta: 1 day, 1:03:34, time: 0.691, data_time: 0.005, memory: 17623, loss_rpn_cls: 0.0016, loss_rpn_bbox: 0.0022, s0.loss_cls: 0.0197, s0.acc: 99.2822, s0.loss_bbox: 0.0156, s1.loss_cls: 0.0051, s1.acc: 99.6161, s1.loss_bbox: 0.0228, s2.loss_cls: 0.0027, s2.acc: 99.6116, s2.loss_bbox: 0.0232, loss_bounder: 0.5495, loss_aux: 0.0000, loss: 0.6423
2026-08-16 17:57:56,244 - mmdet - INFO - Epoch [24][500/1732]	lr: 5.000e-03, eta: 1 day, 1:02:27, time: 0.681, data_time: 0.004, memory: 17623, loss_rpn_cls: 0.0016, loss_rpn_bbox: 0.0022, s0.loss_cls: 0.0182, s0.acc: 99.3066, s0.loss_bbox: 0.0155, s1.loss_cls: 0.0050, s1.acc: 99.6157, s1.loss_bbox: 0.0231, s2.loss_cls: 0.0024, s2.acc: 99.6469, s2.loss_bbox: 0.0229, loss_bounder: 0.5501, loss_aux: 0.0000, loss: 0.6411
2026-08-16 17:59:04,817 - mmdet - INFO - Epoch [24][600/1732]	lr: 5.000e-03, eta: 1 day, 1:01:21, time: 0.686, data_time: 0.005, memory: 17623, loss_rpn_cls: 0.0022, loss_rpn_bbox: 0.0023, s0.loss_cls: 0.0170, s0.acc: 99.3730, s0.loss_bbox: 0.0147, s1.loss_cls: 0.0040, s1.acc: 99.6830, s1.loss_bbox: 0.0211, s2.loss_cls: 0.0020, s2.acc: 99.7120, s2.loss_bbox: 0.0206, loss_bounder: 0.5626, loss_aux: 0.0000, loss: 0.6464
2026-08-16 18:00:13,330 - mmdet - INFO - Epoch [24][700/1732]	lr: 5.000e-03, eta: 1 day, 1:00:15, time: 0.685, data_time: 0.005, memory: 17623, loss_rpn_cls: 0.0024, loss_rpn_bbox: 0.0025, s0.loss_cls: 0.0191, s0.acc: 99.2891, s0.loss_bbox: 0.0178, s1.loss_cls: 0.0053, s1.acc: 99.6390, s1.loss_bbox: 0.0249, s2.loss_cls: 0.0030, s2.acc: 99.6024, s2.loss_bbox: 0.0229, loss_bounder: 0.5469, loss_aux: 0.0000, loss: 0.6448
2026-08-16 18:01:22,126 - mmdet - INFO - Epoch [24][800/1732]	lr: 5.000e-03, eta: 1 day, 0:59:11, time: 0.688, data_time: 0.005, memory: 17623, loss_rpn_cls: 0.0014, loss_rpn_bbox: 0.0028, s0.loss_cls: 0.0196, s0.acc: 99.2734, s0.loss_bbox: 0.0164, s1.loss_cls: 0.0051, s1.acc: 99.5994, s1.loss_bbox: 0.0245, s2.loss_cls: 0.0029, s2.acc: 99.5762, s2.loss_bbox: 0.0234, loss_bounder: 0.5413, loss_aux: 0.0000, loss: 0.6374
2026-08-16 18:02:30,636 - mmdet - INFO - Epoch [24][900/1732]	lr: 5.000e-03, eta: 1 day, 0:58:05, time: 0.685, data_time: 0.005, memory: 17623, loss_rpn_cls: 0.0018, loss_rpn_bbox: 0.0022, s0.loss_cls: 0.0197, s0.acc: 99.2451, s0.loss_bbox: 0.0156, s1.loss_cls: 0.0053, s1.acc: 99.6205, s1.loss_bbox: 0.0226, s2.loss_cls: 0.0029, s2.acc: 99.6137, s2.loss_bbox: 0.0225, loss_bounder: 0.5522, loss_aux: 0.0000, loss: 0.6450
2026-08-16 18:03:39,076 - mmdet - INFO - Epoch [24][1000/1732]	lr: 5.000e-03, eta: 1 day, 0:56:59, time: 0.684, data_time: 0.005, memory: 17623, loss_rpn_cls: 0.0023, loss_rpn_bbox: 0.0023, s0.loss_cls: 0.0174, s0.acc: 99.3672, s0.loss_bbox: 0.0149, s1.loss_cls: 0.0046, s1.acc: 99.6833, s1.loss_bbox: 0.0208, s2.loss_cls: 0.0022, s2.acc: 99.7347, s2.loss_bbox: 0.0210, loss_bounder: 0.5584, loss_aux: 0.0000, loss: 0.6440
2026-08-16 18:04:47,661 - mmdet - INFO - Epoch [24][1100/1732]	lr: 5.000e-03, eta: 1 day, 0:55:53, time: 0.686, data_time: 0.005, memory: 17623, loss_rpn_cls: 0.0016, loss_rpn_bbox: 0.0027, s0.loss_cls: 0.0167, s0.acc: 99.3730, s0.loss_bbox: 0.0151, s1.loss_cls: 0.0042, s1.acc: 99.6906, s1.loss_bbox: 0.0215, s2.loss_cls: 0.0021, s2.acc: 99.7103, s2.loss_bbox: 0.0210, loss_bounder: 0.5423, loss_aux: 0.0000, loss: 0.6272
2026-08-16 18:05:56,553 - mmdet - INFO - Epoch [24][1200/1732]	lr: 5.000e-03, eta: 1 day, 0:54:49, time: 0.689, data_time: 0.005, memory: 17623, loss_rpn_cls: 0.0020, loss_rpn_bbox: 0.0027, s0.loss_cls: 0.0172, s0.acc: 99.3701, s0.loss_bbox: 0.0169, s1.loss_cls: 0.0049, s1.acc: 99.6294, s1.loss_bbox: 0.0256, s2.loss_cls: 0.0028, s2.acc: 99.5918, s2.loss_bbox: 0.0246, loss_bounder: 0.5624, loss_aux: 0.0000, loss: 0.6591
2026-08-16 18:07:05,555 - mmdet - INFO - Epoch [24][1300/1732]	lr: 5.000e-03, eta: 1 day, 0:53:45, time: 0.690, data_time: 0.005, memory: 17623, loss_rpn_cls: 0.0027, loss_rpn_bbox: 0.0025, s0.loss_cls: 0.0182, s0.acc: 99.2988, s0.loss_bbox: 0.0159, s1.loss_cls: 0.0051, s1.acc: 99.6357, s1.loss_bbox: 0.0228, s2.loss_cls: 0.0032, s2.acc: 99.5678, s2.loss_bbox: 0.0214, loss_bounder: 0.5624, loss_aux: 0.0000, loss: 0.6542
2026-08-16 18:08:13,834 - mmdet - INFO - Epoch [24][1400/1732]	lr: 5.000e-03, eta: 1 day, 0:52:38, time: 0.683, data_time: 0.005, memory: 17623, loss_rpn_cls: 0.0018, loss_rpn_bbox: 0.0023, s0.loss_cls: 0.0170, s0.acc: 99.3682, s0.loss_bbox: 0.0167, s1.loss_cls: 0.0051, s1.acc: 99.6198, s1.loss_bbox: 0.0239, s2.loss_cls: 0.0025, s2.acc: 99.6331, s2.loss_bbox: 0.0238, loss_bounder: 0.5508, loss_aux: 0.0000, loss: 0.6440
2026-08-16 18:09:23,185 - mmdet - INFO - Epoch [24][1500/1732]	lr: 5.000e-03, eta: 1 day, 0:51:35, time: 0.694, data_time: 0.005, memory: 17623, loss_rpn_cls: 0.0018, loss_rpn_bbox: 0.0024, s0.loss_cls: 0.0183, s0.acc: 99.3232, s0.loss_bbox: 0.0188, s1.loss_cls: 0.0049, s1.acc: 99.6395, s1.loss_bbox: 0.0267, s2.loss_cls: 0.0025, s2.acc: 99.6920, s2.loss_bbox: 0.0255, loss_bounder: 0.5557, loss_aux: 0.0000, loss: 0.6565
2026-08-16 18:10:31,877 - mmdet - INFO - Epoch [24][1600/1732]	lr: 5.000e-03, eta: 1 day, 0:50:30, time: 0.687, data_time: 0.005, memory: 17623, loss_rpn_cls: 0.0026, loss_rpn_bbox: 0.0026, s0.loss_cls: 0.0186, s0.acc: 99.3232, s0.loss_bbox: 0.0168, s1.loss_cls: 0.0048, s1.acc: 99.6688, s1.loss_bbox: 0.0247, s2.loss_cls: 0.0024, s2.acc: 99.7332, s2.loss_bbox: 0.0244, loss_bounder: 0.5365, loss_aux: 0.0000, loss: 0.6334
2026-08-16 18:11:40,962 - mmdet - INFO - Epoch [24][1700/1732]	lr: 5.000e-03, eta: 1 day, 0:49:26, time: 0.691, data_time: 0.004, memory: 17623, loss_rpn_cls: 0.0018, loss_rpn_bbox: 0.0031, s0.loss_cls: 0.0189, s0.acc: 99.2666, s0.loss_bbox: 0.0174, s1.loss_cls: 0.0050, s1.acc: 99.6373, s1.loss_bbox: 0.0251, s2.loss_cls: 0.0029, s2.acc: 99.6003, s2.loss_bbox: 0.0243, loss_bounder: 0.5567, loss_aux: 0.0000, loss: 0.6552
2026-08-16 18:12:03,017 - mmdet - INFO - Saving checkpoint at 24 epochs
2026-08-16 18:13:19,013 - mmdet - INFO - Evaluating bbox...
2026-08-16 18:13:19,945 - mmdet - INFO - 
+-----------+-------+-----------+-------+------------+-------+
| category  | AP    | category  | AP    | category   | AP    |
+-----------+-------+-----------+-------+------------+-------+
| HM        | 0.000 | LQS       | 0.161 | QHS        | 0.337 |
| MS        | 0.423 | A1_SU-35  | 0.783 | A2_C-130   | 0.702 |
| A3_C-17   | 0.745 | A4_C-5    | 0.842 | A5_F-16    | 0.690 |
| A6_TU-160 | 0.781 | A7_E-3    | 0.777 | A8_B-52    | 0.818 |
| A9_P-3C   | 0.747 | A10_B-1B  | 0.777 | A11_E-8    | 0.642 |
| A12_TU-22 | 0.784 | A13_F-15  | 0.680 | A14_KC-135 | 0.723 |
| A15_F-22  | 0.564 | A16_FA-18 | 0.743 | A17_TU-95  | 0.828 |
| A18_KC-10 | 0.624 | A19_SU-34 | 0.737 | A20_SU-24  | 0.737 |
| FSC       | 0.451 | None      | None  | None       | None  |
+-----------+-------+-----------+-------+------------+-------+
2026-08-16 18:13:19,953 - mmdet - INFO - EarlyStoppingHook: bbox_mAP=0.6440 提升幅度不足 0.0010（当前最佳 0.6640，等待 6/16）
2026-08-16 18:13:19,954 - mmdet - INFO - Exp name: aircraft_bafnet_1x.py
2026-08-16 18:13:19,954 - mmdet - INFO - Epoch(val) [24][548]	bbox_mAP: 0.6440, bbox_mAP_50: 0.8420, bbox_mAP_75: 0.7880, bbox_mAP_s: 0.0830, bbox_mAP_m: 0.6250, bbox_mAP_l: 0.7030, bbox_mAP_copypaste: 0.644 0.842 0.788 0.083 0.625 0.703
2026-08-16 18:14:31,500 - mmdet - INFO - Epoch [25][100/1732]	lr: 5.000e-03, eta: 1 day, 0:46:59, time: 0.715, data_time: 0.028, memory: 17623, loss_rpn_cls: 0.0021, loss_rpn_bbox: 0.0023, s0.loss_cls: 0.0162, s0.acc: 99.4023, s0.loss_bbox: 0.0138, s1.loss_cls: 0.0045, s1.acc: 99.6675, s1.loss_bbox: 0.0200, s2.loss_cls: 0.0023, s2.acc: 99.6671, s2.loss_bbox: 0.0198, loss_bounder: 0.5509, loss_aux: 0.0000, loss: 0.6320
2026-08-16 18:15:40,696 - mmdet - INFO - Epoch [25][200/1732]	lr: 5.000e-03, eta: 1 day, 0:45:56, time: 0.692, data_time: 0.005, memory: 17623, loss_rpn_cls: 0.0023, loss_rpn_bbox: 0.0026, s0.loss_cls: 0.0184, s0.acc: 99.3125, s0.loss_bbox: 0.0173, s1.loss_cls: 0.0053, s1.acc: 99.6214, s1.loss_bbox: 0.0241, s2.loss_cls: 0.0027, s2.acc: 99.6284, s2.loss_bbox: 0.0231, loss_bounder: 0.5412, loss_aux: 0.0000, loss: 0.6368
2026-08-16 18:16:49,345 - mmdet - INFO - Epoch [25][300/1732]	lr: 5.000e-03, eta: 1 day, 0:44:50, time: 0.686, data_time: 0.005, memory: 17623, loss_rpn_cls: 0.0014, loss_rpn_bbox: 0.0022, s0.loss_cls: 0.0164, s0.acc: 99.3672, s0.loss_bbox: 0.0152, s1.loss_cls: 0.0051, s1.acc: 99.6103, s1.loss_bbox: 0.0211, s2.loss_cls: 0.0026, s2.acc: 99.6210, s2.loss_bbox: 0.0199, loss_bounder: 0.5747, loss_aux: 0.0000, loss: 0.6586
2026-08-16 18:17:58,069 - mmdet - INFO - Epoch [25][400/1732]	lr: 5.000e-03, eta: 1 day, 0:43:45, time: 0.687, data_time: 0.005, memory: 17623, loss_rpn_cls: 0.0025, loss_rpn_bbox: 0.0021, s0.loss_cls: 0.0168, s0.acc: 99.3721, s0.loss_bbox: 0.0157, s1.loss_cls: 0.0044, s1.acc: 99.6955, s1.loss_bbox: 0.0229, s2.loss_cls: 0.0023, s2.acc: 99.6685, s2.loss_bbox: 0.0224, loss_bounder: 0.5539, loss_aux: 0.0000, loss: 0.6430
2026-08-16 18:19:06,805 - mmdet - INFO - Epoch [25][500/1732]	lr: 5.000e-03, eta: 1 day, 0:42:40, time: 0.687, data_time: 0.005, memory: 17623, loss_rpn_cls: 0.0020, loss_rpn_bbox: 0.0025, s0.loss_cls: 0.0170, s0.acc: 99.3496, s0.loss_bbox: 0.0156, s1.loss_cls: 0.0049, s1.acc: 99.6177, s1.loss_bbox: 0.0219, s2.loss_cls: 0.0027, s2.acc: 99.6086, s2.loss_bbox: 0.0208, loss_bounder: 0.5614, loss_aux: 0.0000, loss: 0.6488
2026-08-16 18:20:15,134 - mmdet - INFO - Epoch [25][600/1732]	lr: 5.000e-03, eta: 1 day, 0:41:34, time: 0.683, data_time: 0.005, memory: 17623, loss_rpn_cls: 0.0015, loss_rpn_bbox: 0.0027, s0.loss_cls: 0.0195, s0.acc: 99.2598, s0.loss_bbox: 0.0162, s1.loss_cls: 0.0047, s1.acc: 99.6936, s1.loss_bbox: 0.0232, s2.loss_cls: 0.0026, s2.acc: 99.6477, s2.loss_bbox: 0.0229, loss_bounder: 0.5428, loss_aux: 0.0000, loss: 0.6360
2026-08-16 18:21:23,937 - mmdet - INFO - Epoch [25][700/1732]	lr: 5.000e-03, eta: 1 day, 0:40:29, time: 0.688, data_time: 0.005, memory: 17623, loss_rpn_cls: 0.0021, loss_rpn_bbox: 0.0032, s0.loss_cls: 0.0179, s0.acc: 99.3154, s0.loss_bbox: 0.0156, s1.loss_cls: 0.0050, s1.acc: 99.6220, s1.loss_bbox: 0.0214, s2.loss_cls: 0.0025, s2.acc: 99.6299, s2.loss_bbox: 0.0211, loss_bounder: 0.5493, loss_aux: 0.0000, loss: 0.6382
2026-08-16 18:22:32,682 - mmdet - INFO - Epoch [25][800/1732]	lr: 5.000e-03, eta: 1 day, 0:39:24, time: 0.687, data_time: 0.005, memory: 17623, loss_rpn_cls: 0.0019, loss_rpn_bbox: 0.0029, s0.loss_cls: 0.0216, s0.acc: 99.1709, s0.loss_bbox: 0.0200, s1.loss_cls: 0.0059, s1.acc: 99.5676, s1.loss_bbox: 0.0278, s2.loss_cls: 0.0030, s2.acc: 99.5667, s2.loss_bbox: 0.0262, loss_bounder: 0.5611, loss_aux: 0.0000, loss: 0.6704
2026-08-16 18:23:41,821 - mmdet - INFO - Epoch [25][900/1732]	lr: 5.000e-03, eta: 1 day, 0:38:20, time: 0.691, data_time: 0.005, memory: 17623, loss_rpn_cls: 0.0021, loss_rpn_bbox: 0.0027, s0.loss_cls: 0.0191, s0.acc: 99.2910, s0.loss_bbox: 0.0188, s1.loss_cls: 0.0051, s1.acc: 99.6230, s1.loss_bbox: 0.0267, s2.loss_cls: 0.0035, s2.acc: 99.5237, s2.loss_bbox: 0.0245, loss_bounder: 0.5537, loss_aux: 0.0000, loss: 0.6563
2026-08-16 18:24:51,463 - mmdet - INFO - Epoch [25][1000/1732]	lr: 5.000e-03, eta: 1 day, 0:37:18, time: 0.696, data_time: 0.005, memory: 17623, loss_rpn_cls: 0.0017, loss_rpn_bbox: 0.0023, s0.loss_cls: 0.0176, s0.acc: 99.3477, s0.loss_bbox: 0.0146, s1.loss_cls: 0.0048, s1.acc: 99.6473, s1.loss_bbox: 0.0217, s2.loss_cls: 0.0028, s2.acc: 99.6635, s2.loss_bbox: 0.0207, loss_bounder: 0.5424, loss_aux: 0.0000, loss: 0.6285
2026-08-16 18:26:00,325 - mmdet - INFO - Epoch [25][1100/1732]	lr: 5.000e-03, eta: 1 day, 0:36:13, time: 0.689, data_time: 0.005, memory: 17623, loss_rpn_cls: 0.0021, loss_rpn_bbox: 0.0025, s0.loss_cls: 0.0187, s0.acc: 99.3018, s0.loss_bbox: 0.0168, s1.loss_cls: 0.0045, s1.acc: 99.6584, s1.loss_bbox: 0.0235, s2.loss_cls: 0.0025, s2.acc: 99.6372, s2.loss_bbox: 0.0224, loss_bounder: 0.5653, loss_aux: 0.0000, loss: 0.6582
2026-08-16 18:27:08,973 - mmdet - INFO - Epoch [25][1200/1732]	lr: 5.000e-03, eta: 1 day, 0:35:08, time: 0.686, data_time: 0.005, memory: 17623, loss_rpn_cls: 0.0023, loss_rpn_bbox: 0.0026, s0.loss_cls: 0.0188, s0.acc: 99.2959, s0.loss_bbox: 0.0154, s1.loss_cls: 0.0050, s1.acc: 99.6671, s1.loss_bbox: 0.0230, s2.loss_cls: 0.0025, s2.acc: 99.6803, s2.loss_bbox: 0.0228, loss_bounder: 0.5539, loss_aux: 0.0000, loss: 0.6463
2026-08-16 18:28:18,001 - mmdet - INFO - Epoch [25][1300/1732]	lr: 5.000e-03, eta: 1 day, 0:34:03, time: 0.690, data_time: 0.005, memory: 17623, loss_rpn_cls: 0.0020, loss_rpn_bbox: 0.0018, s0.loss_cls: 0.0156, s0.acc: 99.4219, s0.loss_bbox: 0.0132, s1.loss_cls: 0.0038, s1.acc: 99.7104, s1.loss_bbox: 0.0194, s2.loss_cls: 0.0021, s2.acc: 99.7289, s2.loss_bbox: 0.0197, loss_bounder: 0.5453, loss_aux: 0.0000, loss: 0.6230
2026-08-16 18:29:26,645 - mmdet - INFO - Epoch [25][1400/1732]	lr: 5.000e-03, eta: 1 day, 0:32:58, time: 0.686, data_time: 0.005, memory: 17623, loss_rpn_cls: 0.0021, loss_rpn_bbox: 0.0023, s0.loss_cls: 0.0198, s0.acc: 99.2354, s0.loss_bbox: 0.0155, s1.loss_cls: 0.0053, s1.acc: 99.6450, s1.loss_bbox: 0.0224, s2.loss_cls: 0.0027, s2.acc: 99.6579, s2.loss_bbox: 0.0224, loss_bounder: 0.5373, loss_aux: 0.0000, loss: 0.6297
2026-08-16 18:30:35,527 - mmdet - INFO - Epoch [25][1500/1732]	lr: 5.000e-03, eta: 1 day, 0:31:53, time: 0.689, data_time: 0.005, memory: 17623, loss_rpn_cls: 0.0025, loss_rpn_bbox: 0.0031, s0.loss_cls: 0.0206, s0.acc: 99.2324, s0.loss_bbox: 0.0159, s1.loss_cls: 0.0061, s1.acc: 99.5571, s1.loss_bbox: 0.0229, s2.loss_cls: 0.0033, s2.acc: 99.5467, s2.loss_bbox: 0.0222, loss_bounder: 0.5636, loss_aux: 0.0000, loss: 0.6601
2026-08-16 18:31:44,055 - mmdet - INFO - Epoch [25][1600/1732]	lr: 5.000e-03, eta: 1 day, 0:30:47, time: 0.685, data_time: 0.005, memory: 17623, loss_rpn_cls: 0.0024, loss_rpn_bbox: 0.0027, s0.loss_cls: 0.0210, s0.acc: 99.2246, s0.loss_bbox: 0.0187, s1.loss_cls: 0.0059, s1.acc: 99.5728, s1.loss_bbox: 0.0267, s2.loss_cls: 0.0036, s2.acc: 99.4940, s2.loss_bbox: 0.0250, loss_bounder: 0.5489, loss_aux: 0.0000, loss: 0.6549
2026-08-16 18:32:52,826 - mmdet - INFO - Epoch [25][1700/1732]	lr: 5.000e-03, eta: 1 day, 0:29:42, time: 0.688, data_time: 0.005, memory: 17623, loss_rpn_cls: 0.0019, loss_rpn_bbox: 0.0024, s0.loss_cls: 0.0191, s0.acc: 99.2588, s0.loss_bbox: 0.0145, s1.loss_cls: 0.0050, s1.acc: 99.6353, s1.loss_bbox: 0.0207, s2.loss_cls: 0.0024, s2.acc: 99.6846, s2.loss_bbox: 0.0212, loss_bounder: 0.5596, loss_aux: 0.0000, loss: 0.6469
2026-08-16 18:33:15,359 - mmdet - INFO - Saving checkpoint at 25 epochs
2026-08-16 18:34:31,197 - mmdet - INFO - Evaluating bbox...
2026-08-16 18:34:32,096 - mmdet - INFO - 
+-----------+-------+-----------+-------+------------+-------+
| category  | AP    | category  | AP    | category   | AP    |
+-----------+-------+-----------+-------+------------+-------+
| HM        | 0.303 | LQS       | 0.090 | QHS        | 0.321 |
| MS        | 0.415 | A1_SU-35  | 0.786 | A2_C-130   | 0.745 |
| A3_C-17   | 0.758 | A4_C-5    | 0.833 | A5_F-16    | 0.676 |
| A6_TU-160 | 0.794 | A7_E-3    | 0.776 | A8_B-52    | 0.770 |
| A9_P-3C   | 0.774 | A10_B-1B  | 0.766 | A11_E-8    | 0.700 |
| A12_TU-22 | 0.769 | A13_F-15  | 0.701 | A14_KC-135 | 0.755 |
| A15_F-22  | 0.652 | A16_FA-18 | 0.736 | A17_TU-95  | 0.833 |
| A18_KC-10 | 0.692 | A19_SU-34 | 0.715 | A20_SU-24  | 0.747 |
| FSC       | 0.430 | None      | None  | None       | None  |
+-----------+-------+-----------+-------+------------+-------+
2026-08-16 18:34:32,104 - mmdet - INFO - EarlyStoppingHook: bbox_mAP=0.6610 提升幅度不足 0.0010（当前最佳 0.6640，等待 7/16）
2026-08-16 18:34:32,105 - mmdet - INFO - Exp name: aircraft_bafnet_1x.py
2026-08-16 18:34:32,105 - mmdet - INFO - Epoch(val) [25][548]	bbox_mAP: 0.6610, bbox_mAP_50: 0.8670, bbox_mAP_75: 0.8100, bbox_mAP_s: 0.0990, bbox_mAP_m: 0.6450, bbox_mAP_l: 0.7090, bbox_mAP_copypaste: 0.661 0.867 0.810 0.099 0.645 0.709
2026-08-16 18:35:43,375 - mmdet - INFO - Epoch [26][100/1732]	lr: 5.000e-03, eta: 1 day, 0:27:18, time: 0.713, data_time: 0.029, memory: 17623, loss_rpn_cls: 0.0020, loss_rpn_bbox: 0.0021, s0.loss_cls: 0.0181, s0.acc: 99.3291, s0.loss_bbox: 0.0173, s1.loss_cls: 0.0049, s1.acc: 99.6335, s1.loss_bbox: 0.0242, s2.loss_cls: 0.0025, s2.acc: 99.6431, s2.loss_bbox: 0.0233, loss_bounder: 0.5593, loss_aux: 0.0000, loss: 0.6538
2026-08-16 18:36:52,464 - mmdet - INFO - Epoch [26][200/1732]	lr: 5.000e-03, eta: 1 day, 0:26:14, time: 0.691, data_time: 0.005, memory: 17623, loss_rpn_cls: 0.0017, loss_rpn_bbox: 0.0024, s0.loss_cls: 0.0196, s0.acc: 99.2744, s0.loss_bbox: 0.0185, s1.loss_cls: 0.0054, s1.acc: 99.6216, s1.loss_bbox: 0.0251, s2.loss_cls: 0.0030, s2.acc: 99.6216, s2.loss_bbox: 0.0258, loss_bounder: 0.5584, loss_aux: 0.0000, loss: 0.6599
2026-08-16 18:38:02,047 - mmdet - INFO - Epoch [26][300/1732]	lr: 5.000e-03, eta: 1 day, 0:25:11, time: 0.696, data_time: 0.005, memory: 17623, loss_rpn_cls: 0.0019, loss_rpn_bbox: 0.0021, s0.loss_cls: 0.0191, s0.acc: 99.2480, s0.loss_bbox: 0.0154, s1.loss_cls: 0.0054, s1.acc: 99.5952, s1.loss_bbox: 0.0226, s2.loss_cls: 0.0028, s2.acc: 99.5961, s2.loss_bbox: 0.0222, loss_bounder: 0.5629, loss_aux: 0.0000, loss: 0.6545
2026-08-16 18:39:10,319 - mmdet - INFO - Epoch [26][400/1732]	lr: 5.000e-03, eta: 1 day, 0:24:04, time: 0.683, data_time: 0.005, memory: 17623, loss_rpn_cls: 0.0020, loss_rpn_bbox: 0.0026, s0.loss_cls: 0.0175, s0.acc: 99.3086, s0.loss_bbox: 0.0160, s1.loss_cls: 0.0053, s1.acc: 99.5823, s1.loss_bbox: 0.0208, s2.loss_cls: 0.0030, s2.acc: 99.5673, s2.loss_bbox: 0.0199, loss_bounder: 0.5359, loss_aux: 0.0000, loss: 0.6231
2026-08-16 18:40:19,220 - mmdet - INFO - Epoch [26][500/1732]	lr: 5.000e-03, eta: 1 day, 0:23:00, time: 0.689, data_time: 0.005, memory: 17623, loss_rpn_cls: 0.0018, loss_rpn_bbox: 0.0029, s0.loss_cls: 0.0180, s0.acc: 99.3154, s0.loss_bbox: 0.0156, s1.loss_cls: 0.0049, s1.acc: 99.6217, s1.loss_bbox: 0.0216, s2.loss_cls: 0.0028, s2.acc: 99.5591, s2.loss_bbox: 0.0203, loss_bounder: 0.5411, loss_aux: 0.0000, loss: 0.6289
2026-08-16 18:41:28,579 - mmdet - INFO - Epoch [26][600/1732]	lr: 5.000e-03, eta: 1 day, 0:21:56, time: 0.694, data_time: 0.005, memory: 17623, loss_rpn_cls: 0.0018, loss_rpn_bbox: 0.0027, s0.loss_cls: 0.0193, s0.acc: 99.2705, s0.loss_bbox: 0.0175, s1.loss_cls: 0.0056, s1.acc: 99.5954, s1.loss_bbox: 0.0242, s2.loss_cls: 0.0030, s2.acc: 99.5309, s2.loss_bbox: 0.0239, loss_bounder: 0.5311, loss_aux: 0.0000, loss: 0.6292
2026-08-16 18:42:37,468 - mmdet - INFO - Exp name: aircraft_bafnet_1x.py
2026-08-16 18:42:37,468 - mmdet - INFO - Epoch [26][700/1732]	lr: 5.000e-03, eta: 1 day, 0:20:52, time: 0.689, data_time: 0.005, memory: 17623, loss_rpn_cls: 0.0017, loss_rpn_bbox: 0.0019, s0.loss_cls: 0.0169, s0.acc: 99.3662, s0.loss_bbox: 0.0138, s1.loss_cls: 0.0041, s1.acc: 99.6829, s1.loss_bbox: 0.0205, s2.loss_cls: 0.0020, s2.acc: 99.7165, s2.loss_bbox: 0.0205, loss_bounder: 0.5648, loss_aux: 0.0000, loss: 0.6462
2026-08-16 18:43:45,889 - mmdet - INFO - Epoch [26][800/1732]	lr: 5.000e-03, eta: 1 day, 0:19:45, time: 0.684, data_time: 0.005, memory: 17623, loss_rpn_cls: 0.0021, loss_rpn_bbox: 0.0023, s0.loss_cls: 0.0190, s0.acc: 99.2842, s0.loss_bbox: 0.0166, s1.loss_cls: 0.0056, s1.acc: 99.5756, s1.loss_bbox: 0.0240, s2.loss_cls: 0.0030, s2.acc: 99.5536, s2.loss_bbox: 0.0224, loss_bounder: 0.5327, loss_aux: 0.0000, loss: 0.6279
2026-08-16 18:44:54,427 - mmdet - INFO - Epoch [26][900/1732]	lr: 5.000e-03, eta: 1 day, 0:18:40, time: 0.685, data_time: 0.005, memory: 17623, loss_rpn_cls: 0.0024, loss_rpn_bbox: 0.0031, s0.loss_cls: 0.0202, s0.acc: 99.2217, s0.loss_bbox: 0.0175, s1.loss_cls: 0.0061, s1.acc: 99.5430, s1.loss_bbox: 0.0240, s2.loss_cls: 0.0031, s2.acc: 99.5766, s2.loss_bbox: 0.0231, loss_bounder: 0.5617, loss_aux: 0.0000, loss: 0.6613
2026-08-16 18:46:02,957 - mmdet - INFO - Epoch [26][1000/1732]	lr: 5.000e-03, eta: 1 day, 0:17:34, time: 0.685, data_time: 0.005, memory: 17623, loss_rpn_cls: 0.0019, loss_rpn_bbox: 0.0024, s0.loss_cls: 0.0169, s0.acc: 99.3809, s0.loss_bbox: 0.0140, s1.loss_cls: 0.0045, s1.acc: 99.6699, s1.loss_bbox: 0.0193, s2.loss_cls: 0.0023, s2.acc: 99.6623, s2.loss_bbox: 0.0195, loss_bounder: 0.5492, loss_aux: 0.0000, loss: 0.6300
2026-08-16 18:47:11,817 - mmdet - INFO - Epoch [26][1100/1732]	lr: 5.000e-03, eta: 1 day, 0:16:29, time: 0.689, data_time: 0.005, memory: 17623, loss_rpn_cls: 0.0019, loss_rpn_bbox: 0.0024, s0.loss_cls: 0.0166, s0.acc: 99.3633, s0.loss_bbox: 0.0135, s1.loss_cls: 0.0038, s1.acc: 99.7191, s1.loss_bbox: 0.0196, s2.loss_cls: 0.0017, s2.acc: 99.7709, s2.loss_bbox: 0.0197, loss_bounder: 0.5645, loss_aux: 0.0000, loss: 0.6439
2026-08-16 18:48:20,227 - mmdet - INFO - Epoch [26][1200/1732]	lr: 5.000e-03, eta: 1 day, 0:15:23, time: 0.684, data_time: 0.005, memory: 17623, loss_rpn_cls: 0.0018, loss_rpn_bbox: 0.0022, s0.loss_cls: 0.0171, s0.acc: 99.3555, s0.loss_bbox: 0.0145, s1.loss_cls: 0.0040, s1.acc: 99.7243, s1.loss_bbox: 0.0201, s2.loss_cls: 0.0023, s2.acc: 99.6735, s2.loss_bbox: 0.0201, loss_bounder: 0.5631, loss_aux: 0.0000, loss: 0.6452
2026-08-16 18:49:28,859 - mmdet - INFO - Epoch [26][1300/1732]	lr: 5.000e-03, eta: 1 day, 0:14:17, time: 0.686, data_time: 0.004, memory: 17623, loss_rpn_cls: 0.0018, loss_rpn_bbox: 0.0026, s0.loss_cls: 0.0179, s0.acc: 99.3262, s0.loss_bbox: 0.0158, s1.loss_cls: 0.0054, s1.acc: 99.6035, s1.loss_bbox: 0.0222, s2.loss_cls: 0.0031, s2.acc: 99.5582, s2.loss_bbox: 0.0212, loss_bounder: 0.5573, loss_aux: 0.0000, loss: 0.6473
2026-08-16 18:50:37,255 - mmdet - INFO - Epoch [26][1400/1732]	lr: 5.000e-03, eta: 1 day, 0:13:11, time: 0.684, data_time: 0.004, memory: 17623, loss_rpn_cls: 0.0013, loss_rpn_bbox: 0.0019, s0.loss_cls: 0.0136, s0.acc: 99.4707, s0.loss_bbox: 0.0126, s1.loss_cls: 0.0035, s1.acc: 99.7517, s1.loss_bbox: 0.0182, s2.loss_cls: 0.0014, s2.acc: 99.8417, s2.loss_bbox: 0.0185, loss_bounder: 0.5512, loss_aux: 0.0000, loss: 0.6223
2026-08-16 18:51:46,154 - mmdet - INFO - Epoch [26][1500/1732]	lr: 5.000e-03, eta: 1 day, 0:12:06, time: 0.689, data_time: 0.004, memory: 17623, loss_rpn_cls: 0.0023, loss_rpn_bbox: 0.0021, s0.loss_cls: 0.0173, s0.acc: 99.3604, s0.loss_bbox: 0.0140, s1.loss_cls: 0.0045, s1.acc: 99.6933, s1.loss_bbox: 0.0196, s2.loss_cls: 0.0022, s2.acc: 99.7403, s2.loss_bbox: 0.0195, loss_bounder: 0.5638, loss_aux: 0.0000, loss: 0.6454
2026-08-16 18:52:54,845 - mmdet - INFO - Epoch [26][1600/1732]	lr: 5.000e-03, eta: 1 day, 0:11:00, time: 0.687, data_time: 0.004, memory: 17623, loss_rpn_cls: 0.0021, loss_rpn_bbox: 0.0021, s0.loss_cls: 0.0174, s0.acc: 99.3760, s0.loss_bbox: 0.0140, s1.loss_cls: 0.0048, s1.acc: 99.6406, s1.loss_bbox: 0.0196, s2.loss_cls: 0.0025, s2.acc: 99.6745, s2.loss_bbox: 0.0193, loss_bounder: 0.5515, loss_aux: 0.0000, loss: 0.6332
2026-08-16 18:54:04,172 - mmdet - INFO - Exp name: aircraft_bafnet_1x.py
2026-08-16 18:54:04,172 - mmdet - INFO - Epoch [26][1700/1732]	lr: 5.000e-03, eta: 1 day, 0:09:57, time: 0.693, data_time: 0.005, memory: 17623, loss_rpn_cls: 0.0028, loss_rpn_bbox: 0.0031, s0.loss_cls: 0.0260, s0.acc: 99.0400, s0.loss_bbox: 0.0212, s1.loss_cls: 0.0096, s1.acc: 99.3473, s1.loss_bbox: 0.0276, s2.loss_cls: 0.0045, s2.acc: 99.3823, s2.loss_bbox: 0.0258, loss_bounder: 0.5604, loss_aux: 0.0000, loss: 0.6810
2026-08-16 18:54:26,448 - mmdet - INFO - Saving checkpoint at 26 epochs
2026-08-16 18:55:42,472 - mmdet - INFO - Evaluating bbox...
2026-08-16 18:55:43,380 - mmdet - INFO - 
+-----------+-------+-----------+-------+------------+-------+
| category  | AP    | category  | AP    | category   | AP    |
+-----------+-------+-----------+-------+------------+-------+
| HM        | 0.000 | LQS       | 0.116 | QHS        | 0.233 |
| MS        | 0.408 | A1_SU-35  | 0.776 | A2_C-130   | 0.718 |
| A3_C-17   | 0.748 | A4_C-5    | 0.842 | A5_F-16    | 0.681 |
| A6_TU-160 | 0.810 | A7_E-3    | 0.789 | A8_B-52    | 0.775 |
| A9_P-3C   | 0.729 | A10_B-1B  | 0.785 | A11_E-8    | 0.663 |
| A12_TU-22 | 0.766 | A13_F-15  | 0.666 | A14_KC-135 | 0.736 |
| A15_F-22  | 0.507 | A16_FA-18 | 0.732 | A17_TU-95  | 0.852 |
| A18_KC-10 | 0.668 | A19_SU-34 | 0.732 | A20_SU-24  | 0.698 |
| FSC       | 0.445 | None      | None  | None       | None  |
+-----------+-------+-----------+-------+------------+-------+
2026-08-16 18:55:43,388 - mmdet - INFO - EarlyStoppingHook: bbox_mAP=0.6350 提升幅度不足 0.0010（当前最佳 0.6640，等待 8/16）
2026-08-16 18:55:43,390 - mmdet - INFO - Exp name: aircraft_bafnet_1x.py
2026-08-16 18:55:43,390 - mmdet - INFO - Epoch(val) [26][548]	bbox_mAP: 0.6350, bbox_mAP_50: 0.8300, bbox_mAP_75: 0.7750, bbox_mAP_s: 0.0670, bbox_mAP_m: 0.6270, bbox_mAP_l: 0.6850, bbox_mAP_copypaste: 0.635 0.830 0.775 0.067 0.627 0.685
2026-08-16 18:56:54,807 - mmdet - INFO - Epoch [27][100/1732]	lr: 5.000e-03, eta: 1 day, 0:07:36, time: 0.714, data_time: 0.028, memory: 17623, loss_rpn_cls: 0.0029, loss_rpn_bbox: 0.0034, s0.loss_cls: 0.0231, s0.acc: 99.0977, s0.loss_bbox: 0.0189, s1.loss_cls: 0.0074, s1.acc: 99.4438, s1.loss_bbox: 0.0263, s2.loss_cls: 0.0038, s2.acc: 99.4291, s2.loss_bbox: 0.0258, loss_bounder: 0.5447, loss_aux: 0.0000, loss: 0.6563
2026-08-16 18:58:03,881 - mmdet - INFO - Epoch [27][200/1732]	lr: 5.000e-03, eta: 1 day, 0:06:31, time: 0.691, data_time: 0.005, memory: 17623, loss_rpn_cls: 0.0026, loss_rpn_bbox: 0.0029, s0.loss_cls: 0.0200, s0.acc: 99.2197, s0.loss_bbox: 0.0179, s1.loss_cls: 0.0063, s1.acc: 99.5141, s1.loss_bbox: 0.0245, s2.loss_cls: 0.0031, s2.acc: 99.5333, s2.loss_bbox: 0.0236, loss_bounder: 0.5463, loss_aux: 0.0000, loss: 0.6472
2026-08-16 18:59:12,663 - mmdet - INFO - Epoch [27][300/1732]	lr: 5.000e-03, eta: 1 day, 0:05:26, time: 0.688, data_time: 0.004, memory: 17623, loss_rpn_cls: 0.0026, loss_rpn_bbox: 0.0028, s0.loss_cls: 0.0185, s0.acc: 99.3105, s0.loss_bbox: 0.0166, s1.loss_cls: 0.0046, s1.acc: 99.6688, s1.loss_bbox: 0.0228, s2.loss_cls: 0.0025, s2.acc: 99.6901, s2.loss_bbox: 0.0221, loss_bounder: 0.5628, loss_aux: 0.0000, loss: 0.6553
2026-08-16 19:00:21,426 - mmdet - INFO - Epoch [27][400/1732]	lr: 5.000e-03, eta: 1 day, 0:04:21, time: 0.688, data_time: 0.005, memory: 17623, loss_rpn_cls: 0.0018, loss_rpn_bbox: 0.0022, s0.loss_cls: 0.0173, s0.acc: 99.3701, s0.loss_bbox: 0.0154, s1.loss_cls: 0.0044, s1.acc: 99.6873, s1.loss_bbox: 0.0213, s2.loss_cls: 0.0025, s2.acc: 99.6277, s2.loss_bbox: 0.0210, loss_bounder: 0.5610, loss_aux: 0.0000, loss: 0.6470
2026-08-16 19:01:30,327 - mmdet - INFO - Epoch [27][500/1732]	lr: 5.000e-03, eta: 1 day, 0:03:16, time: 0.689, data_time: 0.005, memory: 17623, loss_rpn_cls: 0.0017, loss_rpn_bbox: 0.0023, s0.loss_cls: 0.0160, s0.acc: 99.4121, s0.loss_bbox: 0.0140, s1.loss_cls: 0.0044, s1.acc: 99.6495, s1.loss_bbox: 0.0197, s2.loss_cls: 0.0023, s2.acc: 99.6728, s2.loss_bbox: 0.0203, loss_bounder: 0.5437, loss_aux: 0.0000, loss: 0.6243
2026-08-16 19:02:38,919 - mmdet - INFO - Epoch [27][600/1732]	lr: 5.000e-03, eta: 1 day, 0:02:10, time: 0.686, data_time: 0.005, memory: 17623, loss_rpn_cls: 0.0017, loss_rpn_bbox: 0.0028, s0.loss_cls: 0.0222, s0.acc: 99.1670, s0.loss_bbox: 0.0203, s1.loss_cls: 0.0069, s1.acc: 99.4733, s1.loss_bbox: 0.0289, s2.loss_cls: 0.0039, s2.acc: 99.4362, s2.loss_bbox: 0.0270, loss_bounder: 0.5539, loss_aux: 0.0000, loss: 0.6675
2026-08-16 19:03:47,601 - mmdet - INFO - Epoch [27][700/1732]	lr: 5.000e-03, eta: 1 day, 0:01:05, time: 0.687, data_time: 0.005, memory: 17623, loss_rpn_cls: 0.0023, loss_rpn_bbox: 0.0025, s0.loss_cls: 0.0176, s0.acc: 99.3047, s0.loss_bbox: 0.0171, s1.loss_cls: 0.0047, s1.acc: 99.6703, s1.loss_bbox: 0.0226, s2.loss_cls: 0.0028, s2.acc: 99.6125, s2.loss_bbox: 0.0222, loss_bounder: 0.5363, loss_aux: 0.0000, loss: 0.6281
2026-08-16 19:04:55,870 - mmdet - INFO - Epoch [27][800/1732]	lr: 5.000e-03, eta: 23:59:58, time: 0.683, data_time: 0.004, memory: 17623, loss_rpn_cls: 0.0018, loss_rpn_bbox: 0.0023, s0.loss_cls: 0.0183, s0.acc: 99.3203, s0.loss_bbox: 0.0140, s1.loss_cls: 0.0054, s1.acc: 99.5834, s1.loss_bbox: 0.0203, s2.loss_cls: 0.0028, s2.acc: 99.5993, s2.loss_bbox: 0.0205, loss_bounder: 0.5528, loss_aux: 0.0000, loss: 0.6381
2026-08-16 19:06:04,528 - mmdet - INFO - Epoch [27][900/1732]	lr: 5.000e-03, eta: 23:58:53, time: 0.687, data_time: 0.005, memory: 17623, loss_rpn_cls: 0.0015, loss_rpn_bbox: 0.0019, s0.loss_cls: 0.0162, s0.acc: 99.4072, s0.loss_bbox: 0.0141, s1.loss_cls: 0.0045, s1.acc: 99.6742, s1.loss_bbox: 0.0210, s2.loss_cls: 0.0026, s2.acc: 99.6692, s2.loss_bbox: 0.0205, loss_bounder: 0.5565, loss_aux: 0.0000, loss: 0.6387
2026-08-16 19:07:13,042 - mmdet - INFO - Epoch [27][1000/1732]	lr: 5.000e-03, eta: 23:57:47, time: 0.685, data_time: 0.005, memory: 17623, loss_rpn_cls: 0.0024, loss_rpn_bbox: 0.0030, s0.loss_cls: 0.0207, s0.acc: 99.2725, s0.loss_bbox: 0.0172, s1.loss_cls: 0.0064, s1.acc: 99.5195, s1.loss_bbox: 0.0237, s2.loss_cls: 0.0034, s2.acc: 99.4981, s2.loss_bbox: 0.0222, loss_bounder: 0.5610, loss_aux: 0.0000, loss: 0.6600
2026-08-16 19:08:21,411 - mmdet - INFO - Epoch [27][1100/1732]	lr: 5.000e-03, eta: 23:56:41, time: 0.684, data_time: 0.005, memory: 17623, loss_rpn_cls: 0.0020, loss_rpn_bbox: 0.0025, s0.loss_cls: 0.0171, s0.acc: 99.3467, s0.loss_bbox: 0.0153, s1.loss_cls: 0.0050, s1.acc: 99.6235, s1.loss_bbox: 0.0204, s2.loss_cls: 0.0026, s2.acc: 99.6045, s2.loss_bbox: 0.0195, loss_bounder: 0.5616, loss_aux: 0.0000, loss: 0.6460
2026-08-16 19:09:30,292 - mmdet - INFO - Epoch [27][1200/1732]	lr: 5.000e-03, eta: 23:55:36, time: 0.689, data_time: 0.005, memory: 17623, loss_rpn_cls: 0.0015, loss_rpn_bbox: 0.0021, s0.loss_cls: 0.0171, s0.acc: 99.3730, s0.loss_bbox: 0.0140, s1.loss_cls: 0.0046, s1.acc: 99.6952, s1.loss_bbox: 0.0208, s2.loss_cls: 0.0022, s2.acc: 99.7217, s2.loss_bbox: 0.0206, loss_bounder: 0.5585, loss_aux: 0.0000, loss: 0.6415
2026-08-16 19:10:39,293 - mmdet - INFO - Epoch [27][1300/1732]	lr: 5.000e-03, eta: 23:54:31, time: 0.690, data_time: 0.005, memory: 17623, loss_rpn_cls: 0.0020, loss_rpn_bbox: 0.0023, s0.loss_cls: 0.0187, s0.acc: 99.2900, s0.loss_bbox: 0.0156, s1.loss_cls: 0.0046, s1.acc: 99.6747, s1.loss_bbox: 0.0210, s2.loss_cls: 0.0025, s2.acc: 99.6440, s2.loss_bbox: 0.0206, loss_bounder: 0.5533, loss_aux: 0.0000, loss: 0.6405
2026-08-16 19:11:48,641 - mmdet - INFO - Epoch [27][1400/1732]	lr: 5.000e-03, eta: 23:53:27, time: 0.693, data_time: 0.005, memory: 17623, loss_rpn_cls: 0.0018, loss_rpn_bbox: 0.0030, s0.loss_cls: 0.0194, s0.acc: 99.2500, s0.loss_bbox: 0.0190, s1.loss_cls: 0.0058, s1.acc: 99.5411, s1.loss_bbox: 0.0247, s2.loss_cls: 0.0033, s2.acc: 99.5585, s2.loss_bbox: 0.0242, loss_bounder: 0.5410, loss_aux: 0.0000, loss: 0.6422
2026-08-16 19:12:57,461 - mmdet - INFO - Epoch [27][1500/1732]	lr: 5.000e-03, eta: 23:52:22, time: 0.688, data_time: 0.005, memory: 17623, loss_rpn_cls: 0.0018, loss_rpn_bbox: 0.0022, s0.loss_cls: 0.0179, s0.acc: 99.3066, s0.loss_bbox: 0.0148, s1.loss_cls: 0.0049, s1.acc: 99.6070, s1.loss_bbox: 0.0213, s2.loss_cls: 0.0025, s2.acc: 99.6172, s2.loss_bbox: 0.0200, loss_bounder: 0.5541, loss_aux: 0.0000, loss: 0.6396
2026-08-16 19:14:06,111 - mmdet - INFO - Epoch [27][1600/1732]	lr: 5.000e-03, eta: 23:51:16, time: 0.686, data_time: 0.005, memory: 17623, loss_rpn_cls: 0.0013, loss_rpn_bbox: 0.0018, s0.loss_cls: 0.0188, s0.acc: 99.2939, s0.loss_bbox: 0.0128, s1.loss_cls: 0.0055, s1.acc: 99.6293, s1.loss_bbox: 0.0183, s2.loss_cls: 0.0026, s2.acc: 99.6665, s2.loss_bbox: 0.0181, loss_bounder: 0.5620, loss_aux: 0.0000, loss: 0.6414
2026-08-16 19:15:15,276 - mmdet - INFO - Epoch [27][1700/1732]	lr: 5.000e-03, eta: 23:50:12, time: 0.692, data_time: 0.004, memory: 17623, loss_rpn_cls: 0.0016, loss_rpn_bbox: 0.0020, s0.loss_cls: 0.0189, s0.acc: 99.2910, s0.loss_bbox: 0.0147, s1.loss_cls: 0.0051, s1.acc: 99.6317, s1.loss_bbox: 0.0226, s2.loss_cls: 0.0027, s2.acc: 99.6397, s2.loss_bbox: 0.0226, loss_bounder: 0.5540, loss_aux: 0.0000, loss: 0.6443
2026-08-16 19:15:37,105 - mmdet - INFO - Saving checkpoint at 27 epochs
2026-08-16 19:16:53,399 - mmdet - INFO - Evaluating bbox...
2026-08-16 19:16:54,305 - mmdet - INFO - 
+-----------+-------+-----------+-------+------------+-------+
| category  | AP    | category  | AP    | category   | AP    |
+-----------+-------+-----------+-------+------------+-------+
| HM        | 0.303 | LQS       | 0.137 | QHS        | 0.323 |
| MS        | 0.410 | A1_SU-35  | 0.760 | A2_C-130   | 0.732 |
| A3_C-17   | 0.772 | A4_C-5    | 0.822 | A5_F-16    | 0.698 |
| A6_TU-160 | 0.815 | A7_E-3    | 0.785 | A8_B-52    | 0.803 |
| A9_P-3C   | 0.751 | A10_B-1B  | 0.794 | A11_E-8    | 0.659 |
| A12_TU-22 | 0.785 | A13_F-15  | 0.721 | A14_KC-135 | 0.751 |
| A15_F-22  | 0.621 | A16_FA-18 | 0.721 | A17_TU-95  | 0.837 |
| A18_KC-10 | 0.706 | A19_SU-34 | 0.708 | A20_SU-24  | 0.726 |
| FSC       | 0.425 | None      | None  | None       | None  |
+-----------+-------+-----------+-------+------------+-------+
2026-08-16 19:16:54,312 - mmdet - INFO - EarlyStoppingHook: bbox_mAP=0.6630 提升幅度不足 0.0010（当前最佳 0.6640，等待 9/16）
2026-08-16 19:16:54,313 - mmdet - INFO - Exp name: aircraft_bafnet_1x.py
2026-08-16 19:16:54,314 - mmdet - INFO - Epoch(val) [27][548]	bbox_mAP: 0.6630, bbox_mAP_50: 0.8690, bbox_mAP_75: 0.8150, bbox_mAP_s: 0.1160, bbox_mAP_m: 0.6400, bbox_mAP_l: 0.7100, bbox_mAP_copypaste: 0.663 0.869 0.815 0.116 0.640 0.710
2026-08-16 19:18:06,389 - mmdet - INFO - Epoch [28][100/1732]	lr: 5.000e-03, eta: 23:47:55, time: 0.721, data_time: 0.028, memory: 17623, loss_rpn_cls: 0.0016, loss_rpn_bbox: 0.0023, s0.loss_cls: 0.0172, s0.acc: 99.3574, s0.loss_bbox: 0.0147, s1.loss_cls: 0.0053, s1.acc: 99.6836, s1.loss_bbox: 0.0208, s2.loss_cls: 0.0025, s2.acc: 99.7104, s2.loss_bbox: 0.0212, loss_bounder: 0.5582, loss_aux: 0.0000, loss: 0.6438
2026-08-16 19:19:15,126 - mmdet - INFO - Epoch [28][200/1732]	lr: 5.000e-03, eta: 23:46:50, time: 0.687, data_time: 0.005, memory: 17623, loss_rpn_cls: 0.0016, loss_rpn_bbox: 0.0022, s0.loss_cls: 0.0171, s0.acc: 99.3369, s0.loss_bbox: 0.0142, s1.loss_cls: 0.0044, s1.acc: 99.6940, s1.loss_bbox: 0.0205, s2.loss_cls: 0.0022, s2.acc: 99.6975, s2.loss_bbox: 0.0197, loss_bounder: 0.5551, loss_aux: 0.0000, loss: 0.6370
2026-08-16 19:20:24,238 - mmdet - INFO - Epoch [28][300/1732]	lr: 5.000e-03, eta: 23:45:46, time: 0.691, data_time: 0.005, memory: 17623, loss_rpn_cls: 0.0017, loss_rpn_bbox: 0.0022, s0.loss_cls: 0.0151, s0.acc: 99.4229, s0.loss_bbox: 0.0125, s1.loss_cls: 0.0040, s1.acc: 99.7211, s1.loss_bbox: 0.0182, s2.loss_cls: 0.0019, s2.acc: 99.7339, s2.loss_bbox: 0.0180, loss_bounder: 0.5462, loss_aux: 0.0000, loss: 0.6199
2026-08-16 19:21:33,586 - mmdet - INFO - Epoch [28][400/1732]	lr: 5.000e-03, eta: 23:44:42, time: 0.693, data_time: 0.005, memory: 17623, loss_rpn_cls: 0.0017, loss_rpn_bbox: 0.0020, s0.loss_cls: 0.0153, s0.acc: 99.4316, s0.loss_bbox: 0.0129, s1.loss_cls: 0.0041, s1.acc: 99.7036, s1.loss_bbox: 0.0183, s2.loss_cls: 0.0020, s2.acc: 99.7183, s2.loss_bbox: 0.0182, loss_bounder: 0.5535, loss_aux: 0.0000, loss: 0.6280
2026-08-16 19:22:42,218 - mmdet - INFO - Epoch [28][500/1732]	lr: 5.000e-03, eta: 23:43:36, time: 0.686, data_time: 0.005, memory: 17623, loss_rpn_cls: 0.0016, loss_rpn_bbox: 0.0026, s0.loss_cls: 0.0173, s0.acc: 99.3350, s0.loss_bbox: 0.0151, s1.loss_cls: 0.0050, s1.acc: 99.5998, s1.loss_bbox: 0.0205, s2.loss_cls: 0.0025, s2.acc: 99.6285, s2.loss_bbox: 0.0192, loss_bounder: 0.5546, loss_aux: 0.0000, loss: 0.6386
2026-08-16 19:23:50,437 - mmdet - INFO - Epoch [28][600/1732]	lr: 5.000e-03, eta: 23:42:29, time: 0.682, data_time: 0.005, memory: 17623, loss_rpn_cls: 0.0020, loss_rpn_bbox: 0.0019, s0.loss_cls: 0.0162, s0.acc: 99.4189, s0.loss_bbox: 0.0156, s1.loss_cls: 0.0040, s1.acc: 99.7006, s1.loss_bbox: 0.0215, s2.loss_cls: 0.0023, s2.acc: 99.6868, s2.loss_bbox: 0.0211, loss_bounder: 0.5607, loss_aux: 0.0000, loss: 0.6454
2026-08-16 19:24:58,786 - mmdet - INFO - Epoch [28][700/1732]	lr: 5.000e-03, eta: 23:41:23, time: 0.683, data_time: 0.005, memory: 17623, loss_rpn_cls: 0.0019, loss_rpn_bbox: 0.0026, s0.loss_cls: 0.0190, s0.acc: 99.2734, s0.loss_bbox: 0.0171, s1.loss_cls: 0.0053, s1.acc: 99.5707, s1.loss_bbox: 0.0238, s2.loss_cls: 0.0029, s2.acc: 99.5711, s2.loss_bbox: 0.0233, loss_bounder: 0.5474, loss_aux: 0.0000, loss: 0.6433
2026-08-16 19:26:07,178 - mmdet - INFO - Epoch [28][800/1732]	lr: 5.000e-03, eta: 23:40:17, time: 0.684, data_time: 0.005, memory: 17623, loss_rpn_cls: 0.0016, loss_rpn_bbox: 0.0025, s0.loss_cls: 0.0163, s0.acc: 99.3936, s0.loss_bbox: 0.0155, s1.loss_cls: 0.0043, s1.acc: 99.6756, s1.loss_bbox: 0.0207, s2.loss_cls: 0.0024, s2.acc: 99.6530, s2.loss_bbox: 0.0197, loss_bounder: 0.5582, loss_aux: 0.0000, loss: 0.6412
2026-08-16 19:27:15,665 - mmdet - INFO - Epoch [28][900/1732]	lr: 5.000e-03, eta: 23:39:10, time: 0.685, data_time: 0.005, memory: 17623, loss_rpn_cls: 0.0022, loss_rpn_bbox: 0.0024, s0.loss_cls: 0.0160, s0.acc: 99.4131, s0.loss_bbox: 0.0124, s1.loss_cls: 0.0041, s1.acc: 99.7056, s1.loss_bbox: 0.0183, s2.loss_cls: 0.0020, s2.acc: 99.7480, s2.loss_bbox: 0.0179, loss_bounder: 0.5460, loss_aux: 0.0000, loss: 0.6211
2026-08-16 19:28:24,160 - mmdet - INFO - Epoch [28][1000/1732]	lr: 5.000e-03, eta: 23:38:04, time: 0.685, data_time: 0.005, memory: 17623, loss_rpn_cls: 0.0015, loss_rpn_bbox: 0.0020, s0.loss_cls: 0.0134, s0.acc: 99.5000, s0.loss_bbox: 0.0117, s1.loss_cls: 0.0036, s1.acc: 99.7414, s1.loss_bbox: 0.0161, s2.loss_cls: 0.0022, s2.acc: 99.6909, s2.loss_bbox: 0.0155, loss_bounder: 0.5702, loss_aux: 0.0000, loss: 0.6362
2026-08-16 19:29:32,838 - mmdet - INFO - Epoch [28][1100/1732]	lr: 5.000e-03, eta: 23:36:59, time: 0.687, data_time: 0.005, memory: 17623, loss_rpn_cls: 0.0022, loss_rpn_bbox: 0.0028, s0.loss_cls: 0.0171, s0.acc: 99.3506, s0.loss_bbox: 0.0164, s1.loss_cls: 0.0047, s1.acc: 99.6518, s1.loss_bbox: 0.0216, s2.loss_cls: 0.0028, s2.acc: 99.6261, s2.loss_bbox: 0.0198, loss_bounder: 0.5602, loss_aux: 0.0000, loss: 0.6475
2026-08-16 19:30:41,686 - mmdet - INFO - Epoch [28][1200/1732]	lr: 5.000e-03, eta: 23:35:54, time: 0.688, data_time: 0.005, memory: 17623, loss_rpn_cls: 0.0021, loss_rpn_bbox: 0.0029, s0.loss_cls: 0.0183, s0.acc: 99.3369, s0.loss_bbox: 0.0167, s1.loss_cls: 0.0050, s1.acc: 99.6641, s1.loss_bbox: 0.0229, s2.loss_cls: 0.0027, s2.acc: 99.6020, s2.loss_bbox: 0.0208, loss_bounder: 0.5480, loss_aux: 0.0000, loss: 0.6393
2026-08-16 19:31:50,165 - mmdet - INFO - Epoch [28][1300/1732]	lr: 5.000e-03, eta: 23:34:47, time: 0.685, data_time: 0.005, memory: 17623, loss_rpn_cls: 0.0019, loss_rpn_bbox: 0.0020, s0.loss_cls: 0.0149, s0.acc: 99.4531, s0.loss_bbox: 0.0120, s1.loss_cls: 0.0037, s1.acc: 99.7250, s1.loss_bbox: 0.0170, s2.loss_cls: 0.0021, s2.acc: 99.7167, s2.loss_bbox: 0.0170, loss_bounder: 0.5423, loss_aux: 0.0000, loss: 0.6129
2026-08-16 19:32:59,179 - mmdet - INFO - Epoch [28][1400/1732]	lr: 5.000e-03, eta: 23:33:43, time: 0.690, data_time: 0.005, memory: 17623, loss_rpn_cls: 0.0021, loss_rpn_bbox: 0.0023, s0.loss_cls: 0.0171, s0.acc: 99.4219, s0.loss_bbox: 0.0140, s1.loss_cls: 0.0041, s1.acc: 99.7753, s1.loss_bbox: 0.0199, s2.loss_cls: 0.0019, s2.acc: 99.7738, s2.loss_bbox: 0.0196, loss_bounder: 0.5534, loss_aux: 0.0000, loss: 0.6346
2026-08-16 19:34:07,865 - mmdet - INFO - Epoch [28][1500/1732]	lr: 5.000e-03, eta: 23:32:37, time: 0.687, data_time: 0.005, memory: 17623, loss_rpn_cls: 0.0017, loss_rpn_bbox: 0.0023, s0.loss_cls: 0.0151, s0.acc: 99.4561, s0.loss_bbox: 0.0129, s1.loss_cls: 0.0037, s1.acc: 99.7316, s1.loss_bbox: 0.0179, s2.loss_cls: 0.0019, s2.acc: 99.7215, s2.loss_bbox: 0.0175, loss_bounder: 0.5561, loss_aux: 0.0000, loss: 0.6291
2026-08-16 19:35:16,331 - mmdet - INFO - Epoch [28][1600/1732]	lr: 5.000e-03, eta: 23:31:31, time: 0.685, data_time: 0.005, memory: 17623, loss_rpn_cls: 0.0016, loss_rpn_bbox: 0.0020, s0.loss_cls: 0.0153, s0.acc: 99.4424, s0.loss_bbox: 0.0122, s1.loss_cls: 0.0037, s1.acc: 99.7348, s1.loss_bbox: 0.0173, s2.loss_cls: 0.0020, s2.acc: 99.7450, s2.loss_bbox: 0.0172, loss_bounder: 0.5507, loss_aux: 0.0000, loss: 0.6218
2026-08-16 19:36:25,963 - mmdet - INFO - Epoch [28][1700/1732]	lr: 5.000e-03, eta: 23:30:28, time: 0.696, data_time: 0.005, memory: 17623, loss_rpn_cls: 0.0019, loss_rpn_bbox: 0.0022, s0.loss_cls: 0.0148, s0.acc: 99.4424, s0.loss_bbox: 0.0128, s1.loss_cls: 0.0037, s1.acc: 99.7430, s1.loss_bbox: 0.0179, s2.loss_cls: 0.0021, s2.acc: 99.7120, s2.loss_bbox: 0.0174, loss_bounder: 0.5446, loss_aux: 0.0000, loss: 0.6173
2026-08-16 19:36:48,068 - mmdet - INFO - Saving checkpoint at 28 epochs
2026-08-16 19:38:03,565 - mmdet - INFO - Evaluating bbox...
2026-08-16 19:38:04,470 - mmdet - INFO - 
+-----------+-------+-----------+-------+------------+-------+
| category  | AP    | category  | AP    | category   | AP    |
+-----------+-------+-----------+-------+------------+-------+
| HM        | 0.000 | LQS       | 0.116 | QHS        | 0.284 |
| MS        | 0.414 | A1_SU-35  | 0.783 | A2_C-130   | 0.715 |
| A3_C-17   | 0.747 | A4_C-5    | 0.820 | A5_F-16    | 0.679 |
| A6_TU-160 | 0.806 | A7_E-3    | 0.791 | A8_B-52    | 0.786 |
| A9_P-3C   | 0.755 | A10_B-1B  | 0.784 | A11_E-8    | 0.688 |
| A12_TU-22 | 0.783 | A13_F-15  | 0.714 | A14_KC-135 | 0.745 |
| A15_F-22  | 0.632 | A16_FA-18 | 0.750 | A17_TU-95  | 0.843 |
| A18_KC-10 | 0.674 | A19_SU-34 | 0.728 | A20_SU-24  | 0.729 |
| FSC       | 0.452 | None      | None  | None       | None  |
+-----------+-------+-----------+-------+------------+-------+
2026-08-16 19:38:04,478 - mmdet - INFO - EarlyStoppingHook: bbox_mAP=0.6490 提升幅度不足 0.0010（当前最佳 0.6640，等待 10/16）
2026-08-16 19:38:04,479 - mmdet - INFO - Exp name: aircraft_bafnet_1x.py
2026-08-16 19:38:04,480 - mmdet - INFO - Epoch(val) [28][548]	bbox_mAP: 0.6490, bbox_mAP_50: 0.8460, bbox_mAP_75: 0.7950, bbox_mAP_s: 0.1160, bbox_mAP_m: 0.6400, bbox_mAP_l: 0.6930, bbox_mAP_copypaste: 0.649 0.846 0.795 0.116 0.640 0.693
2026-08-16 19:39:15,028 - mmdet - INFO - Epoch [29][100/1732]	lr: 5.000e-03, eta: 23:28:09, time: 0.705, data_time: 0.029, memory: 17623, loss_rpn_cls: 0.0019, loss_rpn_bbox: 0.0030, s0.loss_cls: 0.0162, s0.acc: 99.4043, s0.loss_bbox: 0.0158, s1.loss_cls: 0.0047, s1.acc: 99.6434, s1.loss_bbox: 0.0211, s2.loss_cls: 0.0022, s2.acc: 99.7099, s2.loss_bbox: 0.0202, loss_bounder: 0.5558, loss_aux: 0.0000, loss: 0.6408
2026-08-16 19:40:23,961 - mmdet - INFO - Epoch [29][200/1732]	lr: 5.000e-03, eta: 23:27:04, time: 0.689, data_time: 0.005, memory: 17623, loss_rpn_cls: 0.0014, loss_rpn_bbox: 0.0020, s0.loss_cls: 0.0147, s0.acc: 99.4541, s0.loss_bbox: 0.0128, s1.loss_cls: 0.0039, s1.acc: 99.7260, s1.loss_bbox: 0.0181, s2.loss_cls: 0.0023, s2.acc: 99.6812, s2.loss_bbox: 0.0175, loss_bounder: 0.5436, loss_aux: 0.0000, loss: 0.6164
2026-08-16 19:41:32,993 - mmdet - INFO - Epoch [29][300/1732]	lr: 5.000e-03, eta: 23:26:00, time: 0.690, data_time: 0.005, memory: 17623, loss_rpn_cls: 0.0014, loss_rpn_bbox: 0.0024, s0.loss_cls: 0.0162, s0.acc: 99.3818, s0.loss_bbox: 0.0118, s1.loss_cls: 0.0038, s1.acc: 99.7164, s1.loss_bbox: 0.0164, s2.loss_cls: 0.0020, s2.acc: 99.7382, s2.loss_bbox: 0.0167, loss_bounder: 0.5522, loss_aux: 0.0000, loss: 0.6229
2026-08-16 19:42:42,541 - mmdet - INFO - Epoch [29][400/1732]	lr: 5.000e-03, eta: 23:24:56, time: 0.695, data_time: 0.005, memory: 17623, loss_rpn_cls: 0.0017, loss_rpn_bbox: 0.0020, s0.loss_cls: 0.0155, s0.acc: 99.4199, s0.loss_bbox: 0.0128, s1.loss_cls: 0.0036, s1.acc: 99.7526, s1.loss_bbox: 0.0165, s2.loss_cls: 0.0019, s2.acc: 99.7714, s2.loss_bbox: 0.0169, loss_bounder: 0.5603, loss_aux: 0.0000, loss: 0.6312
2026-08-16 19:43:51,526 - mmdet - INFO - Epoch [29][500/1732]	lr: 5.000e-03, eta: 23:23:51, time: 0.690, data_time: 0.005, memory: 17623, loss_rpn_cls: 0.0017, loss_rpn_bbox: 0.0027, s0.loss_cls: 0.0135, s0.acc: 99.4844, s0.loss_bbox: 0.0112, s1.loss_cls: 0.0033, s1.acc: 99.7462, s1.loss_bbox: 0.0167, s2.loss_cls: 0.0019, s2.acc: 99.7175, s2.loss_bbox: 0.0166, loss_bounder: 0.5486, loss_aux: 0.0000, loss: 0.6163
2026-08-16 19:45:00,066 - mmdet - INFO - Epoch [29][600/1732]	lr: 5.000e-03, eta: 23:22:45, time: 0.685, data_time: 0.004, memory: 17623, loss_rpn_cls: 0.0013, loss_rpn_bbox: 0.0024, s0.loss_cls: 0.0167, s0.acc: 99.3945, s0.loss_bbox: 0.0149, s1.loss_cls: 0.0047, s1.acc: 99.6600, s1.loss_bbox: 0.0205, s2.loss_cls: 0.0026, s2.acc: 99.6642, s2.loss_bbox: 0.0199, loss_bounder: 0.5508, loss_aux: 0.0000, loss: 0.6338
2026-08-16 19:46:09,022 - mmdet - INFO - Epoch [29][700/1732]	lr: 5.000e-03, eta: 23:21:40, time: 0.690, data_time: 0.005, memory: 17623, loss_rpn_cls: 0.0017, loss_rpn_bbox: 0.0018, s0.loss_cls: 0.0138, s0.acc: 99.4912, s0.loss_bbox: 0.0119, s1.loss_cls: 0.0034, s1.acc: 99.7411, s1.loss_bbox: 0.0173, s2.loss_cls: 0.0017, s2.acc: 99.7819, s2.loss_bbox: 0.0174, loss_bounder: 0.5602, loss_aux: 0.0000, loss: 0.6293
2026-08-16 19:47:17,775 - mmdet - INFO - Epoch [29][800/1732]	lr: 5.000e-03, eta: 23:20:35, time: 0.688, data_time: 0.005, memory: 17623, loss_rpn_cls: 0.0015, loss_rpn_bbox: 0.0023, s0.loss_cls: 0.0165, s0.acc: 99.3877, s0.loss_bbox: 0.0136, s1.loss_cls: 0.0041, s1.acc: 99.6893, s1.loss_bbox: 0.0202, s2.loss_cls: 0.0019, s2.acc: 99.7809, s2.loss_bbox: 0.0194, loss_bounder: 0.5368, loss_aux: 0.0000, loss: 0.6164
2026-08-16 19:48:27,189 - mmdet - INFO - Epoch [29][900/1732]	lr: 5.000e-03, eta: 23:19:31, time: 0.694, data_time: 0.004, memory: 17623, loss_rpn_cls: 0.0021, loss_rpn_bbox: 0.0022, s0.loss_cls: 0.0164, s0.acc: 99.3857, s0.loss_bbox: 0.0132, s1.loss_cls: 0.0035, s1.acc: 99.7422, s1.loss_bbox: 0.0184, s2.loss_cls: 0.0016, s2.acc: 99.7929, s2.loss_bbox: 0.0183, loss_bounder: 0.5380, loss_aux: 0.0000, loss: 0.6138
2026-08-16 19:49:35,906 - mmdet - INFO - Epoch [29][1000/1732]	lr: 5.000e-03, eta: 23:18:25, time: 0.687, data_time: 0.005, memory: 17623, loss_rpn_cls: 0.0017, loss_rpn_bbox: 0.0027, s0.loss_cls: 0.0154, s0.acc: 99.4150, s0.loss_bbox: 0.0131, s1.loss_cls: 0.0039, s1.acc: 99.6915, s1.loss_bbox: 0.0184, s2.loss_cls: 0.0020, s2.acc: 99.7103, s2.loss_bbox: 0.0176, loss_bounder: 0.5586, loss_aux: 0.0000, loss: 0.6335
2026-08-16 19:50:44,750 - mmdet - INFO - Epoch [29][1100/1732]	lr: 5.000e-03, eta: 23:17:20, time: 0.688, data_time: 0.005, memory: 17623, loss_rpn_cls: 0.0015, loss_rpn_bbox: 0.0017, s0.loss_cls: 0.0153, s0.acc: 99.4287, s0.loss_bbox: 0.0115, s1.loss_cls: 0.0036, s1.acc: 99.7218, s1.loss_bbox: 0.0173, s2.loss_cls: 0.0019, s2.acc: 99.7468, s2.loss_bbox: 0.0176, loss_bounder: 0.5554, loss_aux: 0.0000, loss: 0.6258
2026-08-16 19:51:53,904 - mmdet - INFO - Epoch [29][1200/1732]	lr: 5.000e-03, eta: 23:16:16, time: 0.692, data_time: 0.005, memory: 17623, loss_rpn_cls: 0.0021, loss_rpn_bbox: 0.0022, s0.loss_cls: 0.0165, s0.acc: 99.3613, s0.loss_bbox: 0.0154, s1.loss_cls: 0.0042, s1.acc: 99.6683, s1.loss_bbox: 0.0205, s2.loss_cls: 0.0023, s2.acc: 99.6513, s2.loss_bbox: 0.0192, loss_bounder: 0.5501, loss_aux: 0.0000, loss: 0.6325
2026-08-16 19:53:02,041 - mmdet - INFO - Epoch [29][1300/1732]	lr: 5.000e-03, eta: 23:15:09, time: 0.681, data_time: 0.005, memory: 17623, loss_rpn_cls: 0.0017, loss_rpn_bbox: 0.0017, s0.loss_cls: 0.0161, s0.acc: 99.4004, s0.loss_bbox: 0.0132, s1.loss_cls: 0.0036, s1.acc: 99.7230, s1.loss_bbox: 0.0170, s2.loss_cls: 0.0017, s2.acc: 99.7661, s2.loss_bbox: 0.0168, loss_bounder: 0.5484, loss_aux: 0.0000, loss: 0.6203
2026-08-16 19:54:11,014 - mmdet - INFO - Epoch [29][1400/1732]	lr: 5.000e-03, eta: 23:14:04, time: 0.690, data_time: 0.005, memory: 17623, loss_rpn_cls: 0.0016, loss_rpn_bbox: 0.0022, s0.loss_cls: 0.0163, s0.acc: 99.4082, s0.loss_bbox: 0.0127, s1.loss_cls: 0.0040, s1.acc: 99.7167, s1.loss_bbox: 0.0173, s2.loss_cls: 0.0018, s2.acc: 99.7964, s2.loss_bbox: 0.0175, loss_bounder: 0.5585, loss_aux: 0.0000, loss: 0.6319
2026-08-16 19:55:19,937 - mmdet - INFO - Epoch [29][1500/1732]	lr: 5.000e-03, eta: 23:12:58, time: 0.689, data_time: 0.005, memory: 17623, loss_rpn_cls: 0.0017, loss_rpn_bbox: 0.0021, s0.loss_cls: 0.0154, s0.acc: 99.3955, s0.loss_bbox: 0.0132, s1.loss_cls: 0.0039, s1.acc: 99.7080, s1.loss_bbox: 0.0175, s2.loss_cls: 0.0019, s2.acc: 99.7446, s2.loss_bbox: 0.0175, loss_bounder: 0.5594, loss_aux: 0.0000, loss: 0.6325
2026-08-16 19:56:28,444 - mmdet - INFO - Epoch [29][1600/1732]	lr: 5.000e-03, eta: 23:11:52, time: 0.685, data_time: 0.005, memory: 17623, loss_rpn_cls: 0.0019, loss_rpn_bbox: 0.0026, s0.loss_cls: 0.0168, s0.acc: 99.3652, s0.loss_bbox: 0.0165, s1.loss_cls: 0.0040, s1.acc: 99.7012, s1.loss_bbox: 0.0216, s2.loss_cls: 0.0022, s2.acc: 99.6947, s2.loss_bbox: 0.0204, loss_bounder: 0.5738, loss_aux: 0.0000, loss: 0.6598
2026-08-16 19:57:37,131 - mmdet - INFO - Epoch [29][1700/1732]	lr: 5.000e-03, eta: 23:10:46, time: 0.687, data_time: 0.005, memory: 17623, loss_rpn_cls: 0.0017, loss_rpn_bbox: 0.0022, s0.loss_cls: 0.0147, s0.acc: 99.4248, s0.loss_bbox: 0.0145, s1.loss_cls: 0.0037, s1.acc: 99.7299, s1.loss_bbox: 0.0203, s2.loss_cls: 0.0021, s2.acc: 99.6972, s2.loss_bbox: 0.0191, loss_bounder: 0.5526, loss_aux: 0.0000, loss: 0.6309
2026-08-16 19:57:59,335 - mmdet - INFO - Saving checkpoint at 29 epochs
2026-08-16 19:59:15,749 - mmdet - INFO - Evaluating bbox...
2026-08-16 19:59:16,581 - mmdet - INFO - 
+-----------+-------+-----------+-------+------------+-------+
| category  | AP    | category  | AP    | category   | AP    |
+-----------+-------+-----------+-------+------------+-------+
| HM        | 0.353 | LQS       | 0.167 | QHS        | 0.324 |
| MS        | 0.434 | A1_SU-35  | 0.787 | A2_C-130   | 0.703 |
| A3_C-17   | 0.758 | A4_C-5    | 0.842 | A5_F-16    | 0.682 |
| A6_TU-160 | 0.776 | A7_E-3    | 0.784 | A8_B-52    | 0.779 |
| A9_P-3C   | 0.749 | A10_B-1B  | 0.799 | A11_E-8    | 0.696 |
| A12_TU-22 | 0.791 | A13_F-15  | 0.690 | A14_KC-135 | 0.731 |
| A15_F-22  | 0.647 | A16_FA-18 | 0.736 | A17_TU-95  | 0.845 |
| A18_KC-10 | 0.629 | A19_SU-34 | 0.737 | A20_SU-24  | 0.724 |
| FSC       | 0.439 | None      | None  | None       | None  |
+-----------+-------+-----------+-------+------------+-------+
2026-08-16 19:59:16,588 - mmdet - INFO - EarlyStoppingHook: bbox_mAP=0.6640 提升幅度不足 0.0010（当前最佳 0.6640，等待 11/16）
2026-08-16 19:59:16,590 - mmdet - INFO - Exp name: aircraft_bafnet_1x.py
2026-08-16 19:59:16,590 - mmdet - INFO - Epoch(val) [29][548]	bbox_mAP: 0.6640, bbox_mAP_50: 0.8690, bbox_mAP_75: 0.8120, bbox_mAP_s: 0.0890, bbox_mAP_m: 0.6390, bbox_mAP_l: 0.7070, bbox_mAP_copypaste: 0.664 0.869 0.812 0.089 0.639 0.707
2026-08-16 20:00:27,755 - mmdet - INFO - Epoch [30][100/1732]	lr: 5.000e-03, eta: 23:08:32, time: 0.712, data_time: 0.028, memory: 17623, loss_rpn_cls: 0.0013, loss_rpn_bbox: 0.0015, s0.loss_cls: 0.0132, s0.acc: 99.5107, s0.loss_bbox: 0.0092, s1.loss_cls: 0.0033, s1.acc: 99.7687, s1.loss_bbox: 0.0138, s2.loss_cls: 0.0014, s2.acc: 99.8502, s2.loss_bbox: 0.0142, loss_bounder: 0.5593, loss_aux: 0.0000, loss: 0.6172
2026-08-16 20:01:37,062 - mmdet - INFO - Epoch [30][200/1732]	lr: 5.000e-03, eta: 23:07:28, time: 0.693, data_time: 0.005, memory: 17623, loss_rpn_cls: 0.0014, loss_rpn_bbox: 0.0018, s0.loss_cls: 0.0138, s0.acc: 99.4854, s0.loss_bbox: 0.0122, s1.loss_cls: 0.0032, s1.acc: 99.7642, s1.loss_bbox: 0.0177, s2.loss_cls: 0.0017, s2.acc: 99.7860, s2.loss_bbox: 0.0175, loss_bounder: 0.5464, loss_aux: 0.0000, loss: 0.6158
2026-08-16 20:02:46,242 - mmdet - INFO - Epoch [30][300/1732]	lr: 5.000e-03, eta: 23:06:23, time: 0.692, data_time: 0.005, memory: 17623, loss_rpn_cls: 0.0016, loss_rpn_bbox: 0.0023, s0.loss_cls: 0.0144, s0.acc: 99.4463, s0.loss_bbox: 0.0118, s1.loss_cls: 0.0036, s1.acc: 99.7482, s1.loss_bbox: 0.0158, s2.loss_cls: 0.0017, s2.acc: 99.7907, s2.loss_bbox: 0.0163, loss_bounder: 0.5417, loss_aux: 0.0000, loss: 0.6091
2026-08-16 20:03:54,928 - mmdet - INFO - Epoch [30][400/1732]	lr: 5.000e-03, eta: 23:05:18, time: 0.687, data_time: 0.005, memory: 17623, loss_rpn_cls: 0.0011, loss_rpn_bbox: 0.0016, s0.loss_cls: 0.0140, s0.acc: 99.4795, s0.loss_bbox: 0.0115, s1.loss_cls: 0.0038, s1.acc: 99.7163, s1.loss_bbox: 0.0165, s2.loss_cls: 0.0016, s2.acc: 99.7889, s2.loss_bbox: 0.0169, loss_bounder: 0.5535, loss_aux: 0.0000, loss: 0.6205
2026-08-16 20:05:03,507 - mmdet - INFO - Epoch [30][500/1732]	lr: 5.000e-03, eta: 23:04:12, time: 0.686, data_time: 0.005, memory: 17623, loss_rpn_cls: 0.0015, loss_rpn_bbox: 0.0024, s0.loss_cls: 0.0148, s0.acc: 99.4346, s0.loss_bbox: 0.0114, s1.loss_cls: 0.0033, s1.acc: 99.7522, s1.loss_bbox: 0.0165, s2.loss_cls: 0.0019, s2.acc: 99.7423, s2.loss_bbox: 0.0157, loss_bounder: 0.5643, loss_aux: 0.0000, loss: 0.6319
2026-08-16 20:06:12,918 - mmdet - INFO - Epoch [30][600/1732]	lr: 5.000e-03, eta: 23:03:08, time: 0.694, data_time: 0.005, memory: 17623, loss_rpn_cls: 0.0017, loss_rpn_bbox: 0.0022, s0.loss_cls: 0.0141, s0.acc: 99.4688, s0.loss_bbox: 0.0117, s1.loss_cls: 0.0034, s1.acc: 99.7519, s1.loss_bbox: 0.0170, s2.loss_cls: 0.0019, s2.acc: 99.7595, s2.loss_bbox: 0.0164, loss_bounder: 0.5491, loss_aux: 0.0000, loss: 0.6175
2026-08-16 20:07:21,258 - mmdet - INFO - Epoch [30][700/1732]	lr: 5.000e-03, eta: 23:02:01, time: 0.683, data_time: 0.005, memory: 17623, loss_rpn_cls: 0.0021, loss_rpn_bbox: 0.0021, s0.loss_cls: 0.0154, s0.acc: 99.4434, s0.loss_bbox: 0.0137, s1.loss_cls: 0.0042, s1.acc: 99.6994, s1.loss_bbox: 0.0189, s2.loss_cls: 0.0024, s2.acc: 99.6782, s2.loss_bbox: 0.0176, loss_bounder: 0.5655, loss_aux: 0.0000, loss: 0.6422
2026-08-16 20:08:30,257 - mmdet - INFO - Epoch [30][800/1732]	lr: 5.000e-03, eta: 23:00:56, time: 0.690, data_time: 0.005, memory: 17623, loss_rpn_cls: 0.0016, loss_rpn_bbox: 0.0021, s0.loss_cls: 0.0153, s0.acc: 99.4248, s0.loss_bbox: 0.0106, s1.loss_cls: 0.0038, s1.acc: 99.7146, s1.loss_bbox: 0.0151, s2.loss_cls: 0.0016, s2.acc: 99.7723, s2.loss_bbox: 0.0157, loss_bounder: 0.5349, loss_aux: 0.0000, loss: 0.6006
2026-08-16 20:09:38,815 - mmdet - INFO - Epoch [30][900/1732]	lr: 5.000e-03, eta: 22:59:50, time: 0.686, data_time: 0.005, memory: 17623, loss_rpn_cls: 0.0016, loss_rpn_bbox: 0.0024, s0.loss_cls: 0.0171, s0.acc: 99.3428, s0.loss_bbox: 0.0154, s1.loss_cls: 0.0046, s1.acc: 99.6639, s1.loss_bbox: 0.0218, s2.loss_cls: 0.0026, s2.acc: 99.6513, s2.loss_bbox: 0.0203, loss_bounder: 0.5589, loss_aux: 0.0000, loss: 0.6447
2026-08-16 20:10:46,867 - mmdet - INFO - Epoch [30][1000/1732]	lr: 5.000e-03, eta: 22:58:43, time: 0.681, data_time: 0.005, memory: 17623, loss_rpn_cls: 0.0020, loss_rpn_bbox: 0.0026, s0.loss_cls: 0.0170, s0.acc: 99.3926, s0.loss_bbox: 0.0140, s1.loss_cls: 0.0044, s1.acc: 99.6934, s1.loss_bbox: 0.0175, s2.loss_cls: 0.0020, s2.acc: 99.6954, s2.loss_bbox: 0.0163, loss_bounder: 0.5512, loss_aux: 0.0000, loss: 0.6270
2026-08-16 20:11:55,554 - mmdet - INFO - Epoch [30][1100/1732]	lr: 5.000e-03, eta: 22:57:37, time: 0.687, data_time: 0.004, memory: 17623, loss_rpn_cls: 0.0017, loss_rpn_bbox: 0.0025, s0.loss_cls: 0.0177, s0.acc: 99.3252, s0.loss_bbox: 0.0162, s1.loss_cls: 0.0047, s1.acc: 99.6538, s1.loss_bbox: 0.0212, s2.loss_cls: 0.0026, s2.acc: 99.6183, s2.loss_bbox: 0.0199, loss_bounder: 0.5640, loss_aux: 0.0000, loss: 0.6505
2026-08-16 20:13:04,016 - mmdet - INFO - Epoch [30][1200/1732]	lr: 5.000e-03, eta: 22:56:31, time: 0.685, data_time: 0.005, memory: 17623, loss_rpn_cls: 0.0016, loss_rpn_bbox: 0.0019, s0.loss_cls: 0.0144, s0.acc: 99.4883, s0.loss_bbox: 0.0133, s1.loss_cls: 0.0036, s1.acc: 99.7207, s1.loss_bbox: 0.0180, s2.loss_cls: 0.0019, s2.acc: 99.7424, s2.loss_bbox: 0.0172, loss_bounder: 0.5606, loss_aux: 0.0000, loss: 0.6325
2026-08-16 20:14:12,479 - mmdet - INFO - Epoch [30][1300/1732]	lr: 5.000e-03, eta: 22:55:24, time: 0.685, data_time: 0.005, memory: 17623, loss_rpn_cls: 0.0017, loss_rpn_bbox: 0.0016, s0.loss_cls: 0.0137, s0.acc: 99.4824, s0.loss_bbox: 0.0106, s1.loss_cls: 0.0028, s1.acc: 99.8047, s1.loss_bbox: 0.0149, s2.loss_cls: 0.0013, s2.acc: 99.8230, s2.loss_bbox: 0.0151, loss_bounder: 0.5495, loss_aux: 0.0000, loss: 0.6112
2026-08-16 20:15:21,106 - mmdet - INFO - Epoch [30][1400/1732]	lr: 5.000e-03, eta: 22:54:18, time: 0.686, data_time: 0.005, memory: 17623, loss_rpn_cls: 0.0018, loss_rpn_bbox: 0.0018, s0.loss_cls: 0.0148, s0.acc: 99.4355, s0.loss_bbox: 0.0111, s1.loss_cls: 0.0033, s1.acc: 99.7800, s1.loss_bbox: 0.0167, s2.loss_cls: 0.0016, s2.acc: 99.8062, s2.loss_bbox: 0.0171, loss_bounder: 0.5656, loss_aux: 0.0000, loss: 0.6339
2026-08-16 20:16:29,372 - mmdet - INFO - Epoch [30][1500/1732]	lr: 5.000e-03, eta: 22:53:12, time: 0.683, data_time: 0.005, memory: 17623, loss_rpn_cls: 0.0018, loss_rpn_bbox: 0.0019, s0.loss_cls: 0.0142, s0.acc: 99.4443, s0.loss_bbox: 0.0121, s1.loss_cls: 0.0037, s1.acc: 99.7157, s1.loss_bbox: 0.0161, s2.loss_cls: 0.0018, s2.acc: 99.7550, s2.loss_bbox: 0.0158, loss_bounder: 0.5431, loss_aux: 0.0000, loss: 0.6103
2026-08-16 20:17:38,204 - mmdet - INFO - Epoch [30][1600/1732]	lr: 5.000e-03, eta: 22:52:06, time: 0.688, data_time: 0.005, memory: 17623, loss_rpn_cls: 0.0014, loss_rpn_bbox: 0.0017, s0.loss_cls: 0.0161, s0.acc: 99.4219, s0.loss_bbox: 0.0145, s1.loss_cls: 0.0042, s1.acc: 99.6973, s1.loss_bbox: 0.0190, s2.loss_cls: 0.0024, s2.acc: 99.7123, s2.loss_bbox: 0.0180, loss_bounder: 0.5487, loss_aux: 0.0000, loss: 0.6260
2026-08-16 20:18:47,986 - mmdet - INFO - Epoch [30][1700/1732]	lr: 5.000e-03, eta: 22:51:03, time: 0.698, data_time: 0.005, memory: 17623, loss_rpn_cls: 0.0019, loss_rpn_bbox: 0.0024, s0.loss_cls: 0.0189, s0.acc: 99.2930, s0.loss_bbox: 0.0169, s1.loss_cls: 0.0055, s1.acc: 99.6062, s1.loss_bbox: 0.0231, s2.loss_cls: 0.0033, s2.acc: 99.5711, s2.loss_bbox: 0.0209, loss_bounder: 0.5417, loss_aux: 0.0000, loss: 0.6346
2026-08-16 20:19:10,191 - mmdet - INFO - Saving checkpoint at 30 epochs
2026-08-16 20:20:26,364 - mmdet - INFO - Evaluating bbox...
2026-08-16 20:20:27,287 - mmdet - INFO - 
+-----------+-------+-----------+-------+------------+-------+
| category  | AP    | category  | AP    | category   | AP    |
+-----------+-------+-----------+-------+------------+-------+
| HM        | 0.303 | LQS       | 0.152 | QHS        | 0.292 |
| MS        | 0.409 | A1_SU-35  | 0.788 | A2_C-130   | 0.722 |
| A3_C-17   | 0.763 | A4_C-5    | 0.836 | A5_F-16    | 0.680 |
| A6_TU-160 | 0.776 | A7_E-3    | 0.776 | A8_B-52    | 0.776 |
| A9_P-3C   | 0.782 | A10_B-1B  | 0.784 | A11_E-8    | 0.669 |
| A12_TU-22 | 0.785 | A13_F-15  | 0.713 | A14_KC-135 | 0.734 |
| A15_F-22  | 0.653 | A16_FA-18 | 0.742 | A17_TU-95  | 0.838 |
| A18_KC-10 | 0.619 | A19_SU-34 | 0.722 | A20_SU-24  | 0.728 |
| FSC       | 0.469 | None      | None  | None       | None  |
+-----------+-------+-----------+-------+------------+-------+
2026-08-16 20:20:27,294 - mmdet - INFO - EarlyStoppingHook: bbox_mAP=0.6600 提升幅度不足 0.0010（当前最佳 0.6640，等待 12/16）
2026-08-16 20:20:27,295 - mmdet - INFO - Exp name: aircraft_bafnet_1x.py
2026-08-16 20:20:27,296 - mmdet - INFO - Epoch(val) [30][548]	bbox_mAP: 0.6600, bbox_mAP_50: 0.8680, bbox_mAP_75: 0.8200, bbox_mAP_s: 0.1000, bbox_mAP_m: 0.6420, bbox_mAP_l: 0.7060, bbox_mAP_copypaste: 0.660 0.868 0.820 0.100 0.642 0.706
2026-08-16 20:21:38,000 - mmdet - INFO - Epoch [31][100/1732]	lr: 5.000e-03, eta: 22:48:50, time: 0.707, data_time: 0.028, memory: 17623, loss_rpn_cls: 0.0016, loss_rpn_bbox: 0.0021, s0.loss_cls: 0.0144, s0.acc: 99.4297, s0.loss_bbox: 0.0131, s1.loss_cls: 0.0039, s1.acc: 99.7030, s1.loss_bbox: 0.0170, s2.loss_cls: 0.0021, s2.acc: 99.6903, s2.loss_bbox: 0.0159, loss_bounder: 0.5451, loss_aux: 0.0000, loss: 0.6152
2026-08-16 20:22:47,430 - mmdet - INFO - Epoch [31][200/1732]	lr: 5.000e-03, eta: 22:47:46, time: 0.694, data_time: 0.005, memory: 17623, loss_rpn_cls: 0.0021, loss_rpn_bbox: 0.0019, s0.loss_cls: 0.0148, s0.acc: 99.4424, s0.loss_bbox: 0.0113, s1.loss_cls: 0.0035, s1.acc: 99.7432, s1.loss_bbox: 0.0148, s2.loss_cls: 0.0018, s2.acc: 99.7770, s2.loss_bbox: 0.0144, loss_bounder: 0.5390, loss_aux: 0.0000, loss: 0.6037
2026-08-16 20:23:56,263 - mmdet - INFO - Epoch [31][300/1732]	lr: 5.000e-03, eta: 22:46:40, time: 0.688, data_time: 0.005, memory: 17623, loss_rpn_cls: 0.0016, loss_rpn_bbox: 0.0019, s0.loss_cls: 0.0140, s0.acc: 99.4893, s0.loss_bbox: 0.0114, s1.loss_cls: 0.0033, s1.acc: 99.7463, s1.loss_bbox: 0.0161, s2.loss_cls: 0.0017, s2.acc: 99.7593, s2.loss_bbox: 0.0160, loss_bounder: 0.5376, loss_aux: 0.0000, loss: 0.6036
2026-08-16 20:25:04,958 - mmdet - INFO - Epoch [31][400/1732]	lr: 5.000e-03, eta: 22:45:34, time: 0.687, data_time: 0.005, memory: 17623, loss_rpn_cls: 0.0011, loss_rpn_bbox: 0.0017, s0.loss_cls: 0.0130, s0.acc: 99.5127, s0.loss_bbox: 0.0107, s1.loss_cls: 0.0028, s1.acc: 99.7966, s1.loss_bbox: 0.0148, s2.loss_cls: 0.0015, s2.acc: 99.7863, s2.loss_bbox: 0.0146, loss_bounder: 0.5569, loss_aux: 0.0000, loss: 0.6171
2026-08-16 20:26:13,220 - mmdet - INFO - Epoch [31][500/1732]	lr: 5.000e-03, eta: 22:44:28, time: 0.683, data_time: 0.005, memory: 17623, loss_rpn_cls: 0.0015, loss_rpn_bbox: 0.0017, s0.loss_cls: 0.0125, s0.acc: 99.5332, s0.loss_bbox: 0.0113, s1.loss_cls: 0.0029, s1.acc: 99.7838, s1.loss_bbox: 0.0157, s2.loss_cls: 0.0012, s2.acc: 99.8356, s2.loss_bbox: 0.0157, loss_bounder: 0.5592, loss_aux: 0.0000, loss: 0.6218
2026-08-16 20:27:22,355 - mmdet - INFO - Epoch [31][600/1732]	lr: 5.000e-03, eta: 22:43:23, time: 0.691, data_time: 0.005, memory: 17623, loss_rpn_cls: 0.0010, loss_rpn_bbox: 0.0018, s0.loss_cls: 0.0132, s0.acc: 99.5029, s0.loss_bbox: 0.0114, s1.loss_cls: 0.0027, s1.acc: 99.7985, s1.loss_bbox: 0.0154, s2.loss_cls: 0.0012, s2.acc: 99.8399, s2.loss_bbox: 0.0158, loss_bounder: 0.5593, loss_aux: 0.0000, loss: 0.6218
2026-08-16 20:28:31,354 - mmdet - INFO - Epoch [31][700/1732]	lr: 5.000e-03, eta: 22:42:18, time: 0.690, data_time: 0.005, memory: 17623, loss_rpn_cls: 0.0020, loss_rpn_bbox: 0.0024, s0.loss_cls: 0.0153, s0.acc: 99.4473, s0.loss_bbox: 0.0133, s1.loss_cls: 0.0039, s1.acc: 99.7202, s1.loss_bbox: 0.0189, s2.loss_cls: 0.0021, s2.acc: 99.7108, s2.loss_bbox: 0.0178, loss_bounder: 0.5387, loss_aux: 0.0000, loss: 0.6144
2026-08-16 20:29:39,861 - mmdet - INFO - Epoch [31][800/1732]	lr: 5.000e-03, eta: 22:41:12, time: 0.685, data_time: 0.004, memory: 17623, loss_rpn_cls: 0.0015, loss_rpn_bbox: 0.0028, s0.loss_cls: 0.0163, s0.acc: 99.3750, s0.loss_bbox: 0.0154, s1.loss_cls: 0.0040, s1.acc: 99.6993, s1.loss_bbox: 0.0205, s2.loss_cls: 0.0023, s2.acc: 99.7049, s2.loss_bbox: 0.0189, loss_bounder: 0.5645, loss_aux: 0.0000, loss: 0.6461
2026-08-16 20:30:48,204 - mmdet - INFO - Epoch [31][900/1732]	lr: 5.000e-03, eta: 22:40:05, time: 0.683, data_time: 0.004, memory: 17623, loss_rpn_cls: 0.0017, loss_rpn_bbox: 0.0019, s0.loss_cls: 0.0137, s0.acc: 99.5010, s0.loss_bbox: 0.0118, s1.loss_cls: 0.0030, s1.acc: 99.7799, s1.loss_bbox: 0.0155, s2.loss_cls: 0.0018, s2.acc: 99.7147, s2.loss_bbox: 0.0141, loss_bounder: 0.5606, loss_aux: 0.0000, loss: 0.6241
2026-08-16 20:31:57,340 - mmdet - INFO - Epoch [31][1000/1732]	lr: 5.000e-03, eta: 22:39:00, time: 0.691, data_time: 0.004, memory: 17623, loss_rpn_cls: 0.0016, loss_rpn_bbox: 0.0021, s0.loss_cls: 0.0130, s0.acc: 99.4951, s0.loss_bbox: 0.0126, s1.loss_cls: 0.0029, s1.acc: 99.7866, s1.loss_bbox: 0.0168, s2.loss_cls: 0.0017, s2.acc: 99.7552, s2.loss_bbox: 0.0165, loss_bounder: 0.5532, loss_aux: 0.0000, loss: 0.6204
2026-08-16 20:33:06,277 - mmdet - INFO - Epoch [31][1100/1732]	lr: 5.000e-03, eta: 22:37:55, time: 0.689, data_time: 0.004, memory: 17623, loss_rpn_cls: 0.0024, loss_rpn_bbox: 0.0024, s0.loss_cls: 0.0137, s0.acc: 99.4756, s0.loss_bbox: 0.0128, s1.loss_cls: 0.0033, s1.acc: 99.7685, s1.loss_bbox: 0.0173, s2.loss_cls: 0.0018, s2.acc: 99.7243, s2.loss_bbox: 0.0167, loss_bounder: 0.5559, loss_aux: 0.0000, loss: 0.6263
2026-08-16 20:34:15,281 - mmdet - INFO - Epoch [31][1200/1732]	lr: 5.000e-03, eta: 22:36:50, time: 0.690, data_time: 0.004, memory: 17623, loss_rpn_cls: 0.0020, loss_rpn_bbox: 0.0018, s0.loss_cls: 0.0130, s0.acc: 99.4902, s0.loss_bbox: 0.0093, s1.loss_cls: 0.0033, s1.acc: 99.7462, s1.loss_bbox: 0.0123, s2.loss_cls: 0.0013, s2.acc: 99.8040, s2.loss_bbox: 0.0128, loss_bounder: 0.5556, loss_aux: 0.0000, loss: 0.6115
2026-08-16 20:35:23,981 - mmdet - INFO - Epoch [31][1300/1732]	lr: 5.000e-03, eta: 22:35:44, time: 0.687, data_time: 0.004, memory: 17623, loss_rpn_cls: 0.0015, loss_rpn_bbox: 0.0018, s0.loss_cls: 0.0122, s0.acc: 99.5312, s0.loss_bbox: 0.0097, s1.loss_cls: 0.0025, s1.acc: 99.8425, s1.loss_bbox: 0.0128, s2.loss_cls: 0.0013, s2.acc: 99.8390, s2.loss_bbox: 0.0127, loss_bounder: 0.5623, loss_aux: 0.0000, loss: 0.6169
2026-08-16 20:36:32,669 - mmdet - INFO - Epoch [31][1400/1732]	lr: 5.000e-03, eta: 22:34:38, time: 0.687, data_time: 0.004, memory: 17623, loss_rpn_cls: 0.0014, loss_rpn_bbox: 0.0018, s0.loss_cls: 0.0131, s0.acc: 99.5059, s0.loss_bbox: 0.0102, s1.loss_cls: 0.0028, s1.acc: 99.7929, s1.loss_bbox: 0.0151, s2.loss_cls: 0.0014, s2.acc: 99.8295, s2.loss_bbox: 0.0156, loss_bounder: 0.5439, loss_aux: 0.0000, loss: 0.6054
2026-08-16 20:37:41,407 - mmdet - INFO - Epoch [31][1500/1732]	lr: 5.000e-03, eta: 22:33:32, time: 0.687, data_time: 0.005, memory: 17623, loss_rpn_cls: 0.0015, loss_rpn_bbox: 0.0019, s0.loss_cls: 0.0135, s0.acc: 99.4375, s0.loss_bbox: 0.0111, s1.loss_cls: 0.0035, s1.acc: 99.7457, s1.loss_bbox: 0.0156, s2.loss_cls: 0.0019, s2.acc: 99.7304, s2.loss_bbox: 0.0146, loss_bounder: 0.5541, loss_aux: 0.0000, loss: 0.6177
2026-08-16 20:38:50,033 - mmdet - INFO - Epoch [31][1600/1732]	lr: 5.000e-03, eta: 22:32:26, time: 0.686, data_time: 0.005, memory: 17623, loss_rpn_cls: 0.0009, loss_rpn_bbox: 0.0020, s0.loss_cls: 0.0149, s0.acc: 99.4111, s0.loss_bbox: 0.0117, s1.loss_cls: 0.0032, s1.acc: 99.7561, s1.loss_bbox: 0.0156, s2.loss_cls: 0.0015, s2.acc: 99.8041, s2.loss_bbox: 0.0155, loss_bounder: 0.5560, loss_aux: 0.0000, loss: 0.6212
2026-08-16 20:39:58,984 - mmdet - INFO - Epoch [31][1700/1732]	lr: 5.000e-03, eta: 22:31:21, time: 0.690, data_time: 0.005, memory: 17623, loss_rpn_cls: 0.0023, loss_rpn_bbox: 0.0024, s0.loss_cls: 0.0156, s0.acc: 99.4404, s0.loss_bbox: 0.0112, s1.loss_cls: 0.0037, s1.acc: 99.7236, s1.loss_bbox: 0.0152, s2.loss_cls: 0.0019, s2.acc: 99.7230, s2.loss_bbox: 0.0147, loss_bounder: 0.5630, loss_aux: 0.0000, loss: 0.6302
2026-08-16 20:40:21,149 - mmdet - INFO - Saving checkpoint at 31 epochs
2026-08-16 20:41:36,414 - mmdet - INFO - Evaluating bbox...
2026-08-16 20:41:37,320 - mmdet - INFO - 
+-----------+-------+-----------+-------+------------+-------+
| category  | AP    | category  | AP    | category   | AP    |
+-----------+-------+-----------+-------+------------+-------+
| HM        | 0.353 | LQS       | 0.206 | QHS        | 0.315 |
| MS        | 0.427 | A1_SU-35  | 0.781 | A2_C-130   | 0.711 |
| A3_C-17   | 0.774 | A4_C-5    | 0.851 | A5_F-16    | 0.687 |
| A6_TU-160 | 0.798 | A7_E-3    | 0.779 | A8_B-52    | 0.804 |
| A9_P-3C   | 0.748 | A10_B-1B  | 0.781 | A11_E-8    | 0.665 |
| A12_TU-22 | 0.767 | A13_F-15  | 0.709 | A14_KC-135 | 0.748 |
| A15_F-22  | 0.660 | A16_FA-18 | 0.722 | A17_TU-95  | 0.857 |
| A18_KC-10 | 0.629 | A19_SU-34 | 0.714 | A20_SU-24  | 0.722 |
| FSC       | 0.430 | None      | None  | None       | None  |
+-----------+-------+-----------+-------+------------+-------+
2026-08-16 20:41:38,104 - mmdet - INFO - BestSaverHook: bbox_mAP=0.6660 创新高，已保存 best 模型 -> /root/autodl-tmp/model_v4/work_dirs/arfc_only_v1/best_bbox_mAP.pth
2026-08-16 20:41:38,105 - mmdet - INFO - Exp name: aircraft_bafnet_1x.py
2026-08-16 20:41:38,105 - mmdet - INFO - Epoch(val) [31][548]	bbox_mAP: 0.6660, bbox_mAP_50: 0.8660, bbox_mAP_75: 0.8120, bbox_mAP_s: 0.0870, bbox_mAP_m: 0.6450, bbox_mAP_l: 0.7110, bbox_mAP_copypaste: 0.666 0.866 0.812 0.087 0.645 0.711
2026-08-16 20:42:49,516 - mmdet - INFO - Epoch [32][100/1732]	lr: 5.000e-03, eta: 22:29:11, time: 0.714, data_time: 0.028, memory: 17623, loss_rpn_cls: 0.0013, loss_rpn_bbox: 0.0014, s0.loss_cls: 0.0109, s0.acc: 99.6133, s0.loss_bbox: 0.0071, s1.loss_cls: 0.0027, s1.acc: 99.8219, s1.loss_bbox: 0.0100, s2.loss_cls: 0.0013, s2.acc: 99.8512, s2.loss_bbox: 0.0105, loss_bounder: 0.5590, loss_aux: 0.0000, loss: 0.6041
2026-08-16 20:43:57,964 - mmdet - INFO - Epoch [32][200/1732]	lr: 5.000e-03, eta: 22:28:05, time: 0.684, data_time: 0.005, memory: 17623, loss_rpn_cls: 0.0013, loss_rpn_bbox: 0.0018, s0.loss_cls: 0.0119, s0.acc: 99.5410, s0.loss_bbox: 0.0112, s1.loss_cls: 0.0031, s1.acc: 99.7867, s1.loss_bbox: 0.0151, s2.loss_cls: 0.0013, s2.acc: 99.8212, s2.loss_bbox: 0.0152, loss_bounder: 0.5640, loss_aux: 0.0000, loss: 0.6251
2026-08-16 20:45:06,014 - mmdet - INFO - Epoch [32][300/1732]	lr: 5.000e-03, eta: 22:26:58, time: 0.680, data_time: 0.005, memory: 17623, loss_rpn_cls: 0.0016, loss_rpn_bbox: 0.0023, s0.loss_cls: 0.0135, s0.acc: 99.4883, s0.loss_bbox: 0.0138, s1.loss_cls: 0.0033, s1.acc: 99.7536, s1.loss_bbox: 0.0179, s2.loss_cls: 0.0017, s2.acc: 99.7401, s2.loss_bbox: 0.0166, loss_bounder: 0.5501, loss_aux: 0.0000, loss: 0.6209
2026-08-16 20:46:14,140 - mmdet - INFO - Epoch [32][400/1732]	lr: 5.000e-03, eta: 22:25:50, time: 0.681, data_time: 0.005, memory: 17623, loss_rpn_cls: 0.0011, loss_rpn_bbox: 0.0016, s0.loss_cls: 0.0120, s0.acc: 99.5596, s0.loss_bbox: 0.0095, s1.loss_cls: 0.0027, s1.acc: 99.7961, s1.loss_bbox: 0.0137, s2.loss_cls: 0.0014, s2.acc: 99.7639, s2.loss_bbox: 0.0136, loss_bounder: 0.5543, loss_aux: 0.0000, loss: 0.6100
2026-08-16 20:47:23,131 - mmdet - INFO - Epoch [32][500/1732]	lr: 5.000e-03, eta: 22:24:45, time: 0.690, data_time: 0.005, memory: 17623, loss_rpn_cls: 0.0016, loss_rpn_bbox: 0.0023, s0.loss_cls: 0.0138, s0.acc: 99.4697, s0.loss_bbox: 0.0123, s1.loss_cls: 0.0040, s1.acc: 99.6997, s1.loss_bbox: 0.0167, s2.loss_cls: 0.0021, s2.acc: 99.7076, s2.loss_bbox: 0.0160, loss_bounder: 0.5592, loss_aux: 0.0000, loss: 0.6280
2026-08-16 20:48:32,732 - mmdet - INFO - Epoch [32][600/1732]	lr: 5.000e-03, eta: 22:23:41, time: 0.696, data_time: 0.005, memory: 17623, loss_rpn_cls: 0.0018, loss_rpn_bbox: 0.0021, s0.loss_cls: 0.0150, s0.acc: 99.4492, s0.loss_bbox: 0.0133, s1.loss_cls: 0.0044, s1.acc: 99.6856, s1.loss_bbox: 0.0182, s2.loss_cls: 0.0024, s2.acc: 99.6992, s2.loss_bbox: 0.0172, loss_bounder: 0.5668, loss_aux: 0.0000, loss: 0.6413
2026-08-16 20:49:41,640 - mmdet - INFO - Epoch [32][700/1732]	lr: 5.000e-03, eta: 22:22:36, time: 0.689, data_time: 0.005, memory: 17623, loss_rpn_cls: 0.0017, loss_rpn_bbox: 0.0020, s0.loss_cls: 0.0139, s0.acc: 99.4707, s0.loss_bbox: 0.0114, s1.loss_cls: 0.0035, s1.acc: 99.7489, s1.loss_bbox: 0.0165, s2.loss_cls: 0.0018, s2.acc: 99.7735, s2.loss_bbox: 0.0165, loss_bounder: 0.5425, loss_aux: 0.0000, loss: 0.6098
2026-08-16 20:50:50,440 - mmdet - INFO - Epoch [32][800/1732]	lr: 5.000e-03, eta: 22:21:30, time: 0.688, data_time: 0.005, memory: 17623, loss_rpn_cls: 0.0012, loss_rpn_bbox: 0.0018, s0.loss_cls: 0.0138, s0.acc: 99.4766, s0.loss_bbox: 0.0094, s1.loss_cls: 0.0028, s1.acc: 99.7853, s1.loss_bbox: 0.0130, s2.loss_cls: 0.0014, s2.acc: 99.8417, s2.loss_bbox: 0.0132, loss_bounder: 0.5487, loss_aux: 0.0000, loss: 0.6053
2026-08-16 20:51:58,604 - mmdet - INFO - Epoch [32][900/1732]	lr: 5.000e-03, eta: 22:20:23, time: 0.682, data_time: 0.005, memory: 17623, loss_rpn_cls: 0.0014, loss_rpn_bbox: 0.0015, s0.loss_cls: 0.0128, s0.acc: 99.5293, s0.loss_bbox: 0.0096, s1.loss_cls: 0.0027, s1.acc: 99.8158, s1.loss_bbox: 0.0127, s2.loss_cls: 0.0014, s2.acc: 99.8251, s2.loss_bbox: 0.0126, loss_bounder: 0.5508, loss_aux: 0.0000, loss: 0.6055
2026-08-16 20:53:07,379 - mmdet - INFO - Epoch [32][1000/1732]	lr: 5.000e-03, eta: 22:19:18, time: 0.688, data_time: 0.005, memory: 17623, loss_rpn_cls: 0.0017, loss_rpn_bbox: 0.0018, s0.loss_cls: 0.0125, s0.acc: 99.5469, s0.loss_bbox: 0.0118, s1.loss_cls: 0.0032, s1.acc: 99.7852, s1.loss_bbox: 0.0165, s2.loss_cls: 0.0017, s2.acc: 99.7842, s2.loss_bbox: 0.0154, loss_bounder: 0.5612, loss_aux: 0.0000, loss: 0.6256
2026-08-16 20:54:16,403 - mmdet - INFO - Epoch [32][1100/1732]	lr: 5.000e-03, eta: 22:18:12, time: 0.690, data_time: 0.005, memory: 17623, loss_rpn_cls: 0.0020, loss_rpn_bbox: 0.0020, s0.loss_cls: 0.0141, s0.acc: 99.4893, s0.loss_bbox: 0.0118, s1.loss_cls: 0.0039, s1.acc: 99.7333, s1.loss_bbox: 0.0162, s2.loss_cls: 0.0021, s2.acc: 99.7337, s2.loss_bbox: 0.0160, loss_bounder: 0.5433, loss_aux: 0.0000, loss: 0.6114
2026-08-16 20:55:25,369 - mmdet - INFO - Epoch [32][1200/1732]	lr: 5.000e-03, eta: 22:17:07, time: 0.690, data_time: 0.005, memory: 17623, loss_rpn_cls: 0.0015, loss_rpn_bbox: 0.0022, s0.loss_cls: 0.0124, s0.acc: 99.5391, s0.loss_bbox: 0.0120, s1.loss_cls: 0.0030, s1.acc: 99.7875, s1.loss_bbox: 0.0160, s2.loss_cls: 0.0016, s2.acc: 99.7756, s2.loss_bbox: 0.0151, loss_bounder: 0.5362, loss_aux: 0.0000, loss: 0.6001
2026-08-16 20:56:34,048 - mmdet - INFO - Epoch [32][1300/1732]	lr: 5.000e-03, eta: 22:16:01, time: 0.687, data_time: 0.005, memory: 17623, loss_rpn_cls: 0.0016, loss_rpn_bbox: 0.0025, s0.loss_cls: 0.0125, s0.acc: 99.5273, s0.loss_bbox: 0.0109, s1.loss_cls: 0.0030, s1.acc: 99.8003, s1.loss_bbox: 0.0149, s2.loss_cls: 0.0015, s2.acc: 99.8314, s2.loss_bbox: 0.0151, loss_bounder: 0.5456, loss_aux: 0.0000, loss: 0.6075
2026-08-16 20:57:42,611 - mmdet - INFO - Epoch [32][1400/1732]	lr: 5.000e-03, eta: 22:14:55, time: 0.686, data_time: 0.005, memory: 17623, loss_rpn_cls: 0.0010, loss_rpn_bbox: 0.0019, s0.loss_cls: 0.0139, s0.acc: 99.4785, s0.loss_bbox: 0.0116, s1.loss_cls: 0.0032, s1.acc: 99.7642, s1.loss_bbox: 0.0151, s2.loss_cls: 0.0017, s2.acc: 99.7868, s2.loss_bbox: 0.0147, loss_bounder: 0.5436, loss_aux: 0.0000, loss: 0.6066
2026-08-16 20:58:51,024 - mmdet - INFO - Epoch [32][1500/1732]	lr: 5.000e-03, eta: 22:13:48, time: 0.684, data_time: 0.005, memory: 17623, loss_rpn_cls: 0.0013, loss_rpn_bbox: 0.0018, s0.loss_cls: 0.0134, s0.acc: 99.5039, s0.loss_bbox: 0.0097, s1.loss_cls: 0.0035, s1.acc: 99.7566, s1.loss_bbox: 0.0131, s2.loss_cls: 0.0016, s2.acc: 99.7902, s2.loss_bbox: 0.0130, loss_bounder: 0.5600, loss_aux: 0.0000, loss: 0.6173
2026-08-16 20:59:59,692 - mmdet - INFO - Epoch [32][1600/1732]	lr: 5.000e-03, eta: 22:12:42, time: 0.687, data_time: 0.005, memory: 17623, loss_rpn_cls: 0.0014, loss_rpn_bbox: 0.0021, s0.loss_cls: 0.0145, s0.acc: 99.4639, s0.loss_bbox: 0.0124, s1.loss_cls: 0.0032, s1.acc: 99.7700, s1.loss_bbox: 0.0166, s2.loss_cls: 0.0018, s2.acc: 99.7695, s2.loss_bbox: 0.0162, loss_bounder: 0.5450, loss_aux: 0.0000, loss: 0.6132
2026-08-16 21:01:08,191 - mmdet - INFO - Epoch [32][1700/1732]	lr: 5.000e-03, eta: 22:11:36, time: 0.685, data_time: 0.005, memory: 17623, loss_rpn_cls: 0.0019, loss_rpn_bbox: 0.0018, s0.loss_cls: 0.0138, s0.acc: 99.4893, s0.loss_bbox: 0.0110, s1.loss_cls: 0.0032, s1.acc: 99.7744, s1.loss_bbox: 0.0153, s2.loss_cls: 0.0014, s2.acc: 99.8087, s2.loss_bbox: 0.0156, loss_bounder: 0.5474, loss_aux: 0.0000, loss: 0.6114
2026-08-16 21:01:30,702 - mmdet - INFO - Saving checkpoint at 32 epochs
2026-08-16 21:02:46,915 - mmdet - INFO - Evaluating bbox...
2026-08-16 21:02:47,825 - mmdet - INFO - 
+-----------+-------+-----------+-------+------------+-------+
| category  | AP    | category  | AP    | category   | AP    |
+-----------+-------+-----------+-------+------------+-------+
| HM        | 0.501 | LQS       | 0.238 | QHS        | 0.312 |
| MS        | 0.408 | A1_SU-35  | 0.780 | A2_C-130   | 0.731 |
| A3_C-17   | 0.770 | A4_C-5    | 0.854 | A5_F-16    | 0.682 |
| A6_TU-160 | 0.816 | A7_E-3    | 0.792 | A8_B-52    | 0.800 |
| A9_P-3C   | 0.750 | A10_B-1B  | 0.782 | A11_E-8    | 0.656 |
| A12_TU-22 | 0.774 | A13_F-15  | 0.688 | A14_KC-135 | 0.737 |
| A15_F-22  | 0.659 | A16_FA-18 | 0.720 | A17_TU-95  | 0.851 |
| A18_KC-10 | 0.673 | A19_SU-34 | 0.734 | A20_SU-24  | 0.749 |
| FSC       | 0.443 | None      | None  | None       | None  |
+-----------+-------+-----------+-------+------------+-------+
2026-08-16 21:02:48,622 - mmdet - INFO - BestSaverHook: bbox_mAP=0.6760 创新高，已保存 best 模型 -> /root/autodl-tmp/model_v4/work_dirs/arfc_only_v1/best_bbox_mAP.pth
2026-08-16 21:02:48,622 - mmdet - INFO - Exp name: aircraft_bafnet_1x.py
2026-08-16 21:02:48,623 - mmdet - INFO - Epoch(val) [32][548]	bbox_mAP: 0.6760, bbox_mAP_50: 0.8910, bbox_mAP_75: 0.8190, bbox_mAP_s: 0.0700, bbox_mAP_m: 0.6470, bbox_mAP_l: 0.7280, bbox_mAP_copypaste: 0.676 0.891 0.819 0.070 0.647 0.728
2026-08-16 21:03:59,591 - mmdet - INFO - Epoch [33][100/1732]	lr: 5.000e-03, eta: 22:09:27, time: 0.710, data_time: 0.029, memory: 17623, loss_rpn_cls: 0.0017, loss_rpn_bbox: 0.0019, s0.loss_cls: 0.0135, s0.acc: 99.5020, s0.loss_bbox: 0.0113, s1.loss_cls: 0.0030, s1.acc: 99.7829, s1.loss_bbox: 0.0156, s2.loss_cls: 0.0016, s2.acc: 99.7604, s2.loss_bbox: 0.0148, loss_bounder: 0.5465, loss_aux: 0.0000, loss: 0.6098
2026-08-16 21:05:08,717 - mmdet - INFO - Epoch [33][200/1732]	lr: 5.000e-03, eta: 22:08:22, time: 0.691, data_time: 0.005, memory: 17623, loss_rpn_cls: 0.0013, loss_rpn_bbox: 0.0019, s0.loss_cls: 0.0140, s0.acc: 99.4609, s0.loss_bbox: 0.0116, s1.loss_cls: 0.0035, s1.acc: 99.7368, s1.loss_bbox: 0.0145, s2.loss_cls: 0.0017, s2.acc: 99.7561, s2.loss_bbox: 0.0142, loss_bounder: 0.5509, loss_aux: 0.0000, loss: 0.6136
2026-08-16 21:06:17,194 - mmdet - INFO - Epoch [33][300/1732]	lr: 5.000e-03, eta: 22:07:16, time: 0.685, data_time: 0.005, memory: 17623, loss_rpn_cls: 0.0014, loss_rpn_bbox: 0.0016, s0.loss_cls: 0.0130, s0.acc: 99.5303, s0.loss_bbox: 0.0109, s1.loss_cls: 0.0027, s1.acc: 99.8059, s1.loss_bbox: 0.0140, s2.loss_cls: 0.0014, s2.acc: 99.8071, s2.loss_bbox: 0.0143, loss_bounder: 0.5581, loss_aux: 0.0000, loss: 0.6175
2026-08-16 21:07:25,559 - mmdet - INFO - Epoch [33][400/1732]	lr: 5.000e-03, eta: 22:06:09, time: 0.684, data_time: 0.005, memory: 17623, loss_rpn_cls: 0.0014, loss_rpn_bbox: 0.0020, s0.loss_cls: 0.0116, s0.acc: 99.5527, s0.loss_bbox: 0.0081, s1.loss_cls: 0.0025, s1.acc: 99.8073, s1.loss_bbox: 0.0113, s2.loss_cls: 0.0011, s2.acc: 99.8682, s2.loss_bbox: 0.0119, loss_bounder: 0.5501, loss_aux: 0.0000, loss: 0.6001
2026-08-16 21:08:34,229 - mmdet - INFO - Epoch [33][500/1732]	lr: 5.000e-03, eta: 22:05:03, time: 0.687, data_time: 0.005, memory: 17623, loss_rpn_cls: 0.0017, loss_rpn_bbox: 0.0017, s0.loss_cls: 0.0119, s0.acc: 99.5625, s0.loss_bbox: 0.0090, s1.loss_cls: 0.0029, s1.acc: 99.7926, s1.loss_bbox: 0.0123, s2.loss_cls: 0.0015, s2.acc: 99.8134, s2.loss_bbox: 0.0120, loss_bounder: 0.5610, loss_aux: 0.0000, loss: 0.6141
2026-08-16 21:09:43,204 - mmdet - INFO - Epoch [33][600/1732]	lr: 5.000e-03, eta: 22:03:58, time: 0.690, data_time: 0.005, memory: 17623, loss_rpn_cls: 0.0015, loss_rpn_bbox: 0.0018, s0.loss_cls: 0.0139, s0.acc: 99.4746, s0.loss_bbox: 0.0108, s1.loss_cls: 0.0032, s1.acc: 99.7536, s1.loss_bbox: 0.0141, s2.loss_cls: 0.0017, s2.acc: 99.7192, s2.loss_bbox: 0.0136, loss_bounder: 0.5521, loss_aux: 0.0000, loss: 0.6128
2026-08-16 21:10:51,987 - mmdet - INFO - Epoch [33][700/1732]	lr: 5.000e-03, eta: 22:02:52, time: 0.688, data_time: 0.005, memory: 17623, loss_rpn_cls: 0.0019, loss_rpn_bbox: 0.0020, s0.loss_cls: 0.0135, s0.acc: 99.4844, s0.loss_bbox: 0.0106, s1.loss_cls: 0.0033, s1.acc: 99.7639, s1.loss_bbox: 0.0142, s2.loss_cls: 0.0019, s2.acc: 99.7486, s2.loss_bbox: 0.0132, loss_bounder: 0.5350, loss_aux: 0.0000, loss: 0.5955
2026-08-16 21:12:00,989 - mmdet - INFO - Epoch [33][800/1732]	lr: 5.000e-03, eta: 22:01:47, time: 0.690, data_time: 0.005, memory: 17623, loss_rpn_cls: 0.0018, loss_rpn_bbox: 0.0025, s0.loss_cls: 0.0127, s0.acc: 99.5361, s0.loss_bbox: 0.0118, s1.loss_cls: 0.0031, s1.acc: 99.7921, s1.loss_bbox: 0.0156, s2.loss_cls: 0.0015, s2.acc: 99.8226, s2.loss_bbox: 0.0153, loss_bounder: 0.5559, loss_aux: 0.0000, loss: 0.6201
2026-08-16 21:13:09,312 - mmdet - INFO - Epoch [33][900/1732]	lr: 5.000e-03, eta: 22:00:40, time: 0.683, data_time: 0.005, memory: 17623, loss_rpn_cls: 0.0014, loss_rpn_bbox: 0.0021, s0.loss_cls: 0.0139, s0.acc: 99.4521, s0.loss_bbox: 0.0117, s1.loss_cls: 0.0032, s1.acc: 99.7803, s1.loss_bbox: 0.0156, s2.loss_cls: 0.0016, s2.acc: 99.8118, s2.loss_bbox: 0.0147, loss_bounder: 0.5692, loss_aux: 0.0000, loss: 0.6334
2026-08-16 21:14:18,290 - mmdet - INFO - Epoch [33][1000/1732]	lr: 5.000e-03, eta: 21:59:35, time: 0.690, data_time: 0.005, memory: 17623, loss_rpn_cls: 0.0012, loss_rpn_bbox: 0.0014, s0.loss_cls: 0.0113, s0.acc: 99.5879, s0.loss_bbox: 0.0089, s1.loss_cls: 0.0024, s1.acc: 99.8235, s1.loss_bbox: 0.0126, s2.loss_cls: 0.0012, s2.acc: 99.8586, s2.loss_bbox: 0.0129, loss_bounder: 0.5419, loss_aux: 0.0000, loss: 0.5938
2026-08-16 21:15:26,823 - mmdet - INFO - Epoch [33][1100/1732]	lr: 5.000e-03, eta: 21:58:29, time: 0.685, data_time: 0.005, memory: 17623, loss_rpn_cls: 0.0014, loss_rpn_bbox: 0.0017, s0.loss_cls: 0.0127, s0.acc: 99.5264, s0.loss_bbox: 0.0094, s1.loss_cls: 0.0027, s1.acc: 99.8035, s1.loss_bbox: 0.0128, s2.loss_cls: 0.0014, s2.acc: 99.8231, s2.loss_bbox: 0.0131, loss_bounder: 0.5658, loss_aux: 0.0000, loss: 0.6210
2026-08-16 21:16:35,374 - mmdet - INFO - Epoch [33][1200/1732]	lr: 5.000e-03, eta: 21:57:22, time: 0.685, data_time: 0.005, memory: 17623, loss_rpn_cls: 0.0017, loss_rpn_bbox: 0.0024, s0.loss_cls: 0.0150, s0.acc: 99.4160, s0.loss_bbox: 0.0141, s1.loss_cls: 0.0041, s1.acc: 99.6908, s1.loss_bbox: 0.0179, s2.loss_cls: 0.0023, s2.acc: 99.6911, s2.loss_bbox: 0.0163, loss_bounder: 0.5396, loss_aux: 0.0000, loss: 0.6135
2026-08-16 21:17:43,992 - mmdet - INFO - Epoch [33][1300/1732]	lr: 5.000e-03, eta: 21:56:16, time: 0.686, data_time: 0.004, memory: 17623, loss_rpn_cls: 0.0012, loss_rpn_bbox: 0.0018, s0.loss_cls: 0.0126, s0.acc: 99.5205, s0.loss_bbox: 0.0107, s1.loss_cls: 0.0028, s1.acc: 99.8056, s1.loss_bbox: 0.0152, s2.loss_cls: 0.0013, s2.acc: 99.8401, s2.loss_bbox: 0.0149, loss_bounder: 0.5561, loss_aux: 0.0000, loss: 0.6166
2026-08-16 21:18:53,255 - mmdet - INFO - Epoch [33][1400/1732]	lr: 5.000e-03, eta: 21:55:11, time: 0.693, data_time: 0.005, memory: 17623, loss_rpn_cls: 0.0013, loss_rpn_bbox: 0.0021, s0.loss_cls: 0.0117, s0.acc: 99.5850, s0.loss_bbox: 0.0106, s1.loss_cls: 0.0030, s1.acc: 99.7908, s1.loss_bbox: 0.0150, s2.loss_cls: 0.0018, s2.acc: 99.7718, s2.loss_bbox: 0.0145, loss_bounder: 0.5354, loss_aux: 0.0000, loss: 0.5953
2026-08-16 21:20:02,139 - mmdet - INFO - Epoch [33][1500/1732]	lr: 5.000e-03, eta: 21:54:06, time: 0.689, data_time: 0.005, memory: 17623, loss_rpn_cls: 0.0016, loss_rpn_bbox: 0.0021, s0.loss_cls: 0.0148, s0.acc: 99.4375, s0.loss_bbox: 0.0115, s1.loss_cls: 0.0033, s1.acc: 99.7506, s1.loss_bbox: 0.0159, s2.loss_cls: 0.0016, s2.acc: 99.7828, s2.loss_bbox: 0.0157, loss_bounder: 0.5525, loss_aux: 0.0000, loss: 0.6189
2026-08-16 21:21:11,226 - mmdet - INFO - Epoch [33][1600/1732]	lr: 5.000e-03, eta: 21:53:01, time: 0.691, data_time: 0.005, memory: 17623, loss_rpn_cls: 0.0013, loss_rpn_bbox: 0.0015, s0.loss_cls: 0.0119, s0.acc: 99.5518, s0.loss_bbox: 0.0083, s1.loss_cls: 0.0025, s1.acc: 99.8300, s1.loss_bbox: 0.0119, s2.loss_cls: 0.0010, s2.acc: 99.8839, s2.loss_bbox: 0.0123, loss_bounder: 0.5458, loss_aux: 0.0000, loss: 0.5965
2026-08-16 21:22:20,065 - mmdet - INFO - Epoch [33][1700/1732]	lr: 5.000e-03, eta: 21:51:55, time: 0.688, data_time: 0.005, memory: 17623, loss_rpn_cls: 0.0017, loss_rpn_bbox: 0.0015, s0.loss_cls: 0.0129, s0.acc: 99.5312, s0.loss_bbox: 0.0096, s1.loss_cls: 0.0025, s1.acc: 99.8091, s1.loss_bbox: 0.0135, s2.loss_cls: 0.0012, s2.acc: 99.8411, s2.loss_bbox: 0.0144, loss_bounder: 0.5536, loss_aux: 0.0000, loss: 0.6109
2026-08-16 21:22:42,143 - mmdet - INFO - Saving checkpoint at 33 epochs
2026-08-16 21:23:58,824 - mmdet - INFO - Evaluating bbox...
2026-08-16 21:23:59,758 - mmdet - INFO - 
+-----------+-------+-----------+-------+------------+-------+
| category  | AP    | category  | AP    | category   | AP    |
+-----------+-------+-----------+-------+------------+-------+
| HM        | 0.000 | LQS       | 0.219 | QHS        | 0.327 |
| MS        | 0.418 | A1_SU-35  | 0.781 | A2_C-130   | 0.717 |
| A3_C-17   | 0.765 | A4_C-5    | 0.832 | A5_F-16    | 0.680 |
| A6_TU-160 | 0.806 | A7_E-3    | 0.791 | A8_B-52    | 0.786 |
| A9_P-3C   | 0.755 | A10_B-1B  | 0.791 | A11_E-8    | 0.662 |
| A12_TU-22 | 0.774 | A13_F-15  | 0.696 | A14_KC-135 | 0.740 |
| A15_F-22  | 0.586 | A16_FA-18 | 0.741 | A17_TU-95  | 0.845 |
| A18_KC-10 | 0.640 | A19_SU-34 | 0.743 | A20_SU-24  | 0.730 |
| FSC       | 0.415 | None      | None  | None       | None  |
+-----------+-------+-----------+-------+------------+-------+
2026-08-16 21:23:59,766 - mmdet - INFO - EarlyStoppingHook: bbox_mAP=0.6500 提升幅度不足 0.0010（当前最佳 0.6760，等待 1/16）
2026-08-16 21:23:59,768 - mmdet - INFO - Exp name: aircraft_bafnet_1x.py
2026-08-16 21:23:59,768 - mmdet - INFO - Epoch(val) [33][548]	bbox_mAP: 0.6500, bbox_mAP_50: 0.8470, bbox_mAP_75: 0.7930, bbox_mAP_s: 0.0870, bbox_mAP_m: 0.6400, bbox_mAP_l: 0.7020, bbox_mAP_copypaste: 0.650 0.847 0.793 0.087 0.640 0.702
2026-08-16 21:25:11,158 - mmdet - INFO - Epoch [34][100/1732]	lr: 5.000e-03, eta: 21:49:49, time: 0.714, data_time: 0.028, memory: 17623, loss_rpn_cls: 0.0011, loss_rpn_bbox: 0.0017, s0.loss_cls: 0.0135, s0.acc: 99.5000, s0.loss_bbox: 0.0093, s1.loss_cls: 0.0034, s1.acc: 99.7576, s1.loss_bbox: 0.0128, s2.loss_cls: 0.0016, s2.acc: 99.8011, s2.loss_bbox: 0.0124, loss_bounder: 0.5583, loss_aux: 0.0000, loss: 0.6141
2026-08-16 21:26:19,743 - mmdet - INFO - Epoch [34][200/1732]	lr: 5.000e-03, eta: 21:48:43, time: 0.686, data_time: 0.005, memory: 17623, loss_rpn_cls: 0.0015, loss_rpn_bbox: 0.0017, s0.loss_cls: 0.0136, s0.acc: 99.5029, s0.loss_bbox: 0.0105, s1.loss_cls: 0.0036, s1.acc: 99.7690, s1.loss_bbox: 0.0142, s2.loss_cls: 0.0020, s2.acc: 99.7622, s2.loss_bbox: 0.0140, loss_bounder: 0.5283, loss_aux: 0.0000, loss: 0.5894
2026-08-16 21:27:28,992 - mmdet - INFO - Epoch [34][300/1732]	lr: 5.000e-03, eta: 21:47:38, time: 0.692, data_time: 0.005, memory: 17623, loss_rpn_cls: 0.0014, loss_rpn_bbox: 0.0018, s0.loss_cls: 0.0120, s0.acc: 99.5479, s0.loss_bbox: 0.0115, s1.loss_cls: 0.0025, s1.acc: 99.8247, s1.loss_bbox: 0.0152, s2.loss_cls: 0.0013, s2.acc: 99.8246, s2.loss_bbox: 0.0150, loss_bounder: 0.5626, loss_aux: 0.0000, loss: 0.6233
2026-08-16 21:28:38,155 - mmdet - INFO - Epoch [34][400/1732]	lr: 5.000e-03, eta: 21:46:33, time: 0.692, data_time: 0.005, memory: 17623, loss_rpn_cls: 0.0015, loss_rpn_bbox: 0.0017, s0.loss_cls: 0.0135, s0.acc: 99.5234, s0.loss_bbox: 0.0097, s1.loss_cls: 0.0039, s1.acc: 99.7334, s1.loss_bbox: 0.0127, s2.loss_cls: 0.0020, s2.acc: 99.7363, s2.loss_bbox: 0.0128, loss_bounder: 0.5586, loss_aux: 0.0000, loss: 0.6163
2026-08-16 21:29:46,822 - mmdet - INFO - Epoch [34][500/1732]	lr: 5.000e-03, eta: 21:45:27, time: 0.687, data_time: 0.005, memory: 17623, loss_rpn_cls: 0.0016, loss_rpn_bbox: 0.0022, s0.loss_cls: 0.0136, s0.acc: 99.4775, s0.loss_bbox: 0.0118, s1.loss_cls: 0.0034, s1.acc: 99.7579, s1.loss_bbox: 0.0167, s2.loss_cls: 0.0017, s2.acc: 99.7555, s2.loss_bbox: 0.0159, loss_bounder: 0.5652, loss_aux: 0.0000, loss: 0.6320
2026-08-16 21:30:55,384 - mmdet - INFO - Epoch [34][600/1732]	lr: 5.000e-03, eta: 21:44:20, time: 0.686, data_time: 0.005, memory: 17623, loss_rpn_cls: 0.0011, loss_rpn_bbox: 0.0018, s0.loss_cls: 0.0127, s0.acc: 99.5195, s0.loss_bbox: 0.0112, s1.loss_cls: 0.0031, s1.acc: 99.7695, s1.loss_bbox: 0.0152, s2.loss_cls: 0.0015, s2.acc: 99.7943, s2.loss_bbox: 0.0149, loss_bounder: 0.5597, loss_aux: 0.0000, loss: 0.6212
2026-08-16 21:32:04,738 - mmdet - INFO - Epoch [34][700/1732]	lr: 5.000e-03, eta: 21:43:16, time: 0.694, data_time: 0.005, memory: 17623, loss_rpn_cls: 0.0015, loss_rpn_bbox: 0.0026, s0.loss_cls: 0.0143, s0.acc: 99.4609, s0.loss_bbox: 0.0115, s1.loss_cls: 0.0031, s1.acc: 99.7876, s1.loss_bbox: 0.0155, s2.loss_cls: 0.0017, s2.acc: 99.7645, s2.loss_bbox: 0.0152, loss_bounder: 0.5594, loss_aux: 0.0000, loss: 0.6248
2026-08-16 21:33:13,375 - mmdet - INFO - Epoch [34][800/1732]	lr: 5.000e-03, eta: 21:42:10, time: 0.686, data_time: 0.005, memory: 17623, loss_rpn_cls: 0.0013, loss_rpn_bbox: 0.0021, s0.loss_cls: 0.0156, s0.acc: 99.4258, s0.loss_bbox: 0.0108, s1.loss_cls: 0.0044, s1.acc: 99.6827, s1.loss_bbox: 0.0142, s2.loss_cls: 0.0022, s2.acc: 99.7119, s2.loss_bbox: 0.0141, loss_bounder: 0.5476, loss_aux: 0.0000, loss: 0.6123
2026-08-16 21:34:22,465 - mmdet - INFO - Epoch [34][900/1732]	lr: 5.000e-03, eta: 21:41:04, time: 0.691, data_time: 0.005, memory: 17623, loss_rpn_cls: 0.0012, loss_rpn_bbox: 0.0015, s0.loss_cls: 0.0132, s0.acc: 99.4824, s0.loss_bbox: 0.0093, s1.loss_cls: 0.0033, s1.acc: 99.7530, s1.loss_bbox: 0.0129, s2.loss_cls: 0.0016, s2.acc: 99.7868, s2.loss_bbox: 0.0129, loss_bounder: 0.5531, loss_aux: 0.0000, loss: 0.6089
2026-08-16 21:35:31,676 - mmdet - INFO - Epoch [34][1000/1732]	lr: 5.000e-03, eta: 21:39:59, time: 0.692, data_time: 0.005, memory: 17623, loss_rpn_cls: 0.0015, loss_rpn_bbox: 0.0019, s0.loss_cls: 0.0145, s0.acc: 99.4492, s0.loss_bbox: 0.0115, s1.loss_cls: 0.0038, s1.acc: 99.7343, s1.loss_bbox: 0.0151, s2.loss_cls: 0.0020, s2.acc: 99.7398, s2.loss_bbox: 0.0145, loss_bounder: 0.5430, loss_aux: 0.0000, loss: 0.6077
2026-08-16 21:36:40,920 - mmdet - INFO - Epoch [34][1100/1732]	lr: 5.000e-03, eta: 21:38:54, time: 0.692, data_time: 0.005, memory: 17623, loss_rpn_cls: 0.0011, loss_rpn_bbox: 0.0017, s0.loss_cls: 0.0111, s0.acc: 99.5645, s0.loss_bbox: 0.0086, s1.loss_cls: 0.0024, s1.acc: 99.8280, s1.loss_bbox: 0.0122, s2.loss_cls: 0.0011, s2.acc: 99.8749, s2.loss_bbox: 0.0126, loss_bounder: 0.5388, loss_aux: 0.0000, loss: 0.5896
2026-08-16 21:37:49,404 - mmdet - INFO - Epoch [34][1200/1732]	lr: 5.000e-03, eta: 21:37:48, time: 0.685, data_time: 0.005, memory: 17623, loss_rpn_cls: 0.0018, loss_rpn_bbox: 0.0016, s0.loss_cls: 0.0123, s0.acc: 99.5361, s0.loss_bbox: 0.0091, s1.loss_cls: 0.0028, s1.acc: 99.7821, s1.loss_bbox: 0.0121, s2.loss_cls: 0.0014, s2.acc: 99.8189, s2.loss_bbox: 0.0120, loss_bounder: 0.5603, loss_aux: 0.0000, loss: 0.6134
2026-08-16 21:38:58,329 - mmdet - INFO - Epoch [34][1300/1732]	lr: 5.000e-03, eta: 21:36:42, time: 0.689, data_time: 0.005, memory: 17623, loss_rpn_cls: 0.0015, loss_rpn_bbox: 0.0017, s0.loss_cls: 0.0109, s0.acc: 99.5869, s0.loss_bbox: 0.0079, s1.loss_cls: 0.0026, s1.acc: 99.8157, s1.loss_bbox: 0.0105, s2.loss_cls: 0.0012, s2.acc: 99.8354, s2.loss_bbox: 0.0103, loss_bounder: 0.5483, loss_aux: 0.0000, loss: 0.5948
2026-08-16 21:40:07,223 - mmdet - INFO - Epoch [34][1400/1732]	lr: 5.000e-03, eta: 21:35:37, time: 0.689, data_time: 0.005, memory: 17623, loss_rpn_cls: 0.0016, loss_rpn_bbox: 0.0021, s0.loss_cls: 0.0128, s0.acc: 99.5029, s0.loss_bbox: 0.0124, s1.loss_cls: 0.0030, s1.acc: 99.7808, s1.loss_bbox: 0.0170, s2.loss_cls: 0.0016, s2.acc: 99.7830, s2.loss_bbox: 0.0157, loss_bounder: 0.5515, loss_aux: 0.0000, loss: 0.6176
2026-08-16 21:41:16,336 - mmdet - INFO - Epoch [34][1500/1732]	lr: 5.000e-03, eta: 21:34:31, time: 0.691, data_time: 0.005, memory: 17623, loss_rpn_cls: 0.0014, loss_rpn_bbox: 0.0017, s0.loss_cls: 0.0129, s0.acc: 99.4951, s0.loss_bbox: 0.0106, s1.loss_cls: 0.0026, s1.acc: 99.8116, s1.loss_bbox: 0.0141, s2.loss_cls: 0.0014, s2.acc: 99.7966, s2.loss_bbox: 0.0134, loss_bounder: 0.5453, loss_aux: 0.0000, loss: 0.6033
2026-08-16 21:42:25,249 - mmdet - INFO - Epoch [34][1600/1732]	lr: 5.000e-03, eta: 21:33:26, time: 0.689, data_time: 0.005, memory: 17623, loss_rpn_cls: 0.0015, loss_rpn_bbox: 0.0017, s0.loss_cls: 0.0129, s0.acc: 99.5205, s0.loss_bbox: 0.0102, s1.loss_cls: 0.0024, s1.acc: 99.8471, s1.loss_bbox: 0.0131, s2.loss_cls: 0.0010, s2.acc: 99.8816, s2.loss_bbox: 0.0133, loss_bounder: 0.5494, loss_aux: 0.0000, loss: 0.6054
2026-08-16 21:43:34,353 - mmdet - INFO - Epoch [34][1700/1732]	lr: 5.000e-03, eta: 21:32:20, time: 0.691, data_time: 0.005, memory: 17623, loss_rpn_cls: 0.0010, loss_rpn_bbox: 0.0019, s0.loss_cls: 0.0117, s0.acc: 99.5664, s0.loss_bbox: 0.0113, s1.loss_cls: 0.0026, s1.acc: 99.8173, s1.loss_bbox: 0.0147, s2.loss_cls: 0.0014, s2.acc: 99.8063, s2.loss_bbox: 0.0140, loss_bounder: 0.5409, loss_aux: 0.0000, loss: 0.5994
2026-08-16 21:43:56,646 - mmdet - INFO - Saving checkpoint at 34 epochs
2026-08-16 21:45:13,870 - mmdet - INFO - Evaluating bbox...
2026-08-16 21:45:14,790 - mmdet - INFO - 
+-----------+-------+-----------+-------+------------+-------+
| category  | AP    | category  | AP    | category   | AP    |
+-----------+-------+-----------+-------+------------+-------+
| HM        | 0.151 | LQS       | 0.158 | QHS        | 0.328 |
| MS        | 0.434 | A1_SU-35  | 0.775 | A2_C-130   | 0.719 |
| A3_C-17   | 0.774 | A4_C-5    | 0.822 | A5_F-16    | 0.680 |
| A6_TU-160 | 0.798 | A7_E-3    | 0.796 | A8_B-52    | 0.786 |
| A9_P-3C   | 0.754 | A10_B-1B  | 0.803 | A11_E-8    | 0.673 |
| A12_TU-22 | 0.766 | A13_F-15  | 0.704 | A14_KC-135 | 0.741 |
| A15_F-22  | 0.650 | A16_FA-18 | 0.748 | A17_TU-95  | 0.849 |
| A18_KC-10 | 0.684 | A19_SU-34 | 0.741 | A20_SU-24  | 0.730 |
| FSC       | 0.461 | None      | None  | None       | None  |
+-----------+-------+-----------+-------+------------+-------+
2026-08-16 21:45:14,800 - mmdet - INFO - EarlyStoppingHook: bbox_mAP=0.6610 提升幅度不足 0.0010（当前最佳 0.6760，等待 2/16）
2026-08-16 21:45:14,801 - mmdet - INFO - Exp name: aircraft_bafnet_1x.py
2026-08-16 21:45:14,802 - mmdet - INFO - Epoch(val) [34][548]	bbox_mAP: 0.6610, bbox_mAP_50: 0.8700, bbox_mAP_75: 0.8000, bbox_mAP_s: 0.1210, bbox_mAP_m: 0.6500, bbox_mAP_l: 0.7030, bbox_mAP_copypaste: 0.661 0.870 0.800 0.121 0.650 0.703
2026-08-16 21:46:26,149 - mmdet - INFO - Epoch [35][100/1732]	lr: 5.000e-03, eta: 21:30:16, time: 0.713, data_time: 0.028, memory: 17623, loss_rpn_cls: 0.0015, loss_rpn_bbox: 0.0018, s0.loss_cls: 0.0135, s0.acc: 99.5020, s0.loss_bbox: 0.0109, s1.loss_cls: 0.0030, s1.acc: 99.7806, s1.loss_bbox: 0.0154, s2.loss_cls: 0.0015, s2.acc: 99.8148, s2.loss_bbox: 0.0152, loss_bounder: 0.5448, loss_aux: 0.0000, loss: 0.6075
2026-08-16 21:47:34,675 - mmdet - INFO - Epoch [35][200/1732]	lr: 5.000e-03, eta: 21:29:09, time: 0.685, data_time: 0.004, memory: 17623, loss_rpn_cls: 0.0020, loss_rpn_bbox: 0.0019, s0.loss_cls: 0.0136, s0.acc: 99.4736, s0.loss_bbox: 0.0120, s1.loss_cls: 0.0029, s1.acc: 99.7966, s1.loss_bbox: 0.0157, s2.loss_cls: 0.0015, s2.acc: 99.7800, s2.loss_bbox: 0.0149, loss_bounder: 0.5239, loss_aux: 0.0000, loss: 0.5883
2026-08-16 21:48:43,674 - mmdet - INFO - Epoch [35][300/1732]	lr: 5.000e-03, eta: 21:28:04, time: 0.690, data_time: 0.005, memory: 17623, loss_rpn_cls: 0.0018, loss_rpn_bbox: 0.0021, s0.loss_cls: 0.0147, s0.acc: 99.4492, s0.loss_bbox: 0.0110, s1.loss_cls: 0.0030, s1.acc: 99.8047, s1.loss_bbox: 0.0144, s2.loss_cls: 0.0019, s2.acc: 99.7695, s2.loss_bbox: 0.0137, loss_bounder: 0.5395, loss_aux: 0.0000, loss: 0.6020
2026-08-16 21:49:52,480 - mmdet - INFO - Epoch [35][400/1732]	lr: 5.000e-03, eta: 21:26:58, time: 0.688, data_time: 0.005, memory: 17623, loss_rpn_cls: 0.0018, loss_rpn_bbox: 0.0020, s0.loss_cls: 0.0149, s0.acc: 99.4287, s0.loss_bbox: 0.0125, s1.loss_cls: 0.0032, s1.acc: 99.7732, s1.loss_bbox: 0.0157, s2.loss_cls: 0.0016, s2.acc: 99.7767, s2.loss_bbox: 0.0153, loss_bounder: 0.5539, loss_aux: 0.0000, loss: 0.6209
2026-08-16 21:51:01,149 - mmdet - INFO - Epoch [35][500/1732]	lr: 5.000e-03, eta: 21:25:52, time: 0.687, data_time: 0.005, memory: 17623, loss_rpn_cls: 0.0015, loss_rpn_bbox: 0.0022, s0.loss_cls: 0.0112, s0.acc: 99.5850, s0.loss_bbox: 0.0084, s1.loss_cls: 0.0023, s1.acc: 99.8420, s1.loss_bbox: 0.0117, s2.loss_cls: 0.0015, s2.acc: 99.8017, s2.loss_bbox: 0.0115, loss_bounder: 0.5607, loss_aux: 0.0000, loss: 0.6111
2026-08-16 21:52:10,654 - mmdet - INFO - Epoch [35][600/1732]	lr: 5.000e-03, eta: 21:24:48, time: 0.695, data_time: 0.005, memory: 17623, loss_rpn_cls: 0.0014, loss_rpn_bbox: 0.0020, s0.loss_cls: 0.0136, s0.acc: 99.5020, s0.loss_bbox: 0.0115, s1.loss_cls: 0.0037, s1.acc: 99.7570, s1.loss_bbox: 0.0152, s2.loss_cls: 0.0019, s2.acc: 99.7434, s2.loss_bbox: 0.0148, loss_bounder: 0.5599, loss_aux: 0.0000, loss: 0.6240
2026-08-16 21:53:19,924 - mmdet - INFO - Epoch [35][700/1732]	lr: 5.000e-03, eta: 21:23:43, time: 0.693, data_time: 0.005, memory: 17623, loss_rpn_cls: 0.0013, loss_rpn_bbox: 0.0014, s0.loss_cls: 0.0120, s0.acc: 99.5508, s0.loss_bbox: 0.0078, s1.loss_cls: 0.0024, s1.acc: 99.8083, s1.loss_bbox: 0.0112, s2.loss_cls: 0.0012, s2.acc: 99.8255, s2.loss_bbox: 0.0120, loss_bounder: 0.5530, loss_aux: 0.0000, loss: 0.6023
2026-08-16 21:54:28,847 - mmdet - INFO - Epoch [35][800/1732]	lr: 5.000e-03, eta: 21:22:37, time: 0.689, data_time: 0.005, memory: 17623, loss_rpn_cls: 0.0015, loss_rpn_bbox: 0.0020, s0.loss_cls: 0.0128, s0.acc: 99.5078, s0.loss_bbox: 0.0110, s1.loss_cls: 0.0033, s1.acc: 99.7624, s1.loss_bbox: 0.0143, s2.loss_cls: 0.0016, s2.acc: 99.7565, s2.loss_bbox: 0.0132, loss_bounder: 0.5481, loss_aux: 0.0000, loss: 0.6079
2026-08-16 21:55:38,359 - mmdet - INFO - Epoch [35][900/1732]	lr: 5.000e-03, eta: 21:21:32, time: 0.695, data_time: 0.005, memory: 17623, loss_rpn_cls: 0.0009, loss_rpn_bbox: 0.0013, s0.loss_cls: 0.0109, s0.acc: 99.5967, s0.loss_bbox: 0.0088, s1.loss_cls: 0.0022, s1.acc: 99.8309, s1.loss_bbox: 0.0118, s2.loss_cls: 0.0012, s2.acc: 99.8346, s2.loss_bbox: 0.0118, loss_bounder: 0.5528, loss_aux: 0.0000, loss: 0.6016
2026-08-16 21:56:47,398 - mmdet - INFO - Epoch [35][1000/1732]	lr: 5.000e-03, eta: 21:20:27, time: 0.690, data_time: 0.005, memory: 17623, loss_rpn_cls: 0.0010, loss_rpn_bbox: 0.0016, s0.loss_cls: 0.0118, s0.acc: 99.5439, s0.loss_bbox: 0.0101, s1.loss_cls: 0.0027, s1.acc: 99.7859, s1.loss_bbox: 0.0121, s2.loss_cls: 0.0013, s2.acc: 99.8483, s2.loss_bbox: 0.0119, loss_bounder: 0.5518, loss_aux: 0.0000, loss: 0.6042
2026-08-16 21:57:56,692 - mmdet - INFO - Epoch [35][1100/1732]	lr: 5.000e-03, eta: 21:19:22, time: 0.693, data_time: 0.005, memory: 17623, loss_rpn_cls: 0.0013, loss_rpn_bbox: 0.0016, s0.loss_cls: 0.0113, s0.acc: 99.5557, s0.loss_bbox: 0.0093, s1.loss_cls: 0.0022, s1.acc: 99.8438, s1.loss_bbox: 0.0123, s2.loss_cls: 0.0011, s2.acc: 99.8539, s2.loss_bbox: 0.0121, loss_bounder: 0.5619, loss_aux: 0.0000, loss: 0.6131
2026-08-16 21:59:05,659 - mmdet - INFO - Epoch [35][1200/1732]	lr: 5.000e-03, eta: 21:18:16, time: 0.690, data_time: 0.005, memory: 17623, loss_rpn_cls: 0.0011, loss_rpn_bbox: 0.0017, s0.loss_cls: 0.0111, s0.acc: 99.5938, s0.loss_bbox: 0.0089, s1.loss_cls: 0.0024, s1.acc: 99.8235, s1.loss_bbox: 0.0119, s2.loss_cls: 0.0012, s2.acc: 99.8328, s2.loss_bbox: 0.0115, loss_bounder: 0.5547, loss_aux: 0.0000, loss: 0.6046
2026-08-16 22:00:15,477 - mmdet - INFO - Epoch [35][1300/1732]	lr: 5.000e-03, eta: 21:17:12, time: 0.698, data_time: 0.005, memory: 17623, loss_rpn_cls: 0.0012, loss_rpn_bbox: 0.0017, s0.loss_cls: 0.0127, s0.acc: 99.5195, s0.loss_bbox: 0.0098, s1.loss_cls: 0.0025, s1.acc: 99.8111, s1.loss_bbox: 0.0129, s2.loss_cls: 0.0011, s2.acc: 99.8633, s2.loss_bbox: 0.0132, loss_bounder: 0.5712, loss_aux: 0.0000, loss: 0.6264
2026-08-16 22:01:24,624 - mmdet - INFO - Epoch [35][1400/1732]	lr: 5.000e-03, eta: 21:16:07, time: 0.691, data_time: 0.005, memory: 17623, loss_rpn_cls: 0.0011, loss_rpn_bbox: 0.0013, s0.loss_cls: 0.0112, s0.acc: 99.5801, s0.loss_bbox: 0.0075, s1.loss_cls: 0.0024, s1.acc: 99.8189, s1.loss_bbox: 0.0104, s2.loss_cls: 0.0010, s2.acc: 99.8585, s2.loss_bbox: 0.0109, loss_bounder: 0.5348, loss_aux: 0.0000, loss: 0.5807
2026-08-16 22:02:33,408 - mmdet - INFO - Epoch [35][1500/1732]	lr: 5.000e-03, eta: 21:15:01, time: 0.688, data_time: 0.005, memory: 17623, loss_rpn_cls: 0.0014, loss_rpn_bbox: 0.0015, s0.loss_cls: 0.0118, s0.acc: 99.5410, s0.loss_bbox: 0.0095, s1.loss_cls: 0.0028, s1.acc: 99.7964, s1.loss_bbox: 0.0119, s2.loss_cls: 0.0014, s2.acc: 99.8039, s2.loss_bbox: 0.0114, loss_bounder: 0.5413, loss_aux: 0.0000, loss: 0.5931
2026-08-16 22:03:42,683 - mmdet - INFO - Epoch [35][1600/1732]	lr: 5.000e-03, eta: 21:13:56, time: 0.693, data_time: 0.005, memory: 17623, loss_rpn_cls: 0.0021, loss_rpn_bbox: 0.0026, s0.loss_cls: 0.0138, s0.acc: 99.4590, s0.loss_bbox: 0.0113, s1.loss_cls: 0.0036, s1.acc: 99.7241, s1.loss_bbox: 0.0157, s2.loss_cls: 0.0020, s2.acc: 99.7210, s2.loss_bbox: 0.0144, loss_bounder: 0.5582, loss_aux: 0.0000, loss: 0.6237
2026-08-16 22:04:51,349 - mmdet - INFO - Epoch [35][1700/1732]	lr: 5.000e-03, eta: 21:12:50, time: 0.687, data_time: 0.005, memory: 17623, loss_rpn_cls: 0.0014, loss_rpn_bbox: 0.0018, s0.loss_cls: 0.0125, s0.acc: 99.5420, s0.loss_bbox: 0.0095, s1.loss_cls: 0.0028, s1.acc: 99.7869, s1.loss_bbox: 0.0129, s2.loss_cls: 0.0014, s2.acc: 99.7965, s2.loss_bbox: 0.0131, loss_bounder: 0.5578, loss_aux: 0.0000, loss: 0.6132
2026-08-16 22:05:13,325 - mmdet - INFO - Saving checkpoint at 35 epochs
2026-08-16 22:06:29,105 - mmdet - INFO - Evaluating bbox...
2026-08-16 22:06:30,026 - mmdet - INFO - 
+-----------+-------+-----------+-------+------------+-------+
| category  | AP    | category  | AP    | category   | AP    |
+-----------+-------+-----------+-------+------------+-------+
| HM        | 0.552 | LQS       | 0.154 | QHS        | 0.365 |
| MS        | 0.440 | A1_SU-35  | 0.792 | A2_C-130   | 0.710 |
| A3_C-17   | 0.775 | A4_C-5    | 0.828 | A5_F-16    | 0.678 |
| A6_TU-160 | 0.805 | A7_E-3    | 0.783 | A8_B-52    | 0.783 |
| A9_P-3C   | 0.766 | A10_B-1B  | 0.797 | A11_E-8    | 0.662 |
| A12_TU-22 | 0.780 | A13_F-15  | 0.721 | A14_KC-135 | 0.736 |
| A15_F-22  | 0.655 | A16_FA-18 | 0.744 | A17_TU-95  | 0.840 |
| A18_KC-10 | 0.621 | A19_SU-34 | 0.748 | A20_SU-24  | 0.736 |
| FSC       | 0.444 | None      | None  | None       | None  |
+-----------+-------+-----------+-------+------------+-------+
2026-08-16 22:06:30,813 - mmdet - INFO - BestSaverHook: bbox_mAP=0.6770 创新高，已保存 best 模型 -> /root/autodl-tmp/model_v4/work_dirs/arfc_only_v1/best_bbox_mAP.pth
2026-08-16 22:06:30,814 - mmdet - INFO - EarlyStoppingHook: bbox_mAP=0.6770 提升幅度不足 0.0010（当前最佳 0.6760，等待 3/16）
2026-08-16 22:06:30,814 - mmdet - INFO - Exp name: aircraft_bafnet_1x.py
2026-08-16 22:06:30,814 - mmdet - INFO - Epoch(val) [35][548]	bbox_mAP: 0.6770, bbox_mAP_50: 0.8890, bbox_mAP_75: 0.8220, bbox_mAP_s: 0.0870, bbox_mAP_m: 0.6480, bbox_mAP_l: 0.7290, bbox_mAP_copypaste: 0.677 0.889 0.822 0.087 0.648 0.729
2026-08-16 22:07:42,206 - mmdet - INFO - Epoch [36][100/1732]	lr: 5.000e-03, eta: 21:10:47, time: 0.714, data_time: 0.029, memory: 17623, loss_rpn_cls: 0.0012, loss_rpn_bbox: 0.0018, s0.loss_cls: 0.0129, s0.acc: 99.5098, s0.loss_bbox: 0.0112, s1.loss_cls: 0.0031, s1.acc: 99.7685, s1.loss_bbox: 0.0141, s2.loss_cls: 0.0016, s2.acc: 99.8061, s2.loss_bbox: 0.0136, loss_bounder: 0.5656, loss_aux: 0.0000, loss: 0.6250
2026-08-16 22:08:50,291 - mmdet - INFO - Epoch [36][200/1732]	lr: 5.000e-03, eta: 21:09:39, time: 0.681, data_time: 0.005, memory: 17623, loss_rpn_cls: 0.0010, loss_rpn_bbox: 0.0016, s0.loss_cls: 0.0122, s0.acc: 99.5527, s0.loss_bbox: 0.0105, s1.loss_cls: 0.0032, s1.acc: 99.7545, s1.loss_bbox: 0.0133, s2.loss_cls: 0.0013, s2.acc: 99.8105, s2.loss_bbox: 0.0130, loss_bounder: 0.5342, loss_aux: 0.0000, loss: 0.5903
2026-08-16 22:09:59,061 - mmdet - INFO - Epoch [36][300/1732]	lr: 5.000e-03, eta: 21:08:33, time: 0.688, data_time: 0.005, memory: 17623, loss_rpn_cls: 0.0010, loss_rpn_bbox: 0.0019, s0.loss_cls: 0.0118, s0.acc: 99.5557, s0.loss_bbox: 0.0090, s1.loss_cls: 0.0029, s1.acc: 99.7904, s1.loss_bbox: 0.0118, s2.loss_cls: 0.0015, s2.acc: 99.8104, s2.loss_bbox: 0.0116, loss_bounder: 0.5621, loss_aux: 0.0000, loss: 0.6135
2026-08-16 22:11:08,539 - mmdet - INFO - Epoch [36][400/1732]	lr: 5.000e-03, eta: 21:07:29, time: 0.695, data_time: 0.005, memory: 17623, loss_rpn_cls: 0.0012, loss_rpn_bbox: 0.0013, s0.loss_cls: 0.0114, s0.acc: 99.5645, s0.loss_bbox: 0.0082, s1.loss_cls: 0.0025, s1.acc: 99.8177, s1.loss_bbox: 0.0117, s2.loss_cls: 0.0012, s2.acc: 99.8560, s2.loss_bbox: 0.0117, loss_bounder: 0.5592, loss_aux: 0.0000, loss: 0.6085
2026-08-16 22:12:17,263 - mmdet - INFO - Epoch [36][500/1732]	lr: 5.000e-03, eta: 21:06:23, time: 0.687, data_time: 0.005, memory: 17623, loss_rpn_cls: 0.0015, loss_rpn_bbox: 0.0021, s0.loss_cls: 0.0127, s0.acc: 99.5234, s0.loss_bbox: 0.0098, s1.loss_cls: 0.0032, s1.acc: 99.7685, s1.loss_bbox: 0.0132, s2.loss_cls: 0.0015, s2.acc: 99.7975, s2.loss_bbox: 0.0127, loss_bounder: 0.5451, loss_aux: 0.0000, loss: 0.6017
2026-08-16 22:13:26,268 - mmdet - INFO - Epoch [36][600/1732]	lr: 5.000e-03, eta: 21:05:17, time: 0.690, data_time: 0.005, memory: 17623, loss_rpn_cls: 0.0013, loss_rpn_bbox: 0.0016, s0.loss_cls: 0.0111, s0.acc: 99.5732, s0.loss_bbox: 0.0093, s1.loss_cls: 0.0028, s1.acc: 99.7942, s1.loss_bbox: 0.0124, s2.loss_cls: 0.0013, s2.acc: 99.8141, s2.loss_bbox: 0.0121, loss_bounder: 0.5533, loss_aux: 0.0000, loss: 0.6051
2026-08-16 22:14:36,148 - mmdet - INFO - Epoch [36][700/1732]	lr: 5.000e-03, eta: 21:04:13, time: 0.699, data_time: 0.005, memory: 17623, loss_rpn_cls: 0.0015, loss_rpn_bbox: 0.0013, s0.loss_cls: 0.0099, s0.acc: 99.6416, s0.loss_bbox: 0.0086, s1.loss_cls: 0.0025, s1.acc: 99.8161, s1.loss_bbox: 0.0112, s2.loss_cls: 0.0013, s2.acc: 99.8294, s2.loss_bbox: 0.0106, loss_bounder: 0.5505, loss_aux: 0.0000, loss: 0.5976
2026-08-16 22:15:44,385 - mmdet - INFO - Epoch [36][800/1732]	lr: 5.000e-03, eta: 21:03:06, time: 0.682, data_time: 0.005, memory: 17623, loss_rpn_cls: 0.0016, loss_rpn_bbox: 0.0017, s0.loss_cls: 0.0105, s0.acc: 99.6191, s0.loss_bbox: 0.0079, s1.loss_cls: 0.0025, s1.acc: 99.8056, s1.loss_bbox: 0.0106, s2.loss_cls: 0.0011, s2.acc: 99.8557, s2.loss_bbox: 0.0106, loss_bounder: 0.5479, loss_aux: 0.0000, loss: 0.5945
2026-08-16 22:16:52,814 - mmdet - INFO - Epoch [36][900/1732]	lr: 5.000e-03, eta: 21:01:59, time: 0.684, data_time: 0.005, memory: 17623, loss_rpn_cls: 0.0012, loss_rpn_bbox: 0.0014, s0.loss_cls: 0.0113, s0.acc: 99.5752, s0.loss_bbox: 0.0093, s1.loss_cls: 0.0026, s1.acc: 99.8007, s1.loss_bbox: 0.0125, s2.loss_cls: 0.0013, s2.acc: 99.8183, s2.loss_bbox: 0.0126, loss_bounder: 0.5467, loss_aux: 0.0000, loss: 0.5989
2026-08-16 22:18:01,397 - mmdet - INFO - Epoch [36][1000/1732]	lr: 5.000e-03, eta: 21:00:53, time: 0.686, data_time: 0.005, memory: 17623, loss_rpn_cls: 0.0012, loss_rpn_bbox: 0.0013, s0.loss_cls: 0.0117, s0.acc: 99.5498, s0.loss_bbox: 0.0078, s1.loss_cls: 0.0023, s1.acc: 99.8371, s1.loss_bbox: 0.0110, s2.loss_cls: 0.0011, s2.acc: 99.8500, s2.loss_bbox: 0.0113, loss_bounder: 0.5633, loss_aux: 0.0000, loss: 0.6110
2026-08-16 22:19:09,930 - mmdet - INFO - Epoch [36][1100/1732]	lr: 5.000e-03, eta: 20:59:46, time: 0.685, data_time: 0.004, memory: 17623, loss_rpn_cls: 0.0009, loss_rpn_bbox: 0.0012, s0.loss_cls: 0.0120, s0.acc: 99.5381, s0.loss_bbox: 0.0089, s1.loss_cls: 0.0024, s1.acc: 99.8350, s1.loss_bbox: 0.0122, s2.loss_cls: 0.0012, s2.acc: 99.8317, s2.loss_bbox: 0.0122, loss_bounder: 0.5453, loss_aux: 0.0000, loss: 0.5963
2026-08-16 22:20:19,548 - mmdet - INFO - Epoch [36][1200/1732]	lr: 5.000e-03, eta: 20:58:42, time: 0.696, data_time: 0.005, memory: 17623, loss_rpn_cls: 0.0012, loss_rpn_bbox: 0.0018, s0.loss_cls: 0.0127, s0.acc: 99.5078, s0.loss_bbox: 0.0098, s1.loss_cls: 0.0028, s1.acc: 99.7836, s1.loss_bbox: 0.0129, s2.loss_cls: 0.0016, s2.acc: 99.7753, s2.loss_bbox: 0.0121, loss_bounder: 0.5388, loss_aux: 0.0000, loss: 0.5938
2026-08-16 22:21:28,035 - mmdet - INFO - Epoch [36][1300/1732]	lr: 5.000e-03, eta: 20:57:35, time: 0.685, data_time: 0.005, memory: 17623, loss_rpn_cls: 0.0015, loss_rpn_bbox: 0.0015, s0.loss_cls: 0.0117, s0.acc: 99.5527, s0.loss_bbox: 0.0093, s1.loss_cls: 0.0028, s1.acc: 99.7914, s1.loss_bbox: 0.0122, s2.loss_cls: 0.0015, s2.acc: 99.8033, s2.loss_bbox: 0.0123, loss_bounder: 0.5611, loss_aux: 0.0000, loss: 0.6138
2026-08-16 22:22:36,836 - mmdet - INFO - Epoch [36][1400/1732]	lr: 5.000e-03, eta: 20:56:29, time: 0.688, data_time: 0.005, memory: 17623, loss_rpn_cls: 0.0013, loss_rpn_bbox: 0.0015, s0.loss_cls: 0.0113, s0.acc: 99.5762, s0.loss_bbox: 0.0088, s1.loss_cls: 0.0024, s1.acc: 99.8174, s1.loss_bbox: 0.0119, s2.loss_cls: 0.0012, s2.acc: 99.8543, s2.loss_bbox: 0.0117, loss_bounder: 0.5532, loss_aux: 0.0000, loss: 0.6032
2026-08-16 22:23:46,160 - mmdet - INFO - Epoch [36][1500/1732]	lr: 5.000e-03, eta: 20:55:24, time: 0.693, data_time: 0.005, memory: 17623, loss_rpn_cls: 0.0018, loss_rpn_bbox: 0.0018, s0.loss_cls: 0.0122, s0.acc: 99.5410, s0.loss_bbox: 0.0105, s1.loss_cls: 0.0028, s1.acc: 99.8047, s1.loss_bbox: 0.0140, s2.loss_cls: 0.0016, s2.acc: 99.8059, s2.loss_bbox: 0.0134, loss_bounder: 0.5516, loss_aux: 0.0000, loss: 0.6097
2026-08-16 22:24:54,861 - mmdet - INFO - Epoch [36][1600/1732]	lr: 5.000e-03, eta: 20:54:18, time: 0.687, data_time: 0.005, memory: 17623, loss_rpn_cls: 0.0013, loss_rpn_bbox: 0.0017, s0.loss_cls: 0.0118, s0.acc: 99.5781, s0.loss_bbox: 0.0090, s1.loss_cls: 0.0025, s1.acc: 99.8129, s1.loss_bbox: 0.0123, s2.loss_cls: 0.0013, s2.acc: 99.8219, s2.loss_bbox: 0.0122, loss_bounder: 0.5382, loss_aux: 0.0000, loss: 0.5904
2026-08-16 22:26:04,111 - mmdet - INFO - Epoch [36][1700/1732]	lr: 5.000e-03, eta: 20:53:13, time: 0.692, data_time: 0.005, memory: 17623, loss_rpn_cls: 0.0018, loss_rpn_bbox: 0.0025, s0.loss_cls: 0.0130, s0.acc: 99.5059, s0.loss_bbox: 0.0122, s1.loss_cls: 0.0030, s1.acc: 99.7878, s1.loss_bbox: 0.0150, s2.loss_cls: 0.0016, s2.acc: 99.7826, s2.loss_bbox: 0.0135, loss_bounder: 0.5484, loss_aux: 0.0000, loss: 0.6109
2026-08-16 22:26:26,403 - mmdet - INFO - Saving checkpoint at 36 epochs
2026-08-16 22:27:44,089 - mmdet - INFO - Evaluating bbox...
2026-08-16 22:27:45,007 - mmdet - INFO - 
+-----------+-------+-----------+-------+------------+-------+
| category  | AP    | category  | AP    | category   | AP    |
+-----------+-------+-----------+-------+------------+-------+
| HM        | 0.353 | LQS       | 0.139 | QHS        | 0.291 |
| MS        | 0.427 | A1_SU-35  | 0.799 | A2_C-130   | 0.719 |
| A3_C-17   | 0.767 | A4_C-5    | 0.832 | A5_F-16    | 0.686 |
| A6_TU-160 | 0.804 | A7_E-3    | 0.776 | A8_B-52    | 0.798 |
| A9_P-3C   | 0.750 | A10_B-1B  | 0.800 | A11_E-8    | 0.644 |
| A12_TU-22 | 0.781 | A13_F-15  | 0.695 | A14_KC-135 | 0.757 |
| A15_F-22  | 0.645 | A16_FA-18 | 0.732 | A17_TU-95  | 0.854 |
| A18_KC-10 | 0.587 | A19_SU-34 | 0.720 | A20_SU-24  | 0.731 |
| FSC       | 0.461 | None      | None  | None       | None  |
+-----------+-------+-----------+-------+------------+-------+
2026-08-16 22:27:45,016 - mmdet - INFO - EarlyStoppingHook: bbox_mAP=0.6620 提升幅度不足 0.0010（当前最佳 0.6760，等待 4/16）
2026-08-16 22:27:45,017 - mmdet - INFO - Exp name: aircraft_bafnet_1x.py
2026-08-16 22:27:45,017 - mmdet - INFO - Epoch(val) [36][548]	bbox_mAP: 0.6620, bbox_mAP_50: 0.8600, bbox_mAP_75: 0.8140, bbox_mAP_s: 0.0700, bbox_mAP_m: 0.6380, bbox_mAP_l: 0.7130, bbox_mAP_copypaste: 0.662 0.860 0.814 0.070 0.638 0.713
2026-08-16 22:28:56,170 - mmdet - INFO - Epoch [37][100/1732]	lr: 5.000e-03, eta: 20:51:11, time: 0.711, data_time: 0.028, memory: 17623, loss_rpn_cls: 0.0010, loss_rpn_bbox: 0.0013, s0.loss_cls: 0.0108, s0.acc: 99.5898, s0.loss_bbox: 0.0080, s1.loss_cls: 0.0026, s1.acc: 99.7931, s1.loss_bbox: 0.0107, s2.loss_cls: 0.0013, s2.acc: 99.8302, s2.loss_bbox: 0.0108, loss_bounder: 0.5543, loss_aux: 0.0000, loss: 0.6009
2026-08-16 22:30:05,776 - mmdet - INFO - Epoch [37][200/1732]	lr: 5.000e-03, eta: 20:50:06, time: 0.696, data_time: 0.005, memory: 17623, loss_rpn_cls: 0.0011, loss_rpn_bbox: 0.0014, s0.loss_cls: 0.0116, s0.acc: 99.5889, s0.loss_bbox: 0.0087, s1.loss_cls: 0.0026, s1.acc: 99.8026, s1.loss_bbox: 0.0119, s2.loss_cls: 0.0012, s2.acc: 99.8437, s2.loss_bbox: 0.0122, loss_bounder: 0.5508, loss_aux: 0.0000, loss: 0.6016
2026-08-16 22:31:14,999 - mmdet - INFO - Epoch [37][300/1732]	lr: 5.000e-03, eta: 20:49:01, time: 0.692, data_time: 0.005, memory: 17623, loss_rpn_cls: 0.0012, loss_rpn_bbox: 0.0020, s0.loss_cls: 0.0126, s0.acc: 99.5254, s0.loss_bbox: 0.0120, s1.loss_cls: 0.0034, s1.acc: 99.7450, s1.loss_bbox: 0.0154, s2.loss_cls: 0.0018, s2.acc: 99.7422, s2.loss_bbox: 0.0146, loss_bounder: 0.5485, loss_aux: 0.0000, loss: 0.6115
2026-08-16 22:32:24,447 - mmdet - INFO - Epoch [37][400/1732]	lr: 5.000e-03, eta: 20:47:56, time: 0.694, data_time: 0.005, memory: 17623, loss_rpn_cls: 0.0017, loss_rpn_bbox: 0.0018, s0.loss_cls: 0.0136, s0.acc: 99.4834, s0.loss_bbox: 0.0109, s1.loss_cls: 0.0030, s1.acc: 99.7816, s1.loss_bbox: 0.0142, s2.loss_cls: 0.0017, s2.acc: 99.7847, s2.loss_bbox: 0.0137, loss_bounder: 0.5455, loss_aux: 0.0000, loss: 0.6061
2026-08-16 22:33:33,710 - mmdet - INFO - Epoch [37][500/1732]	lr: 5.000e-03, eta: 20:46:51, time: 0.693, data_time: 0.005, memory: 17623, loss_rpn_cls: 0.0017, loss_rpn_bbox: 0.0018, s0.loss_cls: 0.0118, s0.acc: 99.5635, s0.loss_bbox: 0.0102, s1.loss_cls: 0.0030, s1.acc: 99.7796, s1.loss_bbox: 0.0137, s2.loss_cls: 0.0015, s2.acc: 99.7895, s2.loss_bbox: 0.0129, loss_bounder: 0.5530, loss_aux: 0.0000, loss: 0.6096
2026-08-16 22:34:43,447 - mmdet - INFO - Epoch [37][600/1732]	lr: 5.000e-03, eta: 20:45:46, time: 0.697, data_time: 0.004, memory: 17623, loss_rpn_cls: 0.0013, loss_rpn_bbox: 0.0019, s0.loss_cls: 0.0135, s0.acc: 99.4590, s0.loss_bbox: 0.0104, s1.loss_cls: 0.0026, s1.acc: 99.8023, s1.loss_bbox: 0.0132, s2.loss_cls: 0.0014, s2.acc: 99.8348, s2.loss_bbox: 0.0126, loss_bounder: 0.5585, loss_aux: 0.0000, loss: 0.6154
2026-08-16 22:35:52,844 - mmdet - INFO - Epoch [37][700/1732]	lr: 5.000e-03, eta: 20:44:41, time: 0.694, data_time: 0.005, memory: 17623, loss_rpn_cls: 0.0012, loss_rpn_bbox: 0.0025, s0.loss_cls: 0.0151, s0.acc: 99.4326, s0.loss_bbox: 0.0126, s1.loss_cls: 0.0034, s1.acc: 99.7426, s1.loss_bbox: 0.0165, s2.loss_cls: 0.0016, s2.acc: 99.7893, s2.loss_bbox: 0.0157, loss_bounder: 0.5516, loss_aux: 0.0000, loss: 0.6202
2026-08-16 22:37:02,675 - mmdet - INFO - Epoch [37][800/1732]	lr: 5.000e-03, eta: 20:43:37, time: 0.698, data_time: 0.005, memory: 17623, loss_rpn_cls: 0.0013, loss_rpn_bbox: 0.0016, s0.loss_cls: 0.0116, s0.acc: 99.5439, s0.loss_bbox: 0.0089, s1.loss_cls: 0.0024, s1.acc: 99.8361, s1.loss_bbox: 0.0121, s2.loss_cls: 0.0013, s2.acc: 99.8464, s2.loss_bbox: 0.0120, loss_bounder: 0.5217, loss_aux: 0.0000, loss: 0.5729
2026-08-16 22:38:12,245 - mmdet - INFO - Epoch [37][900/1732]	lr: 5.000e-03, eta: 20:42:32, time: 0.696, data_time: 0.004, memory: 17623, loss_rpn_cls: 0.0014, loss_rpn_bbox: 0.0015, s0.loss_cls: 0.0112, s0.acc: 99.5732, s0.loss_bbox: 0.0074, s1.loss_cls: 0.0027, s1.acc: 99.7962, s1.loss_bbox: 0.0103, s2.loss_cls: 0.0010, s2.acc: 99.8734, s2.loss_bbox: 0.0104, loss_bounder: 0.5708, loss_aux: 0.0000, loss: 0.6167
2026-08-16 22:39:21,479 - mmdet - INFO - Epoch [37][1000/1732]	lr: 5.000e-03, eta: 20:41:27, time: 0.692, data_time: 0.005, memory: 17623, loss_rpn_cls: 0.0009, loss_rpn_bbox: 0.0016, s0.loss_cls: 0.0108, s0.acc: 99.6143, s0.loss_bbox: 0.0087, s1.loss_cls: 0.0023, s1.acc: 99.8285, s1.loss_bbox: 0.0112, s2.loss_cls: 0.0012, s2.acc: 99.8273, s2.loss_bbox: 0.0111, loss_bounder: 0.5512, loss_aux: 0.0000, loss: 0.5990
2026-08-16 22:40:31,280 - mmdet - INFO - Epoch [37][1100/1732]	lr: 5.000e-03, eta: 20:40:23, time: 0.698, data_time: 0.004, memory: 17623, loss_rpn_cls: 0.0018, loss_rpn_bbox: 0.0018, s0.loss_cls: 0.0108, s0.acc: 99.6260, s0.loss_bbox: 0.0083, s1.loss_cls: 0.0025, s1.acc: 99.8279, s1.loss_bbox: 0.0119, s2.loss_cls: 0.0012, s2.acc: 99.8709, s2.loss_bbox: 0.0121, loss_bounder: 0.5653, loss_aux: 0.0000, loss: 0.6157
2026-08-16 22:41:40,567 - mmdet - INFO - Epoch [37][1200/1732]	lr: 5.000e-03, eta: 20:39:17, time: 0.693, data_time: 0.004, memory: 17623, loss_rpn_cls: 0.0011, loss_rpn_bbox: 0.0018, s0.loss_cls: 0.0119, s0.acc: 99.5635, s0.loss_bbox: 0.0094, s1.loss_cls: 0.0026, s1.acc: 99.8006, s1.loss_bbox: 0.0126, s2.loss_cls: 0.0014, s2.acc: 99.8005, s2.loss_bbox: 0.0124, loss_bounder: 0.5396, loss_aux: 0.0000, loss: 0.5928
2026-08-16 22:42:50,117 - mmdet - INFO - Epoch [37][1300/1732]	lr: 5.000e-03, eta: 20:38:12, time: 0.696, data_time: 0.004, memory: 17623, loss_rpn_cls: 0.0016, loss_rpn_bbox: 0.0017, s0.loss_cls: 0.0117, s0.acc: 99.5635, s0.loss_bbox: 0.0085, s1.loss_cls: 0.0027, s1.acc: 99.8169, s1.loss_bbox: 0.0118, s2.loss_cls: 0.0016, s2.acc: 99.8048, s2.loss_bbox: 0.0117, loss_bounder: 0.5410, loss_aux: 0.0000, loss: 0.5922
2026-08-16 22:43:59,198 - mmdet - INFO - Epoch [37][1400/1732]	lr: 5.000e-03, eta: 20:37:07, time: 0.691, data_time: 0.005, memory: 17623, loss_rpn_cls: 0.0011, loss_rpn_bbox: 0.0015, s0.loss_cls: 0.0123, s0.acc: 99.5508, s0.loss_bbox: 0.0092, s1.loss_cls: 0.0028, s1.acc: 99.7739, s1.loss_bbox: 0.0120, s2.loss_cls: 0.0014, s2.acc: 99.8233, s2.loss_bbox: 0.0120, loss_bounder: 0.5610, loss_aux: 0.0000, loss: 0.6133
2026-08-16 22:45:08,324 - mmdet - INFO - Epoch [37][1500/1732]	lr: 5.000e-03, eta: 20:36:01, time: 0.691, data_time: 0.004, memory: 17623, loss_rpn_cls: 0.0011, loss_rpn_bbox: 0.0022, s0.loss_cls: 0.0153, s0.acc: 99.4404, s0.loss_bbox: 0.0119, s1.loss_cls: 0.0041, s1.acc: 99.7006, s1.loss_bbox: 0.0153, s2.loss_cls: 0.0024, s2.acc: 99.6908, s2.loss_bbox: 0.0141, loss_bounder: 0.5564, loss_aux: 0.0000, loss: 0.6228
2026-08-16 22:46:17,947 - mmdet - INFO - Epoch [37][1600/1732]	lr: 5.000e-03, eta: 20:34:56, time: 0.696, data_time: 0.004, memory: 17623, loss_rpn_cls: 0.0012, loss_rpn_bbox: 0.0013, s0.loss_cls: 0.0104, s0.acc: 99.6357, s0.loss_bbox: 0.0067, s1.loss_cls: 0.0024, s1.acc: 99.8080, s1.loss_bbox: 0.0096, s2.loss_cls: 0.0010, s2.acc: 99.8650, s2.loss_bbox: 0.0101, loss_bounder: 0.5397, loss_aux: 0.0000, loss: 0.5824
2026-08-16 22:47:26,757 - mmdet - INFO - Epoch [37][1700/1732]	lr: 5.000e-03, eta: 20:33:50, time: 0.688, data_time: 0.004, memory: 17623, loss_rpn_cls: 0.0012, loss_rpn_bbox: 0.0011, s0.loss_cls: 0.0097, s0.acc: 99.6357, s0.loss_bbox: 0.0076, s1.loss_cls: 0.0022, s1.acc: 99.8310, s1.loss_bbox: 0.0097, s2.loss_cls: 0.0010, s2.acc: 99.8738, s2.loss_bbox: 0.0096, loss_bounder: 0.5544, loss_aux: 0.0000, loss: 0.5964
2026-08-16 22:47:48,970 - mmdet - INFO - Saving checkpoint at 37 epochs
2026-08-16 22:49:06,136 - mmdet - INFO - Evaluating bbox...
2026-08-16 22:49:07,022 - mmdet - INFO - 
+-----------+-------+-----------+-------+------------+-------+
| category  | AP    | category  | AP    | category   | AP    |
+-----------+-------+-----------+-------+------------+-------+
| HM        | 0.551 | LQS       | 0.187 | QHS        | 0.327 |
| MS        | 0.430 | A1_SU-35  | 0.781 | A2_C-130   | 0.705 |
| A3_C-17   | 0.771 | A4_C-5    | 0.856 | A5_F-16    | 0.683 |
| A6_TU-160 | 0.802 | A7_E-3    | 0.779 | A8_B-52    | 0.795 |
| A9_P-3C   | 0.744 | A10_B-1B  | 0.798 | A11_E-8    | 0.658 |
| A12_TU-22 | 0.786 | A13_F-15  | 0.725 | A14_KC-135 | 0.742 |
| A15_F-22  | 0.631 | A16_FA-18 | 0.750 | A17_TU-95  | 0.834 |
| A18_KC-10 | 0.613 | A19_SU-34 | 0.729 | A20_SU-24  | 0.711 |
| FSC       | 0.468 | None      | None  | None       | None  |
+-----------+-------+-----------+-------+------------+-------+
2026-08-16 22:49:07,032 - mmdet - INFO - EarlyStoppingHook: bbox_mAP=0.6740 提升幅度不足 0.0010（当前最佳 0.6760，等待 5/16）
2026-08-16 22:49:07,034 - mmdet - INFO - Exp name: aircraft_bafnet_1x.py
2026-08-16 22:49:07,034 - mmdet - INFO - Epoch(val) [37][548]	bbox_mAP: 0.6740, bbox_mAP_50: 0.8870, bbox_mAP_75: 0.8220, bbox_mAP_s: 0.0680, bbox_mAP_m: 0.6430, bbox_mAP_l: 0.7190, bbox_mAP_copypaste: 0.674 0.887 0.822 0.068 0.643 0.719
2026-08-16 22:50:17,970 - mmdet - INFO - Epoch [38][100/1732]	lr: 5.000e-03, eta: 20:31:49, time: 0.709, data_time: 0.028, memory: 17623, loss_rpn_cls: 0.0015, loss_rpn_bbox: 0.0013, s0.loss_cls: 0.0115, s0.acc: 99.5723, s0.loss_bbox: 0.0082, s1.loss_cls: 0.0029, s1.acc: 99.7866, s1.loss_bbox: 0.0105, s2.loss_cls: 0.0014, s2.acc: 99.8170, s2.loss_bbox: 0.0103, loss_bounder: 0.5567, loss_aux: 0.0000, loss: 0.6044
2026-08-16 22:51:26,838 - mmdet - INFO - Epoch [38][200/1732]	lr: 5.000e-03, eta: 20:30:43, time: 0.689, data_time: 0.005, memory: 17623, loss_rpn_cls: 0.0012, loss_rpn_bbox: 0.0016, s0.loss_cls: 0.0123, s0.acc: 99.5371, s0.loss_bbox: 0.0089, s1.loss_cls: 0.0034, s1.acc: 99.7642, s1.loss_bbox: 0.0120, s2.loss_cls: 0.0014, s2.acc: 99.8292, s2.loss_bbox: 0.0121, loss_bounder: 0.5375, loss_aux: 0.0000, loss: 0.5904
2026-08-16 22:52:36,143 - mmdet - INFO - Epoch [38][300/1732]	lr: 5.000e-03, eta: 20:29:38, time: 0.693, data_time: 0.005, memory: 17623, loss_rpn_cls: 0.0014, loss_rpn_bbox: 0.0019, s0.loss_cls: 0.0125, s0.acc: 99.5469, s0.loss_bbox: 0.0093, s1.loss_cls: 0.0025, s1.acc: 99.8327, s1.loss_bbox: 0.0121, s2.loss_cls: 0.0012, s2.acc: 99.8535, s2.loss_bbox: 0.0117, loss_bounder: 0.5487, loss_aux: 0.0000, loss: 0.6015
2026-08-16 22:53:45,858 - mmdet - INFO - Epoch [38][400/1732]	lr: 5.000e-03, eta: 20:28:33, time: 0.697, data_time: 0.005, memory: 17623, loss_rpn_cls: 0.0010, loss_rpn_bbox: 0.0015, s0.loss_cls: 0.0114, s0.acc: 99.5664, s0.loss_bbox: 0.0089, s1.loss_cls: 0.0023, s1.acc: 99.8463, s1.loss_bbox: 0.0118, s2.loss_cls: 0.0012, s2.acc: 99.8657, s2.loss_bbox: 0.0118, loss_bounder: 0.5299, loss_aux: 0.0000, loss: 0.5798
2026-08-16 22:54:55,178 - mmdet - INFO - Epoch [38][500/1732]	lr: 5.000e-03, eta: 20:27:28, time: 0.693, data_time: 0.005, memory: 17623, loss_rpn_cls: 0.0015, loss_rpn_bbox: 0.0015, s0.loss_cls: 0.0108, s0.acc: 99.5996, s0.loss_bbox: 0.0091, s1.loss_cls: 0.0025, s1.acc: 99.8193, s1.loss_bbox: 0.0119, s2.loss_cls: 0.0011, s2.acc: 99.8381, s2.loss_bbox: 0.0113, loss_bounder: 0.5485, loss_aux: 0.0000, loss: 0.5983
2026-08-16 22:56:04,008 - mmdet - INFO - Epoch [38][600/1732]	lr: 5.000e-03, eta: 20:26:22, time: 0.688, data_time: 0.005, memory: 17623, loss_rpn_cls: 0.0016, loss_rpn_bbox: 0.0015, s0.loss_cls: 0.0121, s0.acc: 99.5469, s0.loss_bbox: 0.0100, s1.loss_cls: 0.0027, s1.acc: 99.7977, s1.loss_bbox: 0.0138, s2.loss_cls: 0.0012, s2.acc: 99.8226, s2.loss_bbox: 0.0136, loss_bounder: 0.5567, loss_aux: 0.0000, loss: 0.6133
2026-08-16 22:57:13,620 - mmdet - INFO - Epoch [38][700/1732]	lr: 5.000e-03, eta: 20:25:17, time: 0.696, data_time: 0.005, memory: 17623, loss_rpn_cls: 0.0019, loss_rpn_bbox: 0.0020, s0.loss_cls: 0.0145, s0.acc: 99.4512, s0.loss_bbox: 0.0117, s1.loss_cls: 0.0035, s1.acc: 99.7358, s1.loss_bbox: 0.0147, s2.loss_cls: 0.0018, s2.acc: 99.7544, s2.loss_bbox: 0.0138, loss_bounder: 0.5660, loss_aux: 0.0000, loss: 0.6299
2026-08-16 22:58:22,919 - mmdet - INFO - Epoch [38][800/1732]	lr: 5.000e-03, eta: 20:24:12, time: 0.693, data_time: 0.005, memory: 17623, loss_rpn_cls: 0.0011, loss_rpn_bbox: 0.0014, s0.loss_cls: 0.0114, s0.acc: 99.5781, s0.loss_bbox: 0.0086, s1.loss_cls: 0.0026, s1.acc: 99.8088, s1.loss_bbox: 0.0123, s2.loss_cls: 0.0011, s2.acc: 99.8503, s2.loss_bbox: 0.0125, loss_bounder: 0.5451, loss_aux: 0.0000, loss: 0.5961
2026-08-16 22:59:32,426 - mmdet - INFO - Epoch [38][900/1732]	lr: 5.000e-03, eta: 20:23:07, time: 0.695, data_time: 0.004, memory: 17623, loss_rpn_cls: 0.0011, loss_rpn_bbox: 0.0012, s0.loss_cls: 0.0103, s0.acc: 99.6201, s0.loss_bbox: 0.0074, s1.loss_cls: 0.0024, s1.acc: 99.8176, s1.loss_bbox: 0.0102, s2.loss_cls: 0.0010, s2.acc: 99.8883, s2.loss_bbox: 0.0103, loss_bounder: 0.5611, loss_aux: 0.0000, loss: 0.6050
2026-08-16 23:00:41,320 - mmdet - INFO - Epoch [38][1000/1732]	lr: 5.000e-03, eta: 20:22:01, time: 0.689, data_time: 0.005, memory: 17623, loss_rpn_cls: 0.0014, loss_rpn_bbox: 0.0015, s0.loss_cls: 0.0098, s0.acc: 99.6230, s0.loss_bbox: 0.0082, s1.loss_cls: 0.0025, s1.acc: 99.8260, s1.loss_bbox: 0.0115, s2.loss_cls: 0.0015, s2.acc: 99.7859, s2.loss_bbox: 0.0108, loss_bounder: 0.5513, loss_aux: 0.0000, loss: 0.5985
2026-08-16 23:01:50,496 - mmdet - INFO - Epoch [38][1100/1732]	lr: 5.000e-03, eta: 20:20:55, time: 0.692, data_time: 0.004, memory: 17623, loss_rpn_cls: 0.0013, loss_rpn_bbox: 0.0020, s0.loss_cls: 0.0123, s0.acc: 99.5264, s0.loss_bbox: 0.0093, s1.loss_cls: 0.0031, s1.acc: 99.7629, s1.loss_bbox: 0.0125, s2.loss_cls: 0.0015, s2.acc: 99.7955, s2.loss_bbox: 0.0123, loss_bounder: 0.5590, loss_aux: 0.0000, loss: 0.6132
2026-08-16 23:02:59,519 - mmdet - INFO - Epoch [38][1200/1732]	lr: 5.000e-03, eta: 20:19:50, time: 0.690, data_time: 0.004, memory: 17623, loss_rpn_cls: 0.0015, loss_rpn_bbox: 0.0023, s0.loss_cls: 0.0131, s0.acc: 99.4727, s0.loss_bbox: 0.0117, s1.loss_cls: 0.0034, s1.acc: 99.7451, s1.loss_bbox: 0.0147, s2.loss_cls: 0.0019, s2.acc: 99.7161, s2.loss_bbox: 0.0132, loss_bounder: 0.5333, loss_aux: 0.0000, loss: 0.5952
2026-08-16 23:04:08,794 - mmdet - INFO - Epoch [38][1300/1732]	lr: 5.000e-03, eta: 20:18:44, time: 0.693, data_time: 0.005, memory: 17623, loss_rpn_cls: 0.0012, loss_rpn_bbox: 0.0016, s0.loss_cls: 0.0113, s0.acc: 99.5840, s0.loss_bbox: 0.0090, s1.loss_cls: 0.0026, s1.acc: 99.8015, s1.loss_bbox: 0.0122, s2.loss_cls: 0.0013, s2.acc: 99.8221, s2.loss_bbox: 0.0121, loss_bounder: 0.5457, loss_aux: 0.0000, loss: 0.5970
2026-08-16 23:05:17,477 - mmdet - INFO - Epoch [38][1400/1732]	lr: 5.000e-03, eta: 20:17:38, time: 0.687, data_time: 0.005, memory: 17623, loss_rpn_cls: 0.0015, loss_rpn_bbox: 0.0017, s0.loss_cls: 0.0109, s0.acc: 99.6016, s0.loss_bbox: 0.0089, s1.loss_cls: 0.0027, s1.acc: 99.7940, s1.loss_bbox: 0.0121, s2.loss_cls: 0.0014, s2.acc: 99.8136, s2.loss_bbox: 0.0120, loss_bounder: 0.5520, loss_aux: 0.0000, loss: 0.6032
2026-08-16 23:06:26,317 - mmdet - INFO - Epoch [38][1500/1732]	lr: 5.000e-03, eta: 20:16:32, time: 0.688, data_time: 0.005, memory: 17623, loss_rpn_cls: 0.0013, loss_rpn_bbox: 0.0021, s0.loss_cls: 0.0136, s0.acc: 99.4600, s0.loss_bbox: 0.0098, s1.loss_cls: 0.0029, s1.acc: 99.7833, s1.loss_bbox: 0.0127, s2.loss_cls: 0.0015, s2.acc: 99.7690, s2.loss_bbox: 0.0125, loss_bounder: 0.5595, loss_aux: 0.0000, loss: 0.6158
2026-08-16 23:07:35,368 - mmdet - INFO - Epoch [38][1600/1732]	lr: 5.000e-03, eta: 20:15:26, time: 0.691, data_time: 0.005, memory: 17623, loss_rpn_cls: 0.0013, loss_rpn_bbox: 0.0013, s0.loss_cls: 0.0124, s0.acc: 99.5254, s0.loss_bbox: 0.0082, s1.loss_cls: 0.0025, s1.acc: 99.7948, s1.loss_bbox: 0.0110, s2.loss_cls: 0.0012, s2.acc: 99.8379, s2.loss_bbox: 0.0107, loss_bounder: 0.5596, loss_aux: 0.0000, loss: 0.6084
2026-08-16 23:08:44,241 - mmdet - INFO - Epoch [38][1700/1732]	lr: 5.000e-03, eta: 20:14:20, time: 0.689, data_time: 0.005, memory: 17623, loss_rpn_cls: 0.0012, loss_rpn_bbox: 0.0015, s0.loss_cls: 0.0128, s0.acc: 99.5166, s0.loss_bbox: 0.0094, s1.loss_cls: 0.0031, s1.acc: 99.7838, s1.loss_bbox: 0.0131, s2.loss_cls: 0.0015, s2.acc: 99.8053, s2.loss_bbox: 0.0130, loss_bounder: 0.5564, loss_aux: 0.0000, loss: 0.6119
2026-08-16 23:09:06,506 - mmdet - INFO - Saving checkpoint at 38 epochs
2026-08-16 23:10:22,381 - mmdet - INFO - Evaluating bbox...
2026-08-16 23:10:23,283 - mmdet - INFO - 
+-----------+-------+-----------+-------+------------+-------+
| category  | AP    | category  | AP    | category   | AP    |
+-----------+-------+-----------+-------+------------+-------+
| HM        | 0.353 | LQS       | 0.129 | QHS        | 0.307 |
| MS        | 0.425 | A1_SU-35  | 0.792 | A2_C-130   | 0.726 |
| A3_C-17   | 0.767 | A4_C-5    | 0.830 | A5_F-16    | 0.704 |
| A6_TU-160 | 0.778 | A7_E-3    | 0.790 | A8_B-52    | 0.800 |
| A9_P-3C   | 0.751 | A10_B-1B  | 0.798 | A11_E-8    | 0.676 |
| A12_TU-22 | 0.791 | A13_F-15  | 0.718 | A14_KC-135 | 0.756 |
| A15_F-22  | 0.652 | A16_FA-18 | 0.744 | A17_TU-95  | 0.848 |
| A18_KC-10 | 0.555 | A19_SU-34 | 0.758 | A20_SU-24  | 0.712 |
| FSC       | 0.449 | None      | None  | None       | None  |
+-----------+-------+-----------+-------+------------+-------+
2026-08-16 23:10:23,291 - mmdet - INFO - EarlyStoppingHook: bbox_mAP=0.6640 提升幅度不足 0.0010（当前最佳 0.6760，等待 6/16）
2026-08-16 23:10:23,292 - mmdet - INFO - Exp name: aircraft_bafnet_1x.py
2026-08-16 23:10:23,292 - mmdet - INFO - Epoch(val) [38][548]	bbox_mAP: 0.6640, bbox_mAP_50: 0.8620, bbox_mAP_75: 0.8180, bbox_mAP_s: 0.0740, bbox_mAP_m: 0.6440, bbox_mAP_l: 0.7030, bbox_mAP_copypaste: 0.664 0.862 0.818 0.074 0.644 0.703
2026-08-16 23:11:34,860 - mmdet - INFO - Epoch [39][100/1732]	lr: 5.000e-03, eta: 20:12:21, time: 0.716, data_time: 0.028, memory: 17623, loss_rpn_cls: 0.0012, loss_rpn_bbox: 0.0014, s0.loss_cls: 0.0108, s0.acc: 99.6016, s0.loss_bbox: 0.0091, s1.loss_cls: 0.0028, s1.acc: 99.8029, s1.loss_bbox: 0.0120, s2.loss_cls: 0.0015, s2.acc: 99.8032, s2.loss_bbox: 0.0116, loss_bounder: 0.5500, loss_aux: 0.0000, loss: 0.6003
2026-08-16 23:12:43,660 - mmdet - INFO - Epoch [39][200/1732]	lr: 5.000e-03, eta: 20:11:15, time: 0.688, data_time: 0.005, memory: 17623, loss_rpn_cls: 0.0013, loss_rpn_bbox: 0.0015, s0.loss_cls: 0.0121, s0.acc: 99.5420, s0.loss_bbox: 0.0097, s1.loss_cls: 0.0031, s1.acc: 99.7547, s1.loss_bbox: 0.0136, s2.loss_cls: 0.0017, s2.acc: 99.7315, s2.loss_bbox: 0.0128, loss_bounder: 0.5692, loss_aux: 0.0000, loss: 0.6249
2026-08-16 23:13:52,134 - mmdet - INFO - Epoch [39][300/1732]	lr: 5.000e-03, eta: 20:10:08, time: 0.685, data_time: 0.005, memory: 17623, loss_rpn_cls: 0.0019, loss_rpn_bbox: 0.0015, s0.loss_cls: 0.0118, s0.acc: 99.5508, s0.loss_bbox: 0.0086, s1.loss_cls: 0.0028, s1.acc: 99.7829, s1.loss_bbox: 0.0120, s2.loss_cls: 0.0014, s2.acc: 99.8144, s2.loss_bbox: 0.0118, loss_bounder: 0.5553, loss_aux: 0.0000, loss: 0.6070
2026-08-16 23:15:01,192 - mmdet - INFO - Epoch [39][400/1732]	lr: 5.000e-03, eta: 20:09:02, time: 0.691, data_time: 0.005, memory: 17623, loss_rpn_cls: 0.0008, loss_rpn_bbox: 0.0015, s0.loss_cls: 0.0125, s0.acc: 99.5186, s0.loss_bbox: 0.0098, s1.loss_cls: 0.0029, s1.acc: 99.7781, s1.loss_bbox: 0.0130, s2.loss_cls: 0.0013, s2.acc: 99.8190, s2.loss_bbox: 0.0128, loss_bounder: 0.5504, loss_aux: 0.0000, loss: 0.6050
2026-08-16 23:16:09,883 - mmdet - INFO - Epoch [39][500/1732]	lr: 5.000e-03, eta: 20:07:56, time: 0.687, data_time: 0.005, memory: 17623, loss_rpn_cls: 0.0011, loss_rpn_bbox: 0.0012, s0.loss_cls: 0.0121, s0.acc: 99.5459, s0.loss_bbox: 0.0081, s1.loss_cls: 0.0025, s1.acc: 99.8207, s1.loss_bbox: 0.0110, s2.loss_cls: 0.0011, s2.acc: 99.8483, s2.loss_bbox: 0.0113, loss_bounder: 0.5488, loss_aux: 0.0000, loss: 0.5972
2026-08-16 23:17:18,974 - mmdet - INFO - Epoch [39][600/1732]	lr: 5.000e-03, eta: 20:06:50, time: 0.691, data_time: 0.005, memory: 17623, loss_rpn_cls: 0.0013, loss_rpn_bbox: 0.0017, s0.loss_cls: 0.0125, s0.acc: 99.5654, s0.loss_bbox: 0.0073, s1.loss_cls: 0.0033, s1.acc: 99.7934, s1.loss_bbox: 0.0097, s2.loss_cls: 0.0016, s2.acc: 99.8373, s2.loss_bbox: 0.0096, loss_bounder: 0.5602, loss_aux: 0.0000, loss: 0.6072
2026-08-16 23:18:28,789 - mmdet - INFO - Epoch [39][700/1732]	lr: 5.000e-03, eta: 20:05:45, time: 0.698, data_time: 0.005, memory: 17623, loss_rpn_cls: 0.0013, loss_rpn_bbox: 0.0015, s0.loss_cls: 0.0117, s0.acc: 99.5518, s0.loss_bbox: 0.0074, s1.loss_cls: 0.0028, s1.acc: 99.8200, s1.loss_bbox: 0.0102, s2.loss_cls: 0.0015, s2.acc: 99.8129, s2.loss_bbox: 0.0104, loss_bounder: 0.5243, loss_aux: 0.0000, loss: 0.5710
2026-08-16 23:19:37,892 - mmdet - INFO - Epoch [39][800/1732]	lr: 5.000e-03, eta: 20:04:40, time: 0.691, data_time: 0.005, memory: 17623, loss_rpn_cls: 0.0024, loss_rpn_bbox: 0.0019, s0.loss_cls: 0.0128, s0.acc: 99.5107, s0.loss_bbox: 0.0094, s1.loss_cls: 0.0032, s1.acc: 99.7420, s1.loss_bbox: 0.0120, s2.loss_cls: 0.0019, s2.acc: 99.7532, s2.loss_bbox: 0.0114, loss_bounder: 0.5590, loss_aux: 0.0000, loss: 0.6141
2026-08-16 23:20:46,708 - mmdet - INFO - Epoch [39][900/1732]	lr: 5.000e-03, eta: 20:03:33, time: 0.688, data_time: 0.005, memory: 17623, loss_rpn_cls: 0.0014, loss_rpn_bbox: 0.0017, s0.loss_cls: 0.0114, s0.acc: 99.5879, s0.loss_bbox: 0.0101, s1.loss_cls: 0.0027, s1.acc: 99.7932, s1.loss_bbox: 0.0126, s2.loss_cls: 0.0013, s2.acc: 99.8311, s2.loss_bbox: 0.0126, loss_bounder: 0.5613, loss_aux: 0.0000, loss: 0.6150
2026-08-16 23:21:55,622 - mmdet - INFO - Epoch [39][1000/1732]	lr: 5.000e-03, eta: 20:02:27, time: 0.689, data_time: 0.005, memory: 17623, loss_rpn_cls: 0.0018, loss_rpn_bbox: 0.0016, s0.loss_cls: 0.0125, s0.acc: 99.5293, s0.loss_bbox: 0.0086, s1.loss_cls: 0.0031, s1.acc: 99.7762, s1.loss_bbox: 0.0117, s2.loss_cls: 0.0015, s2.acc: 99.8314, s2.loss_bbox: 0.0117, loss_bounder: 0.5626, loss_aux: 0.0000, loss: 0.6151
2026-08-16 23:23:05,068 - mmdet - INFO - Epoch [39][1100/1732]	lr: 5.000e-03, eta: 20:01:22, time: 0.694, data_time: 0.005, memory: 17623, loss_rpn_cls: 0.0016, loss_rpn_bbox: 0.0020, s0.loss_cls: 0.0115, s0.acc: 99.5801, s0.loss_bbox: 0.0100, s1.loss_cls: 0.0026, s1.acc: 99.8108, s1.loss_bbox: 0.0131, s2.loss_cls: 0.0014, s2.acc: 99.8348, s2.loss_bbox: 0.0124, loss_bounder: 0.5365, loss_aux: 0.0000, loss: 0.5913
2026-08-16 23:24:13,938 - mmdet - INFO - Epoch [39][1200/1732]	lr: 5.000e-03, eta: 20:00:16, time: 0.689, data_time: 0.005, memory: 17623, loss_rpn_cls: 0.0012, loss_rpn_bbox: 0.0020, s0.loss_cls: 0.0121, s0.acc: 99.5498, s0.loss_bbox: 0.0097, s1.loss_cls: 0.0026, s1.acc: 99.7976, s1.loss_bbox: 0.0119, s2.loss_cls: 0.0012, s2.acc: 99.8364, s2.loss_bbox: 0.0114, loss_bounder: 0.5571, loss_aux: 0.0000, loss: 0.6091
2026-08-16 23:25:23,115 - mmdet - INFO - Epoch [39][1300/1732]	lr: 5.000e-03, eta: 19:59:10, time: 0.692, data_time: 0.005, memory: 17623, loss_rpn_cls: 0.0014, loss_rpn_bbox: 0.0020, s0.loss_cls: 0.0127, s0.acc: 99.5264, s0.loss_bbox: 0.0113, s1.loss_cls: 0.0029, s1.acc: 99.8102, s1.loss_bbox: 0.0147, s2.loss_cls: 0.0018, s2.acc: 99.7207, s2.loss_bbox: 0.0133, loss_bounder: 0.5207, loss_aux: 0.0000, loss: 0.5808
2026-08-16 23:26:32,440 - mmdet - INFO - Epoch [39][1400/1732]	lr: 5.000e-03, eta: 19:58:05, time: 0.693, data_time: 0.005, memory: 17623, loss_rpn_cls: 0.0010, loss_rpn_bbox: 0.0016, s0.loss_cls: 0.0104, s0.acc: 99.5967, s0.loss_bbox: 0.0074, s1.loss_cls: 0.0021, s1.acc: 99.8406, s1.loss_bbox: 0.0093, s2.loss_cls: 0.0009, s2.acc: 99.8900, s2.loss_bbox: 0.0093, loss_bounder: 0.5545, loss_aux: 0.0000, loss: 0.5965
2026-08-16 23:27:41,081 - mmdet - INFO - Epoch [39][1500/1732]	lr: 5.000e-03, eta: 19:56:58, time: 0.686, data_time: 0.005, memory: 17623, loss_rpn_cls: 0.0011, loss_rpn_bbox: 0.0014, s0.loss_cls: 0.0102, s0.acc: 99.6074, s0.loss_bbox: 0.0080, s1.loss_cls: 0.0023, s1.acc: 99.8356, s1.loss_bbox: 0.0106, s2.loss_cls: 0.0010, s2.acc: 99.8614, s2.loss_bbox: 0.0109, loss_bounder: 0.5528, loss_aux: 0.0000, loss: 0.5983
2026-08-16 23:28:50,282 - mmdet - INFO - Epoch [39][1600/1732]	lr: 5.000e-03, eta: 19:55:53, time: 0.692, data_time: 0.005, memory: 17623, loss_rpn_cls: 0.0012, loss_rpn_bbox: 0.0014, s0.loss_cls: 0.0094, s0.acc: 99.6494, s0.loss_bbox: 0.0068, s1.loss_cls: 0.0023, s1.acc: 99.8347, s1.loss_bbox: 0.0098, s2.loss_cls: 0.0010, s2.acc: 99.8916, s2.loss_bbox: 0.0100, loss_bounder: 0.5414, loss_aux: 0.0000, loss: 0.5833
2026-08-16 23:29:59,350 - mmdet - INFO - Epoch [39][1700/1732]	lr: 5.000e-03, eta: 19:54:47, time: 0.691, data_time: 0.005, memory: 17623, loss_rpn_cls: 0.0011, loss_rpn_bbox: 0.0014, s0.loss_cls: 0.0124, s0.acc: 99.5342, s0.loss_bbox: 0.0091, s1.loss_cls: 0.0025, s1.acc: 99.8340, s1.loss_bbox: 0.0118, s2.loss_cls: 0.0013, s2.acc: 99.8265, s2.loss_bbox: 0.0115, loss_bounder: 0.5601, loss_aux: 0.0000, loss: 0.6111
2026-08-16 23:30:21,731 - mmdet - INFO - Saving checkpoint at 39 epochs
2026-08-16 23:31:37,225 - mmdet - INFO - Evaluating bbox...
2026-08-16 23:31:38,131 - mmdet - INFO - 
+-----------+-------+-----------+-------+------------+-------+
| category  | AP    | category  | AP    | category   | AP    |
+-----------+-------+-----------+-------+------------+-------+
| HM        | 0.552 | LQS       | 0.174 | QHS        | 0.304 |
| MS        | 0.428 | A1_SU-35  | 0.782 | A2_C-130   | 0.726 |
| A3_C-17   | 0.777 | A4_C-5    | 0.842 | A5_F-16    | 0.692 |
| A6_TU-160 | 0.811 | A7_E-3    | 0.790 | A8_B-52    | 0.809 |
| A9_P-3C   | 0.763 | A10_B-1B  | 0.783 | A11_E-8    | 0.666 |
| A12_TU-22 | 0.800 | A13_F-15  | 0.722 | A14_KC-135 | 0.753 |
| A15_F-22  | 0.629 | A16_FA-18 | 0.746 | A17_TU-95  | 0.845 |
| A18_KC-10 | 0.620 | A19_SU-34 | 0.719 | A20_SU-24  | 0.746 |
| FSC       | 0.494 | None      | None  | None       | None  |
+-----------+-------+-----------+-------+------------+-------+
2026-08-16 23:31:38,935 - mmdet - INFO - BestSaverHook: bbox_mAP=0.6790 创新高，已保存 best 模型 -> /root/autodl-tmp/model_v4/work_dirs/arfc_only_v1/best_bbox_mAP.pth
2026-08-16 23:31:38,937 - mmdet - INFO - Exp name: aircraft_bafnet_1x.py
2026-08-16 23:31:38,937 - mmdet - INFO - Epoch(val) [39][548]	bbox_mAP: 0.6790, bbox_mAP_50: 0.8910, bbox_mAP_75: 0.8210, bbox_mAP_s: 0.0840, bbox_mAP_m: 0.6500, bbox_mAP_l: 0.7290, bbox_mAP_copypaste: 0.679 0.891 0.821 0.084 0.650 0.729
2026-08-16 23:32:50,599 - mmdet - INFO - Epoch [40][100/1732]	lr: 5.000e-03, eta: 19:52:49, time: 0.717, data_time: 0.029, memory: 17623, loss_rpn_cls: 0.0017, loss_rpn_bbox: 0.0020, s0.loss_cls: 0.0111, s0.acc: 99.5859, s0.loss_bbox: 0.0095, s1.loss_cls: 0.0027, s1.acc: 99.8182, s1.loss_bbox: 0.0123, s2.loss_cls: 0.0013, s2.acc: 99.8179, s2.loss_bbox: 0.0119, loss_bounder: 0.5493, loss_aux: 0.0000, loss: 0.6017
2026-08-16 23:33:59,518 - mmdet - INFO - Epoch [40][200/1732]	lr: 5.000e-03, eta: 19:51:43, time: 0.689, data_time: 0.005, memory: 17623, loss_rpn_cls: 0.0013, loss_rpn_bbox: 0.0015, s0.loss_cls: 0.0107, s0.acc: 99.6172, s0.loss_bbox: 0.0072, s1.loss_cls: 0.0022, s1.acc: 99.8416, s1.loss_bbox: 0.0098, s2.loss_cls: 0.0012, s2.acc: 99.8437, s2.loss_bbox: 0.0100, loss_bounder: 0.5480, loss_aux: 0.0000, loss: 0.5920
2026-08-16 23:35:08,430 - mmdet - INFO - Epoch [40][300/1732]	lr: 5.000e-03, eta: 19:50:37, time: 0.689, data_time: 0.005, memory: 17623, loss_rpn_cls: 0.0011, loss_rpn_bbox: 0.0014, s0.loss_cls: 0.0102, s0.acc: 99.6201, s0.loss_bbox: 0.0074, s1.loss_cls: 0.0025, s1.acc: 99.8209, s1.loss_bbox: 0.0105, s2.loss_cls: 0.0013, s2.acc: 99.8131, s2.loss_bbox: 0.0101, loss_bounder: 0.5589, loss_aux: 0.0000, loss: 0.6035
2026-08-16 23:36:16,799 - mmdet - INFO - Epoch [40][400/1732]	lr: 5.000e-03, eta: 19:49:30, time: 0.684, data_time: 0.005, memory: 17623, loss_rpn_cls: 0.0008, loss_rpn_bbox: 0.0015, s0.loss_cls: 0.0108, s0.acc: 99.6084, s0.loss_bbox: 0.0084, s1.loss_cls: 0.0026, s1.acc: 99.7989, s1.loss_bbox: 0.0112, s2.loss_cls: 0.0011, s2.acc: 99.8352, s2.loss_bbox: 0.0111, loss_bounder: 0.5545, loss_aux: 0.0000, loss: 0.6020
2026-08-16 23:37:25,925 - mmdet - INFO - Epoch [40][500/1732]	lr: 5.000e-03, eta: 19:48:24, time: 0.691, data_time: 0.005, memory: 17623, loss_rpn_cls: 0.0015, loss_rpn_bbox: 0.0014, s0.loss_cls: 0.0102, s0.acc: 99.6211, s0.loss_bbox: 0.0074, s1.loss_cls: 0.0022, s1.acc: 99.8379, s1.loss_bbox: 0.0097, s2.loss_cls: 0.0010, s2.acc: 99.8723, s2.loss_bbox: 0.0099, loss_bounder: 0.5431, loss_aux: 0.0000, loss: 0.5864
2026-08-16 23:38:34,478 - mmdet - INFO - Epoch [40][600/1732]	lr: 5.000e-03, eta: 19:47:18, time: 0.686, data_time: 0.005, memory: 17623, loss_rpn_cls: 0.0011, loss_rpn_bbox: 0.0015, s0.loss_cls: 0.0103, s0.acc: 99.6152, s0.loss_bbox: 0.0075, s1.loss_cls: 0.0021, s1.acc: 99.8487, s1.loss_bbox: 0.0102, s2.loss_cls: 0.0011, s2.acc: 99.8377, s2.loss_bbox: 0.0097, loss_bounder: 0.5493, loss_aux: 0.0000, loss: 0.5929
2026-08-16 23:39:43,895 - mmdet - INFO - Epoch [40][700/1732]	lr: 5.000e-03, eta: 19:46:12, time: 0.694, data_time: 0.005, memory: 17623, loss_rpn_cls: 0.0009, loss_rpn_bbox: 0.0010, s0.loss_cls: 0.0087, s0.acc: 99.6934, s0.loss_bbox: 0.0056, s1.loss_cls: 0.0018, s1.acc: 99.8696, s1.loss_bbox: 0.0078, s2.loss_cls: 0.0008, s2.acc: 99.9004, s2.loss_bbox: 0.0083, loss_bounder: 0.5592, loss_aux: 0.0000, loss: 0.5942
2026-08-16 23:40:52,577 - mmdet - INFO - Epoch [40][800/1732]	lr: 5.000e-03, eta: 19:45:06, time: 0.687, data_time: 0.005, memory: 17623, loss_rpn_cls: 0.0011, loss_rpn_bbox: 0.0015, s0.loss_cls: 0.0120, s0.acc: 99.5264, s0.loss_bbox: 0.0089, s1.loss_cls: 0.0025, s1.acc: 99.8096, s1.loss_bbox: 0.0115, s2.loss_cls: 0.0012, s2.acc: 99.8233, s2.loss_bbox: 0.0111, loss_bounder: 0.5529, loss_aux: 0.0000, loss: 0.6028
2026-08-16 23:42:01,513 - mmdet - INFO - Epoch [40][900/1732]	lr: 5.000e-03, eta: 19:44:00, time: 0.689, data_time: 0.005, memory: 17623, loss_rpn_cls: 0.0014, loss_rpn_bbox: 0.0016, s0.loss_cls: 0.0108, s0.acc: 99.6006, s0.loss_bbox: 0.0091, s1.loss_cls: 0.0022, s1.acc: 99.8300, s1.loss_bbox: 0.0112, s2.loss_cls: 0.0011, s2.acc: 99.8429, s2.loss_bbox: 0.0111, loss_bounder: 0.5468, loss_aux: 0.0000, loss: 0.5954
2026-08-16 23:43:11,062 - mmdet - INFO - Epoch [40][1000/1732]	lr: 5.000e-03, eta: 19:42:55, time: 0.695, data_time: 0.005, memory: 17623, loss_rpn_cls: 0.0007, loss_rpn_bbox: 0.0015, s0.loss_cls: 0.0115, s0.acc: 99.5645, s0.loss_bbox: 0.0087, s1.loss_cls: 0.0024, s1.acc: 99.8268, s1.loss_bbox: 0.0110, s2.loss_cls: 0.0012, s2.acc: 99.8466, s2.loss_bbox: 0.0108, loss_bounder: 0.5465, loss_aux: 0.0000, loss: 0.5943
2026-08-16 23:44:19,368 - mmdet - INFO - Epoch [40][1100/1732]	lr: 5.000e-03, eta: 19:41:47, time: 0.683, data_time: 0.005, memory: 17623, loss_rpn_cls: 0.0016, loss_rpn_bbox: 0.0019, s0.loss_cls: 0.0111, s0.acc: 99.5723, s0.loss_bbox: 0.0102, s1.loss_cls: 0.0029, s1.acc: 99.7698, s1.loss_bbox: 0.0133, s2.loss_cls: 0.0015, s2.acc: 99.7948, s2.loss_bbox: 0.0131, loss_bounder: 0.5500, loss_aux: 0.0000, loss: 0.6055
2026-08-16 23:45:28,289 - mmdet - INFO - Epoch [40][1200/1732]	lr: 5.000e-03, eta: 19:40:41, time: 0.689, data_time: 0.005, memory: 17623, loss_rpn_cls: 0.0017, loss_rpn_bbox: 0.0022, s0.loss_cls: 0.0121, s0.acc: 99.5312, s0.loss_bbox: 0.0115, s1.loss_cls: 0.0032, s1.acc: 99.7686, s1.loss_bbox: 0.0153, s2.loss_cls: 0.0016, s2.acc: 99.7641, s2.loss_bbox: 0.0141, loss_bounder: 0.5560, loss_aux: 0.0000, loss: 0.6178
2026-08-16 23:46:37,212 - mmdet - INFO - Epoch [40][1300/1732]	lr: 5.000e-03, eta: 19:39:35, time: 0.689, data_time: 0.005, memory: 17623, loss_rpn_cls: 0.0011, loss_rpn_bbox: 0.0013, s0.loss_cls: 0.0102, s0.acc: 99.6201, s0.loss_bbox: 0.0077, s1.loss_cls: 0.0019, s1.acc: 99.8731, s1.loss_bbox: 0.0105, s2.loss_cls: 0.0010, s2.acc: 99.8693, s2.loss_bbox: 0.0105, loss_bounder: 0.5604, loss_aux: 0.0000, loss: 0.6046
2026-08-16 23:47:46,487 - mmdet - INFO - Epoch [40][1400/1732]	lr: 5.000e-03, eta: 19:38:30, time: 0.693, data_time: 0.005, memory: 17623, loss_rpn_cls: 0.0012, loss_rpn_bbox: 0.0012, s0.loss_cls: 0.0108, s0.acc: 99.5918, s0.loss_bbox: 0.0076, s1.loss_cls: 0.0021, s1.acc: 99.8534, s1.loss_bbox: 0.0098, s2.loss_cls: 0.0010, s2.acc: 99.8493, s2.loss_bbox: 0.0101, loss_bounder: 0.5420, loss_aux: 0.0000, loss: 0.5858
2026-08-16 23:48:55,749 - mmdet - INFO - Epoch [40][1500/1732]	lr: 5.000e-03, eta: 19:37:24, time: 0.693, data_time: 0.005, memory: 17623, loss_rpn_cls: 0.0018, loss_rpn_bbox: 0.0018, s0.loss_cls: 0.0114, s0.acc: 99.5752, s0.loss_bbox: 0.0096, s1.loss_cls: 0.0027, s1.acc: 99.8118, s1.loss_bbox: 0.0128, s2.loss_cls: 0.0015, s2.acc: 99.8028, s2.loss_bbox: 0.0128, loss_bounder: 0.5487, loss_aux: 0.0000, loss: 0.6030
2026-08-16 23:50:05,197 - mmdet - INFO - Epoch [40][1600/1732]	lr: 5.000e-03, eta: 19:36:19, time: 0.694, data_time: 0.005, memory: 17623, loss_rpn_cls: 0.0013, loss_rpn_bbox: 0.0016, s0.loss_cls: 0.0101, s0.acc: 99.6318, s0.loss_bbox: 0.0074, s1.loss_cls: 0.0022, s1.acc: 99.8456, s1.loss_bbox: 0.0100, s2.loss_cls: 0.0010, s2.acc: 99.8840, s2.loss_bbox: 0.0099, loss_bounder: 0.5435, loss_aux: 0.0000, loss: 0.5871
2026-08-16 23:51:13,605 - mmdet - INFO - Epoch [40][1700/1732]	lr: 5.000e-03, eta: 19:35:12, time: 0.684, data_time: 0.005, memory: 17623, loss_rpn_cls: 0.0012, loss_rpn_bbox: 0.0018, s0.loss_cls: 0.0108, s0.acc: 99.6064, s0.loss_bbox: 0.0086, s1.loss_cls: 0.0022, s1.acc: 99.8367, s1.loss_bbox: 0.0117, s2.loss_cls: 0.0011, s2.acc: 99.8563, s2.loss_bbox: 0.0114, loss_bounder: 0.5406, loss_aux: 0.0000, loss: 0.5895
2026-08-16 23:51:35,966 - mmdet - INFO - Saving checkpoint at 40 epochs
2026-08-16 23:52:50,839 - mmdet - INFO - Evaluating bbox...
2026-08-16 23:52:51,742 - mmdet - INFO - 
+-----------+-------+-----------+-------+------------+-------+
| category  | AP    | category  | AP    | category   | AP    |
+-----------+-------+-----------+-------+------------+-------+
| HM        | 0.353 | LQS       | 0.167 | QHS        | 0.333 |
| MS        | 0.436 | A1_SU-35  | 0.790 | A2_C-130   | 0.719 |
| A3_C-17   | 0.777 | A4_C-5    | 0.845 | A5_F-16    | 0.685 |
| A6_TU-160 | 0.797 | A7_E-3    | 0.793 | A8_B-52    | 0.794 |
| A9_P-3C   | 0.772 | A10_B-1B  | 0.794 | A11_E-8    | 0.678 |
| A12_TU-22 | 0.786 | A13_F-15  | 0.724 | A14_KC-135 | 0.743 |
| A15_F-22  | 0.623 | A16_FA-18 | 0.729 | A17_TU-95  | 0.852 |
| A18_KC-10 | 0.670 | A19_SU-34 | 0.717 | A20_SU-24  | 0.721 |
| FSC       | 0.445 | None      | None  | None       | None  |
+-----------+-------+-----------+-------+------------+-------+
2026-08-16 23:52:51,750 - mmdet - INFO - EarlyStoppingHook: bbox_mAP=0.6700 提升幅度不足 0.0010（当前最佳 0.6790，等待 1/16）
2026-08-16 23:52:51,751 - mmdet - INFO - Exp name: aircraft_bafnet_1x.py
2026-08-16 23:52:51,752 - mmdet - INFO - Epoch(val) [40][548]	bbox_mAP: 0.6700, bbox_mAP_50: 0.8660, bbox_mAP_75: 0.8190, bbox_mAP_s: 0.0910, bbox_mAP_m: 0.6480, bbox_mAP_l: 0.7190, bbox_mAP_copypaste: 0.670 0.866 0.819 0.091 0.648 0.719
2026-08-16 23:54:02,853 - mmdet - INFO - Epoch [41][100/1732]	lr: 5.000e-03, eta: 19:33:14, time: 0.711, data_time: 0.028, memory: 17623, loss_rpn_cls: 0.0013, loss_rpn_bbox: 0.0014, s0.loss_cls: 0.0097, s0.acc: 99.6289, s0.loss_bbox: 0.0076, s1.loss_cls: 0.0021, s1.acc: 99.8624, s1.loss_bbox: 0.0101, s2.loss_cls: 0.0012, s2.acc: 99.8350, s2.loss_bbox: 0.0096, loss_bounder: 0.5534, loss_aux: 0.0000, loss: 0.5963
2026-08-16 23:55:11,713 - mmdet - INFO - Epoch [41][200/1732]	lr: 5.000e-03, eta: 19:32:08, time: 0.689, data_time: 0.005, memory: 17623, loss_rpn_cls: 0.0013, loss_rpn_bbox: 0.0014, s0.loss_cls: 0.0107, s0.acc: 99.6006, s0.loss_bbox: 0.0092, s1.loss_cls: 0.0020, s1.acc: 99.8584, s1.loss_bbox: 0.0114, s2.loss_cls: 0.0009, s2.acc: 99.9012, s2.loss_bbox: 0.0111, loss_bounder: 0.5470, loss_aux: 0.0000, loss: 0.5950
2026-08-16 23:56:21,097 - mmdet - INFO - Epoch [41][300/1732]	lr: 5.000e-03, eta: 19:31:03, time: 0.694, data_time: 0.005, memory: 17623, loss_rpn_cls: 0.0014, loss_rpn_bbox: 0.0017, s0.loss_cls: 0.0113, s0.acc: 99.5518, s0.loss_bbox: 0.0092, s1.loss_cls: 0.0023, s1.acc: 99.8304, s1.loss_bbox: 0.0109, s2.loss_cls: 0.0013, s2.acc: 99.8263, s2.loss_bbox: 0.0103, loss_bounder: 0.5315, loss_aux: 0.0000, loss: 0.5800
2026-08-16 23:57:29,436 - mmdet - INFO - Epoch [41][400/1732]	lr: 5.000e-03, eta: 19:29:56, time: 0.683, data_time: 0.005, memory: 17623, loss_rpn_cls: 0.0015, loss_rpn_bbox: 0.0014, s0.loss_cls: 0.0110, s0.acc: 99.5791, s0.loss_bbox: 0.0083, s1.loss_cls: 0.0022, s1.acc: 99.8309, s1.loss_bbox: 0.0114, s2.loss_cls: 0.0012, s2.acc: 99.8480, s2.loss_bbox: 0.0118, loss_bounder: 0.5496, loss_aux: 0.0000, loss: 0.5983
2026-08-16 23:58:38,432 - mmdet - INFO - Epoch [41][500/1732]	lr: 5.000e-03, eta: 19:28:50, time: 0.690, data_time: 0.005, memory: 17623, loss_rpn_cls: 0.0010, loss_rpn_bbox: 0.0015, s0.loss_cls: 0.0112, s0.acc: 99.5693, s0.loss_bbox: 0.0084, s1.loss_cls: 0.0023, s1.acc: 99.8309, s1.loss_bbox: 0.0117, s2.loss_cls: 0.0012, s2.acc: 99.8558, s2.loss_bbox: 0.0120, loss_bounder: 0.5469, loss_aux: 0.0000, loss: 0.5962
2026-08-16 23:59:47,254 - mmdet - INFO - Epoch [41][600/1732]	lr: 5.000e-03, eta: 19:27:43, time: 0.688, data_time: 0.005, memory: 17623, loss_rpn_cls: 0.0014, loss_rpn_bbox: 0.0015, s0.loss_cls: 0.0102, s0.acc: 99.6133, s0.loss_bbox: 0.0078, s1.loss_cls: 0.0021, s1.acc: 99.8655, s1.loss_bbox: 0.0101, s2.loss_cls: 0.0011, s2.acc: 99.8521, s2.loss_bbox: 0.0103, loss_bounder: 0.5575, loss_aux: 0.0000, loss: 0.6020
2026-08-17 00:00:56,106 - mmdet - INFO - Epoch [41][700/1732]	lr: 5.000e-03, eta: 19:26:37, time: 0.689, data_time: 0.005, memory: 17623, loss_rpn_cls: 0.0013, loss_rpn_bbox: 0.0014, s0.loss_cls: 0.0086, s0.acc: 99.6816, s0.loss_bbox: 0.0062, s1.loss_cls: 0.0019, s1.acc: 99.8633, s1.loss_bbox: 0.0082, s2.loss_cls: 0.0009, s2.acc: 99.8839, s2.loss_bbox: 0.0087, loss_bounder: 0.5509, loss_aux: 0.0000, loss: 0.5882
2026-08-17 00:02:05,104 - mmdet - INFO - Epoch [41][800/1732]	lr: 5.000e-03, eta: 19:25:31, time: 0.690, data_time: 0.005, memory: 17623, loss_rpn_cls: 0.0013, loss_rpn_bbox: 0.0015, s0.loss_cls: 0.0093, s0.acc: 99.6543, s0.loss_bbox: 0.0067, s1.loss_cls: 0.0020, s1.acc: 99.8639, s1.loss_bbox: 0.0089, s2.loss_cls: 0.0010, s2.acc: 99.8743, s2.loss_bbox: 0.0091, loss_bounder: 0.5548, loss_aux: 0.0000, loss: 0.5944
2026-08-17 00:03:14,167 - mmdet - INFO - Epoch [41][900/1732]	lr: 5.000e-03, eta: 19:24:25, time: 0.691, data_time: 0.005, memory: 17623, loss_rpn_cls: 0.0012, loss_rpn_bbox: 0.0015, s0.loss_cls: 0.0090, s0.acc: 99.6699, s0.loss_bbox: 0.0074, s1.loss_cls: 0.0021, s1.acc: 99.8429, s1.loss_bbox: 0.0102, s2.loss_cls: 0.0009, s2.acc: 99.8933, s2.loss_bbox: 0.0102, loss_bounder: 0.5637, loss_aux: 0.0000, loss: 0.6063
2026-08-17 00:04:22,575 - mmdet - INFO - Epoch [41][1000/1732]	lr: 5.000e-03, eta: 19:23:18, time: 0.684, data_time: 0.005, memory: 17623, loss_rpn_cls: 0.0014, loss_rpn_bbox: 0.0014, s0.loss_cls: 0.0106, s0.acc: 99.5977, s0.loss_bbox: 0.0083, s1.loss_cls: 0.0021, s1.acc: 99.8356, s1.loss_bbox: 0.0115, s2.loss_cls: 0.0012, s2.acc: 99.8618, s2.loss_bbox: 0.0114, loss_bounder: 0.5589, loss_aux: 0.0000, loss: 0.6069
2026-08-17 00:05:31,037 - mmdet - INFO - Epoch [41][1100/1732]	lr: 5.000e-03, eta: 19:22:11, time: 0.685, data_time: 0.005, memory: 17623, loss_rpn_cls: 0.0014, loss_rpn_bbox: 0.0016, s0.loss_cls: 0.0111, s0.acc: 99.5830, s0.loss_bbox: 0.0104, s1.loss_cls: 0.0026, s1.acc: 99.8002, s1.loss_bbox: 0.0134, s2.loss_cls: 0.0014, s2.acc: 99.8255, s2.loss_bbox: 0.0129, loss_bounder: 0.5372, loss_aux: 0.0000, loss: 0.5920
2026-08-17 00:06:39,913 - mmdet - INFO - Epoch [41][1200/1732]	lr: 5.000e-03, eta: 19:21:05, time: 0.689, data_time: 0.005, memory: 17623, loss_rpn_cls: 0.0015, loss_rpn_bbox: 0.0013, s0.loss_cls: 0.0097, s0.acc: 99.6230, s0.loss_bbox: 0.0076, s1.loss_cls: 0.0022, s1.acc: 99.8466, s1.loss_bbox: 0.0097, s2.loss_cls: 0.0012, s2.acc: 99.8653, s2.loss_bbox: 0.0097, loss_bounder: 0.5420, loss_aux: 0.0000, loss: 0.5849
2026-08-17 00:07:48,670 - mmdet - INFO - Epoch [41][1300/1732]	lr: 5.000e-03, eta: 19:19:58, time: 0.688, data_time: 0.005, memory: 17623, loss_rpn_cls: 0.0010, loss_rpn_bbox: 0.0016, s0.loss_cls: 0.0102, s0.acc: 99.6299, s0.loss_bbox: 0.0090, s1.loss_cls: 0.0021, s1.acc: 99.8570, s1.loss_bbox: 0.0110, s2.loss_cls: 0.0010, s2.acc: 99.8691, s2.loss_bbox: 0.0110, loss_bounder: 0.5517, loss_aux: 0.0000, loss: 0.5987
2026-08-17 00:08:57,368 - mmdet - INFO - Epoch [41][1400/1732]	lr: 5.000e-03, eta: 19:18:52, time: 0.687, data_time: 0.005, memory: 17623, loss_rpn_cls: 0.0019, loss_rpn_bbox: 0.0019, s0.loss_cls: 0.0111, s0.acc: 99.5684, s0.loss_bbox: 0.0089, s1.loss_cls: 0.0028, s1.acc: 99.7987, s1.loss_bbox: 0.0120, s2.loss_cls: 0.0014, s2.acc: 99.8164, s2.loss_bbox: 0.0115, loss_bounder: 0.5660, loss_aux: 0.0000, loss: 0.6174
2026-08-17 00:10:05,666 - mmdet - INFO - Epoch [41][1500/1732]	lr: 5.000e-03, eta: 19:17:45, time: 0.683, data_time: 0.005, memory: 17623, loss_rpn_cls: 0.0009, loss_rpn_bbox: 0.0015, s0.loss_cls: 0.0098, s0.acc: 99.6426, s0.loss_bbox: 0.0074, s1.loss_cls: 0.0022, s1.acc: 99.8327, s1.loss_bbox: 0.0098, s2.loss_cls: 0.0011, s2.acc: 99.8300, s2.loss_bbox: 0.0097, loss_bounder: 0.5463, loss_aux: 0.0000, loss: 0.5887
2026-08-17 00:11:14,686 - mmdet - INFO - Epoch [41][1600/1732]	lr: 5.000e-03, eta: 19:16:39, time: 0.690, data_time: 0.005, memory: 17623, loss_rpn_cls: 0.0009, loss_rpn_bbox: 0.0014, s0.loss_cls: 0.0110, s0.acc: 99.6016, s0.loss_bbox: 0.0075, s1.loss_cls: 0.0026, s1.acc: 99.7980, s1.loss_bbox: 0.0102, s2.loss_cls: 0.0013, s2.acc: 99.8215, s2.loss_bbox: 0.0106, loss_bounder: 0.5494, loss_aux: 0.0000, loss: 0.5949
2026-08-17 00:12:24,185 - mmdet - INFO - Epoch [41][1700/1732]	lr: 5.000e-03, eta: 19:15:33, time: 0.695, data_time: 0.005, memory: 17623, loss_rpn_cls: 0.0012, loss_rpn_bbox: 0.0021, s0.loss_cls: 0.0125, s0.acc: 99.5137, s0.loss_bbox: 0.0103, s1.loss_cls: 0.0031, s1.acc: 99.7653, s1.loss_bbox: 0.0132, s2.loss_cls: 0.0015, s2.acc: 99.7727, s2.loss_bbox: 0.0124, loss_bounder: 0.5490, loss_aux: 0.0000, loss: 0.6052
2026-08-17 00:12:46,406 - mmdet - INFO - Saving checkpoint at 41 epochs
2026-08-17 00:14:02,331 - mmdet - INFO - Evaluating bbox...
2026-08-17 00:14:03,243 - mmdet - INFO - 
+-----------+-------+-----------+-------+------------+-------+
| category  | AP    | category  | AP    | category   | AP    |
+-----------+-------+-----------+-------+------------+-------+
| HM        | 0.502 | LQS       | 0.154 | QHS        | 0.334 |
| MS        | 0.428 | A1_SU-35  | 0.798 | A2_C-130   | 0.709 |
| A3_C-17   | 0.779 | A4_C-5    | 0.838 | A5_F-16    | 0.674 |
| A6_TU-160 | 0.796 | A7_E-3    | 0.778 | A8_B-52    | 0.785 |
| A9_P-3C   | 0.771 | A10_B-1B  | 0.790 | A11_E-8    | 0.645 |
| A12_TU-22 | 0.790 | A13_F-15  | 0.716 | A14_KC-135 | 0.752 |
| A15_F-22  | 0.595 | A16_FA-18 | 0.731 | A17_TU-95  | 0.849 |
| A18_KC-10 | 0.656 | A19_SU-34 | 0.711 | A20_SU-24  | 0.725 |
| FSC       | 0.433 | None      | None  | None       | None  |
+-----------+-------+-----------+-------+------------+-------+
2026-08-17 00:14:03,251 - mmdet - INFO - EarlyStoppingHook: bbox_mAP=0.6700 提升幅度不足 0.0010（当前最佳 0.6790，等待 2/16）
2026-08-17 00:14:03,252 - mmdet - INFO - Exp name: aircraft_bafnet_1x.py
2026-08-17 00:14:03,253 - mmdet - INFO - Epoch(val) [41][548]	bbox_mAP: 0.6700, bbox_mAP_50: 0.8840, bbox_mAP_75: 0.8110, bbox_mAP_s: 0.0610, bbox_mAP_m: 0.6390, bbox_mAP_l: 0.7190, bbox_mAP_copypaste: 0.670 0.884 0.811 0.061 0.639 0.719
2026-08-17 00:15:14,465 - mmdet - INFO - Epoch [42][100/1732]	lr: 5.000e-03, eta: 19:13:37, time: 0.712, data_time: 0.029, memory: 17623, loss_rpn_cls: 0.0014, loss_rpn_bbox: 0.0013, s0.loss_cls: 0.0102, s0.acc: 99.6328, s0.loss_bbox: 0.0081, s1.loss_cls: 0.0022, s1.acc: 99.8315, s1.loss_bbox: 0.0108, s2.loss_cls: 0.0011, s2.acc: 99.8624, s2.loss_bbox: 0.0106, loss_bounder: 0.5418, loss_aux: 0.0000, loss: 0.5875
2026-08-17 00:16:23,676 - mmdet - INFO - Epoch [42][200/1732]	lr: 5.000e-03, eta: 19:12:32, time: 0.692, data_time: 0.005, memory: 17623, loss_rpn_cls: 0.0011, loss_rpn_bbox: 0.0015, s0.loss_cls: 0.0089, s0.acc: 99.6729, s0.loss_bbox: 0.0070, s1.loss_cls: 0.0019, s1.acc: 99.8557, s1.loss_bbox: 0.0092, s2.loss_cls: 0.0008, s2.acc: 99.9075, s2.loss_bbox: 0.0096, loss_bounder: 0.5502, loss_aux: 0.0000, loss: 0.5901
2026-08-17 00:17:32,552 - mmdet - INFO - Epoch [42][300/1732]	lr: 5.000e-03, eta: 19:11:25, time: 0.689, data_time: 0.005, memory: 17623, loss_rpn_cls: 0.0010, loss_rpn_bbox: 0.0017, s0.loss_cls: 0.0112, s0.acc: 99.5752, s0.loss_bbox: 0.0090, s1.loss_cls: 0.0026, s1.acc: 99.8106, s1.loss_bbox: 0.0123, s2.loss_cls: 0.0014, s2.acc: 99.8146, s2.loss_bbox: 0.0119, loss_bounder: 0.5453, loss_aux: 0.0000, loss: 0.5965
2026-08-17 00:18:41,285 - mmdet - INFO - Epoch [42][400/1732]	lr: 5.000e-03, eta: 19:10:19, time: 0.687, data_time: 0.005, memory: 17623, loss_rpn_cls: 0.0011, loss_rpn_bbox: 0.0015, s0.loss_cls: 0.0109, s0.acc: 99.6006, s0.loss_bbox: 0.0098, s1.loss_cls: 0.0024, s1.acc: 99.8239, s1.loss_bbox: 0.0127, s2.loss_cls: 0.0012, s2.acc: 99.8165, s2.loss_bbox: 0.0120, loss_bounder: 0.5357, loss_aux: 0.0000, loss: 0.5873
2026-08-17 00:19:49,791 - mmdet - INFO - Epoch [42][500/1732]	lr: 5.000e-03, eta: 19:09:12, time: 0.685, data_time: 0.005, memory: 17623, loss_rpn_cls: 0.0014, loss_rpn_bbox: 0.0019, s0.loss_cls: 0.0107, s0.acc: 99.5811, s0.loss_bbox: 0.0083, s1.loss_cls: 0.0022, s1.acc: 99.8475, s1.loss_bbox: 0.0107, s2.loss_cls: 0.0011, s2.acc: 99.8496, s2.loss_bbox: 0.0103, loss_bounder: 0.5595, loss_aux: 0.0000, loss: 0.6061
2026-08-17 00:20:59,545 - mmdet - INFO - Epoch [42][600/1732]	lr: 5.000e-03, eta: 19:08:07, time: 0.698, data_time: 0.005, memory: 17623, loss_rpn_cls: 0.0015, loss_rpn_bbox: 0.0020, s0.loss_cls: 0.0123, s0.acc: 99.5391, s0.loss_bbox: 0.0082, s1.loss_cls: 0.0026, s1.acc: 99.8085, s1.loss_bbox: 0.0099, s2.loss_cls: 0.0012, s2.acc: 99.8306, s2.loss_bbox: 0.0099, loss_bounder: 0.5400, loss_aux: 0.0000, loss: 0.5876
2026-08-17 00:22:09,138 - mmdet - INFO - Epoch [42][700/1732]	lr: 5.000e-03, eta: 19:07:02, time: 0.696, data_time: 0.005, memory: 17623, loss_rpn_cls: 0.0019, loss_rpn_bbox: 0.0016, s0.loss_cls: 0.0111, s0.acc: 99.5713, s0.loss_bbox: 0.0081, s1.loss_cls: 0.0024, s1.acc: 99.8333, s1.loss_bbox: 0.0111, s2.loss_cls: 0.0012, s2.acc: 99.8390, s2.loss_bbox: 0.0111, loss_bounder: 0.5509, loss_aux: 0.0000, loss: 0.5993
2026-08-17 00:23:18,081 - mmdet - INFO - Epoch [42][800/1732]	lr: 5.000e-03, eta: 19:05:55, time: 0.689, data_time: 0.005, memory: 17623, loss_rpn_cls: 0.0009, loss_rpn_bbox: 0.0011, s0.loss_cls: 0.0092, s0.acc: 99.6592, s0.loss_bbox: 0.0060, s1.loss_cls: 0.0020, s1.acc: 99.8633, s1.loss_bbox: 0.0085, s2.loss_cls: 0.0008, s2.acc: 99.8845, s2.loss_bbox: 0.0086, loss_bounder: 0.5597, loss_aux: 0.0000, loss: 0.5968
2026-08-17 00:24:26,989 - mmdet - INFO - Epoch [42][900/1732]	lr: 5.000e-03, eta: 19:04:49, time: 0.689, data_time: 0.005, memory: 17623, loss_rpn_cls: 0.0010, loss_rpn_bbox: 0.0013, s0.loss_cls: 0.0105, s0.acc: 99.6182, s0.loss_bbox: 0.0075, s1.loss_cls: 0.0022, s1.acc: 99.8500, s1.loss_bbox: 0.0096, s2.loss_cls: 0.0011, s2.acc: 99.8576, s2.loss_bbox: 0.0096, loss_bounder: 0.5707, loss_aux: 0.0000, loss: 0.6134
2026-08-17 00:25:35,241 - mmdet - INFO - Epoch [42][1000/1732]	lr: 5.000e-03, eta: 19:03:42, time: 0.683, data_time: 0.005, memory: 17623, loss_rpn_cls: 0.0011, loss_rpn_bbox: 0.0011, s0.loss_cls: 0.0096, s0.acc: 99.6172, s0.loss_bbox: 0.0068, s1.loss_cls: 0.0021, s1.acc: 99.8302, s1.loss_bbox: 0.0090, s2.loss_cls: 0.0009, s2.acc: 99.8879, s2.loss_bbox: 0.0091, loss_bounder: 0.5594, loss_aux: 0.0000, loss: 0.5991
2026-08-17 00:26:44,235 - mmdet - INFO - Epoch [42][1100/1732]	lr: 5.000e-03, eta: 19:02:36, time: 0.690, data_time: 0.005, memory: 17623, loss_rpn_cls: 0.0013, loss_rpn_bbox: 0.0017, s0.loss_cls: 0.0127, s0.acc: 99.5361, s0.loss_bbox: 0.0094, s1.loss_cls: 0.0032, s1.acc: 99.7734, s1.loss_bbox: 0.0122, s2.loss_cls: 0.0015, s2.acc: 99.7931, s2.loss_bbox: 0.0116, loss_bounder: 0.5631, loss_aux: 0.0000, loss: 0.6167
2026-08-17 00:27:52,931 - mmdet - INFO - Epoch [42][1200/1732]	lr: 5.000e-03, eta: 19:01:29, time: 0.687, data_time: 0.005, memory: 17623, loss_rpn_cls: 0.0011, loss_rpn_bbox: 0.0014, s0.loss_cls: 0.0095, s0.acc: 99.6299, s0.loss_bbox: 0.0068, s1.loss_cls: 0.0018, s1.acc: 99.8771, s1.loss_bbox: 0.0091, s2.loss_cls: 0.0010, s2.acc: 99.8705, s2.loss_bbox: 0.0090, loss_bounder: 0.5639, loss_aux: 0.0000, loss: 0.6035
2026-08-17 00:29:01,876 - mmdet - INFO - Epoch [42][1300/1732]	lr: 5.000e-03, eta: 19:00:23, time: 0.689, data_time: 0.005, memory: 17623, loss_rpn_cls: 0.0011, loss_rpn_bbox: 0.0015, s0.loss_cls: 0.0100, s0.acc: 99.6240, s0.loss_bbox: 0.0078, s1.loss_cls: 0.0027, s1.acc: 99.8138, s1.loss_bbox: 0.0102, s2.loss_cls: 0.0013, s2.acc: 99.8258, s2.loss_bbox: 0.0102, loss_bounder: 0.5374, loss_aux: 0.0000, loss: 0.5821
2026-08-17 00:30:10,334 - mmdet - INFO - Epoch [42][1400/1732]	lr: 5.000e-03, eta: 18:59:16, time: 0.685, data_time: 0.005, memory: 17623, loss_rpn_cls: 0.0008, loss_rpn_bbox: 0.0014, s0.loss_cls: 0.0092, s0.acc: 99.6396, s0.loss_bbox: 0.0068, s1.loss_cls: 0.0020, s1.acc: 99.8458, s1.loss_bbox: 0.0092, s2.loss_cls: 0.0010, s2.acc: 99.8661, s2.loss_bbox: 0.0090, loss_bounder: 0.5577, loss_aux: 0.0000, loss: 0.5971
2026-08-17 00:31:18,823 - mmdet - INFO - Epoch [42][1500/1732]	lr: 5.000e-03, eta: 18:58:09, time: 0.685, data_time: 0.005, memory: 17623, loss_rpn_cls: 0.0010, loss_rpn_bbox: 0.0014, s0.loss_cls: 0.0101, s0.acc: 99.6338, s0.loss_bbox: 0.0076, s1.loss_cls: 0.0020, s1.acc: 99.8436, s1.loss_bbox: 0.0101, s2.loss_cls: 0.0010, s2.acc: 99.8544, s2.loss_bbox: 0.0095, loss_bounder: 0.5402, loss_aux: 0.0000, loss: 0.5830
2026-08-17 00:32:27,594 - mmdet - INFO - Epoch [42][1600/1732]	lr: 5.000e-03, eta: 18:57:03, time: 0.688, data_time: 0.004, memory: 17623, loss_rpn_cls: 0.0014, loss_rpn_bbox: 0.0017, s0.loss_cls: 0.0106, s0.acc: 99.6133, s0.loss_bbox: 0.0094, s1.loss_cls: 0.0023, s1.acc: 99.8540, s1.loss_bbox: 0.0121, s2.loss_cls: 0.0013, s2.acc: 99.8247, s2.loss_bbox: 0.0111, loss_bounder: 0.5504, loss_aux: 0.0000, loss: 0.6002
2026-08-17 00:33:36,686 - mmdet - INFO - Epoch [42][1700/1732]	lr: 5.000e-03, eta: 18:55:57, time: 0.691, data_time: 0.005, memory: 17623, loss_rpn_cls: 0.0014, loss_rpn_bbox: 0.0014, s0.loss_cls: 0.0096, s0.acc: 99.6230, s0.loss_bbox: 0.0075, s1.loss_cls: 0.0020, s1.acc: 99.8645, s1.loss_bbox: 0.0102, s2.loss_cls: 0.0009, s2.acc: 99.8980, s2.loss_bbox: 0.0103, loss_bounder: 0.5269, loss_aux: 0.0000, loss: 0.5703
2026-08-17 00:33:59,116 - mmdet - INFO - Saving checkpoint at 42 epochs
2026-08-17 00:35:15,518 - mmdet - INFO - Evaluating bbox...
2026-08-17 00:35:16,423 - mmdet - INFO - 
+-----------+-------+-----------+-------+------------+-------+
| category  | AP    | category  | AP    | category   | AP    |
+-----------+-------+-----------+-------+------------+-------+
| HM        | 0.501 | LQS       | 0.206 | QHS        | 0.355 |
| MS        | 0.421 | A1_SU-35  | 0.777 | A2_C-130   | 0.710 |
| A3_C-17   | 0.757 | A4_C-5    | 0.817 | A5_F-16    | 0.674 |
| A6_TU-160 | 0.759 | A7_E-3    | 0.779 | A8_B-52    | 0.774 |
| A9_P-3C   | 0.750 | A10_B-1B  | 0.794 | A11_E-8    | 0.671 |
| A12_TU-22 | 0.771 | A13_F-15  | 0.720 | A14_KC-135 | 0.728 |
| A15_F-22  | 0.621 | A16_FA-18 | 0.740 | A17_TU-95  | 0.837 |
| A18_KC-10 | 0.606 | A19_SU-34 | 0.720 | A20_SU-24  | 0.720 |
| FSC       | 0.450 | None      | None  | None       | None  |
+-----------+-------+-----------+-------+------------+-------+
2026-08-17 00:35:16,429 - mmdet - INFO - EarlyStoppingHook: bbox_mAP=0.6660 提升幅度不足 0.0010（当前最佳 0.6790，等待 3/16）
2026-08-17 00:35:16,431 - mmdet - INFO - Exp name: aircraft_bafnet_1x.py
2026-08-17 00:35:16,431 - mmdet - INFO - Epoch(val) [42][548]	bbox_mAP: 0.6660, bbox_mAP_50: 0.8880, bbox_mAP_75: 0.8200, bbox_mAP_s: 0.0750, bbox_mAP_m: 0.6330, bbox_mAP_l: 0.7140, bbox_mAP_copypaste: 0.666 0.888 0.820 0.075 0.633 0.714
2026-08-17 00:36:27,582 - mmdet - INFO - Epoch [43][100/1732]	lr: 5.000e-03, eta: 18:54:02, time: 0.711, data_time: 0.028, memory: 17623, loss_rpn_cls: 0.0016, loss_rpn_bbox: 0.0012, s0.loss_cls: 0.0095, s0.acc: 99.6475, s0.loss_bbox: 0.0078, s1.loss_cls: 0.0021, s1.acc: 99.8427, s1.loss_bbox: 0.0102, s2.loss_cls: 0.0010, s2.acc: 99.8815, s2.loss_bbox: 0.0104, loss_bounder: 0.5446, loss_aux: 0.0000, loss: 0.5884
2026-08-17 00:37:36,498 - mmdet - INFO - Epoch [43][200/1732]	lr: 5.000e-03, eta: 18:52:55, time: 0.689, data_time: 0.005, memory: 17623, loss_rpn_cls: 0.0014, loss_rpn_bbox: 0.0018, s0.loss_cls: 0.0103, s0.acc: 99.6172, s0.loss_bbox: 0.0085, s1.loss_cls: 0.0023, s1.acc: 99.8193, s1.loss_bbox: 0.0102, s2.loss_cls: 0.0011, s2.acc: 99.8664, s2.loss_bbox: 0.0100, loss_bounder: 0.5306, loss_aux: 0.0000, loss: 0.5763
2026-08-17 00:38:45,181 - mmdet - INFO - Epoch [43][300/1732]	lr: 5.000e-03, eta: 18:51:49, time: 0.687, data_time: 0.005, memory: 17623, loss_rpn_cls: 0.0014, loss_rpn_bbox: 0.0010, s0.loss_cls: 0.0093, s0.acc: 99.6465, s0.loss_bbox: 0.0064, s1.loss_cls: 0.0016, s1.acc: 99.8923, s1.loss_bbox: 0.0081, s2.loss_cls: 0.0009, s2.acc: 99.8978, s2.loss_bbox: 0.0085, loss_bounder: 0.5553, loss_aux: 0.0000, loss: 0.5924
2026-08-17 00:39:54,325 - mmdet - INFO - Epoch [43][400/1732]	lr: 5.000e-03, eta: 18:50:43, time: 0.691, data_time: 0.005, memory: 17623, loss_rpn_cls: 0.0011, loss_rpn_bbox: 0.0015, s0.loss_cls: 0.0114, s0.acc: 99.5664, s0.loss_bbox: 0.0092, s1.loss_cls: 0.0026, s1.acc: 99.8065, s1.loss_bbox: 0.0117, s2.loss_cls: 0.0012, s2.acc: 99.8527, s2.loss_bbox: 0.0114, loss_bounder: 0.5576, loss_aux: 0.0000, loss: 0.6077
2026-08-17 00:41:03,233 - mmdet - INFO - Epoch [43][500/1732]	lr: 5.000e-03, eta: 18:49:37, time: 0.689, data_time: 0.005, memory: 17623, loss_rpn_cls: 0.0011, loss_rpn_bbox: 0.0017, s0.loss_cls: 0.0125, s0.acc: 99.5049, s0.loss_bbox: 0.0095, s1.loss_cls: 0.0027, s1.acc: 99.7970, s1.loss_bbox: 0.0122, s2.loss_cls: 0.0012, s2.acc: 99.8536, s2.loss_bbox: 0.0121, loss_bounder: 0.5487, loss_aux: 0.0000, loss: 0.6018
2026-08-17 00:42:12,060 - mmdet - INFO - Epoch [43][600/1732]	lr: 5.000e-03, eta: 18:48:30, time: 0.688, data_time: 0.005, memory: 17623, loss_rpn_cls: 0.0013, loss_rpn_bbox: 0.0016, s0.loss_cls: 0.0112, s0.acc: 99.5605, s0.loss_bbox: 0.0101, s1.loss_cls: 0.0025, s1.acc: 99.8178, s1.loss_bbox: 0.0124, s2.loss_cls: 0.0012, s2.acc: 99.8541, s2.loss_bbox: 0.0119, loss_bounder: 0.5531, loss_aux: 0.0000, loss: 0.6053
2026-08-17 00:43:20,812 - mmdet - INFO - Epoch [43][700/1732]	lr: 5.000e-03, eta: 18:47:24, time: 0.688, data_time: 0.005, memory: 17623, loss_rpn_cls: 0.0008, loss_rpn_bbox: 0.0016, s0.loss_cls: 0.0119, s0.acc: 99.5537, s0.loss_bbox: 0.0090, s1.loss_cls: 0.0027, s1.acc: 99.8028, s1.loss_bbox: 0.0116, s2.loss_cls: 0.0015, s2.acc: 99.7846, s2.loss_bbox: 0.0110, loss_bounder: 0.5483, loss_aux: 0.0000, loss: 0.5985
2026-08-17 00:44:29,540 - mmdet - INFO - Epoch [43][800/1732]	lr: 5.000e-03, eta: 18:46:17, time: 0.687, data_time: 0.005, memory: 17623, loss_rpn_cls: 0.0010, loss_rpn_bbox: 0.0016, s0.loss_cls: 0.0108, s0.acc: 99.5898, s0.loss_bbox: 0.0078, s1.loss_cls: 0.0022, s1.acc: 99.8382, s1.loss_bbox: 0.0101, s2.loss_cls: 0.0011, s2.acc: 99.8544, s2.loss_bbox: 0.0100, loss_bounder: 0.5516, loss_aux: 0.0000, loss: 0.5963
2026-08-17 00:45:38,753 - mmdet - INFO - Epoch [43][900/1732]	lr: 5.000e-03, eta: 18:45:11, time: 0.692, data_time: 0.005, memory: 17623, loss_rpn_cls: 0.0013, loss_rpn_bbox: 0.0012, s0.loss_cls: 0.0097, s0.acc: 99.6377, s0.loss_bbox: 0.0069, s1.loss_cls: 0.0021, s1.acc: 99.8428, s1.loss_bbox: 0.0090, s2.loss_cls: 0.0010, s2.acc: 99.8647, s2.loss_bbox: 0.0090, loss_bounder: 0.5605, loss_aux: 0.0000, loss: 0.6007
2026-08-17 00:46:47,582 - mmdet - INFO - Epoch [43][1000/1732]	lr: 5.000e-03, eta: 18:44:05, time: 0.688, data_time: 0.004, memory: 17623, loss_rpn_cls: 0.0014, loss_rpn_bbox: 0.0014, s0.loss_cls: 0.0100, s0.acc: 99.6094, s0.loss_bbox: 0.0069, s1.loss_cls: 0.0022, s1.acc: 99.8327, s1.loss_bbox: 0.0088, s2.loss_cls: 0.0012, s2.acc: 99.8380, s2.loss_bbox: 0.0086, loss_bounder: 0.5363, loss_aux: 0.0000, loss: 0.5767
2026-08-17 00:47:56,252 - mmdet - INFO - Epoch [43][1100/1732]	lr: 5.000e-03, eta: 18:42:58, time: 0.687, data_time: 0.005, memory: 17623, loss_rpn_cls: 0.0014, loss_rpn_bbox: 0.0018, s0.loss_cls: 0.0104, s0.acc: 99.6123, s0.loss_bbox: 0.0084, s1.loss_cls: 0.0021, s1.acc: 99.8360, s1.loss_bbox: 0.0111, s2.loss_cls: 0.0012, s2.acc: 99.8394, s2.loss_bbox: 0.0109, loss_bounder: 0.5609, loss_aux: 0.0000, loss: 0.6083
2026-08-17 00:49:04,943 - mmdet - INFO - Epoch [43][1200/1732]	lr: 5.000e-03, eta: 18:41:51, time: 0.687, data_time: 0.005, memory: 17623, loss_rpn_cls: 0.0011, loss_rpn_bbox: 0.0016, s0.loss_cls: 0.0090, s0.acc: 99.6562, s0.loss_bbox: 0.0067, s1.loss_cls: 0.0020, s1.acc: 99.8600, s1.loss_bbox: 0.0098, s2.loss_cls: 0.0010, s2.acc: 99.8478, s2.loss_bbox: 0.0097, loss_bounder: 0.5741, loss_aux: 0.0000, loss: 0.6148
2026-08-17 00:50:14,233 - mmdet - INFO - Epoch [43][1300/1732]	lr: 5.000e-03, eta: 18:40:46, time: 0.693, data_time: 0.005, memory: 17623, loss_rpn_cls: 0.0011, loss_rpn_bbox: 0.0014, s0.loss_cls: 0.0093, s0.acc: 99.6768, s0.loss_bbox: 0.0064, s1.loss_cls: 0.0019, s1.acc: 99.8669, s1.loss_bbox: 0.0086, s2.loss_cls: 0.0008, s2.acc: 99.9139, s2.loss_bbox: 0.0089, loss_bounder: 0.5536, loss_aux: 0.0000, loss: 0.5920
2026-08-17 00:51:22,644 - mmdet - INFO - Epoch [43][1400/1732]	lr: 5.000e-03, eta: 18:39:39, time: 0.684, data_time: 0.004, memory: 17623, loss_rpn_cls: 0.0013, loss_rpn_bbox: 0.0012, s0.loss_cls: 0.0093, s0.acc: 99.6416, s0.loss_bbox: 0.0068, s1.loss_cls: 0.0019, s1.acc: 99.8543, s1.loss_bbox: 0.0088, s2.loss_cls: 0.0008, s2.acc: 99.8831, s2.loss_bbox: 0.0090, loss_bounder: 0.5394, loss_aux: 0.0000, loss: 0.5786
2026-08-17 00:52:31,100 - mmdet - INFO - Epoch [43][1500/1732]	lr: 5.000e-03, eta: 18:38:32, time: 0.685, data_time: 0.004, memory: 17623, loss_rpn_cls: 0.0008, loss_rpn_bbox: 0.0013, s0.loss_cls: 0.0098, s0.acc: 99.6465, s0.loss_bbox: 0.0079, s1.loss_cls: 0.0021, s1.acc: 99.8265, s1.loss_bbox: 0.0105, s2.loss_cls: 0.0010, s2.acc: 99.8657, s2.loss_bbox: 0.0100, loss_bounder: 0.5564, loss_aux: 0.0000, loss: 0.5997
2026-08-17 00:53:39,961 - mmdet - INFO - Epoch [43][1600/1732]	lr: 5.000e-03, eta: 18:37:25, time: 0.689, data_time: 0.005, memory: 17623, loss_rpn_cls: 0.0016, loss_rpn_bbox: 0.0015, s0.loss_cls: 0.0105, s0.acc: 99.5996, s0.loss_bbox: 0.0074, s1.loss_cls: 0.0023, s1.acc: 99.8226, s1.loss_bbox: 0.0100, s2.loss_cls: 0.0011, s2.acc: 99.8614, s2.loss_bbox: 0.0101, loss_bounder: 0.5395, loss_aux: 0.0000, loss: 0.5841
2026-08-17 00:54:48,874 - mmdet - INFO - Epoch [43][1700/1732]	lr: 5.000e-03, eta: 18:36:19, time: 0.689, data_time: 0.005, memory: 17623, loss_rpn_cls: 0.0011, loss_rpn_bbox: 0.0012, s0.loss_cls: 0.0101, s0.acc: 99.6133, s0.loss_bbox: 0.0069, s1.loss_cls: 0.0021, s1.acc: 99.8548, s1.loss_bbox: 0.0093, s2.loss_cls: 0.0009, s2.acc: 99.8714, s2.loss_bbox: 0.0096, loss_bounder: 0.5371, loss_aux: 0.0000, loss: 0.5783
2026-08-17 00:55:11,162 - mmdet - INFO - Saving checkpoint at 43 epochs
2026-08-17 00:56:26,437 - mmdet - INFO - Evaluating bbox...
2026-08-17 00:56:27,335 - mmdet - INFO - 
+-----------+-------+-----------+-------+------------+-------+
| category  | AP    | category  | AP    | category   | AP    |
+-----------+-------+-----------+-------+------------+-------+
| HM        | 0.602 | LQS       | 0.163 | QHS        | 0.335 |
| MS        | 0.435 | A1_SU-35  | 0.787 | A2_C-130   | 0.732 |
| A3_C-17   | 0.782 | A4_C-5    | 0.839 | A5_F-16    | 0.669 |
| A6_TU-160 | 0.802 | A7_E-3    | 0.795 | A8_B-52    | 0.783 |
| A9_P-3C   | 0.765 | A10_B-1B  | 0.774 | A11_E-8    | 0.671 |
| A12_TU-22 | 0.786 | A13_F-15  | 0.687 | A14_KC-135 | 0.746 |
| A15_F-22  | 0.604 | A16_FA-18 | 0.717 | A17_TU-95  | 0.857 |
| A18_KC-10 | 0.627 | A19_SU-34 | 0.732 | A20_SU-24  | 0.733 |
| FSC       | 0.445 | None      | None  | None       | None  |
+-----------+-------+-----------+-------+------------+-------+
2026-08-17 00:56:27,341 - mmdet - INFO - EarlyStoppingHook: bbox_mAP=0.6750 提升幅度不足 0.0010（当前最佳 0.6790，等待 4/16）
2026-08-17 00:56:27,343 - mmdet - INFO - Exp name: aircraft_bafnet_1x.py
2026-08-17 00:56:27,343 - mmdet - INFO - Epoch(val) [43][548]	bbox_mAP: 0.6750, bbox_mAP_50: 0.8870, bbox_mAP_75: 0.8250, bbox_mAP_s: 0.0720, bbox_mAP_m: 0.6420, bbox_mAP_l: 0.7220, bbox_mAP_copypaste: 0.675 0.887 0.825 0.072 0.642 0.722
2026-08-17 00:57:38,888 - mmdet - INFO - Epoch [44][100/1732]	lr: 5.000e-03, eta: 18:34:25, time: 0.715, data_time: 0.029, memory: 17623, loss_rpn_cls: 0.0015, loss_rpn_bbox: 0.0015, s0.loss_cls: 0.0108, s0.acc: 99.5986, s0.loss_bbox: 0.0081, s1.loss_cls: 0.0024, s1.acc: 99.8224, s1.loss_bbox: 0.0108, s2.loss_cls: 0.0014, s2.acc: 99.7892, s2.loss_bbox: 0.0102, loss_bounder: 0.5580, loss_aux: 0.0000, loss: 0.6047
2026-08-17 00:58:47,766 - mmdet - INFO - Epoch [44][200/1732]	lr: 5.000e-03, eta: 18:33:19, time: 0.689, data_time: 0.005, memory: 17623, loss_rpn_cls: 0.0013, loss_rpn_bbox: 0.0011, s0.loss_cls: 0.0091, s0.acc: 99.6611, s0.loss_bbox: 0.0063, s1.loss_cls: 0.0016, s1.acc: 99.8815, s1.loss_bbox: 0.0085, s2.loss_cls: 0.0008, s2.acc: 99.9173, s2.loss_bbox: 0.0088, loss_bounder: 0.5422, loss_aux: 0.0000, loss: 0.5797
2026-08-17 00:59:56,776 - mmdet - INFO - Epoch [44][300/1732]	lr: 5.000e-03, eta: 18:32:13, time: 0.690, data_time: 0.005, memory: 17623, loss_rpn_cls: 0.0013, loss_rpn_bbox: 0.0012, s0.loss_cls: 0.0086, s0.acc: 99.6953, s0.loss_bbox: 0.0065, s1.loss_cls: 0.0019, s1.acc: 99.8663, s1.loss_bbox: 0.0083, s2.loss_cls: 0.0009, s2.acc: 99.8821, s2.loss_bbox: 0.0082, loss_bounder: 0.5433, loss_aux: 0.0000, loss: 0.5802
2026-08-17 01:01:05,672 - mmdet - INFO - Epoch [44][400/1732]	lr: 5.000e-03, eta: 18:31:06, time: 0.689, data_time: 0.005, memory: 17623, loss_rpn_cls: 0.0009, loss_rpn_bbox: 0.0013, s0.loss_cls: 0.0101, s0.acc: 99.6045, s0.loss_bbox: 0.0068, s1.loss_cls: 0.0019, s1.acc: 99.8673, s1.loss_bbox: 0.0089, s2.loss_cls: 0.0009, s2.acc: 99.8799, s2.loss_bbox: 0.0089, loss_bounder: 0.5588, loss_aux: 0.0000, loss: 0.5985
2026-08-17 01:02:14,250 - mmdet - INFO - Epoch [44][500/1732]	lr: 5.000e-03, eta: 18:30:00, time: 0.686, data_time: 0.005, memory: 17623, loss_rpn_cls: 0.0011, loss_rpn_bbox: 0.0010, s0.loss_cls: 0.0084, s0.acc: 99.6660, s0.loss_bbox: 0.0054, s1.loss_cls: 0.0017, s1.acc: 99.8684, s1.loss_bbox: 0.0075, s2.loss_cls: 0.0007, s2.acc: 99.9151, s2.loss_bbox: 0.0078, loss_bounder: 0.5461, loss_aux: 0.0000, loss: 0.5797
2026-08-17 01:03:22,748 - mmdet - INFO - Epoch [44][600/1732]	lr: 5.000e-03, eta: 18:28:53, time: 0.685, data_time: 0.005, memory: 17623, loss_rpn_cls: 0.0010, loss_rpn_bbox: 0.0011, s0.loss_cls: 0.0087, s0.acc: 99.6689, s0.loss_bbox: 0.0070, s1.loss_cls: 0.0019, s1.acc: 99.8575, s1.loss_bbox: 0.0086, s2.loss_cls: 0.0009, s2.acc: 99.8751, s2.loss_bbox: 0.0089, loss_bounder: 0.5554, loss_aux: 0.0000, loss: 0.5936
2026-08-17 01:04:31,453 - mmdet - INFO - Epoch [44][700/1732]	lr: 5.000e-03, eta: 18:27:46, time: 0.687, data_time: 0.005, memory: 17623, loss_rpn_cls: 0.0012, loss_rpn_bbox: 0.0016, s0.loss_cls: 0.0112, s0.acc: 99.5986, s0.loss_bbox: 0.0096, s1.loss_cls: 0.0024, s1.acc: 99.8144, s1.loss_bbox: 0.0121, s2.loss_cls: 0.0012, s2.acc: 99.8279, s2.loss_bbox: 0.0118, loss_bounder: 0.5566, loss_aux: 0.0000, loss: 0.6078
2026-08-17 01:05:40,328 - mmdet - INFO - Epoch [44][800/1732]	lr: 5.000e-03, eta: 18:26:40, time: 0.689, data_time: 0.005, memory: 17623, loss_rpn_cls: 0.0012, loss_rpn_bbox: 0.0015, s0.loss_cls: 0.0108, s0.acc: 99.5879, s0.loss_bbox: 0.0093, s1.loss_cls: 0.0024, s1.acc: 99.8398, s1.loss_bbox: 0.0117, s2.loss_cls: 0.0013, s2.acc: 99.8246, s2.loss_bbox: 0.0113, loss_bounder: 0.5155, loss_aux: 0.0000, loss: 0.5648
2026-08-17 01:06:48,882 - mmdet - INFO - Epoch [44][900/1732]	lr: 5.000e-03, eta: 18:25:33, time: 0.686, data_time: 0.005, memory: 17623, loss_rpn_cls: 0.0011, loss_rpn_bbox: 0.0017, s0.loss_cls: 0.0111, s0.acc: 99.5938, s0.loss_bbox: 0.0082, s1.loss_cls: 0.0026, s1.acc: 99.8137, s1.loss_bbox: 0.0106, s2.loss_cls: 0.0012, s2.acc: 99.8364, s2.loss_bbox: 0.0101, loss_bounder: 0.5531, loss_aux: 0.0000, loss: 0.5997
2026-08-17 01:07:58,014 - mmdet - INFO - Epoch [44][1000/1732]	lr: 5.000e-03, eta: 18:24:27, time: 0.691, data_time: 0.005, memory: 17623, loss_rpn_cls: 0.0012, loss_rpn_bbox: 0.0014, s0.loss_cls: 0.0117, s0.acc: 99.5840, s0.loss_bbox: 0.0078, s1.loss_cls: 0.0028, s1.acc: 99.8299, s1.loss_bbox: 0.0106, s2.loss_cls: 0.0013, s2.acc: 99.8451, s2.loss_bbox: 0.0102, loss_bounder: 0.5484, loss_aux: 0.0000, loss: 0.5955
2026-08-17 01:09:06,741 - mmdet - INFO - Epoch [44][1100/1732]	lr: 5.000e-03, eta: 18:23:20, time: 0.687, data_time: 0.004, memory: 17623, loss_rpn_cls: 0.0019, loss_rpn_bbox: 0.0024, s0.loss_cls: 0.0142, s0.acc: 99.4580, s0.loss_bbox: 0.0110, s1.loss_cls: 0.0045, s1.acc: 99.6649, s1.loss_bbox: 0.0148, s2.loss_cls: 0.0021, s2.acc: 99.6963, s2.loss_bbox: 0.0146, loss_bounder: 0.5369, loss_aux: 0.0000, loss: 0.6024
2026-08-17 01:10:15,909 - mmdet - INFO - Epoch [44][1200/1732]	lr: 5.000e-03, eta: 18:22:14, time: 0.692, data_time: 0.005, memory: 17623, loss_rpn_cls: 0.0019, loss_rpn_bbox: 0.0022, s0.loss_cls: 0.0274, s0.acc: 99.1455, s0.loss_bbox: 0.0111, s1.loss_cls: 0.0095, s1.acc: 99.4394, s1.loss_bbox: 0.0143, s2.loss_cls: 0.0047, s2.acc: 99.4176, s2.loss_bbox: 0.0137, loss_bounder: 0.5308, loss_aux: 0.0000, loss: 0.6156
2026-08-17 01:11:24,930 - mmdet - INFO - Epoch [44][1300/1732]	lr: 5.000e-03, eta: 18:21:08, time: 0.690, data_time: 0.004, memory: 17623, loss_rpn_cls: 0.0035, loss_rpn_bbox: 0.0030, s0.loss_cls: 0.1202, s0.acc: 96.9287, s0.loss_bbox: 0.0190, s1.loss_cls: 0.0521, s1.acc: 97.2064, s1.loss_bbox: 0.0282, s2.loss_cls: 0.0251, s2.acc: 97.2623, s2.loss_bbox: 0.0276, loss_bounder: 0.5521, loss_aux: 0.0000, loss: 0.8308
2026-08-17 01:12:34,294 - mmdet - INFO - Epoch [44][1400/1732]	lr: 5.000e-03, eta: 18:20:02, time: 0.694, data_time: 0.005, memory: 17623, loss_rpn_cls: 0.0042, loss_rpn_bbox: 0.0047, s0.loss_cls: 0.2008, s0.acc: 94.2832, s0.loss_bbox: 0.0271, s1.loss_cls: 0.0974, s1.acc: 94.4978, s1.loss_bbox: 0.0368, s2.loss_cls: 0.0468, s2.acc: 94.6278, s2.loss_bbox: 0.0360, loss_bounder: 0.5605, loss_aux: 0.0000, loss: 1.0144
2026-08-17 01:13:43,777 - mmdet - INFO - Epoch [44][1500/1732]	lr: 5.000e-03, eta: 18:18:56, time: 0.695, data_time: 0.005, memory: 17623, loss_rpn_cls: 0.0056, loss_rpn_bbox: 0.0046, s0.loss_cls: 0.1694, s0.acc: 95.1367, s0.loss_bbox: 0.0324, s1.loss_cls: 0.0812, s1.acc: 95.3358, s1.loss_bbox: 0.0452, s2.loss_cls: 0.0403, s2.acc: 95.4064, s2.loss_bbox: 0.0438, loss_bounder: 0.5760, loss_aux: 0.0000, loss: 0.9985
2026-08-17 01:14:52,563 - mmdet - INFO - Epoch [44][1600/1732]	lr: 5.000e-03, eta: 18:17:50, time: 0.688, data_time: 0.005, memory: 17623, loss_rpn_cls: 0.0055, loss_rpn_bbox: 0.0045, s0.loss_cls: 0.1073, s0.acc: 96.4229, s0.loss_bbox: 0.0293, s1.loss_cls: 0.0473, s1.acc: 96.7983, s1.loss_bbox: 0.0393, s2.loss_cls: 0.0229, s2.acc: 97.0964, s2.loss_bbox: 0.0372, loss_bounder: 0.5582, loss_aux: 0.0000, loss: 0.8515
2026-08-17 01:16:01,972 - mmdet - INFO - Epoch [44][1700/1732]	lr: 5.000e-03, eta: 18:16:44, time: 0.694, data_time: 0.005, memory: 17623, loss_rpn_cls: 0.0039, loss_rpn_bbox: 0.0043, s0.loss_cls: 0.1034, s0.acc: 96.8828, s0.loss_bbox: 0.0306, s1.loss_cls: 0.0464, s1.acc: 97.3668, s1.loss_bbox: 0.0404, s2.loss_cls: 0.0238, s2.acc: 97.1350, s2.loss_bbox: 0.0394, loss_bounder: 0.5594, loss_aux: 0.0000, loss: 0.8516
2026-08-17 01:16:24,234 - mmdet - INFO - Saving checkpoint at 44 epochs
2026-08-17 01:17:39,625 - mmdet - INFO - Evaluating bbox...
2026-08-17 01:17:40,437 - mmdet - INFO - 
+-----------+-------+-----------+-------+------------+-------+
| category  | AP    | category  | AP    | category   | AP    |
+-----------+-------+-----------+-------+------------+-------+
| HM        | 0.000 | LQS       | 0.000 | QHS        | 0.085 |
| MS        | 0.345 | A1_SU-35  | 0.695 | A2_C-130   | 0.686 |
| A3_C-17   | 0.608 | A4_C-5    | 0.684 | A5_F-16    | 0.493 |
| A6_TU-160 | 0.438 | A7_E-3    | 0.730 | A8_B-52    | 0.145 |
| A9_P-3C   | 0.717 | A10_B-1B  | 0.769 | A11_E-8    | 0.246 |
| A12_TU-22 | 0.413 | A13_F-15  | 0.601 | A14_KC-135 | 0.585 |
| A15_F-22  | 0.476 | A16_FA-18 | 0.008 | A17_TU-95  | 0.778 |
| A18_KC-10 | 0.441 | A19_SU-34 | 0.544 | A20_SU-24  | 0.672 |
| FSC       | 0.401 | None      | None  | None       | None  |
+-----------+-------+-----------+-------+------------+-------+
2026-08-17 01:17:40,447 - mmdet - INFO - EarlyStoppingHook: bbox_mAP=0.4620 提升幅度不足 0.0010（当前最佳 0.6790，等待 5/16）
2026-08-17 01:17:40,448 - mmdet - INFO - Exp name: aircraft_bafnet_1x.py
2026-08-17 01:17:40,448 - mmdet - INFO - Epoch(val) [44][548]	bbox_mAP: 0.4620, bbox_mAP_50: 0.6250, bbox_mAP_75: 0.5640, bbox_mAP_s: 0.0580, bbox_mAP_m: 0.4440, bbox_mAP_l: 0.4780, bbox_mAP_copypaste: 0.462 0.625 0.564 0.058 0.444 0.478
2026-08-17 01:18:51,829 - mmdet - INFO - Epoch [45][100/1732]	lr: 5.000e-03, eta: 18:14:51, time: 0.714, data_time: 0.028, memory: 17623, loss_rpn_cls: 0.0037, loss_rpn_bbox: 0.0041, s0.loss_cls: 0.1467, s0.acc: 95.4678, s0.loss_bbox: 0.0309, s1.loss_cls: 0.0736, s1.acc: 95.7240, s1.loss_bbox: 0.0460, s2.loss_cls: 0.0368, s2.acc: 95.7623, s2.loss_bbox: 0.0445, loss_bounder: 0.5592, loss_aux: 0.0000, loss: 0.9456
2026-08-17 01:20:01,178 - mmdet - INFO - Epoch [45][200/1732]	lr: 5.000e-03, eta: 18:13:46, time: 0.693, data_time: 0.005, memory: 17623, loss_rpn_cls: 0.0043, loss_rpn_bbox: 0.0050, s0.loss_cls: 0.1251, s0.acc: 96.0381, s0.loss_bbox: 0.0337, s1.loss_cls: 0.0520, s1.acc: 96.7874, s1.loss_bbox: 0.0464, s2.loss_cls: 0.0266, s2.acc: 96.8041, s2.loss_bbox: 0.0444, loss_bounder: 0.5570, loss_aux: 0.0000, loss: 0.8944
2026-08-17 01:21:10,101 - mmdet - INFO - Epoch [45][300/1732]	lr: 5.000e-03, eta: 18:12:39, time: 0.689, data_time: 0.005, memory: 17623, loss_rpn_cls: 0.0049, loss_rpn_bbox: 0.0042, s0.loss_cls: 0.1054, s0.acc: 96.9033, s0.loss_bbox: 0.0290, s1.loss_cls: 0.0483, s1.acc: 97.2195, s1.loss_bbox: 0.0428, s2.loss_cls: 0.0244, s2.acc: 97.2298, s2.loss_bbox: 0.0422, loss_bounder: 0.5518, loss_aux: 0.0000, loss: 0.8531
2026-08-17 01:22:19,387 - mmdet - INFO - Epoch [45][400/1732]	lr: 5.000e-03, eta: 18:11:33, time: 0.693, data_time: 0.005, memory: 17623, loss_rpn_cls: 0.0085, loss_rpn_bbox: 0.0052, s0.loss_cls: 0.1178, s0.acc: 96.2842, s0.loss_bbox: 0.0353, s1.loss_cls: 0.0483, s1.acc: 97.0604, s1.loss_bbox: 0.0494, s2.loss_cls: 0.0240, s2.acc: 97.0238, s2.loss_bbox: 0.0447, loss_bounder: 0.5665, loss_aux: 0.0000, loss: 0.8996
2026-08-17 01:23:29,356 - mmdet - INFO - Epoch [45][500/1732]	lr: 5.000e-03, eta: 18:10:28, time: 0.700, data_time: 0.005, memory: 17623, loss_rpn_cls: 0.0064, loss_rpn_bbox: 0.0042, s0.loss_cls: 0.1089, s0.acc: 96.5332, s0.loss_bbox: 0.0335, s1.loss_cls: 0.0486, s1.acc: 96.9891, s1.loss_bbox: 0.0474, s2.loss_cls: 0.0247, s2.acc: 96.9074, s2.loss_bbox: 0.0453, loss_bounder: 0.5429, loss_aux: 0.0000, loss: 0.8618
2026-08-17 01:24:39,030 - mmdet - INFO - Epoch [45][600/1732]	lr: 5.000e-03, eta: 18:09:23, time: 0.697, data_time: 0.005, memory: 17623, loss_rpn_cls: 0.0050, loss_rpn_bbox: 0.0040, s0.loss_cls: 0.1175, s0.acc: 96.5264, s0.loss_bbox: 0.0353, s1.loss_cls: 0.0519, s1.acc: 97.0239, s1.loss_bbox: 0.0494, s2.loss_cls: 0.0256, s2.acc: 97.0824, s2.loss_bbox: 0.0463, loss_bounder: 0.5615, loss_aux: 0.0000, loss: 0.8964
2026-08-17 01:25:48,583 - mmdet - INFO - Epoch [45][700/1732]	lr: 5.000e-03, eta: 18:08:17, time: 0.696, data_time: 0.004, memory: 17623, loss_rpn_cls: 0.0050, loss_rpn_bbox: 0.0043, s0.loss_cls: 0.1033, s0.acc: 96.7646, s0.loss_bbox: 0.0322, s1.loss_cls: 0.0433, s1.acc: 97.3071, s1.loss_bbox: 0.0450, s2.loss_cls: 0.0207, s2.acc: 97.3333, s2.loss_bbox: 0.0414, loss_bounder: 0.5491, loss_aux: 0.0000, loss: 0.8443
2026-08-17 01:26:57,369 - mmdet - INFO - Epoch [45][800/1732]	lr: 5.000e-03, eta: 18:07:10, time: 0.688, data_time: 0.005, memory: 17623, loss_rpn_cls: 0.0044, loss_rpn_bbox: 0.0046, s0.loss_cls: 0.0844, s0.acc: 97.1768, s0.loss_bbox: 0.0345, s1.loss_cls: 0.0354, s1.acc: 97.8243, s1.loss_bbox: 0.0492, s2.loss_cls: 0.0173, s2.acc: 97.8871, s2.loss_bbox: 0.0466, loss_bounder: 0.5482, loss_aux: 0.0000, loss: 0.8246
2026-08-17 01:28:06,089 - mmdet - INFO - Epoch [45][900/1732]	lr: 5.000e-03, eta: 18:06:04, time: 0.687, data_time: 0.005, memory: 17623, loss_rpn_cls: 0.0077, loss_rpn_bbox: 0.0052, s0.loss_cls: 0.1017, s0.acc: 96.8994, s0.loss_bbox: 0.0378, s1.loss_cls: 0.0444, s1.acc: 97.3076, s1.loss_bbox: 0.0518, s2.loss_cls: 0.0226, s2.acc: 97.2532, s2.loss_bbox: 0.0452, loss_bounder: 0.5589, loss_aux: 0.0000, loss: 0.8752
2026-08-17 01:29:16,248 - mmdet - INFO - Epoch [45][1000/1732]	lr: 5.000e-03, eta: 18:04:59, time: 0.702, data_time: 0.005, memory: 17623, loss_rpn_cls: 0.0052, loss_rpn_bbox: 0.0050, s0.loss_cls: 0.1091, s0.acc: 96.5889, s0.loss_bbox: 0.0339, s1.loss_cls: 0.0516, s1.acc: 96.9250, s1.loss_bbox: 0.0491, s2.loss_cls: 0.0237, s2.acc: 97.1715, s2.loss_bbox: 0.0453, loss_bounder: 0.5463, loss_aux: 0.0000, loss: 0.8692
2026-08-17 01:30:25,606 - mmdet - INFO - Epoch [45][1100/1732]	lr: 5.000e-03, eta: 18:03:53, time: 0.694, data_time: 0.005, memory: 17623, loss_rpn_cls: 0.0047, loss_rpn_bbox: 0.0043, s0.loss_cls: 0.1010, s0.acc: 96.7715, s0.loss_bbox: 0.0356, s1.loss_cls: 0.0460, s1.acc: 97.1753, s1.loss_bbox: 0.0505, s2.loss_cls: 0.0233, s2.acc: 97.2207, s2.loss_bbox: 0.0474, loss_bounder: 0.5329, loss_aux: 0.0000, loss: 0.8457
2026-08-17 01:31:34,616 - mmdet - INFO - Epoch [45][1200/1732]	lr: 5.000e-03, eta: 18:02:47, time: 0.690, data_time: 0.004, memory: 17623, loss_rpn_cls: 0.0034, loss_rpn_bbox: 0.0043, s0.loss_cls: 0.1135, s0.acc: 96.4453, s0.loss_bbox: 0.0350, s1.loss_cls: 0.0475, s1.acc: 97.1164, s1.loss_bbox: 0.0522, s2.loss_cls: 0.0250, s2.acc: 97.0538, s2.loss_bbox: 0.0482, loss_bounder: 0.5565, loss_aux: 0.0000, loss: 0.8855
2026-08-17 01:32:43,358 - mmdet - INFO - Epoch [45][1300/1732]	lr: 5.000e-03, eta: 18:01:40, time: 0.687, data_time: 0.005, memory: 17623, loss_rpn_cls: 0.0056, loss_rpn_bbox: 0.0052, s0.loss_cls: 0.1231, s0.acc: 96.0938, s0.loss_bbox: 0.0368, s1.loss_cls: 0.0546, s1.acc: 96.5998, s1.loss_bbox: 0.0516, s2.loss_cls: 0.0267, s2.acc: 96.4200, s2.loss_bbox: 0.0476, loss_bounder: 0.5569, loss_aux: 0.0000, loss: 0.9082
2026-08-17 01:33:52,134 - mmdet - INFO - Epoch [45][1400/1732]	lr: 5.000e-03, eta: 18:00:33, time: 0.688, data_time: 0.004, memory: 17623, loss_rpn_cls: 0.0042, loss_rpn_bbox: 0.0038, s0.loss_cls: 0.0845, s0.acc: 97.3906, s0.loss_bbox: 0.0329, s1.loss_cls: 0.0348, s1.acc: 97.9538, s1.loss_bbox: 0.0491, s2.loss_cls: 0.0172, s2.acc: 97.9796, s2.loss_bbox: 0.0476, loss_bounder: 0.5585, loss_aux: 0.0000, loss: 0.8326
2026-08-17 01:35:01,558 - mmdet - INFO - Epoch [45][1500/1732]	lr: 5.000e-03, eta: 17:59:27, time: 0.694, data_time: 0.005, memory: 17623, loss_rpn_cls: 0.0037, loss_rpn_bbox: 0.0054, s0.loss_cls: 0.0770, s0.acc: 97.2959, s0.loss_bbox: 0.0381, s1.loss_cls: 0.0327, s1.acc: 97.7437, s1.loss_bbox: 0.0539, s2.loss_cls: 0.0171, s2.acc: 97.7929, s2.loss_bbox: 0.0504, loss_bounder: 0.5485, loss_aux: 0.0000, loss: 0.8268
2026-08-17 01:36:10,467 - mmdet - INFO - Epoch [45][1600/1732]	lr: 5.000e-03, eta: 17:58:21, time: 0.689, data_time: 0.005, memory: 17623, loss_rpn_cls: 0.0037, loss_rpn_bbox: 0.0050, s0.loss_cls: 0.0774, s0.acc: 97.4580, s0.loss_bbox: 0.0329, s1.loss_cls: 0.0321, s1.acc: 97.9534, s1.loss_bbox: 0.0492, s2.loss_cls: 0.0164, s2.acc: 97.8695, s2.loss_bbox: 0.0466, loss_bounder: 0.5542, loss_aux: 0.0000, loss: 0.8175
2026-08-17 01:37:19,737 - mmdet - INFO - Epoch [45][1700/1732]	lr: 5.000e-03, eta: 17:57:15, time: 0.693, data_time: 0.005, memory: 17623, loss_rpn_cls: 0.0032, loss_rpn_bbox: 0.0036, s0.loss_cls: 0.0812, s0.acc: 97.4111, s0.loss_bbox: 0.0273, s1.loss_cls: 0.0350, s1.acc: 97.8179, s1.loss_bbox: 0.0427, s2.loss_cls: 0.0173, s2.acc: 97.9161, s2.loss_bbox: 0.0416, loss_bounder: 0.5426, loss_aux: 0.0000, loss: 0.7945
2026-08-17 01:37:42,232 - mmdet - INFO - Saving checkpoint at 45 epochs
2026-08-17 01:38:56,997 - mmdet - INFO - Evaluating bbox...
2026-08-17 01:38:57,919 - mmdet - INFO - 
+-----------+-------+-----------+-------+------------+-------+
| category  | AP    | category  | AP    | category   | AP    |
+-----------+-------+-----------+-------+------------+-------+
| HM        | 0.000 | LQS       | 0.000 | QHS        | 0.221 |
| MS        | 0.406 | A1_SU-35  | 0.667 | A2_C-130   | 0.694 |
| A3_C-17   | 0.752 | A4_C-5    | 0.754 | A5_F-16    | 0.641 |
| A6_TU-160 | 0.685 | A7_E-3    | 0.717 | A8_B-52    | 0.642 |
| A9_P-3C   | 0.700 | A10_B-1B  | 0.725 | A11_E-8    | 0.468 |
| A12_TU-22 | 0.653 | A13_F-15  | 0.621 | A14_KC-135 | 0.696 |
| A15_F-22  | 0.564 | A16_FA-18 | 0.704 | A17_TU-95  | 0.775 |
| A18_KC-10 | 0.496 | A19_SU-34 | 0.658 | A20_SU-24  | 0.519 |
| FSC       | 0.443 | None      | None  | None       | None  |
+-----------+-------+-----------+-------+------------+-------+
2026-08-17 01:38:57,928 - mmdet - INFO - EarlyStoppingHook: bbox_mAP=0.5680 提升幅度不足 0.0010（当前最佳 0.6790，等待 6/16）
2026-08-17 01:38:57,929 - mmdet - INFO - Exp name: aircraft_bafnet_1x.py
2026-08-17 01:38:57,929 - mmdet - INFO - Epoch(val) [45][548]	bbox_mAP: 0.5680, bbox_mAP_50: 0.7670, bbox_mAP_75: 0.6980, bbox_mAP_s: 0.0380, bbox_mAP_m: 0.5720, bbox_mAP_l: 0.5820, bbox_mAP_copypaste: 0.568 0.767 0.698 0.038 0.572 0.582
2026-08-17 01:40:08,785 - mmdet - INFO - Epoch [46][100/1732]	lr: 5.000e-03, eta: 17:55:23, time: 0.708, data_time: 0.028, memory: 17623, loss_rpn_cls: 0.0032, loss_rpn_bbox: 0.0037, s0.loss_cls: 0.0767, s0.acc: 97.5850, s0.loss_bbox: 0.0300, s1.loss_cls: 0.0336, s1.acc: 97.9698, s1.loss_bbox: 0.0444, s2.loss_cls: 0.0158, s2.acc: 98.1764, s2.loss_bbox: 0.0436, loss_bounder: 0.5700, loss_aux: 0.0000, loss: 0.8210
2026-08-17 01:41:18,324 - mmdet - INFO - Epoch [46][200/1732]	lr: 5.000e-03, eta: 17:54:17, time: 0.695, data_time: 0.005, memory: 17623, loss_rpn_cls: 0.0038, loss_rpn_bbox: 0.0041, s0.loss_cls: 0.0846, s0.acc: 97.4229, s0.loss_bbox: 0.0295, s1.loss_cls: 0.0355, s1.acc: 97.9243, s1.loss_bbox: 0.0420, s2.loss_cls: 0.0171, s2.acc: 97.9987, s2.loss_bbox: 0.0404, loss_bounder: 0.5606, loss_aux: 0.0000, loss: 0.8174
2026-08-17 01:42:27,597 - mmdet - INFO - Epoch [46][300/1732]	lr: 5.000e-03, eta: 17:53:11, time: 0.693, data_time: 0.004, memory: 17623, loss_rpn_cls: 0.0026, loss_rpn_bbox: 0.0032, s0.loss_cls: 0.0553, s0.acc: 98.2148, s0.loss_bbox: 0.0259, s1.loss_cls: 0.0211, s1.acc: 98.6630, s1.loss_bbox: 0.0404, s2.loss_cls: 0.0113, s2.acc: 98.6404, s2.loss_bbox: 0.0400, loss_bounder: 0.5647, loss_aux: 0.0000, loss: 0.7645
2026-08-17 01:43:36,950 - mmdet - INFO - Epoch [46][400/1732]	lr: 5.000e-03, eta: 17:52:05, time: 0.694, data_time: 0.004, memory: 17623, loss_rpn_cls: 0.0041, loss_rpn_bbox: 0.0035, s0.loss_cls: 0.0679, s0.acc: 97.7529, s0.loss_bbox: 0.0277, s1.loss_cls: 0.0271, s1.acc: 98.2679, s1.loss_bbox: 0.0407, s2.loss_cls: 0.0134, s2.acc: 98.3710, s2.loss_bbox: 0.0389, loss_bounder: 0.5348, loss_aux: 0.0000, loss: 0.7581
2026-08-17 01:44:45,838 - mmdet - INFO - Epoch [46][500/1732]	lr: 5.000e-03, eta: 17:50:58, time: 0.689, data_time: 0.005, memory: 17623, loss_rpn_cls: 0.0030, loss_rpn_bbox: 0.0029, s0.loss_cls: 0.0361, s0.acc: 98.7178, s0.loss_bbox: 0.0225, s1.loss_cls: 0.0129, s1.acc: 99.0786, s1.loss_bbox: 0.0362, s2.loss_cls: 0.0067, s2.acc: 99.0468, s2.loss_bbox: 0.0367, loss_bounder: 0.5461, loss_aux: 0.0000, loss: 0.7033
2026-08-17 01:45:54,998 - mmdet - INFO - Epoch [46][600/1732]	lr: 5.000e-03, eta: 17:49:52, time: 0.692, data_time: 0.005, memory: 17623, loss_rpn_cls: 0.0052, loss_rpn_bbox: 0.0035, s0.loss_cls: 0.0426, s0.acc: 98.4971, s0.loss_bbox: 0.0264, s1.loss_cls: 0.0147, s1.acc: 99.0105, s1.loss_bbox: 0.0385, s2.loss_cls: 0.0077, s2.acc: 98.9997, s2.loss_bbox: 0.0365, loss_bounder: 0.5447, loss_aux: 0.0000, loss: 0.7199
2026-08-17 01:47:03,924 - mmdet - INFO - Epoch [46][700/1732]	lr: 5.000e-03, eta: 17:48:46, time: 0.689, data_time: 0.005, memory: 17623, loss_rpn_cls: 0.0028, loss_rpn_bbox: 0.0033, s0.loss_cls: 0.0548, s0.acc: 98.1924, s0.loss_bbox: 0.0236, s1.loss_cls: 0.0209, s1.acc: 98.6360, s1.loss_bbox: 0.0346, s2.loss_cls: 0.0108, s2.acc: 98.6454, s2.loss_bbox: 0.0342, loss_bounder: 0.5702, loss_aux: 0.0000, loss: 0.7551
2026-08-17 01:48:14,194 - mmdet - INFO - Epoch [46][800/1732]	lr: 5.000e-03, eta: 17:47:41, time: 0.703, data_time: 0.005, memory: 17623, loss_rpn_cls: 0.0031, loss_rpn_bbox: 0.0043, s0.loss_cls: 0.0429, s0.acc: 98.4521, s0.loss_bbox: 0.0285, s1.loss_cls: 0.0144, s1.acc: 99.0024, s1.loss_bbox: 0.0415, s2.loss_cls: 0.0072, s2.acc: 98.9996, s2.loss_bbox: 0.0392, loss_bounder: 0.5509, loss_aux: 0.0000, loss: 0.7319
2026-08-17 01:49:22,858 - mmdet - INFO - Epoch [46][900/1732]	lr: 5.000e-03, eta: 17:46:34, time: 0.687, data_time: 0.005, memory: 17623, loss_rpn_cls: 0.0028, loss_rpn_bbox: 0.0036, s0.loss_cls: 0.0446, s0.acc: 98.4785, s0.loss_bbox: 0.0254, s1.loss_cls: 0.0166, s1.acc: 98.8791, s1.loss_bbox: 0.0362, s2.loss_cls: 0.0084, s2.acc: 98.8750, s2.loss_bbox: 0.0351, loss_bounder: 0.5460, loss_aux: 0.0000, loss: 0.7187
2026-08-17 01:50:31,822 - mmdet - INFO - Epoch [46][1000/1732]	lr: 5.000e-03, eta: 17:45:28, time: 0.690, data_time: 0.005, memory: 17623, loss_rpn_cls: 0.0037, loss_rpn_bbox: 0.0035, s0.loss_cls: 0.0518, s0.acc: 98.2002, s0.loss_bbox: 0.0265, s1.loss_cls: 0.0199, s1.acc: 98.6020, s1.loss_bbox: 0.0369, s2.loss_cls: 0.0102, s2.acc: 98.6086, s2.loss_bbox: 0.0353, loss_bounder: 0.5567, loss_aux: 0.0000, loss: 0.7446
2026-08-17 01:51:40,256 - mmdet - INFO - Epoch [46][1100/1732]	lr: 5.000e-03, eta: 17:44:20, time: 0.684, data_time: 0.005, memory: 17623, loss_rpn_cls: 0.0023, loss_rpn_bbox: 0.0027, s0.loss_cls: 0.0349, s0.acc: 98.7334, s0.loss_bbox: 0.0225, s1.loss_cls: 0.0123, s1.acc: 99.0863, s1.loss_bbox: 0.0326, s2.loss_cls: 0.0066, s2.acc: 99.1099, s2.loss_bbox: 0.0318, loss_bounder: 0.5568, loss_aux: 0.0000, loss: 0.7026
2026-08-17 01:52:49,644 - mmdet - INFO - Epoch [46][1200/1732]	lr: 5.000e-03, eta: 17:43:14, time: 0.694, data_time: 0.005, memory: 17623, loss_rpn_cls: 0.0063, loss_rpn_bbox: 0.0037, s0.loss_cls: 0.0683, s0.acc: 97.7617, s0.loss_bbox: 0.0285, s1.loss_cls: 0.0248, s1.acc: 98.4111, s1.loss_bbox: 0.0406, s2.loss_cls: 0.0106, s2.acc: 98.6595, s2.loss_bbox: 0.0384, loss_bounder: 0.5610, loss_aux: 0.0000, loss: 0.7823
2026-08-17 01:53:59,659 - mmdet - INFO - Epoch [46][1300/1732]	lr: 5.000e-03, eta: 17:42:09, time: 0.700, data_time: 0.005, memory: 17623, loss_rpn_cls: 0.0032, loss_rpn_bbox: 0.0037, s0.loss_cls: 0.0977, s0.acc: 96.9502, s0.loss_bbox: 0.0328, s1.loss_cls: 0.0439, s1.acc: 97.3747, s1.loss_bbox: 0.0471, s2.loss_cls: 0.0217, s2.acc: 97.3119, s2.loss_bbox: 0.0457, loss_bounder: 0.5666, loss_aux: 0.0000, loss: 0.8624
2026-08-17 01:55:08,378 - mmdet - INFO - Epoch [46][1400/1732]	lr: 5.000e-03, eta: 17:41:02, time: 0.687, data_time: 0.005, memory: 17623, loss_rpn_cls: 0.0037, loss_rpn_bbox: 0.0046, s0.loss_cls: 0.0658, s0.acc: 97.7266, s0.loss_bbox: 0.0326, s1.loss_cls: 0.0264, s1.acc: 98.1744, s1.loss_bbox: 0.0485, s2.loss_cls: 0.0126, s2.acc: 98.2061, s2.loss_bbox: 0.0463, loss_bounder: 0.5458, loss_aux: 0.0000, loss: 0.7861
2026-08-17 01:56:17,459 - mmdet - INFO - Epoch [46][1500/1732]	lr: 5.000e-03, eta: 17:39:56, time: 0.691, data_time: 0.005, memory: 17623, loss_rpn_cls: 0.0032, loss_rpn_bbox: 0.0031, s0.loss_cls: 0.0560, s0.acc: 98.2275, s0.loss_bbox: 0.0265, s1.loss_cls: 0.0202, s1.acc: 98.7486, s1.loss_bbox: 0.0389, s2.loss_cls: 0.0106, s2.acc: 98.7286, s2.loss_bbox: 0.0377, loss_bounder: 0.5287, loss_aux: 0.0000, loss: 0.7249
2026-08-17 01:57:26,599 - mmdet - INFO - Epoch [46][1600/1732]	lr: 5.000e-03, eta: 17:38:50, time: 0.691, data_time: 0.005, memory: 17623, loss_rpn_cls: 0.0033, loss_rpn_bbox: 0.0044, s0.loss_cls: 0.0539, s0.acc: 98.1865, s0.loss_bbox: 0.0278, s1.loss_cls: 0.0220, s1.acc: 98.5359, s1.loss_bbox: 0.0425, s2.loss_cls: 0.0115, s2.acc: 98.5837, s2.loss_bbox: 0.0427, loss_bounder: 0.5452, loss_aux: 0.0000, loss: 0.7532
2026-08-17 01:58:35,346 - mmdet - INFO - Epoch [46][1700/1732]	lr: 5.000e-03, eta: 17:37:43, time: 0.687, data_time: 0.005, memory: 17623, loss_rpn_cls: 0.0026, loss_rpn_bbox: 0.0036, s0.loss_cls: 0.0330, s0.acc: 98.7998, s0.loss_bbox: 0.0230, s1.loss_cls: 0.0105, s1.acc: 99.3144, s1.loss_bbox: 0.0368, s2.loss_cls: 0.0064, s2.acc: 99.2990, s2.loss_bbox: 0.0346, loss_bounder: 0.5447, loss_aux: 0.0000, loss: 0.6951
2026-08-17 01:58:57,474 - mmdet - INFO - Saving checkpoint at 46 epochs
2026-08-17 02:00:13,631 - mmdet - INFO - Evaluating bbox...
2026-08-17 02:00:14,552 - mmdet - INFO - 
+-----------+-------+-----------+-------+------------+-------+
| category  | AP    | category  | AP    | category   | AP    |
+-----------+-------+-----------+-------+------------+-------+
| HM        | 0.353 | LQS       | 0.159 | QHS        | 0.310 |
| MS        | 0.397 | A1_SU-35  | 0.759 | A2_C-130   | 0.691 |
| A3_C-17   | 0.759 | A4_C-5    | 0.756 | A5_F-16    | 0.696 |
| A6_TU-160 | 0.748 | A7_E-3    | 0.686 | A8_B-52    | 0.789 |
| A9_P-3C   | 0.728 | A10_B-1B  | 0.771 | A11_E-8    | 0.656 |
| A12_TU-22 | 0.737 | A13_F-15  | 0.700 | A14_KC-135 | 0.725 |
| A15_F-22  | 0.613 | A16_FA-18 | 0.723 | A17_TU-95  | 0.818 |
| A18_KC-10 | 0.466 | A19_SU-34 | 0.643 | A20_SU-24  | 0.717 |
| FSC       | 0.457 | None      | None  | None       | None  |
+-----------+-------+-----------+-------+------------+-------+
2026-08-17 02:00:14,559 - mmdet - INFO - EarlyStoppingHook: bbox_mAP=0.6340 提升幅度不足 0.0010（当前最佳 0.6790，等待 7/16）
2026-08-17 02:00:14,561 - mmdet - INFO - Exp name: aircraft_bafnet_1x.py
2026-08-17 02:00:14,561 - mmdet - INFO - Epoch(val) [46][548]	bbox_mAP: 0.6340, bbox_mAP_50: 0.8490, bbox_mAP_75: 0.7820, bbox_mAP_s: 0.0930, bbox_mAP_m: 0.6100, bbox_mAP_l: 0.6730, bbox_mAP_copypaste: 0.634 0.849 0.782 0.093 0.610 0.673
2026-08-17 02:01:26,266 - mmdet - INFO - Epoch [47][100/1732]	lr: 5.000e-03, eta: 17:35:53, time: 0.717, data_time: 0.028, memory: 17623, loss_rpn_cls: 0.0025, loss_rpn_bbox: 0.0040, s0.loss_cls: 0.0364, s0.acc: 98.6650, s0.loss_bbox: 0.0260, s1.loss_cls: 0.0126, s1.acc: 99.1166, s1.loss_bbox: 0.0392, s2.loss_cls: 0.0065, s2.acc: 99.1249, s2.loss_bbox: 0.0380, loss_bounder: 0.5558, loss_aux: 0.0000, loss: 0.7209
2026-08-17 02:02:34,929 - mmdet - INFO - Epoch [47][200/1732]	lr: 5.000e-03, eta: 17:34:46, time: 0.687, data_time: 0.005, memory: 17623, loss_rpn_cls: 0.0028, loss_rpn_bbox: 0.0031, s0.loss_cls: 0.0327, s0.acc: 98.7979, s0.loss_bbox: 0.0198, s1.loss_cls: 0.0104, s1.acc: 99.2856, s1.loss_bbox: 0.0300, s2.loss_cls: 0.0051, s2.acc: 99.4081, s2.loss_bbox: 0.0306, loss_bounder: 0.5524, loss_aux: 0.0000, loss: 0.6870
2026-08-17 02:03:43,908 - mmdet - INFO - Epoch [47][300/1732]	lr: 5.000e-03, eta: 17:33:39, time: 0.690, data_time: 0.005, memory: 17623, loss_rpn_cls: 0.0018, loss_rpn_bbox: 0.0027, s0.loss_cls: 0.0281, s0.acc: 98.9961, s0.loss_bbox: 0.0179, s1.loss_cls: 0.0093, s1.acc: 99.3686, s1.loss_bbox: 0.0267, s2.loss_cls: 0.0048, s2.acc: 99.3636, s2.loss_bbox: 0.0271, loss_bounder: 0.5515, loss_aux: 0.0000, loss: 0.6698
2026-08-17 02:04:53,587 - mmdet - INFO - Epoch [47][400/1732]	lr: 5.000e-03, eta: 17:32:34, time: 0.697, data_time: 0.005, memory: 17623, loss_rpn_cls: 0.0024, loss_rpn_bbox: 0.0028, s0.loss_cls: 0.0298, s0.acc: 98.8652, s0.loss_bbox: 0.0191, s1.loss_cls: 0.0099, s1.acc: 99.2632, s1.loss_bbox: 0.0286, s2.loss_cls: 0.0049, s2.acc: 99.2619, s2.loss_bbox: 0.0291, loss_bounder: 0.5445, loss_aux: 0.0000, loss: 0.6711
2026-08-17 02:06:02,644 - mmdet - INFO - Epoch [47][500/1732]	lr: 5.000e-03, eta: 17:31:27, time: 0.691, data_time: 0.005, memory: 17623, loss_rpn_cls: 0.0052, loss_rpn_bbox: 0.0036, s0.loss_cls: 0.0443, s0.acc: 98.4844, s0.loss_bbox: 0.0233, s1.loss_cls: 0.0161, s1.acc: 98.9016, s1.loss_bbox: 0.0329, s2.loss_cls: 0.0075, s2.acc: 99.0486, s2.loss_bbox: 0.0316, loss_bounder: 0.5523, loss_aux: 0.0000, loss: 0.7168
2026-08-17 02:07:12,231 - mmdet - INFO - Epoch [47][600/1732]	lr: 5.000e-03, eta: 17:30:22, time: 0.696, data_time: 0.004, memory: 17623, loss_rpn_cls: 0.0029, loss_rpn_bbox: 0.0027, s0.loss_cls: 0.0470, s0.acc: 98.4521, s0.loss_bbox: 0.0188, s1.loss_cls: 0.0183, s1.acc: 98.7687, s1.loss_bbox: 0.0286, s2.loss_cls: 0.0083, s2.acc: 98.9263, s2.loss_bbox: 0.0294, loss_bounder: 0.5328, loss_aux: 0.0000, loss: 0.6887
2026-08-17 02:08:21,247 - mmdet - INFO - Epoch [47][700/1732]	lr: 5.000e-03, eta: 17:29:15, time: 0.690, data_time: 0.005, memory: 17623, loss_rpn_cls: 0.0027, loss_rpn_bbox: 0.0028, s0.loss_cls: 0.0417, s0.acc: 98.5498, s0.loss_bbox: 0.0194, s1.loss_cls: 0.0141, s1.acc: 99.0155, s1.loss_bbox: 0.0295, s2.loss_cls: 0.0065, s2.acc: 99.1730, s2.loss_bbox: 0.0296, loss_bounder: 0.5609, loss_aux: 0.0000, loss: 0.7073
2026-08-17 02:09:30,324 - mmdet - INFO - Epoch [47][800/1732]	lr: 5.000e-03, eta: 17:28:09, time: 0.691, data_time: 0.005, memory: 17623, loss_rpn_cls: 0.0026, loss_rpn_bbox: 0.0033, s0.loss_cls: 0.0378, s0.acc: 98.6162, s0.loss_bbox: 0.0231, s1.loss_cls: 0.0128, s1.acc: 99.0353, s1.loss_bbox: 0.0353, s2.loss_cls: 0.0060, s2.acc: 99.1466, s2.loss_bbox: 0.0348, loss_bounder: 0.5443, loss_aux: 0.0000, loss: 0.7000
2026-08-17 02:10:39,818 - mmdet - INFO - Epoch [47][900/1732]	lr: 5.000e-03, eta: 17:27:03, time: 0.695, data_time: 0.005, memory: 17623, loss_rpn_cls: 0.0026, loss_rpn_bbox: 0.0025, s0.loss_cls: 0.0369, s0.acc: 98.7051, s0.loss_bbox: 0.0189, s1.loss_cls: 0.0134, s1.acc: 99.0429, s1.loss_bbox: 0.0284, s2.loss_cls: 0.0065, s2.acc: 99.1469, s2.loss_bbox: 0.0286, loss_bounder: 0.5398, loss_aux: 0.0000, loss: 0.6776
2026-08-17 02:11:48,646 - mmdet - INFO - Epoch [47][1000/1732]	lr: 5.000e-03, eta: 17:25:56, time: 0.688, data_time: 0.005, memory: 17623, loss_rpn_cls: 0.0023, loss_rpn_bbox: 0.0025, s0.loss_cls: 0.0285, s0.acc: 98.9219, s0.loss_bbox: 0.0196, s1.loss_cls: 0.0103, s1.acc: 99.2143, s1.loss_bbox: 0.0296, s2.loss_cls: 0.0055, s2.acc: 99.1771, s2.loss_bbox: 0.0306, loss_bounder: 0.5377, loss_aux: 0.0000, loss: 0.6667
2026-08-17 02:12:57,236 - mmdet - INFO - Epoch [47][1100/1732]	lr: 5.000e-03, eta: 17:24:49, time: 0.686, data_time: 0.005, memory: 17623, loss_rpn_cls: 0.0027, loss_rpn_bbox: 0.0025, s0.loss_cls: 0.0324, s0.acc: 98.8770, s0.loss_bbox: 0.0197, s1.loss_cls: 0.0110, s1.acc: 99.2747, s1.loss_bbox: 0.0297, s2.loss_cls: 0.0054, s2.acc: 99.3580, s2.loss_bbox: 0.0312, loss_bounder: 0.5489, loss_aux: 0.0000, loss: 0.6835
2026-08-17 02:14:06,100 - mmdet - INFO - Epoch [47][1200/1732]	lr: 5.000e-03, eta: 17:23:43, time: 0.689, data_time: 0.005, memory: 17623, loss_rpn_cls: 0.0026, loss_rpn_bbox: 0.0030, s0.loss_cls: 0.0592, s0.acc: 97.9951, s0.loss_bbox: 0.0230, s1.loss_cls: 0.0236, s1.acc: 98.4579, s1.loss_bbox: 0.0340, s2.loss_cls: 0.0113, s2.acc: 98.5043, s2.loss_bbox: 0.0341, loss_bounder: 0.5545, loss_aux: 0.0000, loss: 0.7452
2026-08-17 02:15:15,157 - mmdet - INFO - Epoch [47][1300/1732]	lr: 5.000e-03, eta: 17:22:36, time: 0.691, data_time: 0.005, memory: 17623, loss_rpn_cls: 0.0026, loss_rpn_bbox: 0.0024, s0.loss_cls: 0.0460, s0.acc: 98.4238, s0.loss_bbox: 0.0211, s1.loss_cls: 0.0168, s1.acc: 98.8378, s1.loss_bbox: 0.0338, s2.loss_cls: 0.0077, s2.acc: 98.9287, s2.loss_bbox: 0.0344, loss_bounder: 0.5510, loss_aux: 0.0000, loss: 0.7159
2026-08-17 02:16:25,059 - mmdet - INFO - Epoch [47][1400/1732]	lr: 5.000e-03, eta: 17:21:31, time: 0.699, data_time: 0.005, memory: 17623, loss_rpn_cls: 0.0026, loss_rpn_bbox: 0.0033, s0.loss_cls: 0.0498, s0.acc: 98.3496, s0.loss_bbox: 0.0243, s1.loss_cls: 0.0170, s1.acc: 98.8269, s1.loss_bbox: 0.0371, s2.loss_cls: 0.0086, s2.acc: 98.8396, s2.loss_bbox: 0.0366, loss_bounder: 0.5549, loss_aux: 0.0000, loss: 0.7342
2026-08-17 02:17:34,225 - mmdet - INFO - Epoch [47][1500/1732]	lr: 5.000e-03, eta: 17:20:24, time: 0.692, data_time: 0.005, memory: 17623, loss_rpn_cls: 0.0019, loss_rpn_bbox: 0.0031, s0.loss_cls: 0.0279, s0.acc: 98.9766, s0.loss_bbox: 0.0207, s1.loss_cls: 0.0087, s1.acc: 99.3885, s1.loss_bbox: 0.0306, s2.loss_cls: 0.0048, s2.acc: 99.3501, s2.loss_bbox: 0.0308, loss_bounder: 0.5577, loss_aux: 0.0000, loss: 0.6863
2026-08-17 02:18:42,881 - mmdet - INFO - Epoch [47][1600/1732]	lr: 5.000e-03, eta: 17:19:18, time: 0.687, data_time: 0.005, memory: 17623, loss_rpn_cls: 0.0024, loss_rpn_bbox: 0.0037, s0.loss_cls: 0.0316, s0.acc: 98.8271, s0.loss_bbox: 0.0220, s1.loss_cls: 0.0128, s1.acc: 99.0767, s1.loss_bbox: 0.0320, s2.loss_cls: 0.0067, s2.acc: 99.0979, s2.loss_bbox: 0.0329, loss_bounder: 0.5648, loss_aux: 0.0000, loss: 0.7089
2026-08-17 02:19:51,241 - mmdet - INFO - Epoch [47][1700/1732]	lr: 5.000e-03, eta: 17:18:10, time: 0.684, data_time: 0.005, memory: 17623, loss_rpn_cls: 0.0029, loss_rpn_bbox: 0.0034, s0.loss_cls: 0.0262, s0.acc: 99.0996, s0.loss_bbox: 0.0197, s1.loss_cls: 0.0087, s1.acc: 99.4553, s1.loss_bbox: 0.0294, s2.loss_cls: 0.0044, s2.acc: 99.4447, s2.loss_bbox: 0.0298, loss_bounder: 0.5545, loss_aux: 0.0000, loss: 0.6790
2026-08-17 02:20:13,698 - mmdet - INFO - Saving checkpoint at 47 epochs
2026-08-17 02:21:29,695 - mmdet - INFO - Evaluating bbox...
2026-08-17 02:21:30,615 - mmdet - INFO - 
+-----------+-------+-----------+-------+------------+-------+
| category  | AP    | category  | AP    | category   | AP    |
+-----------+-------+-----------+-------+------------+-------+
| HM        | 0.000 | LQS       | 0.116 | QHS        | 0.338 |
| MS        | 0.399 | A1_SU-35  | 0.746 | A2_C-130   | 0.686 |
| A3_C-17   | 0.707 | A4_C-5    | 0.440 | A5_F-16    | 0.647 |
| A6_TU-160 | 0.777 | A7_E-3    | 0.774 | A8_B-52    | 0.757 |
| A9_P-3C   | 0.744 | A10_B-1B  | 0.780 | A11_E-8    | 0.385 |
| A12_TU-22 | 0.745 | A13_F-15  | 0.693 | A14_KC-135 | 0.683 |
| A15_F-22  | 0.650 | A16_FA-18 | 0.675 | A17_TU-95  | 0.805 |
| A18_KC-10 | 0.473 | A19_SU-34 | 0.614 | A20_SU-24  | 0.727 |
| FSC       | 0.445 | None      | None  | None       | None  |
+-----------+-------+-----------+-------+------------+-------+
2026-08-17 02:21:30,624 - mmdet - INFO - EarlyStoppingHook: bbox_mAP=0.5920 提升幅度不足 0.0010（当前最佳 0.6790，等待 8/16）
2026-08-17 02:21:30,625 - mmdet - INFO - Exp name: aircraft_bafnet_1x.py
2026-08-17 02:21:30,625 - mmdet - INFO - Epoch(val) [47][548]	bbox_mAP: 0.5920, bbox_mAP_50: 0.7900, bbox_mAP_75: 0.7300, bbox_mAP_s: 0.0800, bbox_mAP_m: 0.6050, bbox_mAP_l: 0.6220, bbox_mAP_copypaste: 0.592 0.790 0.730 0.080 0.605 0.622
2026-08-17 02:22:41,939 - mmdet - INFO - Epoch [48][100/1732]	lr: 5.000e-03, eta: 17:16:20, time: 0.713, data_time: 0.028, memory: 17623, loss_rpn_cls: 0.0024, loss_rpn_bbox: 0.0029, s0.loss_cls: 0.0322, s0.acc: 98.9297, s0.loss_bbox: 0.0195, s1.loss_cls: 0.0112, s1.acc: 99.3559, s1.loss_bbox: 0.0279, s2.loss_cls: 0.0059, s2.acc: 99.3527, s2.loss_bbox: 0.0291, loss_bounder: 0.5571, loss_aux: 0.0000, loss: 0.6882
2026-08-17 02:23:50,776 - mmdet - INFO - Epoch [48][200/1732]	lr: 5.000e-03, eta: 17:15:14, time: 0.688, data_time: 0.005, memory: 17623, loss_rpn_cls: 0.0025, loss_rpn_bbox: 0.0028, s0.loss_cls: 0.0287, s0.acc: 99.0059, s0.loss_bbox: 0.0194, s1.loss_cls: 0.0097, s1.acc: 99.3855, s1.loss_bbox: 0.0289, s2.loss_cls: 0.0053, s2.acc: 99.4008, s2.loss_bbox: 0.0292, loss_bounder: 0.5544, loss_aux: 0.0000, loss: 0.6809
2026-08-17 02:24:59,393 - mmdet - INFO - Epoch [48][300/1732]	lr: 5.000e-03, eta: 17:14:07, time: 0.686, data_time: 0.005, memory: 17623, loss_rpn_cls: 0.0025, loss_rpn_bbox: 0.0024, s0.loss_cls: 0.0276, s0.acc: 99.0107, s0.loss_bbox: 0.0179, s1.loss_cls: 0.0091, s1.acc: 99.4069, s1.loss_bbox: 0.0269, s2.loss_cls: 0.0046, s2.acc: 99.3710, s2.loss_bbox: 0.0279, loss_bounder: 0.5399, loss_aux: 0.0000, loss: 0.6586
2026-08-17 02:26:08,358 - mmdet - INFO - Epoch [48][400/1732]	lr: 5.000e-03, eta: 17:13:00, time: 0.690, data_time: 0.005, memory: 17623, loss_rpn_cls: 0.0017, loss_rpn_bbox: 0.0024, s0.loss_cls: 0.0291, s0.acc: 98.9287, s0.loss_bbox: 0.0171, s1.loss_cls: 0.0094, s1.acc: 99.3957, s1.loss_bbox: 0.0260, s2.loss_cls: 0.0049, s2.acc: 99.3650, s2.loss_bbox: 0.0271, loss_bounder: 0.5484, loss_aux: 0.0000, loss: 0.6661
2026-08-17 02:27:17,298 - mmdet - INFO - Epoch [48][500/1732]	lr: 5.000e-03, eta: 17:11:54, time: 0.689, data_time: 0.005, memory: 17623, loss_rpn_cls: 0.0020, loss_rpn_bbox: 0.0027, s0.loss_cls: 0.0301, s0.acc: 98.9570, s0.loss_bbox: 0.0161, s1.loss_cls: 0.0105, s1.acc: 99.3066, s1.loss_bbox: 0.0249, s2.loss_cls: 0.0054, s2.acc: 99.3364, s2.loss_bbox: 0.0257, loss_bounder: 0.5475, loss_aux: 0.0000, loss: 0.6649
2026-08-17 02:28:26,804 - mmdet - INFO - Epoch [48][600/1732]	lr: 5.000e-03, eta: 17:10:48, time: 0.695, data_time: 0.005, memory: 17623, loss_rpn_cls: 0.0021, loss_rpn_bbox: 0.0030, s0.loss_cls: 0.0462, s0.acc: 98.4150, s0.loss_bbox: 0.0197, s1.loss_cls: 0.0181, s1.acc: 98.8249, s1.loss_bbox: 0.0295, s2.loss_cls: 0.0092, s2.acc: 98.8124, s2.loss_bbox: 0.0300, loss_bounder: 0.5589, loss_aux: 0.0000, loss: 0.7168
2026-08-17 02:29:35,859 - mmdet - INFO - Epoch [48][700/1732]	lr: 5.000e-03, eta: 17:09:41, time: 0.691, data_time: 0.004, memory: 17623, loss_rpn_cls: 0.0019, loss_rpn_bbox: 0.0028, s0.loss_cls: 0.0279, s0.acc: 99.0068, s0.loss_bbox: 0.0180, s1.loss_cls: 0.0084, s1.acc: 99.4008, s1.loss_bbox: 0.0275, s2.loss_cls: 0.0044, s2.acc: 99.3974, s2.loss_bbox: 0.0285, loss_bounder: 0.5394, loss_aux: 0.0000, loss: 0.6589
2026-08-17 02:30:44,769 - mmdet - INFO - Epoch [48][800/1732]	lr: 5.000e-03, eta: 17:08:35, time: 0.689, data_time: 0.005, memory: 17623, loss_rpn_cls: 0.0019, loss_rpn_bbox: 0.0030, s0.loss_cls: 0.0231, s0.acc: 99.1641, s0.loss_bbox: 0.0177, s1.loss_cls: 0.0060, s1.acc: 99.6043, s1.loss_bbox: 0.0260, s2.loss_cls: 0.0029, s2.acc: 99.6440, s2.loss_bbox: 0.0270, loss_bounder: 0.5498, loss_aux: 0.0000, loss: 0.6574
2026-08-17 02:31:53,242 - mmdet - INFO - Epoch [48][900/1732]	lr: 5.000e-03, eta: 17:07:27, time: 0.685, data_time: 0.005, memory: 17623, loss_rpn_cls: 0.0024, loss_rpn_bbox: 0.0029, s0.loss_cls: 0.0284, s0.acc: 98.9795, s0.loss_bbox: 0.0217, s1.loss_cls: 0.0089, s1.acc: 99.3514, s1.loss_bbox: 0.0302, s2.loss_cls: 0.0045, s2.acc: 99.4104, s2.loss_bbox: 0.0305, loss_bounder: 0.5361, loss_aux: 0.0000, loss: 0.6655
2026-08-17 02:33:02,491 - mmdet - INFO - Epoch [48][1000/1732]	lr: 5.000e-03, eta: 17:06:21, time: 0.692, data_time: 0.005, memory: 17623, loss_rpn_cls: 0.0022, loss_rpn_bbox: 0.0029, s0.loss_cls: 0.0228, s0.acc: 99.1895, s0.loss_bbox: 0.0206, s1.loss_cls: 0.0066, s1.acc: 99.5565, s1.loss_bbox: 0.0294, s2.loss_cls: 0.0035, s2.acc: 99.5735, s2.loss_bbox: 0.0295, loss_bounder: 0.5428, loss_aux: 0.0000, loss: 0.6603
2026-08-17 02:34:11,917 - mmdet - INFO - Epoch [48][1100/1732]	lr: 5.000e-03, eta: 17:05:15, time: 0.694, data_time: 0.005, memory: 17623, loss_rpn_cls: 0.0013, loss_rpn_bbox: 0.0024, s0.loss_cls: 0.0226, s0.acc: 99.1162, s0.loss_bbox: 0.0165, s1.loss_cls: 0.0055, s1.acc: 99.5855, s1.loss_bbox: 0.0249, s2.loss_cls: 0.0026, s2.acc: 99.6537, s2.loss_bbox: 0.0258, loss_bounder: 0.5524, loss_aux: 0.0000, loss: 0.6540
2026-08-17 02:35:21,036 - mmdet - INFO - Epoch [48][1200/1732]	lr: 5.000e-03, eta: 17:04:09, time: 0.691, data_time: 0.004, memory: 17623, loss_rpn_cls: 0.0019, loss_rpn_bbox: 0.0027, s0.loss_cls: 0.0323, s0.acc: 98.8457, s0.loss_bbox: 0.0184, s1.loss_cls: 0.0118, s1.acc: 99.1852, s1.loss_bbox: 0.0270, s2.loss_cls: 0.0061, s2.acc: 99.1534, s2.loss_bbox: 0.0270, loss_bounder: 0.5458, loss_aux: 0.0000, loss: 0.6732
2026-08-17 02:36:30,766 - mmdet - INFO - Epoch [48][1300/1732]	lr: 5.000e-03, eta: 17:03:03, time: 0.697, data_time: 0.005, memory: 17623, loss_rpn_cls: 0.0016, loss_rpn_bbox: 0.0024, s0.loss_cls: 0.0410, s0.acc: 98.7471, s0.loss_bbox: 0.0185, s1.loss_cls: 0.0170, s1.acc: 99.0988, s1.loss_bbox: 0.0281, s2.loss_cls: 0.0087, s2.acc: 99.0938, s2.loss_bbox: 0.0285, loss_bounder: 0.5411, loss_aux: 0.0000, loss: 0.6868
2026-08-17 02:37:39,265 - mmdet - INFO - Epoch [48][1400/1732]	lr: 5.000e-03, eta: 17:01:56, time: 0.685, data_time: 0.004, memory: 17623, loss_rpn_cls: 0.0025, loss_rpn_bbox: 0.0026, s0.loss_cls: 0.0271, s0.acc: 99.0430, s0.loss_bbox: 0.0160, s1.loss_cls: 0.0087, s1.acc: 99.4385, s1.loss_bbox: 0.0253, s2.loss_cls: 0.0045, s2.acc: 99.4087, s2.loss_bbox: 0.0262, loss_bounder: 0.5687, loss_aux: 0.0000, loss: 0.6817
2026-08-17 02:38:48,195 - mmdet - INFO - Epoch [48][1500/1732]	lr: 5.000e-03, eta: 17:00:49, time: 0.689, data_time: 0.005, memory: 17623, loss_rpn_cls: 0.0023, loss_rpn_bbox: 0.0025, s0.loss_cls: 0.0300, s0.acc: 98.9707, s0.loss_bbox: 0.0188, s1.loss_cls: 0.0092, s1.acc: 99.3784, s1.loss_bbox: 0.0282, s2.loss_cls: 0.0048, s2.acc: 99.3989, s2.loss_bbox: 0.0296, loss_bounder: 0.5498, loss_aux: 0.0000, loss: 0.6753
2026-08-17 02:39:57,050 - mmdet - INFO - Epoch [48][1600/1732]	lr: 5.000e-03, eta: 16:59:43, time: 0.689, data_time: 0.005, memory: 17623, loss_rpn_cls: 0.0021, loss_rpn_bbox: 0.0030, s0.loss_cls: 0.0288, s0.acc: 98.9590, s0.loss_bbox: 0.0189, s1.loss_cls: 0.0097, s1.acc: 99.3780, s1.loss_bbox: 0.0290, s2.loss_cls: 0.0050, s2.acc: 99.3591, s2.loss_bbox: 0.0291, loss_bounder: 0.5686, loss_aux: 0.0000, loss: 0.6942
2026-08-17 02:41:06,302 - mmdet - INFO - Epoch [48][1700/1732]	lr: 5.000e-03, eta: 16:58:36, time: 0.693, data_time: 0.005, memory: 17623, loss_rpn_cls: 0.0018, loss_rpn_bbox: 0.0026, s0.loss_cls: 0.0240, s0.acc: 99.0879, s0.loss_bbox: 0.0160, s1.loss_cls: 0.0069, s1.acc: 99.5417, s1.loss_bbox: 0.0246, s2.loss_cls: 0.0036, s2.acc: 99.5342, s2.loss_bbox: 0.0257, loss_bounder: 0.5520, loss_aux: 0.0000, loss: 0.6573
2026-08-17 02:41:28,410 - mmdet - INFO - Saving checkpoint at 48 epochs
2026-08-17 02:42:44,583 - mmdet - INFO - Evaluating bbox...
2026-08-17 02:42:45,494 - mmdet - INFO - 
+-----------+-------+-----------+-------+------------+-------+
| category  | AP    | category  | AP    | category   | AP    |
+-----------+-------+-----------+-------+------------+-------+
| HM        | 0.401 | LQS       | 0.174 | QHS        | 0.336 |
| MS        | 0.420 | A1_SU-35  | 0.772 | A2_C-130   | 0.697 |
| A3_C-17   | 0.718 | A4_C-5    | 0.803 | A5_F-16    | 0.712 |
| A6_TU-160 | 0.799 | A7_E-3    | 0.785 | A8_B-52    | 0.740 |
| A9_P-3C   | 0.760 | A10_B-1B  | 0.794 | A11_E-8    | 0.581 |
| A12_TU-22 | 0.761 | A13_F-15  | 0.660 | A14_KC-135 | 0.744 |
| A15_F-22  | 0.620 | A16_FA-18 | 0.731 | A17_TU-95  | 0.819 |
| A18_KC-10 | 0.516 | A19_SU-34 | 0.690 | A20_SU-24  | 0.735 |
| FSC       | 0.450 | None      | None  | None       | None  |
+-----------+-------+-----------+-------+------------+-------+
2026-08-17 02:42:45,501 - mmdet - INFO - EarlyStoppingHook: bbox_mAP=0.6490 提升幅度不足 0.0010（当前最佳 0.6790，等待 9/16）
2026-08-17 02:42:45,503 - mmdet - INFO - Exp name: aircraft_bafnet_1x.py
2026-08-17 02:42:45,503 - mmdet - INFO - Epoch(val) [48][548]	bbox_mAP: 0.6490, bbox_mAP_50: 0.8750, bbox_mAP_75: 0.7830, bbox_mAP_s: 0.0920, bbox_mAP_m: 0.6080, bbox_mAP_l: 0.7030, bbox_mAP_copypaste: 0.649 0.875 0.783 0.092 0.608 0.703
2026-08-17 02:43:56,922 - mmdet - INFO - Epoch [49][100/1732]	lr: 5.000e-03, eta: 16:56:47, time: 0.714, data_time: 0.028, memory: 17623, loss_rpn_cls: 0.0014, loss_rpn_bbox: 0.0020, s0.loss_cls: 0.0204, s0.acc: 99.2373, s0.loss_bbox: 0.0148, s1.loss_cls: 0.0060, s1.acc: 99.5736, s1.loss_bbox: 0.0221, s2.loss_cls: 0.0030, s2.acc: 99.6086, s2.loss_bbox: 0.0224, loss_bounder: 0.5468, loss_aux: 0.0000, loss: 0.6388
2026-08-17 02:45:06,140 - mmdet - INFO - Epoch [49][200/1732]	lr: 5.000e-03, eta: 16:55:41, time: 0.692, data_time: 0.005, memory: 17623, loss_rpn_cls: 0.0020, loss_rpn_bbox: 0.0027, s0.loss_cls: 0.0229, s0.acc: 99.1680, s0.loss_bbox: 0.0175, s1.loss_cls: 0.0077, s1.acc: 99.4241, s1.loss_bbox: 0.0248, s2.loss_cls: 0.0038, s2.acc: 99.4909, s2.loss_bbox: 0.0257, loss_bounder: 0.5547, loss_aux: 0.0000, loss: 0.6618
2026-08-17 02:46:14,615 - mmdet - INFO - Epoch [49][300/1732]	lr: 5.000e-03, eta: 16:54:34, time: 0.685, data_time: 0.005, memory: 17623, loss_rpn_cls: 0.0012, loss_rpn_bbox: 0.0024, s0.loss_cls: 0.0201, s0.acc: 99.2500, s0.loss_bbox: 0.0161, s1.loss_cls: 0.0059, s1.acc: 99.5935, s1.loss_bbox: 0.0246, s2.loss_cls: 0.0029, s2.acc: 99.6032, s2.loss_bbox: 0.0259, loss_bounder: 0.5638, loss_aux: 0.0000, loss: 0.6628
2026-08-17 02:47:23,439 - mmdet - INFO - Epoch [49][400/1732]	lr: 5.000e-03, eta: 16:53:27, time: 0.688, data_time: 0.005, memory: 17623, loss_rpn_cls: 0.0021, loss_rpn_bbox: 0.0030, s0.loss_cls: 0.0212, s0.acc: 99.2305, s0.loss_bbox: 0.0160, s1.loss_cls: 0.0064, s1.acc: 99.5502, s1.loss_bbox: 0.0216, s2.loss_cls: 0.0033, s2.acc: 99.5550, s2.loss_bbox: 0.0219, loss_bounder: 0.5401, loss_aux: 0.0000, loss: 0.6355
2026-08-17 02:48:33,230 - mmdet - INFO - Epoch [49][500/1732]	lr: 5.000e-03, eta: 16:52:21, time: 0.698, data_time: 0.005, memory: 17623, loss_rpn_cls: 0.0015, loss_rpn_bbox: 0.0028, s0.loss_cls: 0.0233, s0.acc: 99.1504, s0.loss_bbox: 0.0165, s1.loss_cls: 0.0073, s1.acc: 99.4324, s1.loss_bbox: 0.0236, s2.loss_cls: 0.0034, s2.acc: 99.4357, s2.loss_bbox: 0.0239, loss_bounder: 0.5511, loss_aux: 0.0000, loss: 0.6537
2026-08-17 02:49:42,876 - mmdet - INFO - Epoch [49][600/1732]	lr: 5.000e-03, eta: 16:51:15, time: 0.696, data_time: 0.005, memory: 17623, loss_rpn_cls: 0.0016, loss_rpn_bbox: 0.0024, s0.loss_cls: 0.0292, s0.acc: 99.0010, s0.loss_bbox: 0.0159, s1.loss_cls: 0.0098, s1.acc: 99.3379, s1.loss_bbox: 0.0239, s2.loss_cls: 0.0048, s2.acc: 99.4332, s2.loss_bbox: 0.0248, loss_bounder: 0.5407, loss_aux: 0.0000, loss: 0.6532
2026-08-17 02:50:51,772 - mmdet - INFO - Epoch [49][700/1732]	lr: 5.000e-03, eta: 16:50:09, time: 0.689, data_time: 0.005, memory: 17623, loss_rpn_cls: 0.0018, loss_rpn_bbox: 0.0024, s0.loss_cls: 0.0211, s0.acc: 99.2676, s0.loss_bbox: 0.0164, s1.loss_cls: 0.0065, s1.acc: 99.5818, s1.loss_bbox: 0.0230, s2.loss_cls: 0.0033, s2.acc: 99.5882, s2.loss_bbox: 0.0235, loss_bounder: 0.5492, loss_aux: 0.0000, loss: 0.6472
2026-08-17 02:52:00,688 - mmdet - INFO - Epoch [49][800/1732]	lr: 5.000e-03, eta: 16:49:02, time: 0.689, data_time: 0.005, memory: 17623, loss_rpn_cls: 0.0025, loss_rpn_bbox: 0.0025, s0.loss_cls: 0.0165, s0.acc: 99.3848, s0.loss_bbox: 0.0151, s1.loss_cls: 0.0045, s1.acc: 99.6772, s1.loss_bbox: 0.0209, s2.loss_cls: 0.0022, s2.acc: 99.6961, s2.loss_bbox: 0.0216, loss_bounder: 0.5567, loss_aux: 0.0000, loss: 0.6424
2026-08-17 02:53:09,720 - mmdet - INFO - Epoch [49][900/1732]	lr: 5.000e-03, eta: 16:47:56, time: 0.690, data_time: 0.005, memory: 17623, loss_rpn_cls: 0.0018, loss_rpn_bbox: 0.0024, s0.loss_cls: 0.0183, s0.acc: 99.3135, s0.loss_bbox: 0.0143, s1.loss_cls: 0.0048, s1.acc: 99.6366, s1.loss_bbox: 0.0208, s2.loss_cls: 0.0021, s2.acc: 99.7526, s2.loss_bbox: 0.0221, loss_bounder: 0.5638, loss_aux: 0.0000, loss: 0.6505
2026-08-17 02:54:18,259 - mmdet - INFO - Epoch [49][1000/1732]	lr: 5.000e-03, eta: 16:46:48, time: 0.685, data_time: 0.005, memory: 17623, loss_rpn_cls: 0.0019, loss_rpn_bbox: 0.0023, s0.loss_cls: 0.0186, s0.acc: 99.3076, s0.loss_bbox: 0.0158, s1.loss_cls: 0.0049, s1.acc: 99.6447, s1.loss_bbox: 0.0219, s2.loss_cls: 0.0023, s2.acc: 99.7091, s2.loss_bbox: 0.0222, loss_bounder: 0.5327, loss_aux: 0.0000, loss: 0.6227
2026-08-17 02:55:26,695 - mmdet - INFO - Epoch [49][1100/1732]	lr: 5.000e-03, eta: 16:45:41, time: 0.684, data_time: 0.005, memory: 17623, loss_rpn_cls: 0.0019, loss_rpn_bbox: 0.0024, s0.loss_cls: 0.0183, s0.acc: 99.3076, s0.loss_bbox: 0.0165, s1.loss_cls: 0.0049, s1.acc: 99.6403, s1.loss_bbox: 0.0239, s2.loss_cls: 0.0026, s2.acc: 99.6130, s2.loss_bbox: 0.0235, loss_bounder: 0.5611, loss_aux: 0.0000, loss: 0.6551
2026-08-17 02:56:35,760 - mmdet - INFO - Epoch [49][1200/1732]	lr: 5.000e-03, eta: 16:44:35, time: 0.691, data_time: 0.005, memory: 17623, loss_rpn_cls: 0.0020, loss_rpn_bbox: 0.0023, s0.loss_cls: 0.0180, s0.acc: 99.3506, s0.loss_bbox: 0.0146, s1.loss_cls: 0.0042, s1.acc: 99.7131, s1.loss_bbox: 0.0203, s2.loss_cls: 0.0020, s2.acc: 99.7721, s2.loss_bbox: 0.0208, loss_bounder: 0.5583, loss_aux: 0.0000, loss: 0.6425
2026-08-17 02:57:45,241 - mmdet - INFO - Epoch [49][1300/1732]	lr: 5.000e-03, eta: 16:43:29, time: 0.695, data_time: 0.005, memory: 17623, loss_rpn_cls: 0.0019, loss_rpn_bbox: 0.0019, s0.loss_cls: 0.0164, s0.acc: 99.3818, s0.loss_bbox: 0.0155, s1.loss_cls: 0.0046, s1.acc: 99.6646, s1.loss_bbox: 0.0237, s2.loss_cls: 0.0025, s2.acc: 99.6782, s2.loss_bbox: 0.0237, loss_bounder: 0.5483, loss_aux: 0.0000, loss: 0.6385
2026-08-17 02:58:54,441 - mmdet - INFO - Epoch [49][1400/1732]	lr: 5.000e-03, eta: 16:42:22, time: 0.692, data_time: 0.005, memory: 17623, loss_rpn_cls: 0.0010, loss_rpn_bbox: 0.0019, s0.loss_cls: 0.0162, s0.acc: 99.3799, s0.loss_bbox: 0.0124, s1.loss_cls: 0.0047, s1.acc: 99.6508, s1.loss_bbox: 0.0189, s2.loss_cls: 0.0022, s2.acc: 99.6892, s2.loss_bbox: 0.0199, loss_bounder: 0.5396, loss_aux: 0.0000, loss: 0.6168
2026-08-17 03:00:03,337 - mmdet - INFO - Epoch [49][1500/1732]	lr: 5.000e-03, eta: 16:41:16, time: 0.689, data_time: 0.005, memory: 17623, loss_rpn_cls: 0.0016, loss_rpn_bbox: 0.0018, s0.loss_cls: 0.0157, s0.acc: 99.4287, s0.loss_bbox: 0.0115, s1.loss_cls: 0.0041, s1.acc: 99.7121, s1.loss_bbox: 0.0173, s2.loss_cls: 0.0021, s2.acc: 99.7250, s2.loss_bbox: 0.0186, loss_bounder: 0.5507, loss_aux: 0.0000, loss: 0.6233
2026-08-17 03:01:12,506 - mmdet - INFO - Epoch [49][1600/1732]	lr: 5.000e-03, eta: 16:40:09, time: 0.692, data_time: 0.005, memory: 17623, loss_rpn_cls: 0.0019, loss_rpn_bbox: 0.0021, s0.loss_cls: 0.0159, s0.acc: 99.3975, s0.loss_bbox: 0.0128, s1.loss_cls: 0.0043, s1.acc: 99.6889, s1.loss_bbox: 0.0194, s2.loss_cls: 0.0020, s2.acc: 99.7405, s2.loss_bbox: 0.0204, loss_bounder: 0.5439, loss_aux: 0.0000, loss: 0.6228
2026-08-17 03:02:21,482 - mmdet - INFO - Epoch [49][1700/1732]	lr: 5.000e-03, eta: 16:39:02, time: 0.690, data_time: 0.005, memory: 17623, loss_rpn_cls: 0.0017, loss_rpn_bbox: 0.0031, s0.loss_cls: 0.0172, s0.acc: 99.3564, s0.loss_bbox: 0.0144, s1.loss_cls: 0.0043, s1.acc: 99.7005, s1.loss_bbox: 0.0222, s2.loss_cls: 0.0022, s2.acc: 99.7159, s2.loss_bbox: 0.0224, loss_bounder: 0.5497, loss_aux: 0.0000, loss: 0.6372
2026-08-17 03:02:43,416 - mmdet - INFO - Saving checkpoint at 49 epochs
2026-08-17 03:03:58,675 - mmdet - INFO - Evaluating bbox...
2026-08-17 03:03:59,579 - mmdet - INFO - 
+-----------+-------+-----------+-------+------------+-------+
| category  | AP    | category  | AP    | category   | AP    |
+-----------+-------+-----------+-------+------------+-------+
| HM        | 0.303 | LQS       | 0.232 | QHS        | 0.294 |
| MS        | 0.428 | A1_SU-35  | 0.777 | A2_C-130   | 0.715 |
| A3_C-17   | 0.762 | A4_C-5    | 0.839 | A5_F-16    | 0.701 |
| A6_TU-160 | 0.810 | A7_E-3    | 0.791 | A8_B-52    | 0.789 |
| A9_P-3C   | 0.745 | A10_B-1B  | 0.796 | A11_E-8    | 0.655 |
| A12_TU-22 | 0.772 | A13_F-15  | 0.702 | A14_KC-135 | 0.729 |
| A15_F-22  | 0.649 | A16_FA-18 | 0.743 | A17_TU-95  | 0.838 |
| A18_KC-10 | 0.648 | A19_SU-34 | 0.725 | A20_SU-24  | 0.713 |
| FSC       | 0.439 | None      | None  | None       | None  |
+-----------+-------+-----------+-------+------------+-------+
2026-08-17 03:03:59,586 - mmdet - INFO - EarlyStoppingHook: bbox_mAP=0.6640 提升幅度不足 0.0010（当前最佳 0.6790，等待 10/16）
2026-08-17 03:03:59,587 - mmdet - INFO - Exp name: aircraft_bafnet_1x.py
2026-08-17 03:03:59,587 - mmdet - INFO - Epoch(val) [49][548]	bbox_mAP: 0.6640, bbox_mAP_50: 0.8710, bbox_mAP_75: 0.8170, bbox_mAP_s: 0.0920, bbox_mAP_m: 0.6370, bbox_mAP_l: 0.7090, bbox_mAP_copypaste: 0.664 0.871 0.817 0.092 0.637 0.709
2026-08-17 03:05:10,694 - mmdet - INFO - Epoch [50][100/1732]	lr: 5.000e-03, eta: 16:37:14, time: 0.711, data_time: 0.028, memory: 17623, loss_rpn_cls: 0.0014, loss_rpn_bbox: 0.0018, s0.loss_cls: 0.0161, s0.acc: 99.3906, s0.loss_bbox: 0.0132, s1.loss_cls: 0.0033, s1.acc: 99.7467, s1.loss_bbox: 0.0184, s2.loss_cls: 0.0016, s2.acc: 99.7955, s2.loss_bbox: 0.0186, loss_bounder: 0.5644, loss_aux: 0.0000, loss: 0.6387
2026-08-17 03:06:19,468 - mmdet - INFO - Epoch [50][200/1732]	lr: 5.000e-03, eta: 16:36:07, time: 0.688, data_time: 0.005, memory: 17623, loss_rpn_cls: 0.0012, loss_rpn_bbox: 0.0020, s0.loss_cls: 0.0158, s0.acc: 99.4268, s0.loss_bbox: 0.0155, s1.loss_cls: 0.0047, s1.acc: 99.6592, s1.loss_bbox: 0.0218, s2.loss_cls: 0.0025, s2.acc: 99.6564, s2.loss_bbox: 0.0204, loss_bounder: 0.5444, loss_aux: 0.0000, loss: 0.6284
2026-08-17 03:07:28,022 - mmdet - INFO - Epoch [50][300/1732]	lr: 5.000e-03, eta: 16:35:00, time: 0.686, data_time: 0.005, memory: 17623, loss_rpn_cls: 0.0019, loss_rpn_bbox: 0.0019, s0.loss_cls: 0.0177, s0.acc: 99.3506, s0.loss_bbox: 0.0144, s1.loss_cls: 0.0054, s1.acc: 99.6021, s1.loss_bbox: 0.0212, s2.loss_cls: 0.0030, s2.acc: 99.5877, s2.loss_bbox: 0.0215, loss_bounder: 0.5499, loss_aux: 0.0000, loss: 0.6368
2026-08-17 03:08:37,893 - mmdet - INFO - Epoch [50][400/1732]	lr: 5.000e-03, eta: 16:33:54, time: 0.699, data_time: 0.005, memory: 17623, loss_rpn_cls: 0.0015, loss_rpn_bbox: 0.0019, s0.loss_cls: 0.0177, s0.acc: 99.3516, s0.loss_bbox: 0.0121, s1.loss_cls: 0.0050, s1.acc: 99.6386, s1.loss_bbox: 0.0179, s2.loss_cls: 0.0027, s2.acc: 99.6747, s2.loss_bbox: 0.0184, loss_bounder: 0.5509, loss_aux: 0.0000, loss: 0.6281
2026-08-17 03:09:47,044 - mmdet - INFO - Epoch [50][500/1732]	lr: 5.000e-03, eta: 16:32:48, time: 0.692, data_time: 0.005, memory: 17623, loss_rpn_cls: 0.0014, loss_rpn_bbox: 0.0020, s0.loss_cls: 0.0187, s0.acc: 99.2695, s0.loss_bbox: 0.0127, s1.loss_cls: 0.0047, s1.acc: 99.6309, s1.loss_bbox: 0.0179, s2.loss_cls: 0.0024, s2.acc: 99.7217, s2.loss_bbox: 0.0183, loss_bounder: 0.5525, loss_aux: 0.0000, loss: 0.6307
2026-08-17 03:10:56,622 - mmdet - INFO - Epoch [50][600/1732]	lr: 5.000e-03, eta: 16:31:42, time: 0.696, data_time: 0.005, memory: 17623, loss_rpn_cls: 0.0015, loss_rpn_bbox: 0.0022, s0.loss_cls: 0.0182, s0.acc: 99.3379, s0.loss_bbox: 0.0127, s1.loss_cls: 0.0046, s1.acc: 99.6630, s1.loss_bbox: 0.0193, s2.loss_cls: 0.0024, s2.acc: 99.6756, s2.loss_bbox: 0.0192, loss_bounder: 0.5489, loss_aux: 0.0000, loss: 0.6291
2026-08-17 03:12:05,409 - mmdet - INFO - Epoch [50][700/1732]	lr: 5.000e-03, eta: 16:30:35, time: 0.688, data_time: 0.005, memory: 17623, loss_rpn_cls: 0.0017, loss_rpn_bbox: 0.0021, s0.loss_cls: 0.0177, s0.acc: 99.3174, s0.loss_bbox: 0.0113, s1.loss_cls: 0.0037, s1.acc: 99.7465, s1.loss_bbox: 0.0170, s2.loss_cls: 0.0019, s2.acc: 99.7537, s2.loss_bbox: 0.0183, loss_bounder: 0.5481, loss_aux: 0.0000, loss: 0.6218
2026-08-17 03:13:14,836 - mmdet - INFO - Epoch [50][800/1732]	lr: 5.000e-03, eta: 16:29:29, time: 0.694, data_time: 0.005, memory: 17623, loss_rpn_cls: 0.0020, loss_rpn_bbox: 0.0026, s0.loss_cls: 0.0227, s0.acc: 99.2959, s0.loss_bbox: 0.0131, s1.loss_cls: 0.0073, s1.acc: 99.6185, s1.loss_bbox: 0.0193, s2.loss_cls: 0.0034, s2.acc: 99.6620, s2.loss_bbox: 0.0197, loss_bounder: 0.5386, loss_aux: 0.0000, loss: 0.6287
2026-08-17 03:14:24,222 - mmdet - INFO - Epoch [50][900/1732]	lr: 5.000e-03, eta: 16:28:22, time: 0.694, data_time: 0.005, memory: 17623, loss_rpn_cls: 0.0015, loss_rpn_bbox: 0.0025, s0.loss_cls: 0.0178, s0.acc: 99.3682, s0.loss_bbox: 0.0146, s1.loss_cls: 0.0047, s1.acc: 99.6719, s1.loss_bbox: 0.0205, s2.loss_cls: 0.0026, s2.acc: 99.6563, s2.loss_bbox: 0.0200, loss_bounder: 0.5587, loss_aux: 0.0000, loss: 0.6429
2026-08-17 03:15:32,926 - mmdet - INFO - Epoch [50][1000/1732]	lr: 5.000e-03, eta: 16:27:16, time: 0.687, data_time: 0.005, memory: 17623, loss_rpn_cls: 0.0014, loss_rpn_bbox: 0.0019, s0.loss_cls: 0.0168, s0.acc: 99.3809, s0.loss_bbox: 0.0134, s1.loss_cls: 0.0044, s1.acc: 99.6819, s1.loss_bbox: 0.0198, s2.loss_cls: 0.0022, s2.acc: 99.6861, s2.loss_bbox: 0.0197, loss_bounder: 0.5463, loss_aux: 0.0000, loss: 0.6259
2026-08-17 03:16:42,307 - mmdet - INFO - Epoch [50][1100/1732]	lr: 5.000e-03, eta: 16:26:09, time: 0.694, data_time: 0.005, memory: 17623, loss_rpn_cls: 0.0019, loss_rpn_bbox: 0.0019, s0.loss_cls: 0.0146, s0.acc: 99.4727, s0.loss_bbox: 0.0117, s1.loss_cls: 0.0034, s1.acc: 99.7542, s1.loss_bbox: 0.0174, s2.loss_cls: 0.0017, s2.acc: 99.8027, s2.loss_bbox: 0.0179, loss_bounder: 0.5504, loss_aux: 0.0000, loss: 0.6209
2026-08-17 03:17:50,709 - mmdet - INFO - Epoch [50][1200/1732]	lr: 5.000e-03, eta: 16:25:02, time: 0.684, data_time: 0.005, memory: 17623, loss_rpn_cls: 0.0016, loss_rpn_bbox: 0.0023, s0.loss_cls: 0.0146, s0.acc: 99.4639, s0.loss_bbox: 0.0125, s1.loss_cls: 0.0036, s1.acc: 99.7379, s1.loss_bbox: 0.0181, s2.loss_cls: 0.0017, s2.acc: 99.7779, s2.loss_bbox: 0.0181, loss_bounder: 0.5422, loss_aux: 0.0000, loss: 0.6147
2026-08-17 03:18:59,984 - mmdet - INFO - Epoch [50][1300/1732]	lr: 5.000e-03, eta: 16:23:56, time: 0.693, data_time: 0.005, memory: 17623, loss_rpn_cls: 0.0013, loss_rpn_bbox: 0.0018, s0.loss_cls: 0.0150, s0.acc: 99.4395, s0.loss_bbox: 0.0096, s1.loss_cls: 0.0037, s1.acc: 99.7160, s1.loss_bbox: 0.0141, s2.loss_cls: 0.0016, s2.acc: 99.7702, s2.loss_bbox: 0.0151, loss_bounder: 0.5519, loss_aux: 0.0000, loss: 0.6141
2026-08-17 03:20:09,102 - mmdet - INFO - Epoch [50][1400/1732]	lr: 5.000e-03, eta: 16:22:49, time: 0.691, data_time: 0.005, memory: 17623, loss_rpn_cls: 0.0013, loss_rpn_bbox: 0.0018, s0.loss_cls: 0.0141, s0.acc: 99.4512, s0.loss_bbox: 0.0107, s1.loss_cls: 0.0029, s1.acc: 99.8018, s1.loss_bbox: 0.0159, s2.loss_cls: 0.0013, s2.acc: 99.8408, s2.loss_bbox: 0.0166, loss_bounder: 0.5517, loss_aux: 0.0000, loss: 0.6163
2026-08-17 03:21:18,055 - mmdet - INFO - Epoch [50][1500/1732]	lr: 5.000e-03, eta: 16:21:42, time: 0.690, data_time: 0.005, memory: 17623, loss_rpn_cls: 0.0014, loss_rpn_bbox: 0.0022, s0.loss_cls: 0.0153, s0.acc: 99.4043, s0.loss_bbox: 0.0116, s1.loss_cls: 0.0040, s1.acc: 99.7169, s1.loss_bbox: 0.0177, s2.loss_cls: 0.0021, s2.acc: 99.7044, s2.loss_bbox: 0.0184, loss_bounder: 0.5368, loss_aux: 0.0000, loss: 0.6097
2026-08-17 03:22:26,539 - mmdet - INFO - Epoch [50][1600/1732]	lr: 5.000e-03, eta: 16:20:35, time: 0.685, data_time: 0.005, memory: 17623, loss_rpn_cls: 0.0019, loss_rpn_bbox: 0.0019, s0.loss_cls: 0.0155, s0.acc: 99.4092, s0.loss_bbox: 0.0138, s1.loss_cls: 0.0038, s1.acc: 99.7218, s1.loss_bbox: 0.0193, s2.loss_cls: 0.0019, s2.acc: 99.7260, s2.loss_bbox: 0.0191, loss_bounder: 0.5494, loss_aux: 0.0000, loss: 0.6266
2026-08-17 03:23:36,033 - mmdet - INFO - Epoch [50][1700/1732]	lr: 5.000e-03, eta: 16:19:29, time: 0.695, data_time: 0.005, memory: 17623, loss_rpn_cls: 0.0018, loss_rpn_bbox: 0.0023, s0.loss_cls: 0.0177, s0.acc: 99.3213, s0.loss_bbox: 0.0147, s1.loss_cls: 0.0048, s1.acc: 99.6632, s1.loss_bbox: 0.0199, s2.loss_cls: 0.0024, s2.acc: 99.6723, s2.loss_bbox: 0.0199, loss_bounder: 0.5554, loss_aux: 0.0000, loss: 0.6388
2026-08-17 03:23:58,244 - mmdet - INFO - Saving checkpoint at 50 epochs
2026-08-17 03:25:14,343 - mmdet - INFO - Evaluating bbox...
2026-08-17 03:25:15,271 - mmdet - INFO - 
+-----------+-------+-----------+-------+------------+-------+
| category  | AP    | category  | AP    | category   | AP    |
+-----------+-------+-----------+-------+------------+-------+
| HM        | 0.502 | LQS       | 0.116 | QHS        | 0.376 |
| MS        | 0.437 | A1_SU-35  | 0.779 | A2_C-130   | 0.707 |
| A3_C-17   | 0.770 | A4_C-5    | 0.837 | A5_F-16    | 0.678 |
| A6_TU-160 | 0.758 | A7_E-3    | 0.794 | A8_B-52    | 0.787 |
| A9_P-3C   | 0.746 | A10_B-1B  | 0.789 | A11_E-8    | 0.679 |
| A12_TU-22 | 0.789 | A13_F-15  | 0.716 | A14_KC-135 | 0.733 |
| A15_F-22  | 0.653 | A16_FA-18 | 0.744 | A17_TU-95  | 0.825 |
| A18_KC-10 | 0.518 | A19_SU-34 | 0.710 | A20_SU-24  | 0.743 |
| FSC       | 0.435 | None      | None  | None       | None  |
+-----------+-------+-----------+-------+------------+-------+
2026-08-17 03:25:15,279 - mmdet - INFO - EarlyStoppingHook: bbox_mAP=0.6650 提升幅度不足 0.0010（当前最佳 0.6790，等待 11/16）
2026-08-17 03:25:15,280 - mmdet - INFO - Exp name: aircraft_bafnet_1x.py
2026-08-17 03:25:15,281 - mmdet - INFO - Epoch(val) [50][548]	bbox_mAP: 0.6650, bbox_mAP_50: 0.8870, bbox_mAP_75: 0.8150, bbox_mAP_s: 0.0940, bbox_mAP_m: 0.6350, bbox_mAP_l: 0.7070, bbox_mAP_copypaste: 0.665 0.887 0.815 0.094 0.635 0.707
2026-08-17 03:26:26,207 - mmdet - INFO - Epoch [51][100/1732]	lr: 5.000e-03, eta: 16:17:41, time: 0.709, data_time: 0.028, memory: 17623, loss_rpn_cls: 0.0018, loss_rpn_bbox: 0.0016, s0.loss_cls: 0.0141, s0.acc: 99.4668, s0.loss_bbox: 0.0108, s1.loss_cls: 0.0034, s1.acc: 99.7680, s1.loss_bbox: 0.0155, s2.loss_cls: 0.0018, s2.acc: 99.7792, s2.loss_bbox: 0.0155, loss_bounder: 0.5438, loss_aux: 0.0000, loss: 0.6084
2026-08-17 03:27:35,633 - mmdet - INFO - Epoch [51][200/1732]	lr: 5.000e-03, eta: 16:16:35, time: 0.694, data_time: 0.005, memory: 17623, loss_rpn_cls: 0.0015, loss_rpn_bbox: 0.0020, s0.loss_cls: 0.0158, s0.acc: 99.3750, s0.loss_bbox: 0.0129, s1.loss_cls: 0.0041, s1.acc: 99.6824, s1.loss_bbox: 0.0183, s2.loss_cls: 0.0019, s2.acc: 99.7417, s2.loss_bbox: 0.0178, loss_bounder: 0.5537, loss_aux: 0.0000, loss: 0.6280
2026-08-17 03:28:44,033 - mmdet - INFO - Epoch [51][300/1732]	lr: 5.000e-03, eta: 16:15:27, time: 0.684, data_time: 0.005, memory: 17623, loss_rpn_cls: 0.0010, loss_rpn_bbox: 0.0022, s0.loss_cls: 0.0129, s0.acc: 99.5166, s0.loss_bbox: 0.0111, s1.loss_cls: 0.0031, s1.acc: 99.7764, s1.loss_bbox: 0.0152, s2.loss_cls: 0.0016, s2.acc: 99.8105, s2.loss_bbox: 0.0153, loss_bounder: 0.5565, loss_aux: 0.0000, loss: 0.6190
2026-08-17 03:29:52,879 - mmdet - INFO - Exp name: aircraft_bafnet_1x.py
2026-08-17 03:29:52,879 - mmdet - INFO - Epoch [51][400/1732]	lr: 5.000e-03, eta: 16:14:21, time: 0.688, data_time: 0.005, memory: 17623, loss_rpn_cls: 0.0016, loss_rpn_bbox: 0.0015, s0.loss_cls: 0.0133, s0.acc: 99.5293, s0.loss_bbox: 0.0091, s1.loss_cls: 0.0033, s1.acc: 99.7729, s1.loss_bbox: 0.0140, s2.loss_cls: 0.0015, s2.acc: 99.8236, s2.loss_bbox: 0.0151, loss_bounder: 0.5475, loss_aux: 0.0000, loss: 0.6069
2026-08-17 03:31:02,587 - mmdet - INFO - Epoch [51][500/1732]	lr: 5.000e-03, eta: 16:13:15, time: 0.697, data_time: 0.005, memory: 17623, loss_rpn_cls: 0.0013, loss_rpn_bbox: 0.0021, s0.loss_cls: 0.0147, s0.acc: 99.4326, s0.loss_bbox: 0.0118, s1.loss_cls: 0.0038, s1.acc: 99.7196, s1.loss_bbox: 0.0167, s2.loss_cls: 0.0019, s2.acc: 99.7583, s2.loss_bbox: 0.0169, loss_bounder: 0.5502, loss_aux: 0.0000, loss: 0.6194
2026-08-17 03:32:11,809 - mmdet - INFO - Epoch [51][600/1732]	lr: 5.000e-03, eta: 16:12:08, time: 0.692, data_time: 0.005, memory: 17623, loss_rpn_cls: 0.0009, loss_rpn_bbox: 0.0015, s0.loss_cls: 0.0127, s0.acc: 99.5361, s0.loss_bbox: 0.0095, s1.loss_cls: 0.0026, s1.acc: 99.8163, s1.loss_bbox: 0.0131, s2.loss_cls: 0.0013, s2.acc: 99.8472, s2.loss_bbox: 0.0140, loss_bounder: 0.5607, loss_aux: 0.0000, loss: 0.6162
2026-08-17 03:33:21,617 - mmdet - INFO - Epoch [51][700/1732]	lr: 5.000e-03, eta: 16:11:02, time: 0.698, data_time: 0.005, memory: 17623, loss_rpn_cls: 0.0015, loss_rpn_bbox: 0.0016, s0.loss_cls: 0.0129, s0.acc: 99.5098, s0.loss_bbox: 0.0099, s1.loss_cls: 0.0035, s1.acc: 99.7356, s1.loss_bbox: 0.0147, s2.loss_cls: 0.0017, s2.acc: 99.8020, s2.loss_bbox: 0.0153, loss_bounder: 0.5453, loss_aux: 0.0000, loss: 0.6064
2026-08-17 03:34:31,072 - mmdet - INFO - Epoch [51][800/1732]	lr: 5.000e-03, eta: 16:09:56, time: 0.695, data_time: 0.005, memory: 17623, loss_rpn_cls: 0.0015, loss_rpn_bbox: 0.0022, s0.loss_cls: 0.0156, s0.acc: 99.4150, s0.loss_bbox: 0.0125, s1.loss_cls: 0.0040, s1.acc: 99.7032, s1.loss_bbox: 0.0180, s2.loss_cls: 0.0020, s2.acc: 99.7158, s2.loss_bbox: 0.0179, loss_bounder: 0.5414, loss_aux: 0.0000, loss: 0.6150
2026-08-17 03:35:40,248 - mmdet - INFO - Epoch [51][900/1732]	lr: 5.000e-03, eta: 16:08:50, time: 0.692, data_time: 0.005, memory: 17623, loss_rpn_cls: 0.0016, loss_rpn_bbox: 0.0021, s0.loss_cls: 0.0148, s0.acc: 99.4551, s0.loss_bbox: 0.0119, s1.loss_cls: 0.0036, s1.acc: 99.7387, s1.loss_bbox: 0.0176, s2.loss_cls: 0.0018, s2.acc: 99.7571, s2.loss_bbox: 0.0185, loss_bounder: 0.5540, loss_aux: 0.0000, loss: 0.6258
2026-08-17 03:36:48,885 - mmdet - INFO - Epoch [51][1000/1732]	lr: 5.000e-03, eta: 16:07:43, time: 0.686, data_time: 0.005, memory: 17623, loss_rpn_cls: 0.0012, loss_rpn_bbox: 0.0016, s0.loss_cls: 0.0133, s0.acc: 99.4912, s0.loss_bbox: 0.0106, s1.loss_cls: 0.0030, s1.acc: 99.7872, s1.loss_bbox: 0.0158, s2.loss_cls: 0.0013, s2.acc: 99.8409, s2.loss_bbox: 0.0161, loss_bounder: 0.5383, loss_aux: 0.0000, loss: 0.6011
2026-08-17 03:37:57,888 - mmdet - INFO - Epoch [51][1100/1732]	lr: 5.000e-03, eta: 16:06:36, time: 0.690, data_time: 0.005, memory: 17623, loss_rpn_cls: 0.0015, loss_rpn_bbox: 0.0014, s0.loss_cls: 0.0130, s0.acc: 99.5215, s0.loss_bbox: 0.0105, s1.loss_cls: 0.0030, s1.acc: 99.7765, s1.loss_bbox: 0.0156, s2.loss_cls: 0.0015, s2.acc: 99.7861, s2.loss_bbox: 0.0165, loss_bounder: 0.5471, loss_aux: 0.0000, loss: 0.6102
2026-08-17 03:39:06,447 - mmdet - INFO - Epoch [51][1200/1732]	lr: 5.000e-03, eta: 16:05:29, time: 0.686, data_time: 0.005, memory: 17623, loss_rpn_cls: 0.0011, loss_rpn_bbox: 0.0015, s0.loss_cls: 0.0132, s0.acc: 99.5137, s0.loss_bbox: 0.0099, s1.loss_cls: 0.0033, s1.acc: 99.7629, s1.loss_bbox: 0.0143, s2.loss_cls: 0.0015, s2.acc: 99.7886, s2.loss_bbox: 0.0144, loss_bounder: 0.5494, loss_aux: 0.0000, loss: 0.6086
2026-08-17 03:40:15,091 - mmdet - INFO - Epoch [51][1300/1732]	lr: 5.000e-03, eta: 16:04:22, time: 0.686, data_time: 0.004, memory: 17623, loss_rpn_cls: 0.0017, loss_rpn_bbox: 0.0018, s0.loss_cls: 0.0154, s0.acc: 99.4219, s0.loss_bbox: 0.0108, s1.loss_cls: 0.0039, s1.acc: 99.6974, s1.loss_bbox: 0.0165, s2.loss_cls: 0.0017, s2.acc: 99.7513, s2.loss_bbox: 0.0169, loss_bounder: 0.5551, loss_aux: 0.0000, loss: 0.6238
2026-08-17 03:41:23,724 - mmdet - INFO - Exp name: aircraft_bafnet_1x.py
2026-08-17 03:41:23,725 - mmdet - INFO - Epoch [51][1400/1732]	lr: 5.000e-03, eta: 16:03:15, time: 0.686, data_time: 0.004, memory: 17623, loss_rpn_cls: 0.0018, loss_rpn_bbox: 0.0018, s0.loss_cls: 0.0139, s0.acc: 99.4971, s0.loss_bbox: 0.0112, s1.loss_cls: 0.0035, s1.acc: 99.7644, s1.loss_bbox: 0.0155, s2.loss_cls: 0.0015, s2.acc: 99.8183, s2.loss_bbox: 0.0159, loss_bounder: 0.5517, loss_aux: 0.0000, loss: 0.6169
2026-08-17 03:42:32,093 - mmdet - INFO - Epoch [51][1500/1732]	lr: 5.000e-03, eta: 16:02:07, time: 0.684, data_time: 0.004, memory: 17623, loss_rpn_cls: 0.0017, loss_rpn_bbox: 0.0021, s0.loss_cls: 0.0141, s0.acc: 99.4561, s0.loss_bbox: 0.0118, s1.loss_cls: 0.0038, s1.acc: 99.7188, s1.loss_bbox: 0.0166, s2.loss_cls: 0.0017, s2.acc: 99.7763, s2.loss_bbox: 0.0159, loss_bounder: 0.5503, loss_aux: 0.0000, loss: 0.6180
2026-08-17 03:43:41,173 - mmdet - INFO - Epoch [51][1600/1732]	lr: 5.000e-03, eta: 16:01:01, time: 0.691, data_time: 0.004, memory: 17623, loss_rpn_cls: 0.0011, loss_rpn_bbox: 0.0013, s0.loss_cls: 0.0115, s0.acc: 99.5547, s0.loss_bbox: 0.0082, s1.loss_cls: 0.0024, s1.acc: 99.8196, s1.loss_bbox: 0.0127, s2.loss_cls: 0.0011, s2.acc: 99.8680, s2.loss_bbox: 0.0134, loss_bounder: 0.5487, loss_aux: 0.0000, loss: 0.6005
2026-08-17 03:44:49,651 - mmdet - INFO - Epoch [51][1700/1732]	lr: 5.000e-03, eta: 15:59:53, time: 0.685, data_time: 0.004, memory: 17623, loss_rpn_cls: 0.0008, loss_rpn_bbox: 0.0016, s0.loss_cls: 0.0143, s0.acc: 99.4531, s0.loss_bbox: 0.0106, s1.loss_cls: 0.0030, s1.acc: 99.7897, s1.loss_bbox: 0.0149, s2.loss_cls: 0.0015, s2.acc: 99.7848, s2.loss_bbox: 0.0152, loss_bounder: 0.5459, loss_aux: 0.0000, loss: 0.6078
2026-08-17 03:45:12,135 - mmdet - INFO - Saving checkpoint at 51 epochs
2026-08-17 03:46:27,951 - mmdet - INFO - Evaluating bbox...
2026-08-17 03:46:28,856 - mmdet - INFO - 
+-----------+-------+-----------+-------+------------+-------+
| category  | AP    | category  | AP    | category   | AP    |
+-----------+-------+-----------+-------+------------+-------+
| HM        | 0.551 | LQS       | 0.232 | QHS        | 0.334 |
| MS        | 0.429 | A1_SU-35  | 0.792 | A2_C-130   | 0.707 |
| A3_C-17   | 0.783 | A4_C-5    | 0.833 | A5_F-16    | 0.675 |
| A6_TU-160 | 0.790 | A7_E-3    | 0.786 | A8_B-52    | 0.799 |
| A9_P-3C   | 0.761 | A10_B-1B  | 0.792 | A11_E-8    | 0.699 |
| A12_TU-22 | 0.787 | A13_F-15  | 0.698 | A14_KC-135 | 0.751 |
| A15_F-22  | 0.611 | A16_FA-18 | 0.730 | A17_TU-95  | 0.845 |
| A18_KC-10 | 0.624 | A19_SU-34 | 0.735 | A20_SU-24  | 0.730 |
| FSC       | 0.453 | None      | None  | None       | None  |
+-----------+-------+-----------+-------+------------+-------+
2026-08-17 03:46:28,864 - mmdet - INFO - EarlyStoppingHook: bbox_mAP=0.6770 提升幅度不足 0.0010（当前最佳 0.6790，等待 12/16）
2026-08-17 03:46:28,865 - mmdet - INFO - Exp name: aircraft_bafnet_1x.py
2026-08-17 03:46:28,865 - mmdet - INFO - Epoch(val) [51][548]	bbox_mAP: 0.6770, bbox_mAP_50: 0.8870, bbox_mAP_75: 0.8250, bbox_mAP_s: 0.1090, bbox_mAP_m: 0.6460, bbox_mAP_l: 0.7160, bbox_mAP_copypaste: 0.677 0.887 0.825 0.109 0.646 0.716
2026-08-17 03:47:40,143 - mmdet - INFO - Epoch [52][100/1732]	lr: 5.000e-03, eta: 15:58:06, time: 0.713, data_time: 0.028, memory: 17623, loss_rpn_cls: 0.0014, loss_rpn_bbox: 0.0016, s0.loss_cls: 0.0136, s0.acc: 99.5127, s0.loss_bbox: 0.0104, s1.loss_cls: 0.0032, s1.acc: 99.7803, s1.loss_bbox: 0.0139, s2.loss_cls: 0.0019, s2.acc: 99.7753, s2.loss_bbox: 0.0136, loss_bounder: 0.5488, loss_aux: 0.0000, loss: 0.6082
2026-08-17 03:48:48,726 - mmdet - INFO - Epoch [52][200/1732]	lr: 5.000e-03, eta: 15:56:59, time: 0.686, data_time: 0.005, memory: 17623, loss_rpn_cls: 0.0011, loss_rpn_bbox: 0.0013, s0.loss_cls: 0.0108, s0.acc: 99.5762, s0.loss_bbox: 0.0073, s1.loss_cls: 0.0027, s1.acc: 99.8035, s1.loss_bbox: 0.0108, s2.loss_cls: 0.0012, s2.acc: 99.8450, s2.loss_bbox: 0.0112, loss_bounder: 0.5542, loss_aux: 0.0000, loss: 0.6005
2026-08-17 03:49:57,618 - mmdet - INFO - Epoch [52][300/1732]	lr: 5.000e-03, eta: 15:55:53, time: 0.689, data_time: 0.005, memory: 17623, loss_rpn_cls: 0.0011, loss_rpn_bbox: 0.0017, s0.loss_cls: 0.0127, s0.acc: 99.5303, s0.loss_bbox: 0.0090, s1.loss_cls: 0.0029, s1.acc: 99.7886, s1.loss_bbox: 0.0133, s2.loss_cls: 0.0013, s2.acc: 99.8324, s2.loss_bbox: 0.0138, loss_bounder: 0.5468, loss_aux: 0.0000, loss: 0.6026
2026-08-17 03:51:07,078 - mmdet - INFO - Epoch [52][400/1732]	lr: 5.000e-03, eta: 15:54:46, time: 0.695, data_time: 0.005, memory: 17623, loss_rpn_cls: 0.0013, loss_rpn_bbox: 0.0022, s0.loss_cls: 0.0151, s0.acc: 99.4053, s0.loss_bbox: 0.0111, s1.loss_cls: 0.0033, s1.acc: 99.7518, s1.loss_bbox: 0.0160, s2.loss_cls: 0.0016, s2.acc: 99.7817, s2.loss_bbox: 0.0158, loss_bounder: 0.5603, loss_aux: 0.0000, loss: 0.6267
2026-08-17 03:52:16,151 - mmdet - INFO - Epoch [52][500/1732]	lr: 5.000e-03, eta: 15:53:40, time: 0.691, data_time: 0.005, memory: 17623, loss_rpn_cls: 0.0016, loss_rpn_bbox: 0.0016, s0.loss_cls: 0.0133, s0.acc: 99.5146, s0.loss_bbox: 0.0093, s1.loss_cls: 0.0037, s1.acc: 99.7330, s1.loss_bbox: 0.0131, s2.loss_cls: 0.0017, s2.acc: 99.8014, s2.loss_bbox: 0.0134, loss_bounder: 0.5390, loss_aux: 0.0000, loss: 0.5968
2026-08-17 03:53:25,031 - mmdet - INFO - Epoch [52][600/1732]	lr: 5.000e-03, eta: 15:52:33, time: 0.689, data_time: 0.005, memory: 17623, loss_rpn_cls: 0.0013, loss_rpn_bbox: 0.0015, s0.loss_cls: 0.0135, s0.acc: 99.5010, s0.loss_bbox: 0.0098, s1.loss_cls: 0.0031, s1.acc: 99.7821, s1.loss_bbox: 0.0145, s2.loss_cls: 0.0014, s2.acc: 99.8170, s2.loss_bbox: 0.0145, loss_bounder: 0.5363, loss_aux: 0.0000, loss: 0.5959
2026-08-17 03:54:34,161 - mmdet - INFO - Epoch [52][700/1732]	lr: 5.000e-03, eta: 15:51:26, time: 0.691, data_time: 0.005, memory: 17623, loss_rpn_cls: 0.0014, loss_rpn_bbox: 0.0016, s0.loss_cls: 0.0116, s0.acc: 99.5557, s0.loss_bbox: 0.0085, s1.loss_cls: 0.0028, s1.acc: 99.8116, s1.loss_bbox: 0.0118, s2.loss_cls: 0.0014, s2.acc: 99.8264, s2.loss_bbox: 0.0126, loss_bounder: 0.5556, loss_aux: 0.0000, loss: 0.6073
2026-08-17 03:55:43,395 - mmdet - INFO - Epoch [52][800/1732]	lr: 5.000e-03, eta: 15:50:20, time: 0.692, data_time: 0.005, memory: 17623, loss_rpn_cls: 0.0011, loss_rpn_bbox: 0.0015, s0.loss_cls: 0.0127, s0.acc: 99.5449, s0.loss_bbox: 0.0084, s1.loss_cls: 0.0026, s1.acc: 99.8208, s1.loss_bbox: 0.0127, s2.loss_cls: 0.0012, s2.acc: 99.8638, s2.loss_bbox: 0.0138, loss_bounder: 0.5352, loss_aux: 0.0000, loss: 0.5892
2026-08-17 03:56:52,364 - mmdet - INFO - Epoch [52][900/1732]	lr: 5.000e-03, eta: 15:49:13, time: 0.690, data_time: 0.005, memory: 17623, loss_rpn_cls: 0.0014, loss_rpn_bbox: 0.0020, s0.loss_cls: 0.0142, s0.acc: 99.4609, s0.loss_bbox: 0.0116, s1.loss_cls: 0.0036, s1.acc: 99.7255, s1.loss_bbox: 0.0156, s2.loss_cls: 0.0020, s2.acc: 99.7191, s2.loss_bbox: 0.0151, loss_bounder: 0.5334, loss_aux: 0.0000, loss: 0.5990
2026-08-17 03:58:00,795 - mmdet - INFO - Epoch [52][1000/1732]	lr: 5.000e-03, eta: 15:48:06, time: 0.684, data_time: 0.004, memory: 17623, loss_rpn_cls: 0.0015, loss_rpn_bbox: 0.0017, s0.loss_cls: 0.0130, s0.acc: 99.5186, s0.loss_bbox: 0.0086, s1.loss_cls: 0.0032, s1.acc: 99.7629, s1.loss_bbox: 0.0123, s2.loss_cls: 0.0017, s2.acc: 99.7728, s2.loss_bbox: 0.0126, loss_bounder: 0.5550, loss_aux: 0.0000, loss: 0.6096
2026-08-17 03:59:09,582 - mmdet - INFO - Epoch [52][1100/1732]	lr: 5.000e-03, eta: 15:46:59, time: 0.688, data_time: 0.005, memory: 17623, loss_rpn_cls: 0.0016, loss_rpn_bbox: 0.0021, s0.loss_cls: 0.0140, s0.acc: 99.4727, s0.loss_bbox: 0.0113, s1.loss_cls: 0.0035, s1.acc: 99.7482, s1.loss_bbox: 0.0151, s2.loss_cls: 0.0016, s2.acc: 99.7974, s2.loss_bbox: 0.0150, loss_bounder: 0.5387, loss_aux: 0.0000, loss: 0.6030
2026-08-17 04:00:17,991 - mmdet - INFO - Epoch [52][1200/1732]	lr: 5.000e-03, eta: 15:45:52, time: 0.684, data_time: 0.004, memory: 17623, loss_rpn_cls: 0.0013, loss_rpn_bbox: 0.0016, s0.loss_cls: 0.0138, s0.acc: 99.4717, s0.loss_bbox: 0.0091, s1.loss_cls: 0.0030, s1.acc: 99.7704, s1.loss_bbox: 0.0132, s2.loss_cls: 0.0014, s2.acc: 99.8003, s2.loss_bbox: 0.0134, loss_bounder: 0.5491, loss_aux: 0.0000, loss: 0.6061
2026-08-17 04:01:26,874 - mmdet - INFO - Epoch [52][1300/1732]	lr: 5.000e-03, eta: 15:44:45, time: 0.689, data_time: 0.004, memory: 17623, loss_rpn_cls: 0.0013, loss_rpn_bbox: 0.0020, s0.loss_cls: 0.0140, s0.acc: 99.4688, s0.loss_bbox: 0.0103, s1.loss_cls: 0.0036, s1.acc: 99.7372, s1.loss_bbox: 0.0142, s2.loss_cls: 0.0016, s2.acc: 99.7900, s2.loss_bbox: 0.0145, loss_bounder: 0.5587, loss_aux: 0.0000, loss: 0.6203
2026-08-17 04:02:35,740 - mmdet - INFO - Epoch [52][1400/1732]	lr: 5.000e-03, eta: 15:43:38, time: 0.689, data_time: 0.005, memory: 17623, loss_rpn_cls: 0.0010, loss_rpn_bbox: 0.0017, s0.loss_cls: 0.0143, s0.acc: 99.4297, s0.loss_bbox: 0.0104, s1.loss_cls: 0.0032, s1.acc: 99.7499, s1.loss_bbox: 0.0147, s2.loss_cls: 0.0015, s2.acc: 99.8047, s2.loss_bbox: 0.0149, loss_bounder: 0.5535, loss_aux: 0.0000, loss: 0.6152
2026-08-17 04:03:44,615 - mmdet - INFO - Epoch [52][1500/1732]	lr: 5.000e-03, eta: 15:42:31, time: 0.689, data_time: 0.005, memory: 17623, loss_rpn_cls: 0.0009, loss_rpn_bbox: 0.0012, s0.loss_cls: 0.0106, s0.acc: 99.5908, s0.loss_bbox: 0.0076, s1.loss_cls: 0.0027, s1.acc: 99.8026, s1.loss_bbox: 0.0111, s2.loss_cls: 0.0010, s2.acc: 99.8778, s2.loss_bbox: 0.0117, loss_bounder: 0.5640, loss_aux: 0.0000, loss: 0.6110
2026-08-17 04:04:53,678 - mmdet - INFO - Epoch [52][1600/1732]	lr: 5.000e-03, eta: 15:41:24, time: 0.691, data_time: 0.005, memory: 17623, loss_rpn_cls: 0.0017, loss_rpn_bbox: 0.0015, s0.loss_cls: 0.0122, s0.acc: 99.5449, s0.loss_bbox: 0.0092, s1.loss_cls: 0.0028, s1.acc: 99.8028, s1.loss_bbox: 0.0127, s2.loss_cls: 0.0014, s2.acc: 99.8263, s2.loss_bbox: 0.0129, loss_bounder: 0.5538, loss_aux: 0.0000, loss: 0.6083
2026-08-17 04:06:02,344 - mmdet - INFO - Epoch [52][1700/1732]	lr: 5.000e-03, eta: 15:40:17, time: 0.687, data_time: 0.005, memory: 17623, loss_rpn_cls: 0.0011, loss_rpn_bbox: 0.0015, s0.loss_cls: 0.0122, s0.acc: 99.5439, s0.loss_bbox: 0.0106, s1.loss_cls: 0.0028, s1.acc: 99.7999, s1.loss_bbox: 0.0144, s2.loss_cls: 0.0015, s2.acc: 99.7879, s2.loss_bbox: 0.0138, loss_bounder: 0.5495, loss_aux: 0.0000, loss: 0.6074
2026-08-17 04:06:24,750 - mmdet - INFO - Saving checkpoint at 52 epochs
2026-08-17 04:07:40,483 - mmdet - INFO - Evaluating bbox...
2026-08-17 04:07:41,387 - mmdet - INFO - 
+-----------+-------+-----------+-------+------------+-------+
| category  | AP    | category  | AP    | category   | AP    |
+-----------+-------+-----------+-------+------------+-------+
| HM        | 0.502 | LQS       | 0.193 | QHS        | 0.317 |
| MS        | 0.419 | A1_SU-35  | 0.789 | A2_C-130   | 0.723 |
| A3_C-17   | 0.787 | A4_C-5    | 0.827 | A5_F-16    | 0.676 |
| A6_TU-160 | 0.793 | A7_E-3    | 0.791 | A8_B-52    | 0.817 |
| A9_P-3C   | 0.763 | A10_B-1B  | 0.791 | A11_E-8    | 0.651 |
| A12_TU-22 | 0.778 | A13_F-15  | 0.704 | A14_KC-135 | 0.751 |
| A15_F-22  | 0.612 | A16_FA-18 | 0.730 | A17_TU-95  | 0.839 |
| A18_KC-10 | 0.579 | A19_SU-34 | 0.708 | A20_SU-24  | 0.728 |
| FSC       | 0.414 | None      | None  | None       | None  |
+-----------+-------+-----------+-------+------------+-------+
2026-08-17 04:07:41,393 - mmdet - INFO - EarlyStoppingHook: bbox_mAP=0.6670 提升幅度不足 0.0010（当前最佳 0.6790，等待 13/16）
2026-08-17 04:07:41,395 - mmdet - INFO - Exp name: aircraft_bafnet_1x.py
2026-08-17 04:07:41,395 - mmdet - INFO - Epoch(val) [52][548]	bbox_mAP: 0.6670, bbox_mAP_50: 0.8810, bbox_mAP_75: 0.8110, bbox_mAP_s: 0.0860, bbox_mAP_m: 0.6360, bbox_mAP_l: 0.7130, bbox_mAP_copypaste: 0.667 0.881 0.811 0.086 0.636 0.713
2026-08-17 04:08:52,376 - mmdet - INFO - Epoch [53][100/1732]	lr: 5.000e-03, eta: 15:38:31, time: 0.710, data_time: 0.028, memory: 17623, loss_rpn_cls: 0.0015, loss_rpn_bbox: 0.0017, s0.loss_cls: 0.0121, s0.acc: 99.5410, s0.loss_bbox: 0.0105, s1.loss_cls: 0.0029, s1.acc: 99.7787, s1.loss_bbox: 0.0146, s2.loss_cls: 0.0014, s2.acc: 99.8260, s2.loss_bbox: 0.0149, loss_bounder: 0.5528, loss_aux: 0.0000, loss: 0.6124
2026-08-17 04:10:01,175 - mmdet - INFO - Epoch [53][200/1732]	lr: 5.000e-03, eta: 15:37:24, time: 0.688, data_time: 0.004, memory: 17623, loss_rpn_cls: 0.0011, loss_rpn_bbox: 0.0017, s0.loss_cls: 0.0127, s0.acc: 99.4980, s0.loss_bbox: 0.0106, s1.loss_cls: 0.0032, s1.acc: 99.7724, s1.loss_bbox: 0.0146, s2.loss_cls: 0.0016, s2.acc: 99.7816, s2.loss_bbox: 0.0138, loss_bounder: 0.5636, loss_aux: 0.0000, loss: 0.6229
2026-08-17 04:11:09,530 - mmdet - INFO - Epoch [53][300/1732]	lr: 5.000e-03, eta: 15:36:16, time: 0.684, data_time: 0.005, memory: 17623, loss_rpn_cls: 0.0021, loss_rpn_bbox: 0.0026, s0.loss_cls: 0.0131, s0.acc: 99.5117, s0.loss_bbox: 0.0116, s1.loss_cls: 0.0030, s1.acc: 99.7857, s1.loss_bbox: 0.0153, s2.loss_cls: 0.0015, s2.acc: 99.7823, s2.loss_bbox: 0.0148, loss_bounder: 0.5528, loss_aux: 0.0000, loss: 0.6166
2026-08-17 04:12:17,976 - mmdet - INFO - Epoch [53][400/1732]	lr: 5.000e-03, eta: 15:35:09, time: 0.684, data_time: 0.005, memory: 17623, loss_rpn_cls: 0.0015, loss_rpn_bbox: 0.0015, s0.loss_cls: 0.0111, s0.acc: 99.5869, s0.loss_bbox: 0.0079, s1.loss_cls: 0.0023, s1.acc: 99.8447, s1.loss_bbox: 0.0112, s2.loss_cls: 0.0010, s2.acc: 99.8925, s2.loss_bbox: 0.0117, loss_bounder: 0.5656, loss_aux: 0.0000, loss: 0.6137
2026-08-17 04:13:27,030 - mmdet - INFO - Epoch [53][500/1732]	lr: 5.000e-03, eta: 15:34:02, time: 0.691, data_time: 0.005, memory: 17623, loss_rpn_cls: 0.0013, loss_rpn_bbox: 0.0011, s0.loss_cls: 0.0087, s0.acc: 99.6719, s0.loss_bbox: 0.0061, s1.loss_cls: 0.0019, s1.acc: 99.8687, s1.loss_bbox: 0.0086, s2.loss_cls: 0.0009, s2.acc: 99.8899, s2.loss_bbox: 0.0092, loss_bounder: 0.5530, loss_aux: 0.0000, loss: 0.5909
2026-08-17 04:14:36,297 - mmdet - INFO - Epoch [53][600/1732]	lr: 5.000e-03, eta: 15:32:56, time: 0.693, data_time: 0.005, memory: 17623, loss_rpn_cls: 0.0015, loss_rpn_bbox: 0.0015, s0.loss_cls: 0.0112, s0.acc: 99.5537, s0.loss_bbox: 0.0077, s1.loss_cls: 0.0023, s1.acc: 99.8349, s1.loss_bbox: 0.0112, s2.loss_cls: 0.0010, s2.acc: 99.8940, s2.loss_bbox: 0.0116, loss_bounder: 0.5401, loss_aux: 0.0000, loss: 0.5880
2026-08-17 04:15:45,692 - mmdet - INFO - Epoch [53][700/1732]	lr: 5.000e-03, eta: 15:31:49, time: 0.694, data_time: 0.005, memory: 17623, loss_rpn_cls: 0.0016, loss_rpn_bbox: 0.0013, s0.loss_cls: 0.0115, s0.acc: 99.5703, s0.loss_bbox: 0.0074, s1.loss_cls: 0.0024, s1.acc: 99.8301, s1.loss_bbox: 0.0109, s2.loss_cls: 0.0015, s2.acc: 99.8239, s2.loss_bbox: 0.0112, loss_bounder: 0.5470, loss_aux: 0.0000, loss: 0.5949
2026-08-17 04:16:54,555 - mmdet - INFO - Epoch [53][800/1732]	lr: 5.000e-03, eta: 15:30:43, time: 0.689, data_time: 0.005, memory: 17623, loss_rpn_cls: 0.0018, loss_rpn_bbox: 0.0017, s0.loss_cls: 0.0132, s0.acc: 99.4863, s0.loss_bbox: 0.0092, s1.loss_cls: 0.0030, s1.acc: 99.7723, s1.loss_bbox: 0.0127, s2.loss_cls: 0.0013, s2.acc: 99.8168, s2.loss_bbox: 0.0128, loss_bounder: 0.5365, loss_aux: 0.0000, loss: 0.5923
2026-08-17 04:18:02,961 - mmdet - INFO - Epoch [53][900/1732]	lr: 5.000e-03, eta: 15:29:35, time: 0.684, data_time: 0.005, memory: 17623, loss_rpn_cls: 0.0009, loss_rpn_bbox: 0.0012, s0.loss_cls: 0.0114, s0.acc: 99.5752, s0.loss_bbox: 0.0077, s1.loss_cls: 0.0026, s1.acc: 99.8091, s1.loss_bbox: 0.0104, s2.loss_cls: 0.0013, s2.acc: 99.8106, s2.loss_bbox: 0.0106, loss_bounder: 0.5470, loss_aux: 0.0000, loss: 0.5931
2026-08-17 04:19:12,063 - mmdet - INFO - Epoch [53][1000/1732]	lr: 5.000e-03, eta: 15:28:29, time: 0.691, data_time: 0.005, memory: 17623, loss_rpn_cls: 0.0012, loss_rpn_bbox: 0.0013, s0.loss_cls: 0.0102, s0.acc: 99.6016, s0.loss_bbox: 0.0078, s1.loss_cls: 0.0022, s1.acc: 99.8362, s1.loss_bbox: 0.0109, s2.loss_cls: 0.0011, s2.acc: 99.8689, s2.loss_bbox: 0.0113, loss_bounder: 0.5305, loss_aux: 0.0000, loss: 0.5765
2026-08-17 04:20:21,228 - mmdet - INFO - Epoch [53][1100/1732]	lr: 5.000e-03, eta: 15:27:22, time: 0.692, data_time: 0.005, memory: 17623, loss_rpn_cls: 0.0015, loss_rpn_bbox: 0.0015, s0.loss_cls: 0.0114, s0.acc: 99.6006, s0.loss_bbox: 0.0075, s1.loss_cls: 0.0025, s1.acc: 99.8252, s1.loss_bbox: 0.0108, s2.loss_cls: 0.0011, s2.acc: 99.8790, s2.loss_bbox: 0.0113, loss_bounder: 0.5531, loss_aux: 0.0000, loss: 0.6006
2026-08-17 04:21:29,855 - mmdet - INFO - Epoch [53][1200/1732]	lr: 5.000e-03, eta: 15:26:15, time: 0.686, data_time: 0.005, memory: 17623, loss_rpn_cls: 0.0013, loss_rpn_bbox: 0.0016, s0.loss_cls: 0.0110, s0.acc: 99.5742, s0.loss_bbox: 0.0080, s1.loss_cls: 0.0029, s1.acc: 99.7951, s1.loss_bbox: 0.0117, s2.loss_cls: 0.0014, s2.acc: 99.8232, s2.loss_bbox: 0.0125, loss_bounder: 0.5429, loss_aux: 0.0000, loss: 0.5932
2026-08-17 04:22:38,982 - mmdet - INFO - Epoch [53][1300/1732]	lr: 5.000e-03, eta: 15:25:08, time: 0.691, data_time: 0.005, memory: 17623, loss_rpn_cls: 0.0013, loss_rpn_bbox: 0.0018, s0.loss_cls: 0.0132, s0.acc: 99.4922, s0.loss_bbox: 0.0101, s1.loss_cls: 0.0034, s1.acc: 99.7743, s1.loss_bbox: 0.0141, s2.loss_cls: 0.0019, s2.acc: 99.7404, s2.loss_bbox: 0.0139, loss_bounder: 0.5546, loss_aux: 0.0000, loss: 0.6143
2026-08-17 04:23:47,912 - mmdet - INFO - Epoch [53][1400/1732]	lr: 5.000e-03, eta: 15:24:01, time: 0.689, data_time: 0.005, memory: 17623, loss_rpn_cls: 0.0009, loss_rpn_bbox: 0.0018, s0.loss_cls: 0.0131, s0.acc: 99.5127, s0.loss_bbox: 0.0096, s1.loss_cls: 0.0032, s1.acc: 99.7584, s1.loss_bbox: 0.0135, s2.loss_cls: 0.0017, s2.acc: 99.7586, s2.loss_bbox: 0.0133, loss_bounder: 0.5489, loss_aux: 0.0000, loss: 0.6061
2026-08-17 04:24:56,554 - mmdet - INFO - Epoch [53][1500/1732]	lr: 5.000e-03, eta: 15:22:54, time: 0.686, data_time: 0.005, memory: 17623, loss_rpn_cls: 0.0013, loss_rpn_bbox: 0.0013, s0.loss_cls: 0.0114, s0.acc: 99.5605, s0.loss_bbox: 0.0080, s1.loss_cls: 0.0025, s1.acc: 99.8214, s1.loss_bbox: 0.0104, s2.loss_cls: 0.0011, s2.acc: 99.8592, s2.loss_bbox: 0.0106, loss_bounder: 0.5527, loss_aux: 0.0000, loss: 0.5994
2026-08-17 04:26:05,595 - mmdet - INFO - Epoch [53][1600/1732]	lr: 5.000e-03, eta: 15:21:48, time: 0.690, data_time: 0.005, memory: 17623, loss_rpn_cls: 0.0010, loss_rpn_bbox: 0.0017, s0.loss_cls: 0.0121, s0.acc: 99.5391, s0.loss_bbox: 0.0093, s1.loss_cls: 0.0028, s1.acc: 99.7997, s1.loss_bbox: 0.0124, s2.loss_cls: 0.0016, s2.acc: 99.7885, s2.loss_bbox: 0.0123, loss_bounder: 0.5342, loss_aux: 0.0000, loss: 0.5874
2026-08-17 04:27:14,642 - mmdet - INFO - Epoch [53][1700/1732]	lr: 5.000e-03, eta: 15:20:41, time: 0.690, data_time: 0.005, memory: 17623, loss_rpn_cls: 0.0011, loss_rpn_bbox: 0.0016, s0.loss_cls: 0.0123, s0.acc: 99.5273, s0.loss_bbox: 0.0087, s1.loss_cls: 0.0024, s1.acc: 99.8342, s1.loss_bbox: 0.0123, s2.loss_cls: 0.0011, s2.acc: 99.8731, s2.loss_bbox: 0.0127, loss_bounder: 0.5537, loss_aux: 0.0000, loss: 0.6060
2026-08-17 04:27:36,912 - mmdet - INFO - Saving checkpoint at 53 epochs
2026-08-17 04:28:52,280 - mmdet - INFO - Evaluating bbox...
2026-08-17 04:28:53,101 - mmdet - INFO - 
+-----------+-------+-----------+-------+------------+-------+
| category  | AP    | category  | AP    | category   | AP    |
+-----------+-------+-----------+-------+------------+-------+
| HM        | 0.502 | LQS       | 0.193 | QHS        | 0.349 |
| MS        | 0.435 | A1_SU-35  | 0.801 | A2_C-130   | 0.722 |
| A3_C-17   | 0.784 | A4_C-5    | 0.830 | A5_F-16    | 0.683 |
| A6_TU-160 | 0.803 | A7_E-3    | 0.784 | A8_B-52    | 0.788 |
| A9_P-3C   | 0.758 | A10_B-1B  | 0.795 | A11_E-8    | 0.710 |
| A12_TU-22 | 0.780 | A13_F-15  | 0.692 | A14_KC-135 | 0.746 |
| A15_F-22  | 0.665 | A16_FA-18 | 0.713 | A17_TU-95  | 0.843 |
| A18_KC-10 | 0.614 | A19_SU-34 | 0.727 | A20_SU-24  | 0.746 |
| FSC       | 0.451 | None      | None  | None       | None  |
+-----------+-------+-----------+-------+------------+-------+
2026-08-17 04:28:53,109 - mmdet - INFO - EarlyStoppingHook: bbox_mAP=0.6770 提升幅度不足 0.0010（当前最佳 0.6790，等待 14/16）
2026-08-17 04:28:53,110 - mmdet - INFO - Exp name: aircraft_bafnet_1x.py
2026-08-17 04:28:53,110 - mmdet - INFO - Epoch(val) [53][548]	bbox_mAP: 0.6770, bbox_mAP_50: 0.8920, bbox_mAP_75: 0.8210, bbox_mAP_s: 0.1290, bbox_mAP_m: 0.6500, bbox_mAP_l: 0.7160, bbox_mAP_copypaste: 0.677 0.892 0.821 0.129 0.650 0.716
2026-08-17 04:30:04,293 - mmdet - INFO - Epoch [54][100/1732]	lr: 5.000e-03, eta: 15:18:55, time: 0.712, data_time: 0.028, memory: 17623, loss_rpn_cls: 0.0009, loss_rpn_bbox: 0.0011, s0.loss_cls: 0.0107, s0.acc: 99.6016, s0.loss_bbox: 0.0087, s1.loss_cls: 0.0027, s1.acc: 99.7939, s1.loss_bbox: 0.0111, s2.loss_cls: 0.0012, s2.acc: 99.8470, s2.loss_bbox: 0.0111, loss_bounder: 0.5505, loss_aux: 0.0000, loss: 0.5981
2026-08-17 04:31:12,404 - mmdet - INFO - Epoch [54][200/1732]	lr: 5.000e-03, eta: 15:17:47, time: 0.681, data_time: 0.005, memory: 17623, loss_rpn_cls: 0.0011, loss_rpn_bbox: 0.0015, s0.loss_cls: 0.0124, s0.acc: 99.5273, s0.loss_bbox: 0.0090, s1.loss_cls: 0.0029, s1.acc: 99.7848, s1.loss_bbox: 0.0131, s2.loss_cls: 0.0014, s2.acc: 99.8206, s2.loss_bbox: 0.0130, loss_bounder: 0.5482, loss_aux: 0.0000, loss: 0.6025
2026-08-17 04:32:20,944 - mmdet - INFO - Epoch [54][300/1732]	lr: 5.000e-03, eta: 15:16:40, time: 0.685, data_time: 0.005, memory: 17623, loss_rpn_cls: 0.0014, loss_rpn_bbox: 0.0017, s0.loss_cls: 0.0112, s0.acc: 99.5576, s0.loss_bbox: 0.0086, s1.loss_cls: 0.0029, s1.acc: 99.8016, s1.loss_bbox: 0.0116, s2.loss_cls: 0.0015, s2.acc: 99.7999, s2.loss_bbox: 0.0117, loss_bounder: 0.5561, loss_aux: 0.0000, loss: 0.6068
2026-08-17 04:33:30,306 - mmdet - INFO - Epoch [54][400/1732]	lr: 5.000e-03, eta: 15:15:34, time: 0.694, data_time: 0.005, memory: 17623, loss_rpn_cls: 0.0012, loss_rpn_bbox: 0.0011, s0.loss_cls: 0.0098, s0.acc: 99.6367, s0.loss_bbox: 0.0072, s1.loss_cls: 0.0022, s1.acc: 99.8446, s1.loss_bbox: 0.0104, s2.loss_cls: 0.0011, s2.acc: 99.8881, s2.loss_bbox: 0.0108, loss_bounder: 0.5600, loss_aux: 0.0000, loss: 0.6037
2026-08-17 04:34:38,727 - mmdet - INFO - Epoch [54][500/1732]	lr: 5.000e-03, eta: 15:14:26, time: 0.684, data_time: 0.005, memory: 17623, loss_rpn_cls: 0.0012, loss_rpn_bbox: 0.0013, s0.loss_cls: 0.0109, s0.acc: 99.5908, s0.loss_bbox: 0.0079, s1.loss_cls: 0.0022, s1.acc: 99.8351, s1.loss_bbox: 0.0111, s2.loss_cls: 0.0011, s2.acc: 99.8541, s2.loss_bbox: 0.0112, loss_bounder: 0.5344, loss_aux: 0.0000, loss: 0.5813
2026-08-17 04:35:47,393 - mmdet - INFO - Epoch [54][600/1732]	lr: 5.000e-03, eta: 15:13:19, time: 0.687, data_time: 0.005, memory: 17623, loss_rpn_cls: 0.0013, loss_rpn_bbox: 0.0016, s0.loss_cls: 0.0123, s0.acc: 99.5459, s0.loss_bbox: 0.0094, s1.loss_cls: 0.0030, s1.acc: 99.7617, s1.loss_bbox: 0.0118, s2.loss_cls: 0.0013, s2.acc: 99.8130, s2.loss_bbox: 0.0117, loss_bounder: 0.5599, loss_aux: 0.0000, loss: 0.6123
2026-08-17 04:36:56,760 - mmdet - INFO - Epoch [54][700/1732]	lr: 5.000e-03, eta: 15:12:13, time: 0.694, data_time: 0.005, memory: 17623, loss_rpn_cls: 0.0012, loss_rpn_bbox: 0.0013, s0.loss_cls: 0.0125, s0.acc: 99.5410, s0.loss_bbox: 0.0082, s1.loss_cls: 0.0032, s1.acc: 99.7551, s1.loss_bbox: 0.0104, s2.loss_cls: 0.0015, s2.acc: 99.8115, s2.loss_bbox: 0.0103, loss_bounder: 0.5484, loss_aux: 0.0000, loss: 0.5971
2026-08-17 04:38:06,159 - mmdet - INFO - Epoch [54][800/1732]	lr: 5.000e-03, eta: 15:11:06, time: 0.694, data_time: 0.005, memory: 17623, loss_rpn_cls: 0.0012, loss_rpn_bbox: 0.0013, s0.loss_cls: 0.0113, s0.acc: 99.5693, s0.loss_bbox: 0.0077, s1.loss_cls: 0.0024, s1.acc: 99.8257, s1.loss_bbox: 0.0102, s2.loss_cls: 0.0011, s2.acc: 99.8789, s2.loss_bbox: 0.0106, loss_bounder: 0.5523, loss_aux: 0.0000, loss: 0.5982
2026-08-17 04:39:15,395 - mmdet - INFO - Epoch [54][900/1732]	lr: 5.000e-03, eta: 15:10:00, time: 0.692, data_time: 0.005, memory: 17623, loss_rpn_cls: 0.0015, loss_rpn_bbox: 0.0012, s0.loss_cls: 0.0109, s0.acc: 99.6113, s0.loss_bbox: 0.0068, s1.loss_cls: 0.0022, s1.acc: 99.8599, s1.loss_bbox: 0.0095, s2.loss_cls: 0.0010, s2.acc: 99.8857, s2.loss_bbox: 0.0099, loss_bounder: 0.5406, loss_aux: 0.0000, loss: 0.5836
2026-08-17 04:40:23,873 - mmdet - INFO - Epoch [54][1000/1732]	lr: 5.000e-03, eta: 15:08:53, time: 0.685, data_time: 0.005, memory: 17623, loss_rpn_cls: 0.0014, loss_rpn_bbox: 0.0013, s0.loss_cls: 0.0106, s0.acc: 99.6016, s0.loss_bbox: 0.0067, s1.loss_cls: 0.0022, s1.acc: 99.8453, s1.loss_bbox: 0.0091, s2.loss_cls: 0.0009, s2.acc: 99.8767, s2.loss_bbox: 0.0094, loss_bounder: 0.5480, loss_aux: 0.0000, loss: 0.5896
2026-08-17 04:41:33,176 - mmdet - INFO - Epoch [54][1100/1732]	lr: 5.000e-03, eta: 15:07:46, time: 0.693, data_time: 0.005, memory: 17623, loss_rpn_cls: 0.0010, loss_rpn_bbox: 0.0018, s0.loss_cls: 0.0100, s0.acc: 99.6270, s0.loss_bbox: 0.0083, s1.loss_cls: 0.0023, s1.acc: 99.8366, s1.loss_bbox: 0.0107, s2.loss_cls: 0.0011, s2.acc: 99.8656, s2.loss_bbox: 0.0106, loss_bounder: 0.5476, loss_aux: 0.0000, loss: 0.5933
2026-08-17 04:42:41,278 - mmdet - INFO - Epoch [54][1200/1732]	lr: 5.000e-03, eta: 15:06:39, time: 0.681, data_time: 0.005, memory: 17623, loss_rpn_cls: 0.0009, loss_rpn_bbox: 0.0016, s0.loss_cls: 0.0101, s0.acc: 99.6123, s0.loss_bbox: 0.0089, s1.loss_cls: 0.0017, s1.acc: 99.8849, s1.loss_bbox: 0.0108, s2.loss_cls: 0.0009, s2.acc: 99.8841, s2.loss_bbox: 0.0105, loss_bounder: 0.5386, loss_aux: 0.0000, loss: 0.5840
2026-08-17 04:43:49,909 - mmdet - INFO - Epoch [54][1300/1732]	lr: 5.000e-03, eta: 15:05:31, time: 0.686, data_time: 0.005, memory: 17623, loss_rpn_cls: 0.0012, loss_rpn_bbox: 0.0014, s0.loss_cls: 0.0105, s0.acc: 99.6045, s0.loss_bbox: 0.0082, s1.loss_cls: 0.0021, s1.acc: 99.8485, s1.loss_bbox: 0.0108, s2.loss_cls: 0.0010, s2.acc: 99.8769, s2.loss_bbox: 0.0108, loss_bounder: 0.5626, loss_aux: 0.0000, loss: 0.6086
2026-08-17 04:44:58,724 - mmdet - INFO - Epoch [54][1400/1732]	lr: 5.000e-03, eta: 15:04:24, time: 0.688, data_time: 0.005, memory: 17623, loss_rpn_cls: 0.0009, loss_rpn_bbox: 0.0015, s0.loss_cls: 0.0088, s0.acc: 99.6572, s0.loss_bbox: 0.0063, s1.loss_cls: 0.0020, s1.acc: 99.8527, s1.loss_bbox: 0.0092, s2.loss_cls: 0.0008, s2.acc: 99.9053, s2.loss_bbox: 0.0094, loss_bounder: 0.5361, loss_aux: 0.0000, loss: 0.5751
2026-08-17 04:46:07,656 - mmdet - INFO - Epoch [54][1500/1732]	lr: 5.000e-03, eta: 15:03:18, time: 0.689, data_time: 0.005, memory: 17623, loss_rpn_cls: 0.0012, loss_rpn_bbox: 0.0015, s0.loss_cls: 0.0106, s0.acc: 99.6006, s0.loss_bbox: 0.0080, s1.loss_cls: 0.0022, s1.acc: 99.8564, s1.loss_bbox: 0.0105, s2.loss_cls: 0.0010, s2.acc: 99.8806, s2.loss_bbox: 0.0108, loss_bounder: 0.5536, loss_aux: 0.0000, loss: 0.5993
2026-08-17 04:47:16,652 - mmdet - INFO - Epoch [54][1600/1732]	lr: 5.000e-03, eta: 15:02:11, time: 0.690, data_time: 0.005, memory: 17623, loss_rpn_cls: 0.0013, loss_rpn_bbox: 0.0016, s0.loss_cls: 0.0109, s0.acc: 99.5889, s0.loss_bbox: 0.0076, s1.loss_cls: 0.0023, s1.acc: 99.8135, s1.loss_bbox: 0.0102, s2.loss_cls: 0.0010, s2.acc: 99.8789, s2.loss_bbox: 0.0105, loss_bounder: 0.5482, loss_aux: 0.0000, loss: 0.5936
2026-08-17 04:48:25,245 - mmdet - INFO - Epoch [54][1700/1732]	lr: 5.000e-03, eta: 15:01:04, time: 0.686, data_time: 0.005, memory: 17623, loss_rpn_cls: 0.0008, loss_rpn_bbox: 0.0012, s0.loss_cls: 0.0095, s0.acc: 99.6592, s0.loss_bbox: 0.0066, s1.loss_cls: 0.0018, s1.acc: 99.8729, s1.loss_bbox: 0.0093, s2.loss_cls: 0.0008, s2.acc: 99.8902, s2.loss_bbox: 0.0096, loss_bounder: 0.5436, loss_aux: 0.0000, loss: 0.5833
2026-08-17 04:48:47,224 - mmdet - INFO - Saving checkpoint at 54 epochs
2026-08-17 04:50:02,664 - mmdet - INFO - Evaluating bbox...
2026-08-17 04:50:03,557 - mmdet - INFO - 
+-----------+-------+-----------+-------+------------+-------+
| category  | AP    | category  | AP    | category   | AP    |
+-----------+-------+-----------+-------+------------+-------+
| HM        | 0.000 | LQS       | 0.116 | QHS        | 0.355 |
| MS        | 0.424 | A1_SU-35  | 0.789 | A2_C-130   | 0.711 |
| A3_C-17   | 0.778 | A4_C-5    | 0.830 | A5_F-16    | 0.702 |
| A6_TU-160 | 0.801 | A7_E-3    | 0.800 | A8_B-52    | 0.803 |
| A9_P-3C   | 0.761 | A10_B-1B  | 0.798 | A11_E-8    | 0.667 |
| A12_TU-22 | 0.792 | A13_F-15  | 0.714 | A14_KC-135 | 0.742 |
| A15_F-22  | 0.668 | A16_FA-18 | 0.740 | A17_TU-95  | 0.863 |
| A18_KC-10 | 0.619 | A19_SU-34 | 0.730 | A20_SU-24  | 0.757 |
| FSC       | 0.405 | None      | None  | None       | None  |
+-----------+-------+-----------+-------+------------+-------+
2026-08-17 04:50:03,565 - mmdet - INFO - EarlyStoppingHook: bbox_mAP=0.6550 提升幅度不足 0.0010（当前最佳 0.6790，等待 15/16）
2026-08-17 04:50:03,566 - mmdet - INFO - Exp name: aircraft_bafnet_1x.py
2026-08-17 04:50:03,566 - mmdet - INFO - Epoch(val) [54][548]	bbox_mAP: 0.6550, bbox_mAP_50: 0.8450, bbox_mAP_75: 0.7990, bbox_mAP_s: 0.1270, bbox_mAP_m: 0.6460, bbox_mAP_l: 0.7030, bbox_mAP_copypaste: 0.655 0.845 0.799 0.127 0.646 0.703
2026-08-17 04:51:14,143 - mmdet - INFO - Epoch [55][100/1732]	lr: 5.000e-03, eta: 14:59:18, time: 0.706, data_time: 0.027, memory: 17623, loss_rpn_cls: 0.0011, loss_rpn_bbox: 0.0014, s0.loss_cls: 0.0103, s0.acc: 99.6348, s0.loss_bbox: 0.0070, s1.loss_cls: 0.0025, s1.acc: 99.8063, s1.loss_bbox: 0.0093, s2.loss_cls: 0.0012, s2.acc: 99.8521, s2.loss_bbox: 0.0092, loss_bounder: 0.5446, loss_aux: 0.0000, loss: 0.5865
2026-08-17 04:52:23,401 - mmdet - INFO - Epoch [55][200/1732]	lr: 5.000e-03, eta: 14:58:11, time: 0.693, data_time: 0.005, memory: 17623, loss_rpn_cls: 0.0007, loss_rpn_bbox: 0.0013, s0.loss_cls: 0.0086, s0.acc: 99.6787, s0.loss_bbox: 0.0061, s1.loss_cls: 0.0017, s1.acc: 99.8814, s1.loss_bbox: 0.0081, s2.loss_cls: 0.0008, s2.acc: 99.8941, s2.loss_bbox: 0.0083, loss_bounder: 0.5446, loss_aux: 0.0000, loss: 0.5803
2026-08-17 04:53:32,041 - mmdet - INFO - Epoch [55][300/1732]	lr: 5.000e-03, eta: 14:57:04, time: 0.686, data_time: 0.005, memory: 17623, loss_rpn_cls: 0.0013, loss_rpn_bbox: 0.0013, s0.loss_cls: 0.0103, s0.acc: 99.5908, s0.loss_bbox: 0.0072, s1.loss_cls: 0.0024, s1.acc: 99.8059, s1.loss_bbox: 0.0088, s2.loss_cls: 0.0010, s2.acc: 99.8588, s2.loss_bbox: 0.0088, loss_bounder: 0.5550, loss_aux: 0.0000, loss: 0.5963
2026-08-17 04:54:40,932 - mmdet - INFO - Epoch [55][400/1732]	lr: 5.000e-03, eta: 14:55:57, time: 0.689, data_time: 0.005, memory: 17623, loss_rpn_cls: 0.0011, loss_rpn_bbox: 0.0015, s0.loss_cls: 0.0103, s0.acc: 99.6260, s0.loss_bbox: 0.0078, s1.loss_cls: 0.0025, s1.acc: 99.8075, s1.loss_bbox: 0.0104, s2.loss_cls: 0.0012, s2.acc: 99.8373, s2.loss_bbox: 0.0100, loss_bounder: 0.5480, loss_aux: 0.0000, loss: 0.5926
2026-08-17 04:55:49,225 - mmdet - INFO - Epoch [55][500/1732]	lr: 5.000e-03, eta: 14:54:50, time: 0.683, data_time: 0.005, memory: 17623, loss_rpn_cls: 0.0012, loss_rpn_bbox: 0.0013, s0.loss_cls: 0.0104, s0.acc: 99.6240, s0.loss_bbox: 0.0088, s1.loss_cls: 0.0021, s1.acc: 99.8583, s1.loss_bbox: 0.0117, s2.loss_cls: 0.0009, s2.acc: 99.8923, s2.loss_bbox: 0.0115, loss_bounder: 0.5555, loss_aux: 0.0000, loss: 0.6033
2026-08-17 04:56:58,118 - mmdet - INFO - Epoch [55][600/1732]	lr: 5.000e-03, eta: 14:53:43, time: 0.689, data_time: 0.005, memory: 17623, loss_rpn_cls: 0.0012, loss_rpn_bbox: 0.0013, s0.loss_cls: 0.0093, s0.acc: 99.6562, s0.loss_bbox: 0.0081, s1.loss_cls: 0.0022, s1.acc: 99.8544, s1.loss_bbox: 0.0112, s2.loss_cls: 0.0010, s2.acc: 99.8746, s2.loss_bbox: 0.0110, loss_bounder: 0.5401, loss_aux: 0.0000, loss: 0.5854
2026-08-17 04:58:06,739 - mmdet - INFO - Epoch [55][700/1732]	lr: 5.000e-03, eta: 14:52:36, time: 0.686, data_time: 0.005, memory: 17623, loss_rpn_cls: 0.0013, loss_rpn_bbox: 0.0025, s0.loss_cls: 0.0112, s0.acc: 99.5850, s0.loss_bbox: 0.0093, s1.loss_cls: 0.0028, s1.acc: 99.8013, s1.loss_bbox: 0.0119, s2.loss_cls: 0.0013, s2.acc: 99.8062, s2.loss_bbox: 0.0112, loss_bounder: 0.5433, loss_aux: 0.0000, loss: 0.5948
2026-08-17 04:59:15,223 - mmdet - INFO - Epoch [55][800/1732]	lr: 5.000e-03, eta: 14:51:29, time: 0.685, data_time: 0.005, memory: 17623, loss_rpn_cls: 0.0011, loss_rpn_bbox: 0.0014, s0.loss_cls: 0.0101, s0.acc: 99.6201, s0.loss_bbox: 0.0067, s1.loss_cls: 0.0016, s1.acc: 99.8835, s1.loss_bbox: 0.0090, s2.loss_cls: 0.0008, s2.acc: 99.8911, s2.loss_bbox: 0.0095, loss_bounder: 0.5521, loss_aux: 0.0000, loss: 0.5924
2026-08-17 05:00:24,484 - mmdet - INFO - Epoch [55][900/1732]	lr: 5.000e-03, eta: 14:50:22, time: 0.693, data_time: 0.005, memory: 17623, loss_rpn_cls: 0.0011, loss_rpn_bbox: 0.0015, s0.loss_cls: 0.0109, s0.acc: 99.5811, s0.loss_bbox: 0.0079, s1.loss_cls: 0.0023, s1.acc: 99.8250, s1.loss_bbox: 0.0098, s2.loss_cls: 0.0012, s2.acc: 99.8742, s2.loss_bbox: 0.0098, loss_bounder: 0.5621, loss_aux: 0.0000, loss: 0.6065
2026-08-17 05:01:33,016 - mmdet - INFO - Epoch [55][1000/1732]	lr: 5.000e-03, eta: 14:49:15, time: 0.685, data_time: 0.005, memory: 17623, loss_rpn_cls: 0.0014, loss_rpn_bbox: 0.0015, s0.loss_cls: 0.0101, s0.acc: 99.6182, s0.loss_bbox: 0.0088, s1.loss_cls: 0.0020, s1.acc: 99.8588, s1.loss_bbox: 0.0111, s2.loss_cls: 0.0012, s2.acc: 99.8324, s2.loss_bbox: 0.0110, loss_bounder: 0.5429, loss_aux: 0.0000, loss: 0.5898
2026-08-17 05:02:42,532 - mmdet - INFO - Epoch [55][1100/1732]	lr: 5.000e-03, eta: 14:48:08, time: 0.695, data_time: 0.005, memory: 17623, loss_rpn_cls: 0.0013, loss_rpn_bbox: 0.0017, s0.loss_cls: 0.0098, s0.acc: 99.6396, s0.loss_bbox: 0.0079, s1.loss_cls: 0.0020, s1.acc: 99.8641, s1.loss_bbox: 0.0103, s2.loss_cls: 0.0010, s2.acc: 99.8912, s2.loss_bbox: 0.0103, loss_bounder: 0.5596, loss_aux: 0.0000, loss: 0.6040
2026-08-17 05:03:50,854 - mmdet - INFO - Epoch [55][1200/1732]	lr: 5.000e-03, eta: 14:47:01, time: 0.683, data_time: 0.005, memory: 17623, loss_rpn_cls: 0.0011, loss_rpn_bbox: 0.0012, s0.loss_cls: 0.0097, s0.acc: 99.6191, s0.loss_bbox: 0.0060, s1.loss_cls: 0.0018, s1.acc: 99.8639, s1.loss_bbox: 0.0083, s2.loss_cls: 0.0008, s2.acc: 99.9082, s2.loss_bbox: 0.0084, loss_bounder: 0.5622, loss_aux: 0.0000, loss: 0.5993
2026-08-17 05:04:59,289 - mmdet - INFO - Epoch [55][1300/1732]	lr: 5.000e-03, eta: 14:45:54, time: 0.684, data_time: 0.005, memory: 17623, loss_rpn_cls: 0.0012, loss_rpn_bbox: 0.0014, s0.loss_cls: 0.0099, s0.acc: 99.6309, s0.loss_bbox: 0.0073, s1.loss_cls: 0.0022, s1.acc: 99.8457, s1.loss_bbox: 0.0096, s2.loss_cls: 0.0009, s2.acc: 99.8819, s2.loss_bbox: 0.0098, loss_bounder: 0.5308, loss_aux: 0.0000, loss: 0.5730
2026-08-17 05:06:07,765 - mmdet - INFO - Epoch [55][1400/1732]	lr: 5.000e-03, eta: 14:44:46, time: 0.685, data_time: 0.004, memory: 17623, loss_rpn_cls: 0.0009, loss_rpn_bbox: 0.0010, s0.loss_cls: 0.0082, s0.acc: 99.6904, s0.loss_bbox: 0.0057, s1.loss_cls: 0.0016, s1.acc: 99.8812, s1.loss_bbox: 0.0078, s2.loss_cls: 0.0007, s2.acc: 99.9066, s2.loss_bbox: 0.0083, loss_bounder: 0.5617, loss_aux: 0.0000, loss: 0.5959
2026-08-17 05:07:16,280 - mmdet - INFO - Epoch [55][1500/1732]	lr: 5.000e-03, eta: 14:43:39, time: 0.685, data_time: 0.005, memory: 17623, loss_rpn_cls: 0.0016, loss_rpn_bbox: 0.0014, s0.loss_cls: 0.0103, s0.acc: 99.5996, s0.loss_bbox: 0.0079, s1.loss_cls: 0.0025, s1.acc: 99.8192, s1.loss_bbox: 0.0102, s2.loss_cls: 0.0011, s2.acc: 99.8389, s2.loss_bbox: 0.0101, loss_bounder: 0.5333, loss_aux: 0.0000, loss: 0.5784
2026-08-17 05:08:25,027 - mmdet - INFO - Epoch [55][1600/1732]	lr: 5.000e-03, eta: 14:42:32, time: 0.687, data_time: 0.005, memory: 17623, loss_rpn_cls: 0.0009, loss_rpn_bbox: 0.0012, s0.loss_cls: 0.0083, s0.acc: 99.6768, s0.loss_bbox: 0.0054, s1.loss_cls: 0.0017, s1.acc: 99.8731, s1.loss_bbox: 0.0074, s2.loss_cls: 0.0008, s2.acc: 99.9025, s2.loss_bbox: 0.0077, loss_bounder: 0.5398, loss_aux: 0.0000, loss: 0.5732
2026-08-17 05:09:33,620 - mmdet - INFO - Epoch [55][1700/1732]	lr: 5.000e-03, eta: 14:41:25, time: 0.686, data_time: 0.005, memory: 17623, loss_rpn_cls: 0.0017, loss_rpn_bbox: 0.0012, s0.loss_cls: 0.0098, s0.acc: 99.6113, s0.loss_bbox: 0.0076, s1.loss_cls: 0.0019, s1.acc: 99.8633, s1.loss_bbox: 0.0100, s2.loss_cls: 0.0009, s2.acc: 99.8840, s2.loss_bbox: 0.0096, loss_bounder: 0.5470, loss_aux: 0.0000, loss: 0.5897
2026-08-17 05:09:55,881 - mmdet - INFO - Saving checkpoint at 55 epochs
2026-08-17 05:11:12,043 - mmdet - INFO - Evaluating bbox...
2026-08-17 05:11:12,868 - mmdet - INFO - 
+-----------+-------+-----------+-------+------------+-------+
| category  | AP    | category  | AP    | category   | AP    |
+-----------+-------+-----------+-------+------------+-------+
| HM        | 0.551 | LQS       | 0.245 | QHS        | 0.366 |
| MS        | 0.427 | A1_SU-35  | 0.798 | A2_C-130   | 0.730 |
| A3_C-17   | 0.785 | A4_C-5    | 0.838 | A5_F-16    | 0.691 |
| A6_TU-160 | 0.804 | A7_E-3    | 0.784 | A8_B-52    | 0.793 |
| A9_P-3C   | 0.772 | A10_B-1B  | 0.799 | A11_E-8    | 0.681 |
| A12_TU-22 | 0.789 | A13_F-15  | 0.731 | A14_KC-135 | 0.748 |
| A15_F-22  | 0.630 | A16_FA-18 | 0.738 | A17_TU-95  | 0.848 |
| A18_KC-10 | 0.669 | A19_SU-34 | 0.745 | A20_SU-24  | 0.750 |
| FSC       | 0.451 | None      | None  | None       | None  |
+-----------+-------+-----------+-------+------------+-------+
2026-08-17 05:11:13,677 - mmdet - INFO - BestSaverHook: bbox_mAP=0.6870 创新高，已保存 best 模型 -> /root/autodl-tmp/model_v4/work_dirs/arfc_only_v1/best_bbox_mAP.pth
2026-08-17 05:11:13,678 - mmdet - INFO - Exp name: aircraft_bafnet_1x.py
2026-08-17 05:11:13,678 - mmdet - INFO - Epoch(val) [55][548]	bbox_mAP: 0.6870, bbox_mAP_50: 0.8940, bbox_mAP_75: 0.8300, bbox_mAP_s: 0.0970, bbox_mAP_m: 0.6550, bbox_mAP_l: 0.7280, bbox_mAP_copypaste: 0.687 0.894 0.830 0.097 0.655 0.728
2026-08-17 05:12:24,711 - mmdet - INFO - Epoch [56][100/1732]	lr: 5.000e-03, eta: 14:39:40, time: 0.710, data_time: 0.028, memory: 17623, loss_rpn_cls: 0.0006, loss_rpn_bbox: 0.0010, s0.loss_cls: 0.0088, s0.acc: 99.6787, s0.loss_bbox: 0.0058, s1.loss_cls: 0.0018, s1.acc: 99.8746, s1.loss_bbox: 0.0081, s2.loss_cls: 0.0008, s2.acc: 99.9019, s2.loss_bbox: 0.0084, loss_bounder: 0.5490, loss_aux: 0.0000, loss: 0.5844
2026-08-17 05:13:32,850 - mmdet - INFO - Epoch [56][200/1732]	lr: 5.000e-03, eta: 14:38:33, time: 0.681, data_time: 0.005, memory: 17623, loss_rpn_cls: 0.0015, loss_rpn_bbox: 0.0017, s0.loss_cls: 0.0105, s0.acc: 99.6016, s0.loss_bbox: 0.0096, s1.loss_cls: 0.0023, s1.acc: 99.8239, s1.loss_bbox: 0.0125, s2.loss_cls: 0.0012, s2.acc: 99.8382, s2.loss_bbox: 0.0119, loss_bounder: 0.5482, loss_aux: 0.0000, loss: 0.5995
2026-08-17 05:14:41,291 - mmdet - INFO - Epoch [56][300/1732]	lr: 5.000e-03, eta: 14:37:25, time: 0.684, data_time: 0.005, memory: 17623, loss_rpn_cls: 0.0009, loss_rpn_bbox: 0.0013, s0.loss_cls: 0.0100, s0.acc: 99.6172, s0.loss_bbox: 0.0083, s1.loss_cls: 0.0023, s1.acc: 99.8326, s1.loss_bbox: 0.0109, s2.loss_cls: 0.0013, s2.acc: 99.8105, s2.loss_bbox: 0.0106, loss_bounder: 0.5495, loss_aux: 0.0000, loss: 0.5951
2026-08-17 05:15:49,370 - mmdet - INFO - Epoch [56][400/1732]	lr: 5.000e-03, eta: 14:36:18, time: 0.681, data_time: 0.005, memory: 17623, loss_rpn_cls: 0.0009, loss_rpn_bbox: 0.0010, s0.loss_cls: 0.0093, s0.acc: 99.6543, s0.loss_bbox: 0.0069, s1.loss_cls: 0.0020, s1.acc: 99.8587, s1.loss_bbox: 0.0094, s2.loss_cls: 0.0010, s2.acc: 99.8757, s2.loss_bbox: 0.0094, loss_bounder: 0.5308, loss_aux: 0.0000, loss: 0.5707
2026-08-17 05:16:57,575 - mmdet - INFO - Epoch [56][500/1732]	lr: 5.000e-03, eta: 14:35:10, time: 0.682, data_time: 0.005, memory: 17623, loss_rpn_cls: 0.0009, loss_rpn_bbox: 0.0015, s0.loss_cls: 0.0106, s0.acc: 99.5996, s0.loss_bbox: 0.0066, s1.loss_cls: 0.0019, s1.acc: 99.8626, s1.loss_bbox: 0.0085, s2.loss_cls: 0.0008, s2.acc: 99.8837, s2.loss_bbox: 0.0087, loss_bounder: 0.5531, loss_aux: 0.0000, loss: 0.5925
2026-08-17 05:18:06,386 - mmdet - INFO - Epoch [56][600/1732]	lr: 5.000e-03, eta: 14:34:03, time: 0.688, data_time: 0.005, memory: 17623, loss_rpn_cls: 0.0012, loss_rpn_bbox: 0.0013, s0.loss_cls: 0.0096, s0.acc: 99.6211, s0.loss_bbox: 0.0062, s1.loss_cls: 0.0018, s1.acc: 99.8801, s1.loss_bbox: 0.0080, s2.loss_cls: 0.0008, s2.acc: 99.8984, s2.loss_bbox: 0.0082, loss_bounder: 0.5440, loss_aux: 0.0000, loss: 0.5811
2026-08-17 05:19:14,965 - mmdet - INFO - Epoch [56][700/1732]	lr: 5.000e-03, eta: 14:32:56, time: 0.686, data_time: 0.005, memory: 17623, loss_rpn_cls: 0.0010, loss_rpn_bbox: 0.0015, s0.loss_cls: 0.0096, s0.acc: 99.6445, s0.loss_bbox: 0.0085, s1.loss_cls: 0.0023, s1.acc: 99.8288, s1.loss_bbox: 0.0117, s2.loss_cls: 0.0011, s2.acc: 99.8574, s2.loss_bbox: 0.0110, loss_bounder: 0.5553, loss_aux: 0.0000, loss: 0.6019
2026-08-17 05:20:23,486 - mmdet - INFO - Epoch [56][800/1732]	lr: 5.000e-03, eta: 14:31:49, time: 0.685, data_time: 0.005, memory: 17623, loss_rpn_cls: 0.0010, loss_rpn_bbox: 0.0013, s0.loss_cls: 0.0100, s0.acc: 99.6309, s0.loss_bbox: 0.0075, s1.loss_cls: 0.0020, s1.acc: 99.8526, s1.loss_bbox: 0.0089, s2.loss_cls: 0.0010, s2.acc: 99.8667, s2.loss_bbox: 0.0089, loss_bounder: 0.5421, loss_aux: 0.0000, loss: 0.5827
2026-08-17 05:21:32,468 - mmdet - INFO - Epoch [56][900/1732]	lr: 5.000e-03, eta: 14:30:42, time: 0.690, data_time: 0.005, memory: 17623, loss_rpn_cls: 0.0011, loss_rpn_bbox: 0.0015, s0.loss_cls: 0.0097, s0.acc: 99.6445, s0.loss_bbox: 0.0075, s1.loss_cls: 0.0024, s1.acc: 99.8232, s1.loss_bbox: 0.0101, s2.loss_cls: 0.0011, s2.acc: 99.8677, s2.loss_bbox: 0.0096, loss_bounder: 0.5682, loss_aux: 0.0000, loss: 0.6112
2026-08-17 05:22:40,990 - mmdet - INFO - Epoch [56][1000/1732]	lr: 5.000e-03, eta: 14:29:35, time: 0.685, data_time: 0.005, memory: 17623, loss_rpn_cls: 0.0010, loss_rpn_bbox: 0.0011, s0.loss_cls: 0.0092, s0.acc: 99.6621, s0.loss_bbox: 0.0063, s1.loss_cls: 0.0021, s1.acc: 99.8523, s1.loss_bbox: 0.0082, s2.loss_cls: 0.0009, s2.acc: 99.8925, s2.loss_bbox: 0.0087, loss_bounder: 0.5464, loss_aux: 0.0000, loss: 0.5839
2026-08-17 05:23:49,820 - mmdet - INFO - Epoch [56][1100/1732]	lr: 5.000e-03, eta: 14:28:28, time: 0.688, data_time: 0.004, memory: 17623, loss_rpn_cls: 0.0011, loss_rpn_bbox: 0.0011, s0.loss_cls: 0.0098, s0.acc: 99.6338, s0.loss_bbox: 0.0073, s1.loss_cls: 0.0020, s1.acc: 99.8699, s1.loss_bbox: 0.0091, s2.loss_cls: 0.0010, s2.acc: 99.8894, s2.loss_bbox: 0.0091, loss_bounder: 0.5483, loss_aux: 0.0000, loss: 0.5888
2026-08-17 05:24:58,802 - mmdet - INFO - Epoch [56][1200/1732]	lr: 5.000e-03, eta: 14:27:21, time: 0.690, data_time: 0.005, memory: 17623, loss_rpn_cls: 0.0013, loss_rpn_bbox: 0.0013, s0.loss_cls: 0.0101, s0.acc: 99.6211, s0.loss_bbox: 0.0079, s1.loss_cls: 0.0024, s1.acc: 99.8354, s1.loss_bbox: 0.0100, s2.loss_cls: 0.0011, s2.acc: 99.8563, s2.loss_bbox: 0.0098, loss_bounder: 0.5467, loss_aux: 0.0000, loss: 0.5906
2026-08-17 05:26:07,217 - mmdet - INFO - Epoch [56][1300/1732]	lr: 5.000e-03, eta: 14:26:13, time: 0.684, data_time: 0.005, memory: 17623, loss_rpn_cls: 0.0010, loss_rpn_bbox: 0.0011, s0.loss_cls: 0.0098, s0.acc: 99.6328, s0.loss_bbox: 0.0064, s1.loss_cls: 0.0020, s1.acc: 99.8493, s1.loss_bbox: 0.0084, s2.loss_cls: 0.0010, s2.acc: 99.8746, s2.loss_bbox: 0.0085, loss_bounder: 0.5437, loss_aux: 0.0000, loss: 0.5817
2026-08-17 05:27:16,787 - mmdet - INFO - Epoch [56][1400/1732]	lr: 5.000e-03, eta: 14:25:07, time: 0.696, data_time: 0.005, memory: 17623, loss_rpn_cls: 0.0006, loss_rpn_bbox: 0.0010, s0.loss_cls: 0.0091, s0.acc: 99.6514, s0.loss_bbox: 0.0056, s1.loss_cls: 0.0019, s1.acc: 99.8781, s1.loss_bbox: 0.0076, s2.loss_cls: 0.0009, s2.acc: 99.9049, s2.loss_bbox: 0.0078, loss_bounder: 0.5628, loss_aux: 0.0000, loss: 0.5974
2026-08-17 05:28:25,250 - mmdet - INFO - Epoch [56][1500/1732]	lr: 5.000e-03, eta: 14:24:00, time: 0.685, data_time: 0.005, memory: 17623, loss_rpn_cls: 0.0015, loss_rpn_bbox: 0.0014, s0.loss_cls: 0.0100, s0.acc: 99.6504, s0.loss_bbox: 0.0068, s1.loss_cls: 0.0022, s1.acc: 99.8429, s1.loss_bbox: 0.0091, s2.loss_cls: 0.0010, s2.acc: 99.8772, s2.loss_bbox: 0.0088, loss_bounder: 0.5440, loss_aux: 0.0000, loss: 0.5849
2026-08-17 05:29:33,813 - mmdet - INFO - Epoch [56][1600/1732]	lr: 5.000e-03, eta: 14:22:52, time: 0.686, data_time: 0.005, memory: 17623, loss_rpn_cls: 0.0009, loss_rpn_bbox: 0.0014, s0.loss_cls: 0.0083, s0.acc: 99.6885, s0.loss_bbox: 0.0059, s1.loss_cls: 0.0019, s1.acc: 99.8660, s1.loss_bbox: 0.0085, s2.loss_cls: 0.0009, s2.acc: 99.9009, s2.loss_bbox: 0.0086, loss_bounder: 0.5383, loss_aux: 0.0000, loss: 0.5747
2026-08-17 05:30:42,128 - mmdet - INFO - Epoch [56][1700/1732]	lr: 5.000e-03, eta: 14:21:45, time: 0.683, data_time: 0.005, memory: 17623, loss_rpn_cls: 0.0010, loss_rpn_bbox: 0.0013, s0.loss_cls: 0.0091, s0.acc: 99.6748, s0.loss_bbox: 0.0057, s1.loss_cls: 0.0019, s1.acc: 99.8690, s1.loss_bbox: 0.0079, s2.loss_cls: 0.0009, s2.acc: 99.8856, s2.loss_bbox: 0.0081, loss_bounder: 0.5583, loss_aux: 0.0000, loss: 0.5941
2026-08-17 05:31:04,421 - mmdet - INFO - Saving checkpoint at 56 epochs
2026-08-17 05:32:19,573 - mmdet - INFO - Evaluating bbox...
2026-08-17 05:32:20,389 - mmdet - INFO - 
+-----------+-------+-----------+-------+------------+-------+
| category  | AP    | category  | AP    | category   | AP    |
+-----------+-------+-----------+-------+------------+-------+
| HM        | 0.404 | LQS       | 0.174 | QHS        | 0.360 |
| MS        | 0.430 | A1_SU-35  | 0.794 | A2_C-130   | 0.731 |
| A3_C-17   | 0.795 | A4_C-5    | 0.827 | A5_F-16    | 0.698 |
| A6_TU-160 | 0.810 | A7_E-3    | 0.801 | A8_B-52    | 0.814 |
| A9_P-3C   | 0.758 | A10_B-1B  | 0.783 | A11_E-8    | 0.661 |
| A12_TU-22 | 0.792 | A13_F-15  | 0.707 | A14_KC-135 | 0.747 |
| A15_F-22  | 0.646 | A16_FA-18 | 0.727 | A17_TU-95  | 0.851 |
| A18_KC-10 | 0.649 | A19_SU-34 | 0.725 | A20_SU-24  | 0.744 |
| FSC       | 0.458 | None      | None  | None       | None  |
+-----------+-------+-----------+-------+------------+-------+
2026-08-17 05:32:20,395 - mmdet - INFO - EarlyStoppingHook: bbox_mAP=0.6750 提升幅度不足 0.0010（当前最佳 0.6870，等待 1/16）
2026-08-17 05:32:20,397 - mmdet - INFO - Exp name: aircraft_bafnet_1x.py
2026-08-17 05:32:20,397 - mmdet - INFO - Epoch(val) [56][548]	bbox_mAP: 0.6750, bbox_mAP_50: 0.8720, bbox_mAP_75: 0.8230, bbox_mAP_s: 0.0980, bbox_mAP_m: 0.6480, bbox_mAP_l: 0.7210, bbox_mAP_copypaste: 0.675 0.872 0.823 0.098 0.648 0.721
2026-08-17 05:33:31,701 - mmdet - INFO - Epoch [57][100/1732]	lr: 5.000e-04, eta: 14:20:01, time: 0.713, data_time: 0.028, memory: 17623, loss_rpn_cls: 0.0008, loss_rpn_bbox: 0.0011, s0.loss_cls: 0.0079, s0.acc: 99.7285, s0.loss_bbox: 0.0054, s1.loss_cls: 0.0020, s1.acc: 99.8431, s1.loss_bbox: 0.0076, s2.loss_cls: 0.0013, s2.acc: 99.8575, s2.loss_bbox: 0.0072, loss_bounder: 0.5484, loss_aux: 0.0000, loss: 0.5818
2026-08-17 05:34:40,149 - mmdet - INFO - Epoch [57][200/1732]	lr: 5.000e-04, eta: 14:18:54, time: 0.684, data_time: 0.005, memory: 17623, loss_rpn_cls: 0.0012, loss_rpn_bbox: 0.0009, s0.loss_cls: 0.0081, s0.acc: 99.7002, s0.loss_bbox: 0.0046, s1.loss_cls: 0.0019, s1.acc: 99.8485, s1.loss_bbox: 0.0063, s2.loss_cls: 0.0008, s2.acc: 99.9057, s2.loss_bbox: 0.0068, loss_bounder: 0.5502, loss_aux: 0.0000, loss: 0.5807
2026-08-17 05:35:48,726 - mmdet - INFO - Epoch [57][300/1732]	lr: 5.000e-04, eta: 14:17:47, time: 0.686, data_time: 0.005, memory: 17623, loss_rpn_cls: 0.0012, loss_rpn_bbox: 0.0008, s0.loss_cls: 0.0083, s0.acc: 99.7021, s0.loss_bbox: 0.0050, s1.loss_cls: 0.0018, s1.acc: 99.8839, s1.loss_bbox: 0.0069, s2.loss_cls: 0.0008, s2.acc: 99.9180, s2.loss_bbox: 0.0070, loss_bounder: 0.5390, loss_aux: 0.0000, loss: 0.5709
2026-08-17 05:36:57,151 - mmdet - INFO - Epoch [57][400/1732]	lr: 5.000e-04, eta: 14:16:39, time: 0.684, data_time: 0.004, memory: 17623, loss_rpn_cls: 0.0013, loss_rpn_bbox: 0.0010, s0.loss_cls: 0.0087, s0.acc: 99.6631, s0.loss_bbox: 0.0045, s1.loss_cls: 0.0020, s1.acc: 99.8509, s1.loss_bbox: 0.0065, s2.loss_cls: 0.0008, s2.acc: 99.9166, s2.loss_bbox: 0.0069, loss_bounder: 0.5471, loss_aux: 0.0000, loss: 0.5787
2026-08-17 05:38:05,645 - mmdet - INFO - Epoch [57][500/1732]	lr: 5.000e-04, eta: 14:15:32, time: 0.685, data_time: 0.005, memory: 17623, loss_rpn_cls: 0.0011, loss_rpn_bbox: 0.0011, s0.loss_cls: 0.0090, s0.acc: 99.6748, s0.loss_bbox: 0.0056, s1.loss_cls: 0.0021, s1.acc: 99.8474, s1.loss_bbox: 0.0073, s2.loss_cls: 0.0010, s2.acc: 99.8504, s2.loss_bbox: 0.0077, loss_bounder: 0.5504, loss_aux: 0.0000, loss: 0.5854
2026-08-17 05:39:14,392 - mmdet - INFO - Epoch [57][600/1732]	lr: 5.000e-04, eta: 14:14:25, time: 0.687, data_time: 0.005, memory: 17623, loss_rpn_cls: 0.0013, loss_rpn_bbox: 0.0009, s0.loss_cls: 0.0081, s0.acc: 99.7080, s0.loss_bbox: 0.0057, s1.loss_cls: 0.0020, s1.acc: 99.8354, s1.loss_bbox: 0.0076, s2.loss_cls: 0.0010, s2.acc: 99.8689, s2.loss_bbox: 0.0076, loss_bounder: 0.5417, loss_aux: 0.0000, loss: 0.5760
2026-08-17 05:40:23,227 - mmdet - INFO - Epoch [57][700/1732]	lr: 5.000e-04, eta: 14:13:18, time: 0.688, data_time: 0.005, memory: 17623, loss_rpn_cls: 0.0013, loss_rpn_bbox: 0.0008, s0.loss_cls: 0.0086, s0.acc: 99.6631, s0.loss_bbox: 0.0041, s1.loss_cls: 0.0016, s1.acc: 99.8916, s1.loss_bbox: 0.0059, s2.loss_cls: 0.0007, s2.acc: 99.9216, s2.loss_bbox: 0.0065, loss_bounder: 0.5436, loss_aux: 0.0000, loss: 0.5732
2026-08-17 05:41:31,929 - mmdet - INFO - Epoch [57][800/1732]	lr: 5.000e-04, eta: 14:12:11, time: 0.687, data_time: 0.005, memory: 17623, loss_rpn_cls: 0.0009, loss_rpn_bbox: 0.0008, s0.loss_cls: 0.0080, s0.acc: 99.7051, s0.loss_bbox: 0.0048, s1.loss_cls: 0.0019, s1.acc: 99.8671, s1.loss_bbox: 0.0063, s2.loss_cls: 0.0008, s2.acc: 99.9001, s2.loss_bbox: 0.0065, loss_bounder: 0.5327, loss_aux: 0.0000, loss: 0.5627
2026-08-17 05:42:40,001 - mmdet - INFO - Epoch [57][900/1732]	lr: 5.000e-04, eta: 14:11:03, time: 0.681, data_time: 0.005, memory: 17623, loss_rpn_cls: 0.0013, loss_rpn_bbox: 0.0010, s0.loss_cls: 0.0087, s0.acc: 99.6777, s0.loss_bbox: 0.0048, s1.loss_cls: 0.0020, s1.acc: 99.8449, s1.loss_bbox: 0.0060, s2.loss_cls: 0.0009, s2.acc: 99.8540, s2.loss_bbox: 0.0058, loss_bounder: 0.5633, loss_aux: 0.0000, loss: 0.5938
2026-08-17 05:43:48,139 - mmdet - INFO - Epoch [57][1000/1732]	lr: 5.000e-04, eta: 14:09:56, time: 0.681, data_time: 0.005, memory: 17623, loss_rpn_cls: 0.0010, loss_rpn_bbox: 0.0010, s0.loss_cls: 0.0090, s0.acc: 99.6357, s0.loss_bbox: 0.0052, s1.loss_cls: 0.0021, s1.acc: 99.8326, s1.loss_bbox: 0.0070, s2.loss_cls: 0.0011, s2.acc: 99.8485, s2.loss_bbox: 0.0068, loss_bounder: 0.5513, loss_aux: 0.0000, loss: 0.5846
2026-08-17 05:44:57,118 - mmdet - INFO - Epoch [57][1100/1732]	lr: 5.000e-04, eta: 14:08:49, time: 0.690, data_time: 0.005, memory: 17623, loss_rpn_cls: 0.0017, loss_rpn_bbox: 0.0012, s0.loss_cls: 0.0088, s0.acc: 99.6670, s0.loss_bbox: 0.0068, s1.loss_cls: 0.0022, s1.acc: 99.8376, s1.loss_bbox: 0.0088, s2.loss_cls: 0.0013, s2.acc: 99.8222, s2.loss_bbox: 0.0078, loss_bounder: 0.5430, loss_aux: 0.0000, loss: 0.5814
2026-08-17 05:46:05,989 - mmdet - INFO - Epoch [57][1200/1732]	lr: 5.000e-04, eta: 14:07:42, time: 0.689, data_time: 0.005, memory: 17623, loss_rpn_cls: 0.0009, loss_rpn_bbox: 0.0006, s0.loss_cls: 0.0068, s0.acc: 99.7461, s0.loss_bbox: 0.0037, s1.loss_cls: 0.0016, s1.acc: 99.8923, s1.loss_bbox: 0.0049, s2.loss_cls: 0.0007, s2.acc: 99.9136, s2.loss_bbox: 0.0052, loss_bounder: 0.5476, loss_aux: 0.0000, loss: 0.5720
2026-08-17 05:47:14,036 - mmdet - INFO - Epoch [57][1300/1732]	lr: 5.000e-04, eta: 14:06:34, time: 0.680, data_time: 0.005, memory: 17623, loss_rpn_cls: 0.0008, loss_rpn_bbox: 0.0008, s0.loss_cls: 0.0073, s0.acc: 99.7178, s0.loss_bbox: 0.0044, s1.loss_cls: 0.0017, s1.acc: 99.8652, s1.loss_bbox: 0.0060, s2.loss_cls: 0.0008, s2.acc: 99.8856, s2.loss_bbox: 0.0058, loss_bounder: 0.5593, loss_aux: 0.0000, loss: 0.5870
2026-08-17 05:48:22,994 - mmdet - INFO - Epoch [57][1400/1732]	lr: 5.000e-04, eta: 14:05:27, time: 0.690, data_time: 0.005, memory: 17623, loss_rpn_cls: 0.0010, loss_rpn_bbox: 0.0007, s0.loss_cls: 0.0073, s0.acc: 99.7197, s0.loss_bbox: 0.0040, s1.loss_cls: 0.0016, s1.acc: 99.8764, s1.loss_bbox: 0.0054, s2.loss_cls: 0.0007, s2.acc: 99.9340, s2.loss_bbox: 0.0060, loss_bounder: 0.5510, loss_aux: 0.0000, loss: 0.5776
2026-08-17 05:49:31,644 - mmdet - INFO - Epoch [57][1500/1732]	lr: 5.000e-04, eta: 14:04:20, time: 0.686, data_time: 0.005, memory: 17623, loss_rpn_cls: 0.0009, loss_rpn_bbox: 0.0008, s0.loss_cls: 0.0077, s0.acc: 99.7080, s0.loss_bbox: 0.0046, s1.loss_cls: 0.0017, s1.acc: 99.8839, s1.loss_bbox: 0.0058, s2.loss_cls: 0.0008, s2.acc: 99.9097, s2.loss_bbox: 0.0058, loss_bounder: 0.5484, loss_aux: 0.0000, loss: 0.5765
2026-08-17 05:50:40,129 - mmdet - INFO - Epoch [57][1600/1732]	lr: 5.000e-04, eta: 14:03:13, time: 0.685, data_time: 0.005, memory: 17623, loss_rpn_cls: 0.0014, loss_rpn_bbox: 0.0008, s0.loss_cls: 0.0080, s0.acc: 99.6973, s0.loss_bbox: 0.0055, s1.loss_cls: 0.0016, s1.acc: 99.8852, s1.loss_bbox: 0.0072, s2.loss_cls: 0.0008, s2.acc: 99.9011, s2.loss_bbox: 0.0068, loss_bounder: 0.5347, loss_aux: 0.0000, loss: 0.5668
2026-08-17 05:51:48,636 - mmdet - INFO - Epoch [57][1700/1732]	lr: 5.000e-04, eta: 14:02:06, time: 0.685, data_time: 0.005, memory: 17623, loss_rpn_cls: 0.0010, loss_rpn_bbox: 0.0010, s0.loss_cls: 0.0085, s0.acc: 99.6865, s0.loss_bbox: 0.0053, s1.loss_cls: 0.0019, s1.acc: 99.8491, s1.loss_bbox: 0.0067, s2.loss_cls: 0.0008, s2.acc: 99.9022, s2.loss_bbox: 0.0070, loss_bounder: 0.5616, loss_aux: 0.0000, loss: 0.5938
2026-08-17 05:52:10,483 - mmdet - INFO - Saving checkpoint at 57 epochs
2026-08-17 05:53:26,277 - mmdet - INFO - Evaluating bbox...
2026-08-17 05:53:27,100 - mmdet - INFO - 
+-----------+-------+-----------+-------+------------+-------+
| category  | AP    | category  | AP    | category   | AP    |
+-----------+-------+-----------+-------+------------+-------+
| HM        | 0.602 | LQS       | 0.174 | QHS        | 0.369 |
| MS        | 0.436 | A1_SU-35  | 0.795 | A2_C-130   | 0.727 |
| A3_C-17   | 0.788 | A4_C-5    | 0.834 | A5_F-16    | 0.708 |
| A6_TU-160 | 0.799 | A7_E-3    | 0.797 | A8_B-52    | 0.820 |
| A9_P-3C   | 0.759 | A10_B-1B  | 0.802 | A11_E-8    | 0.666 |
| A12_TU-22 | 0.803 | A13_F-15  | 0.725 | A14_KC-135 | 0.745 |
| A15_F-22  | 0.662 | A16_FA-18 | 0.747 | A17_TU-95  | 0.862 |
| A18_KC-10 | 0.620 | A19_SU-34 | 0.732 | A20_SU-24  | 0.763 |
| FSC       | 0.477 | None      | None  | None       | None  |
+-----------+-------+-----------+-------+------------+-------+
2026-08-17 05:53:27,890 - mmdet - INFO - BestSaverHook: bbox_mAP=0.6880 创新高，已保存 best 模型 -> /root/autodl-tmp/model_v4/work_dirs/arfc_only_v1/best_bbox_mAP.pth
2026-08-17 05:53:27,892 - mmdet - INFO - EarlyStoppingHook: bbox_mAP=0.6880 提升幅度不足 0.0010（当前最佳 0.6870，等待 2/16）
2026-08-17 05:53:27,892 - mmdet - INFO - Exp name: aircraft_bafnet_1x.py
2026-08-17 05:53:27,892 - mmdet - INFO - Epoch(val) [57][548]	bbox_mAP: 0.6880, bbox_mAP_50: 0.8940, bbox_mAP_75: 0.8300, bbox_mAP_s: 0.1110, bbox_mAP_m: 0.6540, bbox_mAP_l: 0.7350, bbox_mAP_copypaste: 0.688 0.894 0.830 0.111 0.654 0.735
2026-08-17 05:54:38,805 - mmdet - INFO - Epoch [58][100/1732]	lr: 5.000e-04, eta: 14:00:22, time: 0.709, data_time: 0.029, memory: 17623, loss_rpn_cls: 0.0013, loss_rpn_bbox: 0.0011, s0.loss_cls: 0.0089, s0.acc: 99.6572, s0.loss_bbox: 0.0057, s1.loss_cls: 0.0020, s1.acc: 99.8449, s1.loss_bbox: 0.0080, s2.loss_cls: 0.0010, s2.acc: 99.8679, s2.loss_bbox: 0.0074, loss_bounder: 0.5413, loss_aux: 0.0000, loss: 0.5768
2026-08-17 05:55:47,362 - mmdet - INFO - Epoch [58][200/1732]	lr: 5.000e-04, eta: 13:59:15, time: 0.686, data_time: 0.005, memory: 17623, loss_rpn_cls: 0.0006, loss_rpn_bbox: 0.0010, s0.loss_cls: 0.0076, s0.acc: 99.7100, s0.loss_bbox: 0.0049, s1.loss_cls: 0.0018, s1.acc: 99.8593, s1.loss_bbox: 0.0065, s2.loss_cls: 0.0010, s2.acc: 99.8739, s2.loss_bbox: 0.0064, loss_bounder: 0.5347, loss_aux: 0.0000, loss: 0.5645
2026-08-17 05:56:56,142 - mmdet - INFO - Epoch [58][300/1732]	lr: 5.000e-04, eta: 13:58:08, time: 0.688, data_time: 0.004, memory: 17623, loss_rpn_cls: 0.0008, loss_rpn_bbox: 0.0007, s0.loss_cls: 0.0065, s0.acc: 99.7637, s0.loss_bbox: 0.0036, s1.loss_cls: 0.0013, s1.acc: 99.8988, s1.loss_bbox: 0.0045, s2.loss_cls: 0.0006, s2.acc: 99.9255, s2.loss_bbox: 0.0048, loss_bounder: 0.5475, loss_aux: 0.0000, loss: 0.5704
2026-08-17 05:58:04,928 - mmdet - INFO - Epoch [58][400/1732]	lr: 5.000e-04, eta: 13:57:01, time: 0.688, data_time: 0.004, memory: 17623, loss_rpn_cls: 0.0009, loss_rpn_bbox: 0.0008, s0.loss_cls: 0.0073, s0.acc: 99.7129, s0.loss_bbox: 0.0050, s1.loss_cls: 0.0018, s1.acc: 99.8676, s1.loss_bbox: 0.0068, s2.loss_cls: 0.0008, s2.acc: 99.8853, s2.loss_bbox: 0.0064, loss_bounder: 0.5604, loss_aux: 0.0000, loss: 0.5902
2026-08-17 05:59:13,219 - mmdet - INFO - Epoch [58][500/1732]	lr: 5.000e-04, eta: 13:55:53, time: 0.683, data_time: 0.005, memory: 17623, loss_rpn_cls: 0.0009, loss_rpn_bbox: 0.0008, s0.loss_cls: 0.0071, s0.acc: 99.7373, s0.loss_bbox: 0.0043, s1.loss_cls: 0.0017, s1.acc: 99.8644, s1.loss_bbox: 0.0056, s2.loss_cls: 0.0007, s2.acc: 99.9145, s2.loss_bbox: 0.0057, loss_bounder: 0.5522, loss_aux: 0.0000, loss: 0.5791
2026-08-17 06:00:21,996 - mmdet - INFO - Epoch [58][600/1732]	lr: 5.000e-04, eta: 13:54:46, time: 0.688, data_time: 0.005, memory: 17623, loss_rpn_cls: 0.0007, loss_rpn_bbox: 0.0009, s0.loss_cls: 0.0080, s0.acc: 99.7041, s0.loss_bbox: 0.0048, s1.loss_cls: 0.0019, s1.acc: 99.8553, s1.loss_bbox: 0.0064, s2.loss_cls: 0.0009, s2.acc: 99.8853, s2.loss_bbox: 0.0063, loss_bounder: 0.5470, loss_aux: 0.0000, loss: 0.5768
2026-08-17 06:01:31,349 - mmdet - INFO - Epoch [58][700/1732]	lr: 5.000e-04, eta: 13:53:40, time: 0.694, data_time: 0.005, memory: 17623, loss_rpn_cls: 0.0011, loss_rpn_bbox: 0.0009, s0.loss_cls: 0.0079, s0.acc: 99.6904, s0.loss_bbox: 0.0040, s1.loss_cls: 0.0018, s1.acc: 99.8752, s1.loss_bbox: 0.0053, s2.loss_cls: 0.0009, s2.acc: 99.8905, s2.loss_bbox: 0.0053, loss_bounder: 0.5423, loss_aux: 0.0000, loss: 0.5695
2026-08-17 06:02:40,933 - mmdet - INFO - Epoch [58][800/1732]	lr: 5.000e-04, eta: 13:52:33, time: 0.696, data_time: 0.005, memory: 17623, loss_rpn_cls: 0.0008, loss_rpn_bbox: 0.0008, s0.loss_cls: 0.0073, s0.acc: 99.7305, s0.loss_bbox: 0.0048, s1.loss_cls: 0.0018, s1.acc: 99.8745, s1.loss_bbox: 0.0061, s2.loss_cls: 0.0009, s2.acc: 99.8906, s2.loss_bbox: 0.0059, loss_bounder: 0.5386, loss_aux: 0.0000, loss: 0.5671
2026-08-17 06:03:49,015 - mmdet - INFO - Epoch [58][900/1732]	lr: 5.000e-04, eta: 13:51:25, time: 0.681, data_time: 0.005, memory: 17623, loss_rpn_cls: 0.0010, loss_rpn_bbox: 0.0009, s0.loss_cls: 0.0076, s0.acc: 99.7188, s0.loss_bbox: 0.0049, s1.loss_cls: 0.0018, s1.acc: 99.8656, s1.loss_bbox: 0.0060, s2.loss_cls: 0.0009, s2.acc: 99.8930, s2.loss_bbox: 0.0057, loss_bounder: 0.5445, loss_aux: 0.0000, loss: 0.5733
2026-08-17 06:04:57,777 - mmdet - INFO - Epoch [58][1000/1732]	lr: 5.000e-04, eta: 13:50:18, time: 0.688, data_time: 0.005, memory: 17623, loss_rpn_cls: 0.0009, loss_rpn_bbox: 0.0007, s0.loss_cls: 0.0074, s0.acc: 99.7158, s0.loss_bbox: 0.0035, s1.loss_cls: 0.0014, s1.acc: 99.9058, s1.loss_bbox: 0.0050, s2.loss_cls: 0.0007, s2.acc: 99.9103, s2.loss_bbox: 0.0049, loss_bounder: 0.5350, loss_aux: 0.0000, loss: 0.5595
2026-08-17 06:06:06,148 - mmdet - INFO - Epoch [58][1100/1732]	lr: 5.000e-04, eta: 13:49:11, time: 0.684, data_time: 0.004, memory: 17623, loss_rpn_cls: 0.0008, loss_rpn_bbox: 0.0008, s0.loss_cls: 0.0072, s0.acc: 99.7441, s0.loss_bbox: 0.0041, s1.loss_cls: 0.0018, s1.acc: 99.8685, s1.loss_bbox: 0.0055, s2.loss_cls: 0.0007, s2.acc: 99.9162, s2.loss_bbox: 0.0057, loss_bounder: 0.5419, loss_aux: 0.0000, loss: 0.5684
2026-08-17 06:07:14,381 - mmdet - INFO - Epoch [58][1200/1732]	lr: 5.000e-04, eta: 13:48:04, time: 0.682, data_time: 0.004, memory: 17623, loss_rpn_cls: 0.0011, loss_rpn_bbox: 0.0006, s0.loss_cls: 0.0076, s0.acc: 99.7119, s0.loss_bbox: 0.0036, s1.loss_cls: 0.0014, s1.acc: 99.8910, s1.loss_bbox: 0.0046, s2.loss_cls: 0.0006, s2.acc: 99.9223, s2.loss_bbox: 0.0048, loss_bounder: 0.5712, loss_aux: 0.0000, loss: 0.5956
2026-08-17 06:08:23,361 - mmdet - INFO - Epoch [58][1300/1732]	lr: 5.000e-04, eta: 13:46:57, time: 0.690, data_time: 0.005, memory: 17623, loss_rpn_cls: 0.0011, loss_rpn_bbox: 0.0008, s0.loss_cls: 0.0071, s0.acc: 99.7441, s0.loss_bbox: 0.0039, s1.loss_cls: 0.0018, s1.acc: 99.8655, s1.loss_bbox: 0.0049, s2.loss_cls: 0.0009, s2.acc: 99.8990, s2.loss_bbox: 0.0051, loss_bounder: 0.5579, loss_aux: 0.0000, loss: 0.5836
2026-08-17 06:09:32,087 - mmdet - INFO - Epoch [58][1400/1732]	lr: 5.000e-04, eta: 13:45:49, time: 0.687, data_time: 0.005, memory: 17623, loss_rpn_cls: 0.0010, loss_rpn_bbox: 0.0009, s0.loss_cls: 0.0079, s0.acc: 99.6885, s0.loss_bbox: 0.0042, s1.loss_cls: 0.0017, s1.acc: 99.8761, s1.loss_bbox: 0.0051, s2.loss_cls: 0.0008, s2.acc: 99.9091, s2.loss_bbox: 0.0049, loss_bounder: 0.5433, loss_aux: 0.0000, loss: 0.5697
2026-08-17 06:10:40,537 - mmdet - INFO - Epoch [58][1500/1732]	lr: 5.000e-04, eta: 13:44:42, time: 0.684, data_time: 0.005, memory: 17623, loss_rpn_cls: 0.0008, loss_rpn_bbox: 0.0006, s0.loss_cls: 0.0065, s0.acc: 99.7646, s0.loss_bbox: 0.0028, s1.loss_cls: 0.0013, s1.acc: 99.9028, s1.loss_bbox: 0.0038, s2.loss_cls: 0.0005, s2.acc: 99.9293, s2.loss_bbox: 0.0040, loss_bounder: 0.5647, loss_aux: 0.0000, loss: 0.5849
2026-08-17 06:11:48,744 - mmdet - INFO - Epoch [58][1600/1732]	lr: 5.000e-04, eta: 13:43:35, time: 0.682, data_time: 0.005, memory: 17623, loss_rpn_cls: 0.0009, loss_rpn_bbox: 0.0007, s0.loss_cls: 0.0071, s0.acc: 99.7393, s0.loss_bbox: 0.0039, s1.loss_cls: 0.0016, s1.acc: 99.8752, s1.loss_bbox: 0.0047, s2.loss_cls: 0.0007, s2.acc: 99.8980, s2.loss_bbox: 0.0048, loss_bounder: 0.5505, loss_aux: 0.0000, loss: 0.5750
2026-08-17 06:12:57,330 - mmdet - INFO - Epoch [58][1700/1732]	lr: 5.000e-04, eta: 13:42:27, time: 0.686, data_time: 0.005, memory: 17623, loss_rpn_cls: 0.0009, loss_rpn_bbox: 0.0008, s0.loss_cls: 0.0073, s0.acc: 99.7402, s0.loss_bbox: 0.0043, s1.loss_cls: 0.0017, s1.acc: 99.8674, s1.loss_bbox: 0.0053, s2.loss_cls: 0.0008, s2.acc: 99.9057, s2.loss_bbox: 0.0054, loss_bounder: 0.5455, loss_aux: 0.0000, loss: 0.5720
2026-08-17 06:13:19,749 - mmdet - INFO - Saving checkpoint at 58 epochs
2026-08-17 06:14:35,070 - mmdet - INFO - Evaluating bbox...
2026-08-17 06:14:35,964 - mmdet - INFO - 
+-----------+-------+-----------+-------+------------+-------+
| category  | AP    | category  | AP    | category   | AP    |
+-----------+-------+-----------+-------+------------+-------+
| HM        | 0.552 | LQS       | 0.174 | QHS        | 0.369 |
| MS        | 0.437 | A1_SU-35  | 0.796 | A2_C-130   | 0.730 |
| A3_C-17   | 0.789 | A4_C-5    | 0.837 | A5_F-16    | 0.705 |
| A6_TU-160 | 0.797 | A7_E-3    | 0.799 | A8_B-52    | 0.824 |
| A9_P-3C   | 0.766 | A10_B-1B  | 0.803 | A11_E-8    | 0.661 |
| A12_TU-22 | 0.798 | A13_F-15  | 0.727 | A14_KC-135 | 0.750 |
| A15_F-22  | 0.660 | A16_FA-18 | 0.742 | A17_TU-95  | 0.854 |
| A18_KC-10 | 0.622 | A19_SU-34 | 0.738 | A20_SU-24  | 0.765 |
| FSC       | 0.469 | None      | None  | None       | None  |
+-----------+-------+-----------+-------+------------+-------+
2026-08-17 06:14:35,970 - mmdet - INFO - EarlyStoppingHook: bbox_mAP=0.6870 提升幅度不足 0.0010（当前最佳 0.6870，等待 3/16）
2026-08-17 06:14:35,972 - mmdet - INFO - Exp name: aircraft_bafnet_1x.py
2026-08-17 06:14:35,972 - mmdet - INFO - Epoch(val) [58][548]	bbox_mAP: 0.6870, bbox_mAP_50: 0.8920, bbox_mAP_75: 0.8280, bbox_mAP_s: 0.0990, bbox_mAP_m: 0.6570, bbox_mAP_l: 0.7320, bbox_mAP_copypaste: 0.687 0.892 0.828 0.099 0.657 0.732
2026-08-17 06:15:46,859 - mmdet - INFO - Epoch [59][100/1732]	lr: 5.000e-04, eta: 13:40:44, time: 0.709, data_time: 0.027, memory: 17623, loss_rpn_cls: 0.0012, loss_rpn_bbox: 0.0008, s0.loss_cls: 0.0077, s0.acc: 99.7158, s0.loss_bbox: 0.0045, s1.loss_cls: 0.0017, s1.acc: 99.8624, s1.loss_bbox: 0.0055, s2.loss_cls: 0.0008, s2.acc: 99.8878, s2.loss_bbox: 0.0055, loss_bounder: 0.5444, loss_aux: 0.0000, loss: 0.5722
2026-08-17 06:16:55,140 - mmdet - INFO - Epoch [59][200/1732]	lr: 5.000e-04, eta: 13:39:37, time: 0.683, data_time: 0.004, memory: 17623, loss_rpn_cls: 0.0009, loss_rpn_bbox: 0.0007, s0.loss_cls: 0.0066, s0.acc: 99.7637, s0.loss_bbox: 0.0040, s1.loss_cls: 0.0013, s1.acc: 99.9063, s1.loss_bbox: 0.0046, s2.loss_cls: 0.0006, s2.acc: 99.9221, s2.loss_bbox: 0.0046, loss_bounder: 0.5395, loss_aux: 0.0000, loss: 0.5628
2026-08-17 06:18:03,650 - mmdet - INFO - Epoch [59][300/1732]	lr: 5.000e-04, eta: 13:38:30, time: 0.685, data_time: 0.005, memory: 17623, loss_rpn_cls: 0.0010, loss_rpn_bbox: 0.0009, s0.loss_cls: 0.0072, s0.acc: 99.7324, s0.loss_bbox: 0.0045, s1.loss_cls: 0.0015, s1.acc: 99.8932, s1.loss_bbox: 0.0055, s2.loss_cls: 0.0008, s2.acc: 99.8989, s2.loss_bbox: 0.0053, loss_bounder: 0.5512, loss_aux: 0.0000, loss: 0.5779
2026-08-17 06:19:12,095 - mmdet - INFO - Epoch [59][400/1732]	lr: 5.000e-04, eta: 13:37:22, time: 0.684, data_time: 0.004, memory: 17623, loss_rpn_cls: 0.0008, loss_rpn_bbox: 0.0008, s0.loss_cls: 0.0076, s0.acc: 99.6953, s0.loss_bbox: 0.0043, s1.loss_cls: 0.0017, s1.acc: 99.8683, s1.loss_bbox: 0.0051, s2.loss_cls: 0.0008, s2.acc: 99.9119, s2.loss_bbox: 0.0052, loss_bounder: 0.5372, loss_aux: 0.0000, loss: 0.5635
2026-08-17 06:20:20,663 - mmdet - INFO - Epoch [59][500/1732]	lr: 5.000e-04, eta: 13:36:15, time: 0.686, data_time: 0.004, memory: 17623, loss_rpn_cls: 0.0008, loss_rpn_bbox: 0.0009, s0.loss_cls: 0.0071, s0.acc: 99.7393, s0.loss_bbox: 0.0042, s1.loss_cls: 0.0015, s1.acc: 99.8942, s1.loss_bbox: 0.0049, s2.loss_cls: 0.0007, s2.acc: 99.9089, s2.loss_bbox: 0.0049, loss_bounder: 0.5581, loss_aux: 0.0000, loss: 0.5832
2026-08-17 06:21:29,289 - mmdet - INFO - Epoch [59][600/1732]	lr: 5.000e-04, eta: 13:35:08, time: 0.686, data_time: 0.004, memory: 17623, loss_rpn_cls: 0.0006, loss_rpn_bbox: 0.0007, s0.loss_cls: 0.0065, s0.acc: 99.7578, s0.loss_bbox: 0.0035, s1.loss_cls: 0.0013, s1.acc: 99.9063, s1.loss_bbox: 0.0043, s2.loss_cls: 0.0007, s2.acc: 99.9171, s2.loss_bbox: 0.0044, loss_bounder: 0.5466, loss_aux: 0.0000, loss: 0.5685
2026-08-17 06:22:37,794 - mmdet - INFO - Epoch [59][700/1732]	lr: 5.000e-04, eta: 13:34:01, time: 0.685, data_time: 0.004, memory: 17623, loss_rpn_cls: 0.0010, loss_rpn_bbox: 0.0006, s0.loss_cls: 0.0069, s0.acc: 99.7324, s0.loss_bbox: 0.0029, s1.loss_cls: 0.0012, s1.acc: 99.9074, s1.loss_bbox: 0.0034, s2.loss_cls: 0.0006, s2.acc: 99.9261, s2.loss_bbox: 0.0037, loss_bounder: 0.5467, loss_aux: 0.0000, loss: 0.5669
2026-08-17 06:23:46,101 - mmdet - INFO - Epoch [59][800/1732]	lr: 5.000e-04, eta: 13:32:53, time: 0.683, data_time: 0.004, memory: 17623, loss_rpn_cls: 0.0011, loss_rpn_bbox: 0.0009, s0.loss_cls: 0.0075, s0.acc: 99.7188, s0.loss_bbox: 0.0045, s1.loss_cls: 0.0017, s1.acc: 99.8615, s1.loss_bbox: 0.0057, s2.loss_cls: 0.0010, s2.acc: 99.8597, s2.loss_bbox: 0.0054, loss_bounder: 0.5559, loss_aux: 0.0000, loss: 0.5837
2026-08-17 06:24:54,867 - mmdet - INFO - Epoch [59][900/1732]	lr: 5.000e-04, eta: 13:31:46, time: 0.688, data_time: 0.004, memory: 17623, loss_rpn_cls: 0.0011, loss_rpn_bbox: 0.0009, s0.loss_cls: 0.0076, s0.acc: 99.7090, s0.loss_bbox: 0.0042, s1.loss_cls: 0.0018, s1.acc: 99.8706, s1.loss_bbox: 0.0053, s2.loss_cls: 0.0009, s2.acc: 99.8863, s2.loss_bbox: 0.0052, loss_bounder: 0.5551, loss_aux: 0.0000, loss: 0.5820
2026-08-17 06:26:03,104 - mmdet - INFO - Epoch [59][1000/1732]	lr: 5.000e-04, eta: 13:30:39, time: 0.682, data_time: 0.004, memory: 17623, loss_rpn_cls: 0.0007, loss_rpn_bbox: 0.0006, s0.loss_cls: 0.0062, s0.acc: 99.7646, s0.loss_bbox: 0.0034, s1.loss_cls: 0.0015, s1.acc: 99.8849, s1.loss_bbox: 0.0044, s2.loss_cls: 0.0006, s2.acc: 99.9340, s2.loss_bbox: 0.0045, loss_bounder: 0.5481, loss_aux: 0.0000, loss: 0.5701
2026-08-17 06:27:11,296 - mmdet - INFO - Epoch [59][1100/1732]	lr: 5.000e-04, eta: 13:29:31, time: 0.682, data_time: 0.005, memory: 17623, loss_rpn_cls: 0.0014, loss_rpn_bbox: 0.0007, s0.loss_cls: 0.0075, s0.acc: 99.7139, s0.loss_bbox: 0.0033, s1.loss_cls: 0.0016, s1.acc: 99.8736, s1.loss_bbox: 0.0045, s2.loss_cls: 0.0006, s2.acc: 99.9271, s2.loss_bbox: 0.0046, loss_bounder: 0.5460, loss_aux: 0.0000, loss: 0.5702
2026-08-17 06:28:20,249 - mmdet - INFO - Epoch [59][1200/1732]	lr: 5.000e-04, eta: 13:28:24, time: 0.690, data_time: 0.005, memory: 17623, loss_rpn_cls: 0.0009, loss_rpn_bbox: 0.0008, s0.loss_cls: 0.0072, s0.acc: 99.7275, s0.loss_bbox: 0.0035, s1.loss_cls: 0.0015, s1.acc: 99.8914, s1.loss_bbox: 0.0045, s2.loss_cls: 0.0006, s2.acc: 99.9217, s2.loss_bbox: 0.0045, loss_bounder: 0.5638, loss_aux: 0.0000, loss: 0.5873
2026-08-17 06:29:29,145 - mmdet - INFO - Epoch [59][1300/1732]	lr: 5.000e-04, eta: 13:27:17, time: 0.689, data_time: 0.004, memory: 17623, loss_rpn_cls: 0.0007, loss_rpn_bbox: 0.0007, s0.loss_cls: 0.0066, s0.acc: 99.7646, s0.loss_bbox: 0.0039, s1.loss_cls: 0.0015, s1.acc: 99.8941, s1.loss_bbox: 0.0049, s2.loss_cls: 0.0006, s2.acc: 99.9228, s2.loss_bbox: 0.0048, loss_bounder: 0.5563, loss_aux: 0.0000, loss: 0.5800
2026-08-17 06:30:37,360 - mmdet - INFO - Epoch [59][1400/1732]	lr: 5.000e-04, eta: 13:26:10, time: 0.682, data_time: 0.005, memory: 17623, loss_rpn_cls: 0.0007, loss_rpn_bbox: 0.0009, s0.loss_cls: 0.0075, s0.acc: 99.7080, s0.loss_bbox: 0.0044, s1.loss_cls: 0.0017, s1.acc: 99.8630, s1.loss_bbox: 0.0056, s2.loss_cls: 0.0008, s2.acc: 99.8832, s2.loss_bbox: 0.0052, loss_bounder: 0.5411, loss_aux: 0.0000, loss: 0.5678
2026-08-17 06:31:45,644 - mmdet - INFO - Epoch [59][1500/1732]	lr: 5.000e-04, eta: 13:25:02, time: 0.683, data_time: 0.005, memory: 17623, loss_rpn_cls: 0.0008, loss_rpn_bbox: 0.0008, s0.loss_cls: 0.0079, s0.acc: 99.6895, s0.loss_bbox: 0.0038, s1.loss_cls: 0.0016, s1.acc: 99.8785, s1.loss_bbox: 0.0050, s2.loss_cls: 0.0008, s2.acc: 99.8934, s2.loss_bbox: 0.0051, loss_bounder: 0.5375, loss_aux: 0.0000, loss: 0.5635
2026-08-17 06:32:54,186 - mmdet - INFO - Epoch [59][1600/1732]	lr: 5.000e-04, eta: 13:23:55, time: 0.685, data_time: 0.005, memory: 17623, loss_rpn_cls: 0.0013, loss_rpn_bbox: 0.0010, s0.loss_cls: 0.0076, s0.acc: 99.7305, s0.loss_bbox: 0.0048, s1.loss_cls: 0.0018, s1.acc: 99.8685, s1.loss_bbox: 0.0060, s2.loss_cls: 0.0009, s2.acc: 99.8770, s2.loss_bbox: 0.0057, loss_bounder: 0.5486, loss_aux: 0.0000, loss: 0.5778
2026-08-17 06:34:02,409 - mmdet - INFO - Epoch [59][1700/1732]	lr: 5.000e-04, eta: 13:22:47, time: 0.682, data_time: 0.005, memory: 17623, loss_rpn_cls: 0.0011, loss_rpn_bbox: 0.0007, s0.loss_cls: 0.0065, s0.acc: 99.7617, s0.loss_bbox: 0.0036, s1.loss_cls: 0.0015, s1.acc: 99.8919, s1.loss_bbox: 0.0045, s2.loss_cls: 0.0007, s2.acc: 99.9047, s2.loss_bbox: 0.0045, loss_bounder: 0.5403, loss_aux: 0.0000, loss: 0.5634
2026-08-17 06:34:24,503 - mmdet - INFO - Saving checkpoint at 59 epochs
2026-08-17 06:35:40,222 - mmdet - INFO - Evaluating bbox...
2026-08-17 06:35:41,036 - mmdet - INFO - 
+-----------+-------+-----------+-------+------------+-------+
| category  | AP    | category  | AP    | category   | AP    |
+-----------+-------+-----------+-------+------------+-------+
| HM        | 0.552 | LQS       | 0.174 | QHS        | 0.365 |
| MS        | 0.433 | A1_SU-35  | 0.798 | A2_C-130   | 0.730 |
| A3_C-17   | 0.789 | A4_C-5    | 0.839 | A5_F-16    | 0.701 |
| A6_TU-160 | 0.798 | A7_E-3    | 0.799 | A8_B-52    | 0.813 |
| A9_P-3C   | 0.763 | A10_B-1B  | 0.803 | A11_E-8    | 0.658 |
| A12_TU-22 | 0.794 | A13_F-15  | 0.731 | A14_KC-135 | 0.746 |
| A15_F-22  | 0.661 | A16_FA-18 | 0.742 | A17_TU-95  | 0.861 |
| A18_KC-10 | 0.638 | A19_SU-34 | 0.734 | A20_SU-24  | 0.762 |
| FSC       | 0.472 | None      | None  | None       | None  |
+-----------+-------+-----------+-------+------------+-------+
2026-08-17 06:35:41,042 - mmdet - INFO - EarlyStoppingHook: bbox_mAP=0.6860 提升幅度不足 0.0010（当前最佳 0.6870，等待 4/16）
2026-08-17 06:35:41,044 - mmdet - INFO - Exp name: aircraft_bafnet_1x.py
2026-08-17 06:35:41,044 - mmdet - INFO - Epoch(val) [59][548]	bbox_mAP: 0.6860, bbox_mAP_50: 0.8920, bbox_mAP_75: 0.8270, bbox_mAP_s: 0.0990, bbox_mAP_m: 0.6550, bbox_mAP_l: 0.7320, bbox_mAP_copypaste: 0.686 0.892 0.827 0.099 0.655 0.732
2026-08-17 06:36:52,017 - mmdet - INFO - Epoch [60][100/1732]	lr: 5.000e-04, eta: 13:21:05, time: 0.710, data_time: 0.028, memory: 17623, loss_rpn_cls: 0.0009, loss_rpn_bbox: 0.0007, s0.loss_cls: 0.0068, s0.acc: 99.7568, s0.loss_bbox: 0.0033, s1.loss_cls: 0.0015, s1.acc: 99.8890, s1.loss_bbox: 0.0038, s2.loss_cls: 0.0006, s2.acc: 99.9301, s2.loss_bbox: 0.0037, loss_bounder: 0.5566, loss_aux: 0.0000, loss: 0.5779
2026-08-17 06:38:00,416 - mmdet - INFO - Epoch [60][200/1732]	lr: 5.000e-04, eta: 13:19:58, time: 0.684, data_time: 0.005, memory: 17623, loss_rpn_cls: 0.0009, loss_rpn_bbox: 0.0008, s0.loss_cls: 0.0070, s0.acc: 99.7363, s0.loss_bbox: 0.0035, s1.loss_cls: 0.0016, s1.acc: 99.8807, s1.loss_bbox: 0.0043, s2.loss_cls: 0.0006, s2.acc: 99.9226, s2.loss_bbox: 0.0043, loss_bounder: 0.5511, loss_aux: 0.0000, loss: 0.5741
2026-08-17 06:39:08,752 - mmdet - INFO - Epoch [60][300/1732]	lr: 5.000e-04, eta: 13:18:50, time: 0.683, data_time: 0.005, memory: 17623, loss_rpn_cls: 0.0010, loss_rpn_bbox: 0.0006, s0.loss_cls: 0.0067, s0.acc: 99.7568, s0.loss_bbox: 0.0037, s1.loss_cls: 0.0014, s1.acc: 99.8858, s1.loss_bbox: 0.0047, s2.loss_cls: 0.0006, s2.acc: 99.9157, s2.loss_bbox: 0.0047, loss_bounder: 0.5552, loss_aux: 0.0000, loss: 0.5785
2026-08-17 06:40:17,222 - mmdet - INFO - Epoch [60][400/1732]	lr: 5.000e-04, eta: 13:17:43, time: 0.685, data_time: 0.005, memory: 17623, loss_rpn_cls: 0.0010, loss_rpn_bbox: 0.0007, s0.loss_cls: 0.0065, s0.acc: 99.7725, s0.loss_bbox: 0.0032, s1.loss_cls: 0.0015, s1.acc: 99.8901, s1.loss_bbox: 0.0039, s2.loss_cls: 0.0007, s2.acc: 99.9361, s2.loss_bbox: 0.0040, loss_bounder: 0.5471, loss_aux: 0.0000, loss: 0.5686
2026-08-17 06:41:25,502 - mmdet - INFO - Epoch [60][500/1732]	lr: 5.000e-04, eta: 13:16:35, time: 0.683, data_time: 0.005, memory: 17623, loss_rpn_cls: 0.0011, loss_rpn_bbox: 0.0007, s0.loss_cls: 0.0068, s0.acc: 99.7568, s0.loss_bbox: 0.0036, s1.loss_cls: 0.0015, s1.acc: 99.8871, s1.loss_bbox: 0.0042, s2.loss_cls: 0.0007, s2.acc: 99.9048, s2.loss_bbox: 0.0040, loss_bounder: 0.5433, loss_aux: 0.0000, loss: 0.5658
2026-08-17 06:42:33,830 - mmdet - INFO - Epoch [60][600/1732]	lr: 5.000e-04, eta: 13:15:28, time: 0.683, data_time: 0.005, memory: 17623, loss_rpn_cls: 0.0009, loss_rpn_bbox: 0.0007, s0.loss_cls: 0.0072, s0.acc: 99.7246, s0.loss_bbox: 0.0034, s1.loss_cls: 0.0015, s1.acc: 99.8941, s1.loss_bbox: 0.0043, s2.loss_cls: 0.0006, s2.acc: 99.9176, s2.loss_bbox: 0.0043, loss_bounder: 0.5515, loss_aux: 0.0000, loss: 0.5744
2026-08-17 06:43:42,639 - mmdet - INFO - Epoch [60][700/1732]	lr: 5.000e-04, eta: 13:14:21, time: 0.688, data_time: 0.005, memory: 17623, loss_rpn_cls: 0.0012, loss_rpn_bbox: 0.0008, s0.loss_cls: 0.0072, s0.acc: 99.7432, s0.loss_bbox: 0.0042, s1.loss_cls: 0.0015, s1.acc: 99.9058, s1.loss_bbox: 0.0047, s2.loss_cls: 0.0008, s2.acc: 99.8997, s2.loss_bbox: 0.0047, loss_bounder: 0.5414, loss_aux: 0.0000, loss: 0.5665
2026-08-17 06:44:51,302 - mmdet - INFO - Epoch [60][800/1732]	lr: 5.000e-04, eta: 13:13:14, time: 0.687, data_time: 0.005, memory: 17623, loss_rpn_cls: 0.0011, loss_rpn_bbox: 0.0007, s0.loss_cls: 0.0062, s0.acc: 99.7725, s0.loss_bbox: 0.0030, s1.loss_cls: 0.0015, s1.acc: 99.8879, s1.loss_bbox: 0.0035, s2.loss_cls: 0.0006, s2.acc: 99.9288, s2.loss_bbox: 0.0036, loss_bounder: 0.5570, loss_aux: 0.0000, loss: 0.5772
2026-08-17 06:45:59,445 - mmdet - INFO - Epoch [60][900/1732]	lr: 5.000e-04, eta: 13:12:06, time: 0.681, data_time: 0.005, memory: 17623, loss_rpn_cls: 0.0010, loss_rpn_bbox: 0.0007, s0.loss_cls: 0.0062, s0.acc: 99.7686, s0.loss_bbox: 0.0034, s1.loss_cls: 0.0016, s1.acc: 99.8713, s1.loss_bbox: 0.0038, s2.loss_cls: 0.0006, s2.acc: 99.9218, s2.loss_bbox: 0.0038, loss_bounder: 0.5507, loss_aux: 0.0000, loss: 0.5719
2026-08-17 06:47:07,776 - mmdet - INFO - Epoch [60][1000/1732]	lr: 5.000e-04, eta: 13:10:59, time: 0.683, data_time: 0.005, memory: 17623, loss_rpn_cls: 0.0008, loss_rpn_bbox: 0.0007, s0.loss_cls: 0.0066, s0.acc: 99.7588, s0.loss_bbox: 0.0036, s1.loss_cls: 0.0016, s1.acc: 99.8780, s1.loss_bbox: 0.0044, s2.loss_cls: 0.0006, s2.acc: 99.9199, s2.loss_bbox: 0.0047, loss_bounder: 0.5376, loss_aux: 0.0000, loss: 0.5607
2026-08-17 06:48:16,350 - mmdet - INFO - Epoch [60][1100/1732]	lr: 5.000e-04, eta: 13:09:52, time: 0.686, data_time: 0.005, memory: 17623, loss_rpn_cls: 0.0012, loss_rpn_bbox: 0.0007, s0.loss_cls: 0.0071, s0.acc: 99.7324, s0.loss_bbox: 0.0037, s1.loss_cls: 0.0016, s1.acc: 99.8820, s1.loss_bbox: 0.0044, s2.loss_cls: 0.0006, s2.acc: 99.9218, s2.loss_bbox: 0.0044, loss_bounder: 0.5513, loss_aux: 0.0000, loss: 0.5751
2026-08-17 06:49:24,908 - mmdet - INFO - Epoch [60][1200/1732]	lr: 5.000e-04, eta: 13:08:44, time: 0.686, data_time: 0.005, memory: 17623, loss_rpn_cls: 0.0009, loss_rpn_bbox: 0.0007, s0.loss_cls: 0.0069, s0.acc: 99.7422, s0.loss_bbox: 0.0034, s1.loss_cls: 0.0013, s1.acc: 99.9059, s1.loss_bbox: 0.0039, s2.loss_cls: 0.0006, s2.acc: 99.9300, s2.loss_bbox: 0.0040, loss_bounder: 0.5601, loss_aux: 0.0000, loss: 0.5817
2026-08-17 06:50:33,652 - mmdet - INFO - Epoch [60][1300/1732]	lr: 5.000e-04, eta: 13:07:37, time: 0.687, data_time: 0.005, memory: 17623, loss_rpn_cls: 0.0015, loss_rpn_bbox: 0.0008, s0.loss_cls: 0.0070, s0.acc: 99.7393, s0.loss_bbox: 0.0039, s1.loss_cls: 0.0015, s1.acc: 99.8874, s1.loss_bbox: 0.0048, s2.loss_cls: 0.0007, s2.acc: 99.9177, s2.loss_bbox: 0.0049, loss_bounder: 0.5314, loss_aux: 0.0000, loss: 0.5565
2026-08-17 06:51:42,642 - mmdet - INFO - Epoch [60][1400/1732]	lr: 5.000e-04, eta: 13:06:30, time: 0.690, data_time: 0.005, memory: 17623, loss_rpn_cls: 0.0008, loss_rpn_bbox: 0.0009, s0.loss_cls: 0.0076, s0.acc: 99.7178, s0.loss_bbox: 0.0044, s1.loss_cls: 0.0017, s1.acc: 99.8767, s1.loss_bbox: 0.0054, s2.loss_cls: 0.0008, s2.acc: 99.9032, s2.loss_bbox: 0.0049, loss_bounder: 0.5577, loss_aux: 0.0000, loss: 0.5841
2026-08-17 06:52:51,443 - mmdet - INFO - Epoch [60][1500/1732]	lr: 5.000e-04, eta: 13:05:23, time: 0.688, data_time: 0.005, memory: 17623, loss_rpn_cls: 0.0007, loss_rpn_bbox: 0.0010, s0.loss_cls: 0.0073, s0.acc: 99.7246, s0.loss_bbox: 0.0052, s1.loss_cls: 0.0018, s1.acc: 99.8695, s1.loss_bbox: 0.0056, s2.loss_cls: 0.0010, s2.acc: 99.8618, s2.loss_bbox: 0.0049, loss_bounder: 0.5387, loss_aux: 0.0000, loss: 0.5660
2026-08-17 06:54:01,011 - mmdet - INFO - Epoch [60][1600/1732]	lr: 5.000e-04, eta: 13:04:16, time: 0.696, data_time: 0.005, memory: 17623, loss_rpn_cls: 0.0011, loss_rpn_bbox: 0.0008, s0.loss_cls: 0.0072, s0.acc: 99.7422, s0.loss_bbox: 0.0042, s1.loss_cls: 0.0015, s1.acc: 99.8705, s1.loss_bbox: 0.0050, s2.loss_cls: 0.0008, s2.acc: 99.9069, s2.loss_bbox: 0.0048, loss_bounder: 0.5375, loss_aux: 0.0000, loss: 0.5629
2026-08-17 06:55:10,340 - mmdet - INFO - Epoch [60][1700/1732]	lr: 5.000e-04, eta: 13:03:10, time: 0.693, data_time: 0.005, memory: 17623, loss_rpn_cls: 0.0011, loss_rpn_bbox: 0.0008, s0.loss_cls: 0.0061, s0.acc: 99.7871, s0.loss_bbox: 0.0041, s1.loss_cls: 0.0014, s1.acc: 99.9058, s1.loss_bbox: 0.0048, s2.loss_cls: 0.0008, s2.acc: 99.9156, s2.loss_bbox: 0.0044, loss_bounder: 0.5435, loss_aux: 0.0000, loss: 0.5669
2026-08-17 06:55:32,441 - mmdet - INFO - Saving checkpoint at 60 epochs
2026-08-17 06:56:47,170 - mmdet - INFO - Evaluating bbox...
2026-08-17 06:56:48,143 - mmdet - INFO - 
+-----------+-------+-----------+-------+------------+-------+
| category  | AP    | category  | AP    | category   | AP    |
+-----------+-------+-----------+-------+------------+-------+
| HM        | 0.602 | LQS       | 0.174 | QHS        | 0.363 |
| MS        | 0.430 | A1_SU-35  | 0.801 | A2_C-130   | 0.727 |
| A3_C-17   | 0.787 | A4_C-5    | 0.840 | A5_F-16    | 0.702 |
| A6_TU-160 | 0.800 | A7_E-3    | 0.808 | A8_B-52    | 0.813 |
| A9_P-3C   | 0.770 | A10_B-1B  | 0.804 | A11_E-8    | 0.663 |
| A12_TU-22 | 0.793 | A13_F-15  | 0.731 | A14_KC-135 | 0.749 |
| A15_F-22  | 0.656 | A16_FA-18 | 0.744 | A17_TU-95  | 0.861 |
| A18_KC-10 | 0.621 | A19_SU-34 | 0.736 | A20_SU-24  | 0.766 |
| FSC       | 0.471 | None      | None  | None       | None  |
+-----------+-------+-----------+-------+------------+-------+
2026-08-17 06:56:48,154 - mmdet - INFO - EarlyStoppingHook: bbox_mAP=0.6880 提升幅度不足 0.0010（当前最佳 0.6870，等待 5/16）
2026-08-17 06:56:48,155 - mmdet - INFO - Exp name: aircraft_bafnet_1x.py
2026-08-17 06:56:48,155 - mmdet - INFO - Epoch(val) [60][548]	bbox_mAP: 0.6880, bbox_mAP_50: 0.8930, bbox_mAP_75: 0.8280, bbox_mAP_s: 0.0980, bbox_mAP_m: 0.6560, bbox_mAP_l: 0.7350, bbox_mAP_copypaste: 0.688 0.893 0.828 0.098 0.656 0.735
2026-08-17 06:57:59,065 - mmdet - INFO - Epoch [61][100/1732]	lr: 5.000e-04, eta: 13:01:28, time: 0.709, data_time: 0.028, memory: 17623, loss_rpn_cls: 0.0012, loss_rpn_bbox: 0.0007, s0.loss_cls: 0.0071, s0.acc: 99.7412, s0.loss_bbox: 0.0038, s1.loss_cls: 0.0014, s1.acc: 99.8922, s1.loss_bbox: 0.0041, s2.loss_cls: 0.0007, s2.acc: 99.9086, s2.loss_bbox: 0.0040, loss_bounder: 0.5473, loss_aux: 0.0000, loss: 0.5703
2026-08-17 06:59:07,388 - mmdet - INFO - Epoch [61][200/1732]	lr: 5.000e-04, eta: 13:00:20, time: 0.683, data_time: 0.005, memory: 17623, loss_rpn_cls: 0.0009, loss_rpn_bbox: 0.0008, s0.loss_cls: 0.0076, s0.acc: 99.7168, s0.loss_bbox: 0.0044, s1.loss_cls: 0.0016, s1.acc: 99.8797, s1.loss_bbox: 0.0048, s2.loss_cls: 0.0008, s2.acc: 99.9094, s2.loss_bbox: 0.0046, loss_bounder: 0.5489, loss_aux: 0.0000, loss: 0.5743
2026-08-17 07:00:15,809 - mmdet - INFO - Epoch [61][300/1732]	lr: 5.000e-04, eta: 12:59:13, time: 0.684, data_time: 0.005, memory: 17623, loss_rpn_cls: 0.0008, loss_rpn_bbox: 0.0007, s0.loss_cls: 0.0065, s0.acc: 99.7637, s0.loss_bbox: 0.0036, s1.loss_cls: 0.0013, s1.acc: 99.8946, s1.loss_bbox: 0.0038, s2.loss_cls: 0.0006, s2.acc: 99.9207, s2.loss_bbox: 0.0038, loss_bounder: 0.5603, loss_aux: 0.0000, loss: 0.5814
2026-08-17 07:01:24,575 - mmdet - INFO - Epoch [61][400/1732]	lr: 5.000e-04, eta: 12:58:06, time: 0.688, data_time: 0.005, memory: 17623, loss_rpn_cls: 0.0011, loss_rpn_bbox: 0.0007, s0.loss_cls: 0.0076, s0.acc: 99.7158, s0.loss_bbox: 0.0038, s1.loss_cls: 0.0016, s1.acc: 99.8693, s1.loss_bbox: 0.0045, s2.loss_cls: 0.0007, s2.acc: 99.8972, s2.loss_bbox: 0.0043, loss_bounder: 0.5568, loss_aux: 0.0000, loss: 0.5810
2026-08-17 07:02:33,165 - mmdet - INFO - Epoch [61][500/1732]	lr: 5.000e-04, eta: 12:56:59, time: 0.686, data_time: 0.005, memory: 17623, loss_rpn_cls: 0.0008, loss_rpn_bbox: 0.0008, s0.loss_cls: 0.0078, s0.acc: 99.7031, s0.loss_bbox: 0.0045, s1.loss_cls: 0.0016, s1.acc: 99.8685, s1.loss_bbox: 0.0050, s2.loss_cls: 0.0007, s2.acc: 99.8994, s2.loss_bbox: 0.0051, loss_bounder: 0.5448, loss_aux: 0.0000, loss: 0.5711
2026-08-17 07:03:42,239 - mmdet - INFO - Epoch [61][600/1732]	lr: 5.000e-04, eta: 12:55:52, time: 0.691, data_time: 0.005, memory: 17623, loss_rpn_cls: 0.0009, loss_rpn_bbox: 0.0006, s0.loss_cls: 0.0057, s0.acc: 99.7900, s0.loss_bbox: 0.0023, s1.loss_cls: 0.0013, s1.acc: 99.9031, s1.loss_bbox: 0.0028, s2.loss_cls: 0.0006, s2.acc: 99.9300, s2.loss_bbox: 0.0030, loss_bounder: 0.5435, loss_aux: 0.0000, loss: 0.5608
2026-08-17 07:04:50,594 - mmdet - INFO - Epoch [61][700/1732]	lr: 5.000e-04, eta: 12:54:44, time: 0.684, data_time: 0.005, memory: 17623, loss_rpn_cls: 0.0010, loss_rpn_bbox: 0.0007, s0.loss_cls: 0.0063, s0.acc: 99.7549, s0.loss_bbox: 0.0031, s1.loss_cls: 0.0014, s1.acc: 99.8994, s1.loss_bbox: 0.0037, s2.loss_cls: 0.0006, s2.acc: 99.9219, s2.loss_bbox: 0.0037, loss_bounder: 0.5569, loss_aux: 0.0000, loss: 0.5774
2026-08-17 07:05:59,583 - mmdet - INFO - Epoch [61][800/1732]	lr: 5.000e-04, eta: 12:53:37, time: 0.690, data_time: 0.005, memory: 17623, loss_rpn_cls: 0.0010, loss_rpn_bbox: 0.0008, s0.loss_cls: 0.0066, s0.acc: 99.7588, s0.loss_bbox: 0.0042, s1.loss_cls: 0.0014, s1.acc: 99.8900, s1.loss_bbox: 0.0046, s2.loss_cls: 0.0006, s2.acc: 99.9248, s2.loss_bbox: 0.0046, loss_bounder: 0.5331, loss_aux: 0.0000, loss: 0.5569
2026-08-17 07:07:08,406 - mmdet - INFO - Epoch [61][900/1732]	lr: 5.000e-04, eta: 12:52:30, time: 0.688, data_time: 0.005, memory: 17623, loss_rpn_cls: 0.0007, loss_rpn_bbox: 0.0005, s0.loss_cls: 0.0060, s0.acc: 99.7793, s0.loss_bbox: 0.0029, s1.loss_cls: 0.0012, s1.acc: 99.9167, s1.loss_bbox: 0.0034, s2.loss_cls: 0.0006, s2.acc: 99.9176, s2.loss_bbox: 0.0032, loss_bounder: 0.5528, loss_aux: 0.0000, loss: 0.5714
2026-08-17 07:08:17,337 - mmdet - INFO - Epoch [61][1000/1732]	lr: 5.000e-04, eta: 12:51:23, time: 0.689, data_time: 0.005, memory: 17623, loss_rpn_cls: 0.0008, loss_rpn_bbox: 0.0008, s0.loss_cls: 0.0063, s0.acc: 99.7607, s0.loss_bbox: 0.0037, s1.loss_cls: 0.0015, s1.acc: 99.8835, s1.loss_bbox: 0.0044, s2.loss_cls: 0.0008, s2.acc: 99.9022, s2.loss_bbox: 0.0041, loss_bounder: 0.5365, loss_aux: 0.0000, loss: 0.5589
2026-08-17 07:09:25,615 - mmdet - INFO - Epoch [61][1100/1732]	lr: 5.000e-04, eta: 12:50:16, time: 0.683, data_time: 0.005, memory: 17623, loss_rpn_cls: 0.0009, loss_rpn_bbox: 0.0008, s0.loss_cls: 0.0071, s0.acc: 99.7217, s0.loss_bbox: 0.0037, s1.loss_cls: 0.0014, s1.acc: 99.9006, s1.loss_bbox: 0.0042, s2.loss_cls: 0.0008, s2.acc: 99.8892, s2.loss_bbox: 0.0038, loss_bounder: 0.5401, loss_aux: 0.0000, loss: 0.5627
2026-08-17 07:10:34,328 - mmdet - INFO - Epoch [61][1200/1732]	lr: 5.000e-04, eta: 12:49:09, time: 0.687, data_time: 0.005, memory: 17623, loss_rpn_cls: 0.0006, loss_rpn_bbox: 0.0009, s0.loss_cls: 0.0074, s0.acc: 99.7246, s0.loss_bbox: 0.0045, s1.loss_cls: 0.0019, s1.acc: 99.8549, s1.loss_bbox: 0.0048, s2.loss_cls: 0.0008, s2.acc: 99.8843, s2.loss_bbox: 0.0045, loss_bounder: 0.5380, loss_aux: 0.0000, loss: 0.5634
2026-08-17 07:11:43,027 - mmdet - INFO - Epoch [61][1300/1732]	lr: 5.000e-04, eta: 12:48:01, time: 0.687, data_time: 0.005, memory: 17623, loss_rpn_cls: 0.0008, loss_rpn_bbox: 0.0007, s0.loss_cls: 0.0063, s0.acc: 99.7783, s0.loss_bbox: 0.0031, s1.loss_cls: 0.0015, s1.acc: 99.8943, s1.loss_bbox: 0.0037, s2.loss_cls: 0.0007, s2.acc: 99.9068, s2.loss_bbox: 0.0036, loss_bounder: 0.5564, loss_aux: 0.0000, loss: 0.5768
2026-08-17 07:12:52,061 - mmdet - INFO - Epoch [61][1400/1732]	lr: 5.000e-04, eta: 12:46:54, time: 0.690, data_time: 0.005, memory: 17623, loss_rpn_cls: 0.0008, loss_rpn_bbox: 0.0005, s0.loss_cls: 0.0054, s0.acc: 99.8232, s0.loss_bbox: 0.0025, s1.loss_cls: 0.0012, s1.acc: 99.9141, s1.loss_bbox: 0.0028, s2.loss_cls: 0.0005, s2.acc: 99.9492, s2.loss_bbox: 0.0030, loss_bounder: 0.5599, loss_aux: 0.0000, loss: 0.5765
2026-08-17 07:14:00,621 - mmdet - INFO - Epoch [61][1500/1732]	lr: 5.000e-04, eta: 12:45:47, time: 0.686, data_time: 0.005, memory: 17623, loss_rpn_cls: 0.0007, loss_rpn_bbox: 0.0008, s0.loss_cls: 0.0064, s0.acc: 99.7695, s0.loss_bbox: 0.0034, s1.loss_cls: 0.0015, s1.acc: 99.8748, s1.loss_bbox: 0.0040, s2.loss_cls: 0.0006, s2.acc: 99.9230, s2.loss_bbox: 0.0042, loss_bounder: 0.5513, loss_aux: 0.0000, loss: 0.5729
2026-08-17 07:15:08,995 - mmdet - INFO - Epoch [61][1600/1732]	lr: 5.000e-04, eta: 12:44:40, time: 0.684, data_time: 0.005, memory: 17623, loss_rpn_cls: 0.0008, loss_rpn_bbox: 0.0007, s0.loss_cls: 0.0072, s0.acc: 99.7451, s0.loss_bbox: 0.0043, s1.loss_cls: 0.0017, s1.acc: 99.8673, s1.loss_bbox: 0.0050, s2.loss_cls: 0.0007, s2.acc: 99.9099, s2.loss_bbox: 0.0047, loss_bounder: 0.5414, loss_aux: 0.0000, loss: 0.5665
2026-08-17 07:16:18,304 - mmdet - INFO - Epoch [61][1700/1732]	lr: 5.000e-04, eta: 12:43:33, time: 0.693, data_time: 0.005, memory: 17623, loss_rpn_cls: 0.0007, loss_rpn_bbox: 0.0007, s0.loss_cls: 0.0060, s0.acc: 99.7891, s0.loss_bbox: 0.0033, s1.loss_cls: 0.0015, s1.acc: 99.8851, s1.loss_bbox: 0.0038, s2.loss_cls: 0.0006, s2.acc: 99.9124, s2.loss_bbox: 0.0038, loss_bounder: 0.5420, loss_aux: 0.0000, loss: 0.5624
2026-08-17 07:16:40,326 - mmdet - INFO - Saving checkpoint at 61 epochs
2026-08-17 07:17:56,010 - mmdet - INFO - Evaluating bbox...
2026-08-17 07:17:56,922 - mmdet - INFO - 
+-----------+-------+-----------+-------+------------+-------+
| category  | AP    | category  | AP    | category   | AP    |
+-----------+-------+-----------+-------+------------+-------+
| HM        | 0.602 | LQS       | 0.174 | QHS        | 0.372 |
| MS        | 0.431 | A1_SU-35  | 0.799 | A2_C-130   | 0.728 |
| A3_C-17   | 0.788 | A4_C-5    | 0.844 | A5_F-16    | 0.702 |
| A6_TU-160 | 0.797 | A7_E-3    | 0.809 | A8_B-52    | 0.812 |
| A9_P-3C   | 0.766 | A10_B-1B  | 0.804 | A11_E-8    | 0.658 |
| A12_TU-22 | 0.796 | A13_F-15  | 0.736 | A14_KC-135 | 0.748 |
| A15_F-22  | 0.658 | A16_FA-18 | 0.739 | A17_TU-95  | 0.861 |
| A18_KC-10 | 0.619 | A19_SU-34 | 0.732 | A20_SU-24  | 0.767 |
| FSC       | 0.469 | None      | None  | None       | None  |
+-----------+-------+-----------+-------+------------+-------+
2026-08-17 07:17:56,930 - mmdet - INFO - EarlyStoppingHook: bbox_mAP=0.6880 提升幅度不足 0.0010（当前最佳 0.6870，等待 6/16）
2026-08-17 07:17:56,931 - mmdet - INFO - Exp name: aircraft_bafnet_1x.py
2026-08-17 07:17:56,931 - mmdet - INFO - Epoch(val) [61][548]	bbox_mAP: 0.6880, bbox_mAP_50: 0.8930, bbox_mAP_75: 0.8290, bbox_mAP_s: 0.0990, bbox_mAP_m: 0.6580, bbox_mAP_l: 0.7350, bbox_mAP_copypaste: 0.688 0.893 0.829 0.099 0.658 0.735
2026-08-17 07:19:08,459 - mmdet - INFO - Epoch [62][100/1732]	lr: 5.000e-04, eta: 12:41:52, time: 0.715, data_time: 0.028, memory: 17623, loss_rpn_cls: 0.0009, loss_rpn_bbox: 0.0007, s0.loss_cls: 0.0065, s0.acc: 99.7803, s0.loss_bbox: 0.0037, s1.loss_cls: 0.0014, s1.acc: 99.9026, s1.loss_bbox: 0.0038, s2.loss_cls: 0.0006, s2.acc: 99.9221, s2.loss_bbox: 0.0037, loss_bounder: 0.5546, loss_aux: 0.0000, loss: 0.5759
2026-08-17 07:20:16,927 - mmdet - INFO - Epoch [62][200/1732]	lr: 5.000e-04, eta: 12:40:45, time: 0.685, data_time: 0.005, memory: 17623, loss_rpn_cls: 0.0009, loss_rpn_bbox: 0.0008, s0.loss_cls: 0.0069, s0.acc: 99.7578, s0.loss_bbox: 0.0042, s1.loss_cls: 0.0016, s1.acc: 99.8796, s1.loss_bbox: 0.0047, s2.loss_cls: 0.0008, s2.acc: 99.8929, s2.loss_bbox: 0.0043, loss_bounder: 0.5531, loss_aux: 0.0000, loss: 0.5774
2026-08-17 07:21:26,234 - mmdet - INFO - Epoch [62][300/1732]	lr: 5.000e-04, eta: 12:39:38, time: 0.693, data_time: 0.005, memory: 17623, loss_rpn_cls: 0.0009, loss_rpn_bbox: 0.0006, s0.loss_cls: 0.0068, s0.acc: 99.7559, s0.loss_bbox: 0.0032, s1.loss_cls: 0.0014, s1.acc: 99.9026, s1.loss_bbox: 0.0037, s2.loss_cls: 0.0005, s2.acc: 99.9449, s2.loss_bbox: 0.0038, loss_bounder: 0.5597, loss_aux: 0.0000, loss: 0.5806
2026-08-17 07:22:35,165 - mmdet - INFO - Epoch [62][400/1732]	lr: 5.000e-04, eta: 12:38:31, time: 0.689, data_time: 0.005, memory: 17623, loss_rpn_cls: 0.0012, loss_rpn_bbox: 0.0006, s0.loss_cls: 0.0060, s0.acc: 99.8018, s0.loss_bbox: 0.0028, s1.loss_cls: 0.0012, s1.acc: 99.9034, s1.loss_bbox: 0.0030, s2.loss_cls: 0.0005, s2.acc: 99.9396, s2.loss_bbox: 0.0030, loss_bounder: 0.5488, loss_aux: 0.0000, loss: 0.5673
2026-08-17 07:23:43,628 - mmdet - INFO - Epoch [62][500/1732]	lr: 5.000e-04, eta: 12:37:23, time: 0.685, data_time: 0.005, memory: 17623, loss_rpn_cls: 0.0004, loss_rpn_bbox: 0.0007, s0.loss_cls: 0.0063, s0.acc: 99.7666, s0.loss_bbox: 0.0033, s1.loss_cls: 0.0011, s1.acc: 99.9232, s1.loss_bbox: 0.0038, s2.loss_cls: 0.0005, s2.acc: 99.9358, s2.loss_bbox: 0.0039, loss_bounder: 0.5584, loss_aux: 0.0000, loss: 0.5784
2026-08-17 07:24:52,079 - mmdet - INFO - Epoch [62][600/1732]	lr: 5.000e-04, eta: 12:36:16, time: 0.685, data_time: 0.005, memory: 17623, loss_rpn_cls: 0.0006, loss_rpn_bbox: 0.0007, s0.loss_cls: 0.0067, s0.acc: 99.7598, s0.loss_bbox: 0.0032, s1.loss_cls: 0.0015, s1.acc: 99.8858, s1.loss_bbox: 0.0036, s2.loss_cls: 0.0007, s2.acc: 99.9162, s2.loss_bbox: 0.0035, loss_bounder: 0.5559, loss_aux: 0.0000, loss: 0.5765
2026-08-17 07:26:00,258 - mmdet - INFO - Epoch [62][700/1732]	lr: 5.000e-04, eta: 12:35:09, time: 0.682, data_time: 0.005, memory: 17623, loss_rpn_cls: 0.0010, loss_rpn_bbox: 0.0007, s0.loss_cls: 0.0062, s0.acc: 99.7617, s0.loss_bbox: 0.0034, s1.loss_cls: 0.0015, s1.acc: 99.8734, s1.loss_bbox: 0.0035, s2.loss_cls: 0.0006, s2.acc: 99.9202, s2.loss_bbox: 0.0036, loss_bounder: 0.5408, loss_aux: 0.0000, loss: 0.5614
2026-08-17 07:27:09,486 - mmdet - INFO - Epoch [62][800/1732]	lr: 5.000e-04, eta: 12:34:02, time: 0.692, data_time: 0.004, memory: 17623, loss_rpn_cls: 0.0007, loss_rpn_bbox: 0.0005, s0.loss_cls: 0.0056, s0.acc: 99.7979, s0.loss_bbox: 0.0026, s1.loss_cls: 0.0012, s1.acc: 99.9119, s1.loss_bbox: 0.0028, s2.loss_cls: 0.0005, s2.acc: 99.9351, s2.loss_bbox: 0.0029, loss_bounder: 0.5410, loss_aux: 0.0000, loss: 0.5579
2026-08-17 07:28:18,499 - mmdet - INFO - Epoch [62][900/1732]	lr: 5.000e-04, eta: 12:32:55, time: 0.690, data_time: 0.005, memory: 17623, loss_rpn_cls: 0.0010, loss_rpn_bbox: 0.0006, s0.loss_cls: 0.0059, s0.acc: 99.7607, s0.loss_bbox: 0.0026, s1.loss_cls: 0.0011, s1.acc: 99.9256, s1.loss_bbox: 0.0032, s2.loss_cls: 0.0006, s2.acc: 99.9263, s2.loss_bbox: 0.0030, loss_bounder: 0.5332, loss_aux: 0.0000, loss: 0.5514
2026-08-17 07:29:26,941 - mmdet - INFO - Epoch [62][1000/1732]	lr: 5.000e-04, eta: 12:31:47, time: 0.684, data_time: 0.005, memory: 17623, loss_rpn_cls: 0.0008, loss_rpn_bbox: 0.0007, s0.loss_cls: 0.0063, s0.acc: 99.7715, s0.loss_bbox: 0.0036, s1.loss_cls: 0.0014, s1.acc: 99.8872, s1.loss_bbox: 0.0046, s2.loss_cls: 0.0006, s2.acc: 99.9063, s2.loss_bbox: 0.0041, loss_bounder: 0.5532, loss_aux: 0.0000, loss: 0.5753
2026-08-17 07:30:35,646 - mmdet - INFO - Epoch [62][1100/1732]	lr: 5.000e-04, eta: 12:30:40, time: 0.687, data_time: 0.005, memory: 17623, loss_rpn_cls: 0.0010, loss_rpn_bbox: 0.0008, s0.loss_cls: 0.0067, s0.acc: 99.7549, s0.loss_bbox: 0.0031, s1.loss_cls: 0.0016, s1.acc: 99.8797, s1.loss_bbox: 0.0038, s2.loss_cls: 0.0006, s2.acc: 99.9099, s2.loss_bbox: 0.0038, loss_bounder: 0.5435, loss_aux: 0.0000, loss: 0.5650
2026-08-17 07:31:44,007 - mmdet - INFO - Epoch [62][1200/1732]	lr: 5.000e-04, eta: 12:29:33, time: 0.684, data_time: 0.005, memory: 17623, loss_rpn_cls: 0.0006, loss_rpn_bbox: 0.0007, s0.loss_cls: 0.0061, s0.acc: 99.7783, s0.loss_bbox: 0.0035, s1.loss_cls: 0.0013, s1.acc: 99.9008, s1.loss_bbox: 0.0041, s2.loss_cls: 0.0005, s2.acc: 99.9308, s2.loss_bbox: 0.0038, loss_bounder: 0.5324, loss_aux: 0.0000, loss: 0.5529
2026-08-17 07:32:52,320 - mmdet - INFO - Epoch [62][1300/1732]	lr: 5.000e-04, eta: 12:28:25, time: 0.683, data_time: 0.005, memory: 17623, loss_rpn_cls: 0.0007, loss_rpn_bbox: 0.0008, s0.loss_cls: 0.0069, s0.acc: 99.7412, s0.loss_bbox: 0.0047, s1.loss_cls: 0.0015, s1.acc: 99.8713, s1.loss_bbox: 0.0050, s2.loss_cls: 0.0006, s2.acc: 99.9156, s2.loss_bbox: 0.0042, loss_bounder: 0.5618, loss_aux: 0.0000, loss: 0.5862
2026-08-17 07:34:00,979 - mmdet - INFO - Epoch [62][1400/1732]	lr: 5.000e-04, eta: 12:27:18, time: 0.687, data_time: 0.005, memory: 17623, loss_rpn_cls: 0.0011, loss_rpn_bbox: 0.0009, s0.loss_cls: 0.0068, s0.acc: 99.7275, s0.loss_bbox: 0.0043, s1.loss_cls: 0.0015, s1.acc: 99.8963, s1.loss_bbox: 0.0048, s2.loss_cls: 0.0008, s2.acc: 99.9067, s2.loss_bbox: 0.0045, loss_bounder: 0.5493, loss_aux: 0.0000, loss: 0.5739
2026-08-17 07:35:09,613 - mmdet - INFO - Epoch [62][1500/1732]	lr: 5.000e-04, eta: 12:26:11, time: 0.686, data_time: 0.005, memory: 17623, loss_rpn_cls: 0.0009, loss_rpn_bbox: 0.0007, s0.loss_cls: 0.0062, s0.acc: 99.7725, s0.loss_bbox: 0.0036, s1.loss_cls: 0.0016, s1.acc: 99.8636, s1.loss_bbox: 0.0039, s2.loss_cls: 0.0007, s2.acc: 99.8983, s2.loss_bbox: 0.0037, loss_bounder: 0.5307, loss_aux: 0.0000, loss: 0.5520
2026-08-17 07:36:18,045 - mmdet - INFO - Epoch [62][1600/1732]	lr: 5.000e-04, eta: 12:25:03, time: 0.684, data_time: 0.005, memory: 17623, loss_rpn_cls: 0.0009, loss_rpn_bbox: 0.0008, s0.loss_cls: 0.0068, s0.acc: 99.7451, s0.loss_bbox: 0.0040, s1.loss_cls: 0.0015, s1.acc: 99.8855, s1.loss_bbox: 0.0042, s2.loss_cls: 0.0006, s2.acc: 99.9266, s2.loss_bbox: 0.0038, loss_bounder: 0.5470, loss_aux: 0.0000, loss: 0.5697
2026-08-17 07:37:26,486 - mmdet - INFO - Epoch [62][1700/1732]	lr: 5.000e-04, eta: 12:23:56, time: 0.684, data_time: 0.005, memory: 17623, loss_rpn_cls: 0.0008, loss_rpn_bbox: 0.0008, s0.loss_cls: 0.0071, s0.acc: 99.7285, s0.loss_bbox: 0.0037, s1.loss_cls: 0.0015, s1.acc: 99.8795, s1.loss_bbox: 0.0043, s2.loss_cls: 0.0007, s2.acc: 99.9080, s2.loss_bbox: 0.0043, loss_bounder: 0.5537, loss_aux: 0.0000, loss: 0.5768
2026-08-17 07:37:48,940 - mmdet - INFO - Saving checkpoint at 62 epochs
2026-08-17 07:39:04,986 - mmdet - INFO - Evaluating bbox...
2026-08-17 07:39:05,882 - mmdet - INFO - 
+-----------+-------+-----------+-------+------------+-------+
| category  | AP    | category  | AP    | category   | AP    |
+-----------+-------+-----------+-------+------------+-------+
| HM        | 0.602 | LQS       | 0.174 | QHS        | 0.370 |
| MS        | 0.430 | A1_SU-35  | 0.801 | A2_C-130   | 0.732 |
| A3_C-17   | 0.791 | A4_C-5    | 0.844 | A5_F-16    | 0.705 |
| A6_TU-160 | 0.800 | A7_E-3    | 0.808 | A8_B-52    | 0.814 |
| A9_P-3C   | 0.764 | A10_B-1B  | 0.802 | A11_E-8    | 0.659 |
| A12_TU-22 | 0.803 | A13_F-15  | 0.732 | A14_KC-135 | 0.749 |
| A15_F-22  | 0.658 | A16_FA-18 | 0.738 | A17_TU-95  | 0.858 |
| A18_KC-10 | 0.618 | A19_SU-34 | 0.736 | A20_SU-24  | 0.766 |
| FSC       | 0.476 | None      | None  | None       | None  |
+-----------+-------+-----------+-------+------------+-------+
2026-08-17 07:39:06,657 - mmdet - INFO - BestSaverHook: bbox_mAP=0.6890 创新高，已保存 best 模型 -> /root/autodl-tmp/model_v4/work_dirs/arfc_only_v1/best_bbox_mAP.pth
2026-08-17 07:39:06,658 - mmdet - INFO - Exp name: aircraft_bafnet_1x.py
2026-08-17 07:39:06,659 - mmdet - INFO - Epoch(val) [62][548]	bbox_mAP: 0.6890, bbox_mAP_50: 0.8920, bbox_mAP_75: 0.8290, bbox_mAP_s: 0.1110, bbox_mAP_m: 0.6590, bbox_mAP_l: 0.7350, bbox_mAP_copypaste: 0.689 0.892 0.829 0.111 0.659 0.735
2026-08-17 07:40:17,092 - mmdet - INFO - Epoch [63][100/1732]	lr: 5.000e-04, eta: 12:22:15, time: 0.704, data_time: 0.028, memory: 17623, loss_rpn_cls: 0.0012, loss_rpn_bbox: 0.0008, s0.loss_cls: 0.0062, s0.acc: 99.7715, s0.loss_bbox: 0.0034, s1.loss_cls: 0.0014, s1.acc: 99.8854, s1.loss_bbox: 0.0038, s2.loss_cls: 0.0006, s2.acc: 99.9167, s2.loss_bbox: 0.0036, loss_bounder: 0.5564, loss_aux: 0.0000, loss: 0.5774
2026-08-17 07:41:25,844 - mmdet - INFO - Epoch [63][200/1732]	lr: 5.000e-04, eta: 12:21:08, time: 0.688, data_time: 0.005, memory: 17623, loss_rpn_cls: 0.0009, loss_rpn_bbox: 0.0008, s0.loss_cls: 0.0075, s0.acc: 99.7207, s0.loss_bbox: 0.0036, s1.loss_cls: 0.0014, s1.acc: 99.8929, s1.loss_bbox: 0.0042, s2.loss_cls: 0.0007, s2.acc: 99.9214, s2.loss_bbox: 0.0041, loss_bounder: 0.5608, loss_aux: 0.0000, loss: 0.5840
2026-08-17 07:42:34,759 - mmdet - INFO - Epoch [63][300/1732]	lr: 5.000e-04, eta: 12:20:01, time: 0.689, data_time: 0.005, memory: 17623, loss_rpn_cls: 0.0013, loss_rpn_bbox: 0.0008, s0.loss_cls: 0.0066, s0.acc: 99.7568, s0.loss_bbox: 0.0040, s1.loss_cls: 0.0013, s1.acc: 99.8959, s1.loss_bbox: 0.0043, s2.loss_cls: 0.0007, s2.acc: 99.9102, s2.loss_bbox: 0.0038, loss_bounder: 0.5399, loss_aux: 0.0000, loss: 0.5627
2026-08-17 07:43:43,002 - mmdet - INFO - Epoch [63][400/1732]	lr: 5.000e-04, eta: 12:18:53, time: 0.682, data_time: 0.005, memory: 17623, loss_rpn_cls: 0.0011, loss_rpn_bbox: 0.0007, s0.loss_cls: 0.0061, s0.acc: 99.7725, s0.loss_bbox: 0.0032, s1.loss_cls: 0.0015, s1.acc: 99.8894, s1.loss_bbox: 0.0036, s2.loss_cls: 0.0006, s2.acc: 99.9246, s2.loss_bbox: 0.0034, loss_bounder: 0.5435, loss_aux: 0.0000, loss: 0.5637
2026-08-17 07:44:51,377 - mmdet - INFO - Epoch [63][500/1732]	lr: 5.000e-04, eta: 12:17:46, time: 0.684, data_time: 0.005, memory: 17623, loss_rpn_cls: 0.0010, loss_rpn_bbox: 0.0007, s0.loss_cls: 0.0053, s0.acc: 99.7920, s0.loss_bbox: 0.0034, s1.loss_cls: 0.0013, s1.acc: 99.8918, s1.loss_bbox: 0.0035, s2.loss_cls: 0.0006, s2.acc: 99.9098, s2.loss_bbox: 0.0032, loss_bounder: 0.5368, loss_aux: 0.0000, loss: 0.5558
2026-08-17 07:45:59,957 - mmdet - INFO - Epoch [63][600/1732]	lr: 5.000e-04, eta: 12:16:38, time: 0.686, data_time: 0.005, memory: 17623, loss_rpn_cls: 0.0008, loss_rpn_bbox: 0.0008, s0.loss_cls: 0.0062, s0.acc: 99.7578, s0.loss_bbox: 0.0037, s1.loss_cls: 0.0014, s1.acc: 99.8898, s1.loss_bbox: 0.0040, s2.loss_cls: 0.0007, s2.acc: 99.8931, s2.loss_bbox: 0.0039, loss_bounder: 0.5532, loss_aux: 0.0000, loss: 0.5747
2026-08-17 07:47:08,201 - mmdet - INFO - Epoch [63][700/1732]	lr: 5.000e-04, eta: 12:15:31, time: 0.682, data_time: 0.005, memory: 17623, loss_rpn_cls: 0.0007, loss_rpn_bbox: 0.0009, s0.loss_cls: 0.0062, s0.acc: 99.7754, s0.loss_bbox: 0.0041, s1.loss_cls: 0.0015, s1.acc: 99.8809, s1.loss_bbox: 0.0045, s2.loss_cls: 0.0008, s2.acc: 99.8841, s2.loss_bbox: 0.0038, loss_bounder: 0.5344, loss_aux: 0.0000, loss: 0.5568
2026-08-17 07:48:16,516 - mmdet - INFO - Epoch [63][800/1732]	lr: 5.000e-04, eta: 12:14:23, time: 0.683, data_time: 0.005, memory: 17623, loss_rpn_cls: 0.0006, loss_rpn_bbox: 0.0006, s0.loss_cls: 0.0057, s0.acc: 99.7861, s0.loss_bbox: 0.0030, s1.loss_cls: 0.0011, s1.acc: 99.9277, s1.loss_bbox: 0.0031, s2.loss_cls: 0.0006, s2.acc: 99.9258, s2.loss_bbox: 0.0030, loss_bounder: 0.5560, loss_aux: 0.0000, loss: 0.5737
2026-08-17 07:49:25,106 - mmdet - INFO - Epoch [63][900/1732]	lr: 5.000e-04, eta: 12:13:16, time: 0.686, data_time: 0.005, memory: 17623, loss_rpn_cls: 0.0006, loss_rpn_bbox: 0.0006, s0.loss_cls: 0.0058, s0.acc: 99.7881, s0.loss_bbox: 0.0028, s1.loss_cls: 0.0012, s1.acc: 99.9206, s1.loss_bbox: 0.0031, s2.loss_cls: 0.0006, s2.acc: 99.9256, s2.loss_bbox: 0.0032, loss_bounder: 0.5542, loss_aux: 0.0000, loss: 0.5720
2026-08-17 07:50:33,978 - mmdet - INFO - Epoch [63][1000/1732]	lr: 5.000e-04, eta: 12:12:09, time: 0.689, data_time: 0.005, memory: 17623, loss_rpn_cls: 0.0008, loss_rpn_bbox: 0.0006, s0.loss_cls: 0.0060, s0.acc: 99.7822, s0.loss_bbox: 0.0032, s1.loss_cls: 0.0013, s1.acc: 99.9026, s1.loss_bbox: 0.0038, s2.loss_cls: 0.0006, s2.acc: 99.9268, s2.loss_bbox: 0.0035, loss_bounder: 0.5471, loss_aux: 0.0000, loss: 0.5670
2026-08-17 07:51:42,873 - mmdet - INFO - Epoch [63][1100/1732]	lr: 5.000e-04, eta: 12:11:02, time: 0.689, data_time: 0.005, memory: 17623, loss_rpn_cls: 0.0008, loss_rpn_bbox: 0.0007, s0.loss_cls: 0.0059, s0.acc: 99.7773, s0.loss_bbox: 0.0033, s1.loss_cls: 0.0012, s1.acc: 99.9197, s1.loss_bbox: 0.0035, s2.loss_cls: 0.0005, s2.acc: 99.9330, s2.loss_bbox: 0.0036, loss_bounder: 0.5593, loss_aux: 0.0000, loss: 0.5789
2026-08-17 07:52:51,253 - mmdet - INFO - Epoch [63][1200/1732]	lr: 5.000e-04, eta: 12:09:54, time: 0.684, data_time: 0.005, memory: 17623, loss_rpn_cls: 0.0007, loss_rpn_bbox: 0.0008, s0.loss_cls: 0.0067, s0.acc: 99.7471, s0.loss_bbox: 0.0044, s1.loss_cls: 0.0015, s1.acc: 99.8821, s1.loss_bbox: 0.0047, s2.loss_cls: 0.0007, s2.acc: 99.8992, s2.loss_bbox: 0.0043, loss_bounder: 0.5510, loss_aux: 0.0000, loss: 0.5749
2026-08-17 07:53:59,796 - mmdet - INFO - Epoch [63][1300/1732]	lr: 5.000e-04, eta: 12:08:47, time: 0.685, data_time: 0.005, memory: 17623, loss_rpn_cls: 0.0013, loss_rpn_bbox: 0.0007, s0.loss_cls: 0.0065, s0.acc: 99.7588, s0.loss_bbox: 0.0037, s1.loss_cls: 0.0012, s1.acc: 99.9177, s1.loss_bbox: 0.0042, s2.loss_cls: 0.0006, s2.acc: 99.9298, s2.loss_bbox: 0.0041, loss_bounder: 0.5351, loss_aux: 0.0000, loss: 0.5572
2026-08-17 07:55:08,290 - mmdet - INFO - Epoch [63][1400/1732]	lr: 5.000e-04, eta: 12:07:40, time: 0.685, data_time: 0.005, memory: 17623, loss_rpn_cls: 0.0008, loss_rpn_bbox: 0.0007, s0.loss_cls: 0.0066, s0.acc: 99.7490, s0.loss_bbox: 0.0032, s1.loss_cls: 0.0013, s1.acc: 99.8962, s1.loss_bbox: 0.0036, s2.loss_cls: 0.0005, s2.acc: 99.9413, s2.loss_bbox: 0.0036, loss_bounder: 0.5546, loss_aux: 0.0000, loss: 0.5749
2026-08-17 07:56:17,570 - mmdet - INFO - Epoch [63][1500/1732]	lr: 5.000e-04, eta: 12:06:33, time: 0.693, data_time: 0.004, memory: 17623, loss_rpn_cls: 0.0015, loss_rpn_bbox: 0.0007, s0.loss_cls: 0.0067, s0.acc: 99.7383, s0.loss_bbox: 0.0034, s1.loss_cls: 0.0015, s1.acc: 99.9041, s1.loss_bbox: 0.0036, s2.loss_cls: 0.0006, s2.acc: 99.9246, s2.loss_bbox: 0.0034, loss_bounder: 0.5493, loss_aux: 0.0000, loss: 0.5706
2026-08-17 07:57:26,143 - mmdet - INFO - Epoch [63][1600/1732]	lr: 5.000e-04, eta: 12:05:26, time: 0.686, data_time: 0.005, memory: 17623, loss_rpn_cls: 0.0007, loss_rpn_bbox: 0.0007, s0.loss_cls: 0.0062, s0.acc: 99.7832, s0.loss_bbox: 0.0031, s1.loss_cls: 0.0013, s1.acc: 99.9114, s1.loss_bbox: 0.0036, s2.loss_cls: 0.0007, s2.acc: 99.9072, s2.loss_bbox: 0.0035, loss_bounder: 0.5432, loss_aux: 0.0000, loss: 0.5631
2026-08-17 07:58:34,188 - mmdet - INFO - Epoch [63][1700/1732]	lr: 5.000e-04, eta: 12:04:18, time: 0.680, data_time: 0.005, memory: 17623, loss_rpn_cls: 0.0006, loss_rpn_bbox: 0.0006, s0.loss_cls: 0.0062, s0.acc: 99.7725, s0.loss_bbox: 0.0026, s1.loss_cls: 0.0012, s1.acc: 99.9125, s1.loss_bbox: 0.0029, s2.loss_cls: 0.0005, s2.acc: 99.9276, s2.loss_bbox: 0.0028, loss_bounder: 0.5400, loss_aux: 0.0000, loss: 0.5575
2026-08-17 07:58:56,165 - mmdet - INFO - Saving checkpoint at 63 epochs
2026-08-17 08:00:11,476 - mmdet - INFO - Evaluating bbox...
2026-08-17 08:00:12,290 - mmdet - INFO - 
+-----------+-------+-----------+-------+------------+-------+
| category  | AP    | category  | AP    | category   | AP    |
+-----------+-------+-----------+-------+------------+-------+
| HM        | 0.602 | LQS       | 0.174 | QHS        | 0.362 |
| MS        | 0.429 | A1_SU-35  | 0.801 | A2_C-130   | 0.729 |
| A3_C-17   | 0.787 | A4_C-5    | 0.847 | A5_F-16    | 0.703 |
| A6_TU-160 | 0.799 | A7_E-3    | 0.805 | A8_B-52    | 0.810 |
| A9_P-3C   | 0.766 | A10_B-1B  | 0.804 | A11_E-8    | 0.662 |
| A12_TU-22 | 0.795 | A13_F-15  | 0.736 | A14_KC-135 | 0.749 |
| A15_F-22  | 0.658 | A16_FA-18 | 0.746 | A17_TU-95  | 0.859 |
| A18_KC-10 | 0.635 | A19_SU-34 | 0.739 | A20_SU-24  | 0.766 |
| FSC       | 0.475 | None      | None  | None       | None  |
+-----------+-------+-----------+-------+------------+-------+
2026-08-17 08:00:13,083 - mmdet - INFO - BestSaverHook: bbox_mAP=0.6900 创新高，已保存 best 模型 -> /root/autodl-tmp/model_v4/work_dirs/arfc_only_v1/best_bbox_mAP.pth
2026-08-17 08:00:13,083 - mmdet - INFO - EarlyStoppingHook: bbox_mAP=0.6900 提升幅度不足 0.0010（当前最佳 0.6890，等待 1/16）
2026-08-17 08:00:13,085 - mmdet - INFO - Exp name: aircraft_bafnet_1x.py
2026-08-17 08:00:13,085 - mmdet - INFO - Epoch(val) [63][548]	bbox_mAP: 0.6900, bbox_mAP_50: 0.8930, bbox_mAP_75: 0.8310, bbox_mAP_s: 0.0990, bbox_mAP_m: 0.6610, bbox_mAP_l: 0.7330, bbox_mAP_copypaste: 0.690 0.893 0.831 0.099 0.661 0.733
2026-08-17 08:01:23,821 - mmdet - INFO - Epoch [64][100/1732]	lr: 5.000e-04, eta: 12:02:38, time: 0.707, data_time: 0.028, memory: 17623, loss_rpn_cls: 0.0007, loss_rpn_bbox: 0.0006, s0.loss_cls: 0.0062, s0.acc: 99.7480, s0.loss_bbox: 0.0031, s1.loss_cls: 0.0011, s1.acc: 99.9130, s1.loss_bbox: 0.0031, s2.loss_cls: 0.0005, s2.acc: 99.9332, s2.loss_bbox: 0.0030, loss_bounder: 0.5468, loss_aux: 0.0000, loss: 0.5652
2026-08-17 08:02:33,186 - mmdet - INFO - Epoch [64][200/1732]	lr: 5.000e-04, eta: 12:01:31, time: 0.694, data_time: 0.005, memory: 17623, loss_rpn_cls: 0.0008, loss_rpn_bbox: 0.0006, s0.loss_cls: 0.0053, s0.acc: 99.8086, s0.loss_bbox: 0.0035, s1.loss_cls: 0.0013, s1.acc: 99.9107, s1.loss_bbox: 0.0036, s2.loss_cls: 0.0006, s2.acc: 99.9187, s2.loss_bbox: 0.0034, loss_bounder: 0.5411, loss_aux: 0.0000, loss: 0.5602
2026-08-17 08:03:42,004 - mmdet - INFO - Epoch [64][300/1732]	lr: 5.000e-04, eta: 12:00:24, time: 0.688, data_time: 0.005, memory: 17623, loss_rpn_cls: 0.0007, loss_rpn_bbox: 0.0007, s0.loss_cls: 0.0059, s0.acc: 99.7744, s0.loss_bbox: 0.0033, s1.loss_cls: 0.0013, s1.acc: 99.9056, s1.loss_bbox: 0.0037, s2.loss_cls: 0.0006, s2.acc: 99.9203, s2.loss_bbox: 0.0036, loss_bounder: 0.5520, loss_aux: 0.0000, loss: 0.5718
2026-08-17 08:04:50,606 - mmdet - INFO - Epoch [64][400/1732]	lr: 5.000e-04, eta: 11:59:16, time: 0.686, data_time: 0.005, memory: 17623, loss_rpn_cls: 0.0008, loss_rpn_bbox: 0.0006, s0.loss_cls: 0.0063, s0.acc: 99.7773, s0.loss_bbox: 0.0027, s1.loss_cls: 0.0015, s1.acc: 99.8889, s1.loss_bbox: 0.0031, s2.loss_cls: 0.0006, s2.acc: 99.9258, s2.loss_bbox: 0.0032, loss_bounder: 0.5595, loss_aux: 0.0000, loss: 0.5783
2026-08-17 08:05:58,978 - mmdet - INFO - Epoch [64][500/1732]	lr: 5.000e-04, eta: 11:58:09, time: 0.684, data_time: 0.004, memory: 17623, loss_rpn_cls: 0.0009, loss_rpn_bbox: 0.0006, s0.loss_cls: 0.0060, s0.acc: 99.7832, s0.loss_bbox: 0.0027, s1.loss_cls: 0.0012, s1.acc: 99.9069, s1.loss_bbox: 0.0029, s2.loss_cls: 0.0005, s2.acc: 99.9330, s2.loss_bbox: 0.0029, loss_bounder: 0.5422, loss_aux: 0.0000, loss: 0.5600
2026-08-17 08:07:07,291 - mmdet - INFO - Epoch [64][600/1732]	lr: 5.000e-04, eta: 11:57:01, time: 0.683, data_time: 0.004, memory: 17623, loss_rpn_cls: 0.0012, loss_rpn_bbox: 0.0007, s0.loss_cls: 0.0062, s0.acc: 99.7803, s0.loss_bbox: 0.0032, s1.loss_cls: 0.0012, s1.acc: 99.9138, s1.loss_bbox: 0.0031, s2.loss_cls: 0.0005, s2.acc: 99.9446, s2.loss_bbox: 0.0030, loss_bounder: 0.5568, loss_aux: 0.0000, loss: 0.5759
2026-08-17 08:08:15,897 - mmdet - INFO - Epoch [64][700/1732]	lr: 5.000e-04, eta: 11:55:54, time: 0.686, data_time: 0.005, memory: 17623, loss_rpn_cls: 0.0012, loss_rpn_bbox: 0.0007, s0.loss_cls: 0.0059, s0.acc: 99.7773, s0.loss_bbox: 0.0036, s1.loss_cls: 0.0013, s1.acc: 99.9049, s1.loss_bbox: 0.0036, s2.loss_cls: 0.0007, s2.acc: 99.9214, s2.loss_bbox: 0.0034, loss_bounder: 0.5281, loss_aux: 0.0000, loss: 0.5486
2026-08-17 08:09:24,363 - mmdet - INFO - Epoch [64][800/1732]	lr: 5.000e-04, eta: 11:54:47, time: 0.685, data_time: 0.005, memory: 17623, loss_rpn_cls: 0.0009, loss_rpn_bbox: 0.0007, s0.loss_cls: 0.0064, s0.acc: 99.7686, s0.loss_bbox: 0.0036, s1.loss_cls: 0.0012, s1.acc: 99.9064, s1.loss_bbox: 0.0039, s2.loss_cls: 0.0006, s2.acc: 99.9053, s2.loss_bbox: 0.0036, loss_bounder: 0.5465, loss_aux: 0.0000, loss: 0.5676
2026-08-17 08:10:32,991 - mmdet - INFO - Epoch [64][900/1732]	lr: 5.000e-04, eta: 11:53:39, time: 0.686, data_time: 0.005, memory: 17623, loss_rpn_cls: 0.0010, loss_rpn_bbox: 0.0005, s0.loss_cls: 0.0061, s0.acc: 99.7832, s0.loss_bbox: 0.0031, s1.loss_cls: 0.0013, s1.acc: 99.9094, s1.loss_bbox: 0.0032, s2.loss_cls: 0.0005, s2.acc: 99.9271, s2.loss_bbox: 0.0031, loss_bounder: 0.5549, loss_aux: 0.0000, loss: 0.5738
2026-08-17 08:11:41,702 - mmdet - INFO - Epoch [64][1000/1732]	lr: 5.000e-04, eta: 11:52:32, time: 0.687, data_time: 0.005, memory: 17623, loss_rpn_cls: 0.0010, loss_rpn_bbox: 0.0005, s0.loss_cls: 0.0058, s0.acc: 99.7959, s0.loss_bbox: 0.0027, s1.loss_cls: 0.0013, s1.acc: 99.9034, s1.loss_bbox: 0.0030, s2.loss_cls: 0.0006, s2.acc: 99.9254, s2.loss_bbox: 0.0029, loss_bounder: 0.5479, loss_aux: 0.0000, loss: 0.5657
2026-08-17 08:12:50,445 - mmdet - INFO - Epoch [64][1100/1732]	lr: 5.000e-04, eta: 11:51:25, time: 0.687, data_time: 0.005, memory: 17623, loss_rpn_cls: 0.0010, loss_rpn_bbox: 0.0005, s0.loss_cls: 0.0061, s0.acc: 99.7803, s0.loss_bbox: 0.0026, s1.loss_cls: 0.0014, s1.acc: 99.8851, s1.loss_bbox: 0.0029, s2.loss_cls: 0.0006, s2.acc: 99.9313, s2.loss_bbox: 0.0027, loss_bounder: 0.5373, loss_aux: 0.0000, loss: 0.5551
2026-08-17 08:13:59,344 - mmdet - INFO - Epoch [64][1200/1732]	lr: 5.000e-04, eta: 11:50:18, time: 0.689, data_time: 0.005, memory: 17623, loss_rpn_cls: 0.0010, loss_rpn_bbox: 0.0009, s0.loss_cls: 0.0063, s0.acc: 99.7705, s0.loss_bbox: 0.0035, s1.loss_cls: 0.0016, s1.acc: 99.8879, s1.loss_bbox: 0.0041, s2.loss_cls: 0.0008, s2.acc: 99.8973, s2.loss_bbox: 0.0037, loss_bounder: 0.5497, loss_aux: 0.0000, loss: 0.5716
2026-08-17 08:15:07,426 - mmdet - INFO - Epoch [64][1300/1732]	lr: 5.000e-04, eta: 11:49:10, time: 0.681, data_time: 0.005, memory: 17623, loss_rpn_cls: 0.0007, loss_rpn_bbox: 0.0008, s0.loss_cls: 0.0059, s0.acc: 99.7812, s0.loss_bbox: 0.0039, s1.loss_cls: 0.0013, s1.acc: 99.9145, s1.loss_bbox: 0.0041, s2.loss_cls: 0.0006, s2.acc: 99.9151, s2.loss_bbox: 0.0038, loss_bounder: 0.5450, loss_aux: 0.0000, loss: 0.5660
2026-08-17 08:16:16,916 - mmdet - INFO - Epoch [64][1400/1732]	lr: 5.000e-04, eta: 11:48:03, time: 0.695, data_time: 0.005, memory: 17623, loss_rpn_cls: 0.0013, loss_rpn_bbox: 0.0009, s0.loss_cls: 0.0068, s0.acc: 99.7334, s0.loss_bbox: 0.0037, s1.loss_cls: 0.0015, s1.acc: 99.8997, s1.loss_bbox: 0.0041, s2.loss_cls: 0.0008, s2.acc: 99.9007, s2.loss_bbox: 0.0039, loss_bounder: 0.5412, loss_aux: 0.0000, loss: 0.5640
2026-08-17 08:17:25,339 - mmdet - INFO - Epoch [64][1500/1732]	lr: 5.000e-04, eta: 11:46:56, time: 0.684, data_time: 0.005, memory: 17623, loss_rpn_cls: 0.0010, loss_rpn_bbox: 0.0006, s0.loss_cls: 0.0062, s0.acc: 99.7744, s0.loss_bbox: 0.0029, s1.loss_cls: 0.0012, s1.acc: 99.9188, s1.loss_bbox: 0.0029, s2.loss_cls: 0.0005, s2.acc: 99.9283, s2.loss_bbox: 0.0028, loss_bounder: 0.5572, loss_aux: 0.0000, loss: 0.5753
2026-08-17 08:18:33,864 - mmdet - INFO - Epoch [64][1600/1732]	lr: 5.000e-04, eta: 11:45:49, time: 0.685, data_time: 0.005, memory: 17623, loss_rpn_cls: 0.0011, loss_rpn_bbox: 0.0007, s0.loss_cls: 0.0060, s0.acc: 99.7715, s0.loss_bbox: 0.0035, s1.loss_cls: 0.0013, s1.acc: 99.9066, s1.loss_bbox: 0.0039, s2.loss_cls: 0.0006, s2.acc: 99.9308, s2.loss_bbox: 0.0038, loss_bounder: 0.5567, loss_aux: 0.0000, loss: 0.5775
2026-08-17 08:19:42,844 - mmdet - INFO - Epoch [64][1700/1732]	lr: 5.000e-04, eta: 11:44:42, time: 0.690, data_time: 0.005, memory: 17623, loss_rpn_cls: 0.0007, loss_rpn_bbox: 0.0008, s0.loss_cls: 0.0058, s0.acc: 99.7910, s0.loss_bbox: 0.0034, s1.loss_cls: 0.0014, s1.acc: 99.8959, s1.loss_bbox: 0.0036, s2.loss_cls: 0.0006, s2.acc: 99.9191, s2.loss_bbox: 0.0033, loss_bounder: 0.5407, loss_aux: 0.0000, loss: 0.5603
2026-08-17 08:20:04,792 - mmdet - INFO - Saving checkpoint at 64 epochs
2026-08-17 08:21:19,655 - mmdet - INFO - Evaluating bbox...
2026-08-17 08:21:20,553 - mmdet - INFO - 
+-----------+-------+-----------+-------+------------+-------+
| category  | AP    | category  | AP    | category   | AP    |
+-----------+-------+-----------+-------+------------+-------+
| HM        | 0.602 | LQS       | 0.174 | QHS        | 0.370 |
| MS        | 0.429 | A1_SU-35  | 0.799 | A2_C-130   | 0.731 |
| A3_C-17   | 0.784 | A4_C-5    | 0.843 | A5_F-16    | 0.705 |
| A6_TU-160 | 0.798 | A7_E-3    | 0.804 | A8_B-52    | 0.813 |
| A9_P-3C   | 0.766 | A10_B-1B  | 0.802 | A11_E-8    | 0.660 |
| A12_TU-22 | 0.795 | A13_F-15  | 0.736 | A14_KC-135 | 0.745 |
| A15_F-22  | 0.657 | A16_FA-18 | 0.745 | A17_TU-95  | 0.857 |
| A18_KC-10 | 0.618 | A19_SU-34 | 0.735 | A20_SU-24  | 0.766 |
| FSC       | 0.470 | None      | None  | None       | None  |
+-----------+-------+-----------+-------+------------+-------+
2026-08-17 08:21:20,560 - mmdet - INFO - EarlyStoppingHook: bbox_mAP=0.6880 提升幅度不足 0.0010（当前最佳 0.6890，等待 2/16）
2026-08-17 08:21:20,561 - mmdet - INFO - Exp name: aircraft_bafnet_1x.py
2026-08-17 08:21:20,561 - mmdet - INFO - Epoch(val) [64][548]	bbox_mAP: 0.6880, bbox_mAP_50: 0.8930, bbox_mAP_75: 0.8280, bbox_mAP_s: 0.1110, bbox_mAP_m: 0.6590, bbox_mAP_l: 0.7330, bbox_mAP_copypaste: 0.688 0.893 0.828 0.111 0.659 0.733
2026-08-17 08:22:31,805 - mmdet - INFO - Epoch [65][100/1732]	lr: 5.000e-04, eta: 11:43:02, time: 0.712, data_time: 0.027, memory: 17623, loss_rpn_cls: 0.0008, loss_rpn_bbox: 0.0007, s0.loss_cls: 0.0052, s0.acc: 99.8164, s0.loss_bbox: 0.0028, s1.loss_cls: 0.0013, s1.acc: 99.9028, s1.loss_bbox: 0.0030, s2.loss_cls: 0.0005, s2.acc: 99.9399, s2.loss_bbox: 0.0029, loss_bounder: 0.5462, loss_aux: 0.0000, loss: 0.5634
2026-08-17 08:23:40,465 - mmdet - INFO - Epoch [65][200/1732]	lr: 5.000e-04, eta: 11:41:55, time: 0.687, data_time: 0.004, memory: 17623, loss_rpn_cls: 0.0009, loss_rpn_bbox: 0.0007, s0.loss_cls: 0.0062, s0.acc: 99.7754, s0.loss_bbox: 0.0036, s1.loss_cls: 0.0013, s1.acc: 99.8864, s1.loss_bbox: 0.0036, s2.loss_cls: 0.0006, s2.acc: 99.9173, s2.loss_bbox: 0.0033, loss_bounder: 0.5539, loss_aux: 0.0000, loss: 0.5741
2026-08-17 08:24:48,854 - mmdet - INFO - Epoch [65][300/1732]	lr: 5.000e-04, eta: 11:40:47, time: 0.684, data_time: 0.005, memory: 17623, loss_rpn_cls: 0.0007, loss_rpn_bbox: 0.0007, s0.loss_cls: 0.0057, s0.acc: 99.7852, s0.loss_bbox: 0.0031, s1.loss_cls: 0.0013, s1.acc: 99.9058, s1.loss_bbox: 0.0034, s2.loss_cls: 0.0005, s2.acc: 99.9272, s2.loss_bbox: 0.0031, loss_bounder: 0.5396, loss_aux: 0.0000, loss: 0.5581
2026-08-17 08:25:57,007 - mmdet - INFO - Epoch [65][400/1732]	lr: 5.000e-04, eta: 11:39:40, time: 0.682, data_time: 0.005, memory: 17623, loss_rpn_cls: 0.0007, loss_rpn_bbox: 0.0007, s0.loss_cls: 0.0058, s0.acc: 99.7812, s0.loss_bbox: 0.0026, s1.loss_cls: 0.0013, s1.acc: 99.9034, s1.loss_bbox: 0.0030, s2.loss_cls: 0.0005, s2.acc: 99.9337, s2.loss_bbox: 0.0029, loss_bounder: 0.5513, loss_aux: 0.0000, loss: 0.5687
2026-08-17 08:27:05,806 - mmdet - INFO - Epoch [65][500/1732]	lr: 5.000e-04, eta: 11:38:33, time: 0.688, data_time: 0.005, memory: 17623, loss_rpn_cls: 0.0008, loss_rpn_bbox: 0.0007, s0.loss_cls: 0.0065, s0.acc: 99.7500, s0.loss_bbox: 0.0035, s1.loss_cls: 0.0015, s1.acc: 99.8808, s1.loss_bbox: 0.0039, s2.loss_cls: 0.0006, s2.acc: 99.9207, s2.loss_bbox: 0.0036, loss_bounder: 0.5470, loss_aux: 0.0000, loss: 0.5680
2026-08-17 08:28:14,396 - mmdet - INFO - Epoch [65][600/1732]	lr: 5.000e-04, eta: 11:37:25, time: 0.686, data_time: 0.005, memory: 17623, loss_rpn_cls: 0.0010, loss_rpn_bbox: 0.0006, s0.loss_cls: 0.0055, s0.acc: 99.7959, s0.loss_bbox: 0.0032, s1.loss_cls: 0.0014, s1.acc: 99.8906, s1.loss_bbox: 0.0034, s2.loss_cls: 0.0005, s2.acc: 99.9300, s2.loss_bbox: 0.0030, loss_bounder: 0.5501, loss_aux: 0.0000, loss: 0.5686
2026-08-17 08:29:22,897 - mmdet - INFO - Epoch [65][700/1732]	lr: 5.000e-04, eta: 11:36:18, time: 0.685, data_time: 0.005, memory: 17623, loss_rpn_cls: 0.0008, loss_rpn_bbox: 0.0007, s0.loss_cls: 0.0060, s0.acc: 99.7783, s0.loss_bbox: 0.0040, s1.loss_cls: 0.0012, s1.acc: 99.9078, s1.loss_bbox: 0.0039, s2.loss_cls: 0.0007, s2.acc: 99.9030, s2.loss_bbox: 0.0034, loss_bounder: 0.5322, loss_aux: 0.0000, loss: 0.5529
2026-08-17 08:30:31,022 - mmdet - INFO - Epoch [65][800/1732]	lr: 5.000e-04, eta: 11:35:10, time: 0.681, data_time: 0.005, memory: 17623, loss_rpn_cls: 0.0009, loss_rpn_bbox: 0.0008, s0.loss_cls: 0.0067, s0.acc: 99.7432, s0.loss_bbox: 0.0034, s1.loss_cls: 0.0014, s1.acc: 99.8903, s1.loss_bbox: 0.0037, s2.loss_cls: 0.0007, s2.acc: 99.8961, s2.loss_bbox: 0.0036, loss_bounder: 0.5515, loss_aux: 0.0000, loss: 0.5727
2026-08-17 08:31:39,196 - mmdet - INFO - Epoch [65][900/1732]	lr: 5.000e-04, eta: 11:34:03, time: 0.682, data_time: 0.005, memory: 17623, loss_rpn_cls: 0.0009, loss_rpn_bbox: 0.0006, s0.loss_cls: 0.0057, s0.acc: 99.8018, s0.loss_bbox: 0.0029, s1.loss_cls: 0.0013, s1.acc: 99.9061, s1.loss_bbox: 0.0032, s2.loss_cls: 0.0006, s2.acc: 99.9244, s2.loss_bbox: 0.0029, loss_bounder: 0.5570, loss_aux: 0.0000, loss: 0.5750
2026-08-17 08:32:47,730 - mmdet - INFO - Epoch [65][1000/1732]	lr: 5.000e-04, eta: 11:32:55, time: 0.685, data_time: 0.005, memory: 17623, loss_rpn_cls: 0.0006, loss_rpn_bbox: 0.0005, s0.loss_cls: 0.0059, s0.acc: 99.7871, s0.loss_bbox: 0.0023, s1.loss_cls: 0.0011, s1.acc: 99.9245, s1.loss_bbox: 0.0024, s2.loss_cls: 0.0005, s2.acc: 99.9461, s2.loss_bbox: 0.0024, loss_bounder: 0.5407, loss_aux: 0.0000, loss: 0.5566
2026-08-17 08:33:56,032 - mmdet - INFO - Epoch [65][1100/1732]	lr: 5.000e-04, eta: 11:31:48, time: 0.683, data_time: 0.005, memory: 17623, loss_rpn_cls: 0.0011, loss_rpn_bbox: 0.0009, s0.loss_cls: 0.0067, s0.acc: 99.7520, s0.loss_bbox: 0.0040, s1.loss_cls: 0.0013, s1.acc: 99.9026, s1.loss_bbox: 0.0043, s2.loss_cls: 0.0007, s2.acc: 99.9065, s2.loss_bbox: 0.0039, loss_bounder: 0.5513, loss_aux: 0.0000, loss: 0.5742
2026-08-17 08:35:04,493 - mmdet - INFO - Epoch [65][1200/1732]	lr: 5.000e-04, eta: 11:30:41, time: 0.685, data_time: 0.005, memory: 17623, loss_rpn_cls: 0.0006, loss_rpn_bbox: 0.0005, s0.loss_cls: 0.0050, s0.acc: 99.8301, s0.loss_bbox: 0.0024, s1.loss_cls: 0.0012, s1.acc: 99.9101, s1.loss_bbox: 0.0025, s2.loss_cls: 0.0006, s2.acc: 99.9253, s2.loss_bbox: 0.0025, loss_bounder: 0.5472, loss_aux: 0.0000, loss: 0.5626
2026-08-17 08:36:13,473 - mmdet - INFO - Epoch [65][1300/1732]	lr: 5.000e-04, eta: 11:29:33, time: 0.690, data_time: 0.005, memory: 17623, loss_rpn_cls: 0.0010, loss_rpn_bbox: 0.0007, s0.loss_cls: 0.0060, s0.acc: 99.7666, s0.loss_bbox: 0.0031, s1.loss_cls: 0.0014, s1.acc: 99.8936, s1.loss_bbox: 0.0032, s2.loss_cls: 0.0006, s2.acc: 99.9295, s2.loss_bbox: 0.0031, loss_bounder: 0.5522, loss_aux: 0.0000, loss: 0.5713
2026-08-17 08:37:22,384 - mmdet - INFO - Epoch [65][1400/1732]	lr: 5.000e-04, eta: 11:28:26, time: 0.689, data_time: 0.005, memory: 17623, loss_rpn_cls: 0.0006, loss_rpn_bbox: 0.0007, s0.loss_cls: 0.0062, s0.acc: 99.7637, s0.loss_bbox: 0.0037, s1.loss_cls: 0.0013, s1.acc: 99.9076, s1.loss_bbox: 0.0037, s2.loss_cls: 0.0006, s2.acc: 99.9196, s2.loss_bbox: 0.0034, loss_bounder: 0.5490, loss_aux: 0.0000, loss: 0.5693
2026-08-17 08:38:30,802 - mmdet - INFO - Epoch [65][1500/1732]	lr: 5.000e-04, eta: 11:27:19, time: 0.684, data_time: 0.005, memory: 17623, loss_rpn_cls: 0.0007, loss_rpn_bbox: 0.0006, s0.loss_cls: 0.0056, s0.acc: 99.7812, s0.loss_bbox: 0.0024, s1.loss_cls: 0.0010, s1.acc: 99.9355, s1.loss_bbox: 0.0026, s2.loss_cls: 0.0005, s2.acc: 99.9439, s2.loss_bbox: 0.0026, loss_bounder: 0.5477, loss_aux: 0.0000, loss: 0.5637
2026-08-17 08:39:39,359 - mmdet - INFO - Epoch [65][1600/1732]	lr: 5.000e-04, eta: 11:26:12, time: 0.686, data_time: 0.005, memory: 17623, loss_rpn_cls: 0.0012, loss_rpn_bbox: 0.0007, s0.loss_cls: 0.0058, s0.acc: 99.7998, s0.loss_bbox: 0.0032, s1.loss_cls: 0.0012, s1.acc: 99.9102, s1.loss_bbox: 0.0034, s2.loss_cls: 0.0007, s2.acc: 99.9164, s2.loss_bbox: 0.0031, loss_bounder: 0.5561, loss_aux: 0.0000, loss: 0.5754
2026-08-17 08:40:47,435 - mmdet - INFO - Epoch [65][1700/1732]	lr: 5.000e-04, eta: 11:25:04, time: 0.681, data_time: 0.005, memory: 17623, loss_rpn_cls: 0.0009, loss_rpn_bbox: 0.0008, s0.loss_cls: 0.0062, s0.acc: 99.7627, s0.loss_bbox: 0.0036, s1.loss_cls: 0.0015, s1.acc: 99.8993, s1.loss_bbox: 0.0035, s2.loss_cls: 0.0006, s2.acc: 99.9049, s2.loss_bbox: 0.0032, loss_bounder: 0.5285, loss_aux: 0.0000, loss: 0.5489
2026-08-17 08:41:09,440 - mmdet - INFO - Saving checkpoint at 65 epochs
2026-08-17 08:42:25,412 - mmdet - INFO - Evaluating bbox...
2026-08-17 08:42:26,234 - mmdet - INFO - 
+-----------+-------+-----------+-------+------------+-------+
| category  | AP    | category  | AP    | category   | AP    |
+-----------+-------+-----------+-------+------------+-------+
| HM        | 0.602 | LQS       | 0.174 | QHS        | 0.368 |
| MS        | 0.430 | A1_SU-35  | 0.801 | A2_C-130   | 0.731 |
| A3_C-17   | 0.784 | A4_C-5    | 0.844 | A5_F-16    | 0.703 |
| A6_TU-160 | 0.799 | A7_E-3    | 0.804 | A8_B-52    | 0.812 |
| A9_P-3C   | 0.763 | A10_B-1B  | 0.801 | A11_E-8    | 0.659 |
| A12_TU-22 | 0.800 | A13_F-15  | 0.734 | A14_KC-135 | 0.744 |
| A15_F-22  | 0.659 | A16_FA-18 | 0.747 | A17_TU-95  | 0.860 |
| A18_KC-10 | 0.619 | A19_SU-34 | 0.735 | A20_SU-24  | 0.770 |
| FSC       | 0.474 | None      | None  | None       | None  |
+-----------+-------+-----------+-------+------------+-------+
2026-08-17 08:42:26,242 - mmdet - INFO - EarlyStoppingHook: bbox_mAP=0.6890 提升幅度不足 0.0010（当前最佳 0.6890，等待 3/16）
2026-08-17 08:42:26,243 - mmdet - INFO - Exp name: aircraft_bafnet_1x.py
2026-08-17 08:42:26,244 - mmdet - INFO - Epoch(val) [65][548]	bbox_mAP: 0.6890, bbox_mAP_50: 0.8930, bbox_mAP_75: 0.8290, bbox_mAP_s: 0.0990, bbox_mAP_m: 0.6570, bbox_mAP_l: 0.7350, bbox_mAP_copypaste: 0.689 0.893 0.829 0.099 0.657 0.735
2026-08-17 08:43:36,974 - mmdet - INFO - Epoch [66][100/1732]	lr: 5.000e-04, eta: 11:23:24, time: 0.707, data_time: 0.028, memory: 17623, loss_rpn_cls: 0.0008, loss_rpn_bbox: 0.0006, s0.loss_cls: 0.0056, s0.acc: 99.7930, s0.loss_bbox: 0.0027, s1.loss_cls: 0.0012, s1.acc: 99.9199, s1.loss_bbox: 0.0028, s2.loss_cls: 0.0005, s2.acc: 99.9260, s2.loss_bbox: 0.0027, loss_bounder: 0.5434, loss_aux: 0.0000, loss: 0.5604
2026-08-17 08:44:45,930 - mmdet - INFO - Epoch [66][200/1732]	lr: 5.000e-04, eta: 11:22:17, time: 0.690, data_time: 0.005, memory: 17623, loss_rpn_cls: 0.0006, loss_rpn_bbox: 0.0007, s0.loss_cls: 0.0059, s0.acc: 99.7920, s0.loss_bbox: 0.0032, s1.loss_cls: 0.0013, s1.acc: 99.8936, s1.loss_bbox: 0.0031, s2.loss_cls: 0.0006, s2.acc: 99.9182, s2.loss_bbox: 0.0028, loss_bounder: 0.5396, loss_aux: 0.0000, loss: 0.5578
2026-08-17 08:45:54,625 - mmdet - INFO - Epoch [66][300/1732]	lr: 5.000e-04, eta: 11:21:10, time: 0.687, data_time: 0.005, memory: 17623, loss_rpn_cls: 0.0007, loss_rpn_bbox: 0.0006, s0.loss_cls: 0.0055, s0.acc: 99.8066, s0.loss_bbox: 0.0025, s1.loss_cls: 0.0013, s1.acc: 99.9036, s1.loss_bbox: 0.0027, s2.loss_cls: 0.0005, s2.acc: 99.9422, s2.loss_bbox: 0.0026, loss_bounder: 0.5565, loss_aux: 0.0000, loss: 0.5728
2026-08-17 08:47:03,285 - mmdet - INFO - Epoch [66][400/1732]	lr: 5.000e-04, eta: 11:20:03, time: 0.687, data_time: 0.005, memory: 17623, loss_rpn_cls: 0.0010, loss_rpn_bbox: 0.0006, s0.loss_cls: 0.0055, s0.acc: 99.7979, s0.loss_bbox: 0.0030, s1.loss_cls: 0.0012, s1.acc: 99.9114, s1.loss_bbox: 0.0030, s2.loss_cls: 0.0006, s2.acc: 99.9337, s2.loss_bbox: 0.0028, loss_bounder: 0.5567, loss_aux: 0.0000, loss: 0.5745
2026-08-17 08:48:11,645 - mmdet - INFO - Epoch [66][500/1732]	lr: 5.000e-04, eta: 11:18:55, time: 0.684, data_time: 0.004, memory: 17623, loss_rpn_cls: 0.0009, loss_rpn_bbox: 0.0008, s0.loss_cls: 0.0065, s0.acc: 99.7588, s0.loss_bbox: 0.0043, s1.loss_cls: 0.0014, s1.acc: 99.8984, s1.loss_bbox: 0.0044, s2.loss_cls: 0.0007, s2.acc: 99.8916, s2.loss_bbox: 0.0038, loss_bounder: 0.5481, loss_aux: 0.0000, loss: 0.5710
2026-08-17 08:49:20,028 - mmdet - INFO - Epoch [66][600/1732]	lr: 5.000e-04, eta: 11:17:48, time: 0.684, data_time: 0.005, memory: 17623, loss_rpn_cls: 0.0014, loss_rpn_bbox: 0.0008, s0.loss_cls: 0.0062, s0.acc: 99.7725, s0.loss_bbox: 0.0035, s1.loss_cls: 0.0014, s1.acc: 99.9047, s1.loss_bbox: 0.0038, s2.loss_cls: 0.0006, s2.acc: 99.9258, s2.loss_bbox: 0.0031, loss_bounder: 0.5670, loss_aux: 0.0000, loss: 0.5879
2026-08-17 08:50:28,889 - mmdet - INFO - Epoch [66][700/1732]	lr: 5.000e-04, eta: 11:16:41, time: 0.689, data_time: 0.005, memory: 17623, loss_rpn_cls: 0.0009, loss_rpn_bbox: 0.0007, s0.loss_cls: 0.0059, s0.acc: 99.7803, s0.loss_bbox: 0.0030, s1.loss_cls: 0.0013, s1.acc: 99.9019, s1.loss_bbox: 0.0031, s2.loss_cls: 0.0005, s2.acc: 99.9383, s2.loss_bbox: 0.0030, loss_bounder: 0.5472, loss_aux: 0.0000, loss: 0.5655
2026-08-17 08:51:37,483 - mmdet - INFO - Epoch [66][800/1732]	lr: 5.000e-04, eta: 11:15:33, time: 0.686, data_time: 0.005, memory: 17623, loss_rpn_cls: 0.0007, loss_rpn_bbox: 0.0006, s0.loss_cls: 0.0059, s0.acc: 99.7842, s0.loss_bbox: 0.0030, s1.loss_cls: 0.0013, s1.acc: 99.9022, s1.loss_bbox: 0.0031, s2.loss_cls: 0.0006, s2.acc: 99.9414, s2.loss_bbox: 0.0029, loss_bounder: 0.5534, loss_aux: 0.0000, loss: 0.5715
2026-08-17 08:52:46,659 - mmdet - INFO - Epoch [66][900/1732]	lr: 5.000e-04, eta: 11:14:26, time: 0.692, data_time: 0.005, memory: 17623, loss_rpn_cls: 0.0009, loss_rpn_bbox: 0.0007, s0.loss_cls: 0.0051, s0.acc: 99.8281, s0.loss_bbox: 0.0029, s1.loss_cls: 0.0012, s1.acc: 99.9188, s1.loss_bbox: 0.0031, s2.loss_cls: 0.0006, s2.acc: 99.9279, s2.loss_bbox: 0.0028, loss_bounder: 0.5436, loss_aux: 0.0000, loss: 0.5609
2026-08-17 08:53:54,779 - mmdet - INFO - Epoch [66][1000/1732]	lr: 5.000e-04, eta: 11:13:19, time: 0.681, data_time: 0.005, memory: 17623, loss_rpn_cls: 0.0009, loss_rpn_bbox: 0.0006, s0.loss_cls: 0.0054, s0.acc: 99.8037, s0.loss_bbox: 0.0028, s1.loss_cls: 0.0012, s1.acc: 99.9087, s1.loss_bbox: 0.0029, s2.loss_cls: 0.0005, s2.acc: 99.9382, s2.loss_bbox: 0.0027, loss_bounder: 0.5505, loss_aux: 0.0000, loss: 0.5674
2026-08-17 08:55:03,371 - mmdet - INFO - Epoch [66][1100/1732]	lr: 5.000e-04, eta: 11:12:11, time: 0.686, data_time: 0.005, memory: 17623, loss_rpn_cls: 0.0006, loss_rpn_bbox: 0.0007, s0.loss_cls: 0.0058, s0.acc: 99.7861, s0.loss_bbox: 0.0029, s1.loss_cls: 0.0013, s1.acc: 99.9050, s1.loss_bbox: 0.0031, s2.loss_cls: 0.0006, s2.acc: 99.9205, s2.loss_bbox: 0.0028, loss_bounder: 0.5383, loss_aux: 0.0000, loss: 0.5561
2026-08-17 08:56:11,521 - mmdet - INFO - Epoch [66][1200/1732]	lr: 5.000e-04, eta: 11:11:04, time: 0.681, data_time: 0.005, memory: 17623, loss_rpn_cls: 0.0008, loss_rpn_bbox: 0.0009, s0.loss_cls: 0.0064, s0.acc: 99.7529, s0.loss_bbox: 0.0042, s1.loss_cls: 0.0013, s1.acc: 99.9001, s1.loss_bbox: 0.0044, s2.loss_cls: 0.0007, s2.acc: 99.9095, s2.loss_bbox: 0.0039, loss_bounder: 0.5475, loss_aux: 0.0000, loss: 0.5702
2026-08-17 08:57:20,208 - mmdet - INFO - Epoch [66][1300/1732]	lr: 5.000e-04, eta: 11:09:57, time: 0.687, data_time: 0.005, memory: 17623, loss_rpn_cls: 0.0008, loss_rpn_bbox: 0.0005, s0.loss_cls: 0.0049, s0.acc: 99.8213, s0.loss_bbox: 0.0021, s1.loss_cls: 0.0011, s1.acc: 99.9074, s1.loss_bbox: 0.0022, s2.loss_cls: 0.0004, s2.acc: 99.9545, s2.loss_bbox: 0.0023, loss_bounder: 0.5415, loss_aux: 0.0000, loss: 0.5558
2026-08-17 08:58:28,218 - mmdet - INFO - Epoch [66][1400/1732]	lr: 5.000e-04, eta: 11:08:49, time: 0.680, data_time: 0.005, memory: 17623, loss_rpn_cls: 0.0007, loss_rpn_bbox: 0.0006, s0.loss_cls: 0.0058, s0.acc: 99.7754, s0.loss_bbox: 0.0025, s1.loss_cls: 0.0013, s1.acc: 99.8999, s1.loss_bbox: 0.0028, s2.loss_cls: 0.0005, s2.acc: 99.9296, s2.loss_bbox: 0.0029, loss_bounder: 0.5536, loss_aux: 0.0000, loss: 0.5708
2026-08-17 08:59:36,708 - mmdet - INFO - Epoch [66][1500/1732]	lr: 5.000e-04, eta: 11:07:42, time: 0.685, data_time: 0.005, memory: 17623, loss_rpn_cls: 0.0008, loss_rpn_bbox: 0.0006, s0.loss_cls: 0.0057, s0.acc: 99.7773, s0.loss_bbox: 0.0033, s1.loss_cls: 0.0013, s1.acc: 99.9099, s1.loss_bbox: 0.0034, s2.loss_cls: 0.0006, s2.acc: 99.9284, s2.loss_bbox: 0.0028, loss_bounder: 0.5485, loss_aux: 0.0000, loss: 0.5670
2026-08-17 09:00:45,582 - mmdet - INFO - Epoch [66][1600/1732]	lr: 5.000e-04, eta: 11:06:34, time: 0.689, data_time: 0.005, memory: 17623, loss_rpn_cls: 0.0011, loss_rpn_bbox: 0.0007, s0.loss_cls: 0.0060, s0.acc: 99.7783, s0.loss_bbox: 0.0033, s1.loss_cls: 0.0012, s1.acc: 99.9154, s1.loss_bbox: 0.0038, s2.loss_cls: 0.0006, s2.acc: 99.9217, s2.loss_bbox: 0.0034, loss_bounder: 0.5417, loss_aux: 0.0000, loss: 0.5617
2026-08-17 09:01:54,450 - mmdet - INFO - Epoch [66][1700/1732]	lr: 5.000e-04, eta: 11:05:27, time: 0.689, data_time: 0.005, memory: 17623, loss_rpn_cls: 0.0008, loss_rpn_bbox: 0.0008, s0.loss_cls: 0.0057, s0.acc: 99.7949, s0.loss_bbox: 0.0031, s1.loss_cls: 0.0014, s1.acc: 99.8951, s1.loss_bbox: 0.0030, s2.loss_cls: 0.0006, s2.acc: 99.9318, s2.loss_bbox: 0.0029, loss_bounder: 0.5263, loss_aux: 0.0000, loss: 0.5446
2026-08-17 09:02:16,373 - mmdet - INFO - Saving checkpoint at 66 epochs
2026-08-17 09:03:32,333 - mmdet - INFO - Evaluating bbox...
2026-08-17 09:03:33,242 - mmdet - INFO - 
+-----------+-------+-----------+-------+------------+-------+
| category  | AP    | category  | AP    | category   | AP    |
+-----------+-------+-----------+-------+------------+-------+
| HM        | 0.602 | LQS       | 0.174 | QHS        | 0.361 |
| MS        | 0.431 | A1_SU-35  | 0.800 | A2_C-130   | 0.729 |
| A3_C-17   | 0.786 | A4_C-5    | 0.841 | A5_F-16    | 0.704 |
| A6_TU-160 | 0.797 | A7_E-3    | 0.805 | A8_B-52    | 0.812 |
| A9_P-3C   | 0.765 | A10_B-1B  | 0.800 | A11_E-8    | 0.659 |
| A12_TU-22 | 0.801 | A13_F-15  | 0.735 | A14_KC-135 | 0.746 |
| A15_F-22  | 0.658 | A16_FA-18 | 0.747 | A17_TU-95  | 0.862 |
| A18_KC-10 | 0.618 | A19_SU-34 | 0.732 | A20_SU-24  | 0.769 |
| FSC       | 0.480 | None      | None  | None       | None  |
+-----------+-------+-----------+-------+------------+-------+
2026-08-17 09:03:33,249 - mmdet - INFO - EarlyStoppingHook: bbox_mAP=0.6890 提升幅度不足 0.0010（当前最佳 0.6890，等待 4/16）
2026-08-17 09:03:33,250 - mmdet - INFO - Exp name: aircraft_bafnet_1x.py
2026-08-17 09:03:33,250 - mmdet - INFO - Epoch(val) [66][548]	bbox_mAP: 0.6890, bbox_mAP_50: 0.8930, bbox_mAP_75: 0.8320, bbox_mAP_s: 0.1120, bbox_mAP_m: 0.6590, bbox_mAP_l: 0.7340, bbox_mAP_copypaste: 0.689 0.893 0.832 0.112 0.659 0.734
2026-08-17 09:04:44,019 - mmdet - INFO - Epoch [67][100/1732]	lr: 5.000e-04, eta: 11:03:48, time: 0.708, data_time: 0.028, memory: 17623, loss_rpn_cls: 0.0006, loss_rpn_bbox: 0.0004, s0.loss_cls: 0.0048, s0.acc: 99.8252, s0.loss_bbox: 0.0022, s1.loss_cls: 0.0010, s1.acc: 99.9269, s1.loss_bbox: 0.0021, s2.loss_cls: 0.0005, s2.acc: 99.9350, s2.loss_bbox: 0.0020, loss_bounder: 0.5492, loss_aux: 0.0000, loss: 0.5628
2026-08-17 09:05:52,281 - mmdet - INFO - Epoch [67][200/1732]	lr: 5.000e-04, eta: 11:02:41, time: 0.683, data_time: 0.005, memory: 17623, loss_rpn_cls: 0.0011, loss_rpn_bbox: 0.0007, s0.loss_cls: 0.0061, s0.acc: 99.7764, s0.loss_bbox: 0.0030, s1.loss_cls: 0.0013, s1.acc: 99.9025, s1.loss_bbox: 0.0033, s2.loss_cls: 0.0005, s2.acc: 99.9222, s2.loss_bbox: 0.0030, loss_bounder: 0.5520, loss_aux: 0.0000, loss: 0.5711
2026-08-17 09:07:00,507 - mmdet - INFO - Epoch [67][300/1732]	lr: 5.000e-04, eta: 11:01:33, time: 0.682, data_time: 0.005, memory: 17623, loss_rpn_cls: 0.0009, loss_rpn_bbox: 0.0007, s0.loss_cls: 0.0054, s0.acc: 99.8027, s0.loss_bbox: 0.0028, s1.loss_cls: 0.0012, s1.acc: 99.9099, s1.loss_bbox: 0.0027, s2.loss_cls: 0.0005, s2.acc: 99.9357, s2.loss_bbox: 0.0025, loss_bounder: 0.5447, loss_aux: 0.0000, loss: 0.5614
2026-08-17 09:08:08,482 - mmdet - INFO - Epoch [67][400/1732]	lr: 5.000e-04, eta: 11:00:26, time: 0.680, data_time: 0.005, memory: 17623, loss_rpn_cls: 0.0010, loss_rpn_bbox: 0.0007, s0.loss_cls: 0.0053, s0.acc: 99.8135, s0.loss_bbox: 0.0028, s1.loss_cls: 0.0012, s1.acc: 99.9019, s1.loss_bbox: 0.0029, s2.loss_cls: 0.0006, s2.acc: 99.9127, s2.loss_bbox: 0.0027, loss_bounder: 0.5596, loss_aux: 0.0000, loss: 0.5769
2026-08-17 09:09:17,488 - mmdet - INFO - Epoch [67][500/1732]	lr: 5.000e-04, eta: 10:59:18, time: 0.690, data_time: 0.005, memory: 17623, loss_rpn_cls: 0.0008, loss_rpn_bbox: 0.0006, s0.loss_cls: 0.0059, s0.acc: 99.7939, s0.loss_bbox: 0.0025, s1.loss_cls: 0.0014, s1.acc: 99.9050, s1.loss_bbox: 0.0027, s2.loss_cls: 0.0006, s2.acc: 99.9171, s2.loss_bbox: 0.0028, loss_bounder: 0.5422, loss_aux: 0.0000, loss: 0.5595
2026-08-17 09:10:26,263 - mmdet - INFO - Epoch [67][600/1732]	lr: 5.000e-04, eta: 10:58:11, time: 0.688, data_time: 0.005, memory: 17623, loss_rpn_cls: 0.0010, loss_rpn_bbox: 0.0008, s0.loss_cls: 0.0064, s0.acc: 99.7568, s0.loss_bbox: 0.0035, s1.loss_cls: 0.0014, s1.acc: 99.8952, s1.loss_bbox: 0.0034, s2.loss_cls: 0.0007, s2.acc: 99.9089, s2.loss_bbox: 0.0033, loss_bounder: 0.5617, loss_aux: 0.0000, loss: 0.5822
2026-08-17 09:11:35,093 - mmdet - INFO - Epoch [67][700/1732]	lr: 5.000e-04, eta: 10:57:04, time: 0.688, data_time: 0.005, memory: 17623, loss_rpn_cls: 0.0008, loss_rpn_bbox: 0.0007, s0.loss_cls: 0.0057, s0.acc: 99.7842, s0.loss_bbox: 0.0032, s1.loss_cls: 0.0014, s1.acc: 99.9075, s1.loss_bbox: 0.0033, s2.loss_cls: 0.0006, s2.acc: 99.9425, s2.loss_bbox: 0.0032, loss_bounder: 0.5411, loss_aux: 0.0000, loss: 0.5600
2026-08-17 09:12:43,509 - mmdet - INFO - Epoch [67][800/1732]	lr: 5.000e-04, eta: 10:55:57, time: 0.684, data_time: 0.005, memory: 17623, loss_rpn_cls: 0.0009, loss_rpn_bbox: 0.0006, s0.loss_cls: 0.0058, s0.acc: 99.8008, s0.loss_bbox: 0.0030, s1.loss_cls: 0.0012, s1.acc: 99.9077, s1.loss_bbox: 0.0030, s2.loss_cls: 0.0006, s2.acc: 99.9318, s2.loss_bbox: 0.0027, loss_bounder: 0.5460, loss_aux: 0.0000, loss: 0.5638
2026-08-17 09:13:52,262 - mmdet - INFO - Epoch [67][900/1732]	lr: 5.000e-04, eta: 10:54:49, time: 0.688, data_time: 0.005, memory: 17623, loss_rpn_cls: 0.0006, loss_rpn_bbox: 0.0006, s0.loss_cls: 0.0058, s0.acc: 99.7871, s0.loss_bbox: 0.0028, s1.loss_cls: 0.0012, s1.acc: 99.9117, s1.loss_bbox: 0.0030, s2.loss_cls: 0.0005, s2.acc: 99.9301, s2.loss_bbox: 0.0029, loss_bounder: 0.5645, loss_aux: 0.0000, loss: 0.5819
2026-08-17 09:15:01,216 - mmdet - INFO - Epoch [67][1000/1732]	lr: 5.000e-04, eta: 10:53:42, time: 0.690, data_time: 0.005, memory: 17623, loss_rpn_cls: 0.0009, loss_rpn_bbox: 0.0007, s0.loss_cls: 0.0058, s0.acc: 99.7793, s0.loss_bbox: 0.0042, s1.loss_cls: 0.0015, s1.acc: 99.8855, s1.loss_bbox: 0.0041, s2.loss_cls: 0.0007, s2.acc: 99.9008, s2.loss_bbox: 0.0036, loss_bounder: 0.5464, loss_aux: 0.0000, loss: 0.5679
2026-08-17 09:16:09,816 - mmdet - INFO - Epoch [67][1100/1732]	lr: 5.000e-04, eta: 10:52:35, time: 0.686, data_time: 0.005, memory: 17623, loss_rpn_cls: 0.0009, loss_rpn_bbox: 0.0007, s0.loss_cls: 0.0051, s0.acc: 99.8242, s0.loss_bbox: 0.0025, s1.loss_cls: 0.0012, s1.acc: 99.9228, s1.loss_bbox: 0.0028, s2.loss_cls: 0.0005, s2.acc: 99.9362, s2.loss_bbox: 0.0027, loss_bounder: 0.5379, loss_aux: 0.0000, loss: 0.5543
2026-08-17 09:17:18,020 - mmdet - INFO - Epoch [67][1200/1732]	lr: 5.000e-04, eta: 10:51:27, time: 0.682, data_time: 0.005, memory: 17623, loss_rpn_cls: 0.0013, loss_rpn_bbox: 0.0007, s0.loss_cls: 0.0064, s0.acc: 99.7617, s0.loss_bbox: 0.0031, s1.loss_cls: 0.0012, s1.acc: 99.9048, s1.loss_bbox: 0.0034, s2.loss_cls: 0.0005, s2.acc: 99.9382, s2.loss_bbox: 0.0030, loss_bounder: 0.5419, loss_aux: 0.0000, loss: 0.5615
2026-08-17 09:18:26,370 - mmdet - INFO - Epoch [67][1300/1732]	lr: 5.000e-04, eta: 10:50:20, time: 0.683, data_time: 0.004, memory: 17623, loss_rpn_cls: 0.0007, loss_rpn_bbox: 0.0007, s0.loss_cls: 0.0062, s0.acc: 99.7871, s0.loss_bbox: 0.0035, s1.loss_cls: 0.0013, s1.acc: 99.8972, s1.loss_bbox: 0.0037, s2.loss_cls: 0.0007, s2.acc: 99.9133, s2.loss_bbox: 0.0031, loss_bounder: 0.5404, loss_aux: 0.0000, loss: 0.5603
2026-08-17 09:19:35,082 - mmdet - INFO - Epoch [67][1400/1732]	lr: 5.000e-04, eta: 10:49:13, time: 0.687, data_time: 0.005, memory: 17623, loss_rpn_cls: 0.0009, loss_rpn_bbox: 0.0007, s0.loss_cls: 0.0063, s0.acc: 99.7666, s0.loss_bbox: 0.0033, s1.loss_cls: 0.0013, s1.acc: 99.9046, s1.loss_bbox: 0.0033, s2.loss_cls: 0.0006, s2.acc: 99.9267, s2.loss_bbox: 0.0028, loss_bounder: 0.5504, loss_aux: 0.0000, loss: 0.5696
2026-08-17 09:20:43,834 - mmdet - INFO - Epoch [67][1500/1732]	lr: 5.000e-04, eta: 10:48:05, time: 0.688, data_time: 0.005, memory: 17623, loss_rpn_cls: 0.0009, loss_rpn_bbox: 0.0006, s0.loss_cls: 0.0055, s0.acc: 99.8037, s0.loss_bbox: 0.0029, s1.loss_cls: 0.0012, s1.acc: 99.9105, s1.loss_bbox: 0.0028, s2.loss_cls: 0.0005, s2.acc: 99.9319, s2.loss_bbox: 0.0026, loss_bounder: 0.5324, loss_aux: 0.0000, loss: 0.5494
2026-08-17 09:21:51,990 - mmdet - INFO - Epoch [67][1600/1732]	lr: 5.000e-04, eta: 10:46:58, time: 0.682, data_time: 0.005, memory: 17623, loss_rpn_cls: 0.0007, loss_rpn_bbox: 0.0006, s0.loss_cls: 0.0057, s0.acc: 99.7744, s0.loss_bbox: 0.0030, s1.loss_cls: 0.0011, s1.acc: 99.9061, s1.loss_bbox: 0.0034, s2.loss_cls: 0.0005, s2.acc: 99.9350, s2.loss_bbox: 0.0031, loss_bounder: 0.5557, loss_aux: 0.0000, loss: 0.5739
2026-08-17 09:23:00,026 - mmdet - INFO - Epoch [67][1700/1732]	lr: 5.000e-04, eta: 10:45:50, time: 0.680, data_time: 0.005, memory: 17623, loss_rpn_cls: 0.0009, loss_rpn_bbox: 0.0005, s0.loss_cls: 0.0053, s0.acc: 99.7988, s0.loss_bbox: 0.0030, s1.loss_cls: 0.0011, s1.acc: 99.9267, s1.loss_bbox: 0.0030, s2.loss_cls: 0.0006, s2.acc: 99.9254, s2.loss_bbox: 0.0027, loss_bounder: 0.5378, loss_aux: 0.0000, loss: 0.5549
2026-08-17 09:23:21,929 - mmdet - INFO - Saving checkpoint at 67 epochs
2026-08-17 09:24:36,802 - mmdet - INFO - Evaluating bbox...
2026-08-17 09:24:37,700 - mmdet - INFO - 
+-----------+-------+-----------+-------+------------+-------+
| category  | AP    | category  | AP    | category   | AP    |
+-----------+-------+-----------+-------+------------+-------+
| HM        | 0.602 | LQS       | 0.174 | QHS        | 0.366 |
| MS        | 0.430 | A1_SU-35  | 0.799 | A2_C-130   | 0.730 |
| A3_C-17   | 0.785 | A4_C-5    | 0.846 | A5_F-16    | 0.710 |
| A6_TU-160 | 0.800 | A7_E-3    | 0.804 | A8_B-52    | 0.809 |
| A9_P-3C   | 0.766 | A10_B-1B  | 0.801 | A11_E-8    | 0.661 |
| A12_TU-22 | 0.795 | A13_F-15  | 0.734 | A14_KC-135 | 0.750 |
| A15_F-22  | 0.652 | A16_FA-18 | 0.746 | A17_TU-95  | 0.859 |
| A18_KC-10 | 0.638 | A19_SU-34 | 0.731 | A20_SU-24  | 0.762 |
| FSC       | 0.474 | None      | None  | None       | None  |
+-----------+-------+-----------+-------+------------+-------+
2026-08-17 09:24:37,707 - mmdet - INFO - EarlyStoppingHook: bbox_mAP=0.6890 提升幅度不足 0.0010（当前最佳 0.6890，等待 5/16）
2026-08-17 09:24:37,708 - mmdet - INFO - Exp name: aircraft_bafnet_1x.py
2026-08-17 09:24:37,708 - mmdet - INFO - Epoch(val) [67][548]	bbox_mAP: 0.6890, bbox_mAP_50: 0.8930, bbox_mAP_75: 0.8310, bbox_mAP_s: 0.1120, bbox_mAP_m: 0.6580, bbox_mAP_l: 0.7340, bbox_mAP_copypaste: 0.689 0.893 0.831 0.112 0.658 0.734
2026-08-17 09:25:48,756 - mmdet - INFO - Epoch [68][100/1732]	lr: 5.000e-04, eta: 10:44:12, time: 0.710, data_time: 0.028, memory: 17623, loss_rpn_cls: 0.0006, loss_rpn_bbox: 0.0005, s0.loss_cls: 0.0049, s0.acc: 99.8184, s0.loss_bbox: 0.0029, s1.loss_cls: 0.0011, s1.acc: 99.9197, s1.loss_bbox: 0.0030, s2.loss_cls: 0.0005, s2.acc: 99.9446, s2.loss_bbox: 0.0027, loss_bounder: 0.5603, loss_aux: 0.0000, loss: 0.5765
2026-08-17 09:26:56,675 - mmdet - INFO - Epoch [68][200/1732]	lr: 5.000e-04, eta: 10:43:04, time: 0.679, data_time: 0.005, memory: 17623, loss_rpn_cls: 0.0011, loss_rpn_bbox: 0.0007, s0.loss_cls: 0.0055, s0.acc: 99.7969, s0.loss_bbox: 0.0028, s1.loss_cls: 0.0011, s1.acc: 99.9113, s1.loss_bbox: 0.0030, s2.loss_cls: 0.0005, s2.acc: 99.9279, s2.loss_bbox: 0.0027, loss_bounder: 0.5559, loss_aux: 0.0000, loss: 0.5733
2026-08-17 09:28:05,106 - mmdet - INFO - Epoch [68][300/1732]	lr: 5.000e-04, eta: 10:41:57, time: 0.684, data_time: 0.005, memory: 17623, loss_rpn_cls: 0.0011, loss_rpn_bbox: 0.0007, s0.loss_cls: 0.0054, s0.acc: 99.7959, s0.loss_bbox: 0.0039, s1.loss_cls: 0.0012, s1.acc: 99.9240, s1.loss_bbox: 0.0035, s2.loss_cls: 0.0007, s2.acc: 99.9060, s2.loss_bbox: 0.0031, loss_bounder: 0.5447, loss_aux: 0.0000, loss: 0.5643
2026-08-17 09:29:13,295 - mmdet - INFO - Epoch [68][400/1732]	lr: 5.000e-04, eta: 10:40:49, time: 0.682, data_time: 0.005, memory: 17623, loss_rpn_cls: 0.0007, loss_rpn_bbox: 0.0005, s0.loss_cls: 0.0051, s0.acc: 99.8164, s0.loss_bbox: 0.0027, s1.loss_cls: 0.0012, s1.acc: 99.9097, s1.loss_bbox: 0.0026, s2.loss_cls: 0.0005, s2.acc: 99.9359, s2.loss_bbox: 0.0025, loss_bounder: 0.5501, loss_aux: 0.0000, loss: 0.5659
2026-08-17 09:30:21,618 - mmdet - INFO - Epoch [68][500/1732]	lr: 5.000e-04, eta: 10:39:42, time: 0.683, data_time: 0.005, memory: 17623, loss_rpn_cls: 0.0007, loss_rpn_bbox: 0.0006, s0.loss_cls: 0.0058, s0.acc: 99.7949, s0.loss_bbox: 0.0028, s1.loss_cls: 0.0012, s1.acc: 99.9125, s1.loss_bbox: 0.0027, s2.loss_cls: 0.0006, s2.acc: 99.9120, s2.loss_bbox: 0.0026, loss_bounder: 0.5567, loss_aux: 0.0000, loss: 0.5738
2026-08-17 09:31:29,895 - mmdet - INFO - Epoch [68][600/1732]	lr: 5.000e-04, eta: 10:38:34, time: 0.683, data_time: 0.005, memory: 17623, loss_rpn_cls: 0.0009, loss_rpn_bbox: 0.0007, s0.loss_cls: 0.0054, s0.acc: 99.7988, s0.loss_bbox: 0.0032, s1.loss_cls: 0.0012, s1.acc: 99.9104, s1.loss_bbox: 0.0033, s2.loss_cls: 0.0005, s2.acc: 99.9314, s2.loss_bbox: 0.0030, loss_bounder: 0.5455, loss_aux: 0.0000, loss: 0.5635
2026-08-17 09:32:38,363 - mmdet - INFO - Epoch [68][700/1732]	lr: 5.000e-04, eta: 10:37:27, time: 0.685, data_time: 0.005, memory: 17623, loss_rpn_cls: 0.0009, loss_rpn_bbox: 0.0006, s0.loss_cls: 0.0051, s0.acc: 99.8145, s0.loss_bbox: 0.0025, s1.loss_cls: 0.0012, s1.acc: 99.9173, s1.loss_bbox: 0.0026, s2.loss_cls: 0.0006, s2.acc: 99.9255, s2.loss_bbox: 0.0025, loss_bounder: 0.5561, loss_aux: 0.0000, loss: 0.5720
2026-08-17 09:33:46,486 - mmdet - INFO - Epoch [68][800/1732]	lr: 5.000e-04, eta: 10:36:19, time: 0.681, data_time: 0.005, memory: 17623, loss_rpn_cls: 0.0005, loss_rpn_bbox: 0.0006, s0.loss_cls: 0.0059, s0.acc: 99.7666, s0.loss_bbox: 0.0026, s1.loss_cls: 0.0012, s1.acc: 99.9057, s1.loss_bbox: 0.0025, s2.loss_cls: 0.0004, s2.acc: 99.9490, s2.loss_bbox: 0.0025, loss_bounder: 0.5530, loss_aux: 0.0000, loss: 0.5693
2026-08-17 09:34:54,610 - mmdet - INFO - Epoch [68][900/1732]	lr: 5.000e-04, eta: 10:35:12, time: 0.681, data_time: 0.005, memory: 17623, loss_rpn_cls: 0.0007, loss_rpn_bbox: 0.0007, s0.loss_cls: 0.0063, s0.acc: 99.7705, s0.loss_bbox: 0.0034, s1.loss_cls: 0.0011, s1.acc: 99.9136, s1.loss_bbox: 0.0031, s2.loss_cls: 0.0005, s2.acc: 99.9358, s2.loss_bbox: 0.0026, loss_bounder: 0.5398, loss_aux: 0.0000, loss: 0.5581
2026-08-17 09:36:03,016 - mmdet - INFO - Epoch [68][1000/1732]	lr: 5.000e-04, eta: 10:34:04, time: 0.684, data_time: 0.005, memory: 17623, loss_rpn_cls: 0.0007, loss_rpn_bbox: 0.0009, s0.loss_cls: 0.0067, s0.acc: 99.7725, s0.loss_bbox: 0.0041, s1.loss_cls: 0.0015, s1.acc: 99.8959, s1.loss_bbox: 0.0040, s2.loss_cls: 0.0008, s2.acc: 99.8858, s2.loss_bbox: 0.0036, loss_bounder: 0.5492, loss_aux: 0.0000, loss: 0.5714
2026-08-17 09:37:11,841 - mmdet - INFO - Epoch [68][1100/1732]	lr: 5.000e-04, eta: 10:32:57, time: 0.688, data_time: 0.005, memory: 17623, loss_rpn_cls: 0.0007, loss_rpn_bbox: 0.0006, s0.loss_cls: 0.0054, s0.acc: 99.8164, s0.loss_bbox: 0.0027, s1.loss_cls: 0.0011, s1.acc: 99.9280, s1.loss_bbox: 0.0027, s2.loss_cls: 0.0005, s2.acc: 99.9441, s2.loss_bbox: 0.0026, loss_bounder: 0.5379, loss_aux: 0.0000, loss: 0.5541
2026-08-17 09:38:20,099 - mmdet - INFO - Epoch [68][1200/1732]	lr: 5.000e-04, eta: 10:31:49, time: 0.683, data_time: 0.005, memory: 17623, loss_rpn_cls: 0.0007, loss_rpn_bbox: 0.0006, s0.loss_cls: 0.0052, s0.acc: 99.8096, s0.loss_bbox: 0.0025, s1.loss_cls: 0.0013, s1.acc: 99.8976, s1.loss_bbox: 0.0026, s2.loss_cls: 0.0006, s2.acc: 99.9173, s2.loss_bbox: 0.0024, loss_bounder: 0.5584, loss_aux: 0.0000, loss: 0.5744
2026-08-17 09:39:28,847 - mmdet - INFO - Epoch [68][1300/1732]	lr: 5.000e-04, eta: 10:30:42, time: 0.687, data_time: 0.005, memory: 17623, loss_rpn_cls: 0.0006, loss_rpn_bbox: 0.0005, s0.loss_cls: 0.0049, s0.acc: 99.8311, s0.loss_bbox: 0.0022, s1.loss_cls: 0.0009, s1.acc: 99.9384, s1.loss_bbox: 0.0022, s2.loss_cls: 0.0005, s2.acc: 99.9342, s2.loss_bbox: 0.0023, loss_bounder: 0.5582, loss_aux: 0.0000, loss: 0.5723
2026-08-17 09:40:37,567 - mmdet - INFO - Epoch [68][1400/1732]	lr: 5.000e-04, eta: 10:29:35, time: 0.687, data_time: 0.005, memory: 17623, loss_rpn_cls: 0.0012, loss_rpn_bbox: 0.0006, s0.loss_cls: 0.0059, s0.acc: 99.7871, s0.loss_bbox: 0.0027, s1.loss_cls: 0.0012, s1.acc: 99.9080, s1.loss_bbox: 0.0027, s2.loss_cls: 0.0006, s2.acc: 99.9187, s2.loss_bbox: 0.0024, loss_bounder: 0.5330, loss_aux: 0.0000, loss: 0.5503
2026-08-17 09:41:47,094 - mmdet - INFO - Epoch [68][1500/1732]	lr: 5.000e-04, eta: 10:28:28, time: 0.695, data_time: 0.005, memory: 17623, loss_rpn_cls: 0.0012, loss_rpn_bbox: 0.0009, s0.loss_cls: 0.0061, s0.acc: 99.7783, s0.loss_bbox: 0.0033, s1.loss_cls: 0.0013, s1.acc: 99.9057, s1.loss_bbox: 0.0037, s2.loss_cls: 0.0007, s2.acc: 99.9053, s2.loss_bbox: 0.0032, loss_bounder: 0.5377, loss_aux: 0.0000, loss: 0.5581
2026-08-17 09:42:55,658 - mmdet - INFO - Epoch [68][1600/1732]	lr: 5.000e-04, eta: 10:27:21, time: 0.686, data_time: 0.005, memory: 17623, loss_rpn_cls: 0.0007, loss_rpn_bbox: 0.0007, s0.loss_cls: 0.0059, s0.acc: 99.7686, s0.loss_bbox: 0.0027, s1.loss_cls: 0.0013, s1.acc: 99.9088, s1.loss_bbox: 0.0030, s2.loss_cls: 0.0006, s2.acc: 99.9213, s2.loss_bbox: 0.0028, loss_bounder: 0.5303, loss_aux: 0.0000, loss: 0.5480
2026-08-17 09:44:03,912 - mmdet - INFO - Epoch [68][1700/1732]	lr: 5.000e-04, eta: 10:26:13, time: 0.683, data_time: 0.005, memory: 17623, loss_rpn_cls: 0.0010, loss_rpn_bbox: 0.0007, s0.loss_cls: 0.0060, s0.acc: 99.7695, s0.loss_bbox: 0.0038, s1.loss_cls: 0.0013, s1.acc: 99.9076, s1.loss_bbox: 0.0036, s2.loss_cls: 0.0006, s2.acc: 99.9225, s2.loss_bbox: 0.0030, loss_bounder: 0.5393, loss_aux: 0.0000, loss: 0.5593
2026-08-17 09:44:26,125 - mmdet - INFO - Saving checkpoint at 68 epochs
2026-08-17 09:45:41,322 - mmdet - INFO - Evaluating bbox...
2026-08-17 09:45:42,230 - mmdet - INFO - 
+-----------+-------+-----------+-------+------------+-------+
| category  | AP    | category  | AP    | category   | AP    |
+-----------+-------+-----------+-------+------------+-------+
| HM        | 0.602 | LQS       | 0.174 | QHS        | 0.359 |
| MS        | 0.428 | A1_SU-35  | 0.797 | A2_C-130   | 0.732 |
| A3_C-17   | 0.789 | A4_C-5    | 0.843 | A5_F-16    | 0.703 |
| A6_TU-160 | 0.797 | A7_E-3    | 0.802 | A8_B-52    | 0.812 |
| A9_P-3C   | 0.763 | A10_B-1B  | 0.796 | A11_E-8    | 0.661 |
| A12_TU-22 | 0.796 | A13_F-15  | 0.740 | A14_KC-135 | 0.745 |
| A15_F-22  | 0.661 | A16_FA-18 | 0.747 | A17_TU-95  | 0.860 |
| A18_KC-10 | 0.635 | A19_SU-34 | 0.735 | A20_SU-24  | 0.764 |
| FSC       | 0.476 | None      | None  | None       | None  |
+-----------+-------+-----------+-------+------------+-------+
2026-08-17 09:45:42,238 - mmdet - INFO - EarlyStoppingHook: bbox_mAP=0.6890 提升幅度不足 0.0010（当前最佳 0.6890，等待 6/16）
2026-08-17 09:45:42,239 - mmdet - INFO - Exp name: aircraft_bafnet_1x.py
2026-08-17 09:45:42,239 - mmdet - INFO - Epoch(val) [68][548]	bbox_mAP: 0.6890, bbox_mAP_50: 0.8940, bbox_mAP_75: 0.8300, bbox_mAP_s: 0.1110, bbox_mAP_m: 0.6580, bbox_mAP_l: 0.7340, bbox_mAP_copypaste: 0.689 0.894 0.830 0.111 0.658 0.734
2026-08-17 09:46:53,246 - mmdet - INFO - Epoch [69][100/1732]	lr: 5.000e-04, eta: 10:24:35, time: 0.710, data_time: 0.028, memory: 17623, loss_rpn_cls: 0.0009, loss_rpn_bbox: 0.0007, s0.loss_cls: 0.0057, s0.acc: 99.7852, s0.loss_bbox: 0.0035, s1.loss_cls: 0.0012, s1.acc: 99.9115, s1.loss_bbox: 0.0032, s2.loss_cls: 0.0006, s2.acc: 99.9012, s2.loss_bbox: 0.0027, loss_bounder: 0.5543, loss_aux: 0.0000, loss: 0.5729
2026-08-17 09:48:01,395 - mmdet - INFO - Epoch [69][200/1732]	lr: 5.000e-04, eta: 10:23:27, time: 0.681, data_time: 0.005, memory: 17623, loss_rpn_cls: 0.0014, loss_rpn_bbox: 0.0007, s0.loss_cls: 0.0053, s0.acc: 99.7988, s0.loss_bbox: 0.0033, s1.loss_cls: 0.0011, s1.acc: 99.9151, s1.loss_bbox: 0.0033, s2.loss_cls: 0.0006, s2.acc: 99.9185, s2.loss_bbox: 0.0027, loss_bounder: 0.5519, loss_aux: 0.0000, loss: 0.5701
2026-08-17 09:49:10,160 - mmdet - INFO - Epoch [69][300/1732]	lr: 5.000e-04, eta: 10:22:20, time: 0.688, data_time: 0.005, memory: 17623, loss_rpn_cls: 0.0009, loss_rpn_bbox: 0.0006, s0.loss_cls: 0.0056, s0.acc: 99.8037, s0.loss_bbox: 0.0031, s1.loss_cls: 0.0011, s1.acc: 99.9260, s1.loss_bbox: 0.0030, s2.loss_cls: 0.0006, s2.acc: 99.9265, s2.loss_bbox: 0.0025, loss_bounder: 0.5371, loss_aux: 0.0000, loss: 0.5544
2026-08-17 09:50:17,962 - mmdet - INFO - Epoch [69][400/1732]	lr: 5.000e-04, eta: 10:21:12, time: 0.678, data_time: 0.005, memory: 17623, loss_rpn_cls: 0.0008, loss_rpn_bbox: 0.0006, s0.loss_cls: 0.0053, s0.acc: 99.8047, s0.loss_bbox: 0.0027, s1.loss_cls: 0.0011, s1.acc: 99.9250, s1.loss_bbox: 0.0028, s2.loss_cls: 0.0006, s2.acc: 99.9193, s2.loss_bbox: 0.0025, loss_bounder: 0.5519, loss_aux: 0.0000, loss: 0.5682
2026-08-17 09:51:26,416 - mmdet - INFO - Epoch [69][500/1732]	lr: 5.000e-04, eta: 10:20:05, time: 0.685, data_time: 0.005, memory: 17623, loss_rpn_cls: 0.0007, loss_rpn_bbox: 0.0007, s0.loss_cls: 0.0058, s0.acc: 99.7900, s0.loss_bbox: 0.0036, s1.loss_cls: 0.0014, s1.acc: 99.9000, s1.loss_bbox: 0.0034, s2.loss_cls: 0.0006, s2.acc: 99.9179, s2.loss_bbox: 0.0030, loss_bounder: 0.5361, loss_aux: 0.0000, loss: 0.5553
2026-08-17 09:52:34,829 - mmdet - INFO - Epoch [69][600/1732]	lr: 5.000e-04, eta: 10:18:58, time: 0.684, data_time: 0.005, memory: 17623, loss_rpn_cls: 0.0014, loss_rpn_bbox: 0.0007, s0.loss_cls: 0.0050, s0.acc: 99.8125, s0.loss_bbox: 0.0037, s1.loss_cls: 0.0013, s1.acc: 99.9039, s1.loss_bbox: 0.0033, s2.loss_cls: 0.0005, s2.acc: 99.9299, s2.loss_bbox: 0.0029, loss_bounder: 0.5559, loss_aux: 0.0000, loss: 0.5746
2026-08-17 09:53:43,497 - mmdet - INFO - Epoch [69][700/1732]	lr: 5.000e-04, eta: 10:17:50, time: 0.687, data_time: 0.004, memory: 17623, loss_rpn_cls: 0.0008, loss_rpn_bbox: 0.0007, s0.loss_cls: 0.0057, s0.acc: 99.7920, s0.loss_bbox: 0.0030, s1.loss_cls: 0.0011, s1.acc: 99.9118, s1.loss_bbox: 0.0033, s2.loss_cls: 0.0006, s2.acc: 99.9120, s2.loss_bbox: 0.0029, loss_bounder: 0.5560, loss_aux: 0.0000, loss: 0.5742
2026-08-17 09:54:52,713 - mmdet - INFO - Epoch [69][800/1732]	lr: 5.000e-04, eta: 10:16:43, time: 0.692, data_time: 0.005, memory: 17623, loss_rpn_cls: 0.0010, loss_rpn_bbox: 0.0006, s0.loss_cls: 0.0061, s0.acc: 99.7676, s0.loss_bbox: 0.0032, s1.loss_cls: 0.0013, s1.acc: 99.9018, s1.loss_bbox: 0.0032, s2.loss_cls: 0.0007, s2.acc: 99.9200, s2.loss_bbox: 0.0027, loss_bounder: 0.5336, loss_aux: 0.0000, loss: 0.5525
2026-08-17 09:56:01,458 - mmdet - INFO - Epoch [69][900/1732]	lr: 5.000e-04, eta: 10:15:36, time: 0.687, data_time: 0.005, memory: 17623, loss_rpn_cls: 0.0008, loss_rpn_bbox: 0.0005, s0.loss_cls: 0.0053, s0.acc: 99.8057, s0.loss_bbox: 0.0021, s1.loss_cls: 0.0012, s1.acc: 99.9120, s1.loss_bbox: 0.0022, s2.loss_cls: 0.0005, s2.acc: 99.9438, s2.loss_bbox: 0.0021, loss_bounder: 0.5468, loss_aux: 0.0000, loss: 0.5614
2026-08-17 09:57:09,442 - mmdet - INFO - Epoch [69][1000/1732]	lr: 5.000e-04, eta: 10:14:28, time: 0.680, data_time: 0.005, memory: 17623, loss_rpn_cls: 0.0008, loss_rpn_bbox: 0.0007, s0.loss_cls: 0.0056, s0.acc: 99.7939, s0.loss_bbox: 0.0027, s1.loss_cls: 0.0012, s1.acc: 99.9183, s1.loss_bbox: 0.0026, s2.loss_cls: 0.0005, s2.acc: 99.9390, s2.loss_bbox: 0.0025, loss_bounder: 0.5282, loss_aux: 0.0000, loss: 0.5447
2026-08-17 09:58:18,015 - mmdet - INFO - Epoch [69][1100/1732]	lr: 5.000e-04, eta: 10:13:21, time: 0.686, data_time: 0.005, memory: 17623, loss_rpn_cls: 0.0011, loss_rpn_bbox: 0.0006, s0.loss_cls: 0.0052, s0.acc: 99.8213, s0.loss_bbox: 0.0027, s1.loss_cls: 0.0012, s1.acc: 99.8996, s1.loss_bbox: 0.0027, s2.loss_cls: 0.0006, s2.acc: 99.9231, s2.loss_bbox: 0.0024, loss_bounder: 0.5357, loss_aux: 0.0000, loss: 0.5522
2026-08-17 09:59:26,639 - mmdet - INFO - Epoch [69][1200/1732]	lr: 5.000e-04, eta: 10:12:14, time: 0.686, data_time: 0.005, memory: 17623, loss_rpn_cls: 0.0006, loss_rpn_bbox: 0.0006, s0.loss_cls: 0.0055, s0.acc: 99.7979, s0.loss_bbox: 0.0026, s1.loss_cls: 0.0012, s1.acc: 99.9083, s1.loss_bbox: 0.0028, s2.loss_cls: 0.0006, s2.acc: 99.9412, s2.loss_bbox: 0.0025, loss_bounder: 0.5640, loss_aux: 0.0000, loss: 0.5803
2026-08-17 10:00:34,980 - mmdet - INFO - Epoch [69][1300/1732]	lr: 5.000e-04, eta: 10:11:06, time: 0.683, data_time: 0.005, memory: 17623, loss_rpn_cls: 0.0010, loss_rpn_bbox: 0.0006, s0.loss_cls: 0.0054, s0.acc: 99.7881, s0.loss_bbox: 0.0029, s1.loss_cls: 0.0011, s1.acc: 99.9221, s1.loss_bbox: 0.0027, s2.loss_cls: 0.0005, s2.acc: 99.9308, s2.loss_bbox: 0.0024, loss_bounder: 0.5514, loss_aux: 0.0000, loss: 0.5681
2026-08-17 10:01:42,960 - mmdet - INFO - Epoch [69][1400/1732]	lr: 5.000e-04, eta: 10:09:58, time: 0.680, data_time: 0.005, memory: 17623, loss_rpn_cls: 0.0006, loss_rpn_bbox: 0.0005, s0.loss_cls: 0.0048, s0.acc: 99.8184, s0.loss_bbox: 0.0023, s1.loss_cls: 0.0010, s1.acc: 99.9296, s1.loss_bbox: 0.0024, s2.loss_cls: 0.0004, s2.acc: 99.9496, s2.loss_bbox: 0.0024, loss_bounder: 0.5605, loss_aux: 0.0000, loss: 0.5750
2026-08-17 10:02:52,120 - mmdet - INFO - Epoch [69][1500/1732]	lr: 5.000e-04, eta: 10:08:51, time: 0.692, data_time: 0.005, memory: 17623, loss_rpn_cls: 0.0011, loss_rpn_bbox: 0.0006, s0.loss_cls: 0.0049, s0.acc: 99.8223, s0.loss_bbox: 0.0024, s1.loss_cls: 0.0010, s1.acc: 99.9251, s1.loss_bbox: 0.0023, s2.loss_cls: 0.0005, s2.acc: 99.9471, s2.loss_bbox: 0.0023, loss_bounder: 0.5443, loss_aux: 0.0000, loss: 0.5596
2026-08-17 10:04:00,682 - mmdet - INFO - Epoch [69][1600/1732]	lr: 5.000e-04, eta: 10:07:44, time: 0.686, data_time: 0.005, memory: 17623, loss_rpn_cls: 0.0010, loss_rpn_bbox: 0.0006, s0.loss_cls: 0.0052, s0.acc: 99.7959, s0.loss_bbox: 0.0022, s1.loss_cls: 0.0012, s1.acc: 99.9185, s1.loss_bbox: 0.0024, s2.loss_cls: 0.0005, s2.acc: 99.9481, s2.loss_bbox: 0.0023, loss_bounder: 0.5470, loss_aux: 0.0000, loss: 0.5624
2026-08-17 10:05:09,010 - mmdet - INFO - Epoch [69][1700/1732]	lr: 5.000e-04, eta: 10:06:36, time: 0.683, data_time: 0.005, memory: 17623, loss_rpn_cls: 0.0011, loss_rpn_bbox: 0.0007, s0.loss_cls: 0.0054, s0.acc: 99.7979, s0.loss_bbox: 0.0028, s1.loss_cls: 0.0011, s1.acc: 99.9225, s1.loss_bbox: 0.0029, s2.loss_cls: 0.0005, s2.acc: 99.9467, s2.loss_bbox: 0.0026, loss_bounder: 0.5538, loss_aux: 0.0000, loss: 0.5709
2026-08-17 10:05:31,069 - mmdet - INFO - Saving checkpoint at 69 epochs
2026-08-17 10:06:47,224 - mmdet - INFO - Evaluating bbox...
2026-08-17 10:06:48,135 - mmdet - INFO - 
+-----------+-------+-----------+-------+------------+-------+
| category  | AP    | category  | AP    | category   | AP    |
+-----------+-------+-----------+-------+------------+-------+
| HM        | 0.602 | LQS       | 0.174 | QHS        | 0.371 |
| MS        | 0.428 | A1_SU-35  | 0.798 | A2_C-130   | 0.729 |
| A3_C-17   | 0.781 | A4_C-5    | 0.841 | A5_F-16    | 0.711 |
| A6_TU-160 | 0.797 | A7_E-3    | 0.802 | A8_B-52    | 0.811 |
| A9_P-3C   | 0.762 | A10_B-1B  | 0.801 | A11_E-8    | 0.664 |
| A12_TU-22 | 0.790 | A13_F-15  | 0.736 | A14_KC-135 | 0.743 |
| A15_F-22  | 0.662 | A16_FA-18 | 0.746 | A17_TU-95  | 0.859 |
| A18_KC-10 | 0.631 | A19_SU-34 | 0.733 | A20_SU-24  | 0.763 |
| FSC       | 0.479 | None      | None  | None       | None  |
+-----------+-------+-----------+-------+------------+-------+
2026-08-17 10:06:48,143 - mmdet - INFO - EarlyStoppingHook: bbox_mAP=0.6890 提升幅度不足 0.0010（当前最佳 0.6890，等待 7/16）
2026-08-17 10:06:48,144 - mmdet - INFO - Exp name: aircraft_bafnet_1x.py
2026-08-17 10:06:48,144 - mmdet - INFO - Epoch(val) [69][548]	bbox_mAP: 0.6890, bbox_mAP_50: 0.8950, bbox_mAP_75: 0.8320, bbox_mAP_s: 0.0990, bbox_mAP_m: 0.6570, bbox_mAP_l: 0.7330, bbox_mAP_copypaste: 0.689 0.895 0.832 0.099 0.657 0.733
2026-08-17 10:07:59,422 - mmdet - INFO - Epoch [70][100/1732]	lr: 5.000e-04, eta: 10:04:59, time: 0.713, data_time: 0.028, memory: 17623, loss_rpn_cls: 0.0010, loss_rpn_bbox: 0.0006, s0.loss_cls: 0.0048, s0.acc: 99.8340, s0.loss_bbox: 0.0024, s1.loss_cls: 0.0013, s1.acc: 99.9045, s1.loss_bbox: 0.0027, s2.loss_cls: 0.0006, s2.acc: 99.9173, s2.loss_bbox: 0.0023, loss_bounder: 0.5446, loss_aux: 0.0000, loss: 0.5604
2026-08-17 10:09:07,702 - mmdet - INFO - Epoch [70][200/1732]	lr: 5.000e-04, eta: 10:03:51, time: 0.683, data_time: 0.005, memory: 17623, loss_rpn_cls: 0.0005, loss_rpn_bbox: 0.0006, s0.loss_cls: 0.0053, s0.acc: 99.8027, s0.loss_bbox: 0.0034, s1.loss_cls: 0.0012, s1.acc: 99.9052, s1.loss_bbox: 0.0030, s2.loss_cls: 0.0005, s2.acc: 99.9260, s2.loss_bbox: 0.0026, loss_bounder: 0.5545, loss_aux: 0.0000, loss: 0.5716
2026-08-17 10:10:15,836 - mmdet - INFO - Epoch [70][300/1732]	lr: 5.000e-04, eta: 10:02:44, time: 0.681, data_time: 0.005, memory: 17623, loss_rpn_cls: 0.0009, loss_rpn_bbox: 0.0007, s0.loss_cls: 0.0050, s0.acc: 99.8184, s0.loss_bbox: 0.0026, s1.loss_cls: 0.0011, s1.acc: 99.9203, s1.loss_bbox: 0.0025, s2.loss_cls: 0.0005, s2.acc: 99.9359, s2.loss_bbox: 0.0022, loss_bounder: 0.5518, loss_aux: 0.0000, loss: 0.5673
2026-08-17 10:11:24,628 - mmdet - INFO - Epoch [70][400/1732]	lr: 5.000e-04, eta: 10:01:37, time: 0.688, data_time: 0.005, memory: 17623, loss_rpn_cls: 0.0005, loss_rpn_bbox: 0.0007, s0.loss_cls: 0.0055, s0.acc: 99.8076, s0.loss_bbox: 0.0025, s1.loss_cls: 0.0012, s1.acc: 99.9183, s1.loss_bbox: 0.0027, s2.loss_cls: 0.0005, s2.acc: 99.9366, s2.loss_bbox: 0.0026, loss_bounder: 0.5410, loss_aux: 0.0000, loss: 0.5571
2026-08-17 10:12:33,592 - mmdet - INFO - Epoch [70][500/1732]	lr: 5.000e-04, eta: 10:00:29, time: 0.690, data_time: 0.005, memory: 17623, loss_rpn_cls: 0.0009, loss_rpn_bbox: 0.0005, s0.loss_cls: 0.0052, s0.acc: 99.8008, s0.loss_bbox: 0.0026, s1.loss_cls: 0.0011, s1.acc: 99.9254, s1.loss_bbox: 0.0025, s2.loss_cls: 0.0005, s2.acc: 99.9388, s2.loss_bbox: 0.0024, loss_bounder: 0.5508, loss_aux: 0.0000, loss: 0.5666
2026-08-17 10:13:41,383 - mmdet - INFO - Epoch [70][600/1732]	lr: 5.000e-04, eta: 9:59:22, time: 0.678, data_time: 0.005, memory: 17623, loss_rpn_cls: 0.0009, loss_rpn_bbox: 0.0006, s0.loss_cls: 0.0061, s0.acc: 99.7920, s0.loss_bbox: 0.0029, s1.loss_cls: 0.0014, s1.acc: 99.8958, s1.loss_bbox: 0.0025, s2.loss_cls: 0.0006, s2.acc: 99.9376, s2.loss_bbox: 0.0025, loss_bounder: 0.5238, loss_aux: 0.0000, loss: 0.5412
2026-08-17 10:14:49,947 - mmdet - INFO - Epoch [70][700/1732]	lr: 5.000e-04, eta: 9:58:14, time: 0.686, data_time: 0.005, memory: 17623, loss_rpn_cls: 0.0008, loss_rpn_bbox: 0.0007, s0.loss_cls: 0.0055, s0.acc: 99.7959, s0.loss_bbox: 0.0035, s1.loss_cls: 0.0012, s1.acc: 99.9125, s1.loss_bbox: 0.0034, s2.loss_cls: 0.0006, s2.acc: 99.9147, s2.loss_bbox: 0.0029, loss_bounder: 0.5529, loss_aux: 0.0000, loss: 0.5716
2026-08-17 10:15:57,732 - mmdet - INFO - Epoch [70][800/1732]	lr: 5.000e-04, eta: 9:57:07, time: 0.678, data_time: 0.005, memory: 17623, loss_rpn_cls: 0.0006, loss_rpn_bbox: 0.0007, s0.loss_cls: 0.0059, s0.acc: 99.7988, s0.loss_bbox: 0.0031, s1.loss_cls: 0.0014, s1.acc: 99.9124, s1.loss_bbox: 0.0031, s2.loss_cls: 0.0005, s2.acc: 99.9331, s2.loss_bbox: 0.0026, loss_bounder: 0.5614, loss_aux: 0.0000, loss: 0.5791
2026-08-17 10:17:06,019 - mmdet - INFO - Epoch [70][900/1732]	lr: 5.000e-04, eta: 9:55:59, time: 0.683, data_time: 0.005, memory: 17623, loss_rpn_cls: 0.0004, loss_rpn_bbox: 0.0007, s0.loss_cls: 0.0057, s0.acc: 99.7988, s0.loss_bbox: 0.0033, s1.loss_cls: 0.0014, s1.acc: 99.8869, s1.loss_bbox: 0.0029, s2.loss_cls: 0.0006, s2.acc: 99.9304, s2.loss_bbox: 0.0024, loss_bounder: 0.5408, loss_aux: 0.0000, loss: 0.5582
2026-08-17 10:18:14,220 - mmdet - INFO - Epoch [70][1000/1732]	lr: 5.000e-04, eta: 9:54:52, time: 0.682, data_time: 0.005, memory: 17623, loss_rpn_cls: 0.0009, loss_rpn_bbox: 0.0006, s0.loss_cls: 0.0059, s0.acc: 99.7754, s0.loss_bbox: 0.0029, s1.loss_cls: 0.0014, s1.acc: 99.8984, s1.loss_bbox: 0.0027, s2.loss_cls: 0.0005, s2.acc: 99.9322, s2.loss_bbox: 0.0026, loss_bounder: 0.5438, loss_aux: 0.0000, loss: 0.5613
2026-08-17 10:19:22,416 - mmdet - INFO - Epoch [70][1100/1732]	lr: 5.000e-04, eta: 9:53:44, time: 0.682, data_time: 0.005, memory: 17623, loss_rpn_cls: 0.0004, loss_rpn_bbox: 0.0005, s0.loss_cls: 0.0049, s0.acc: 99.8223, s0.loss_bbox: 0.0021, s1.loss_cls: 0.0011, s1.acc: 99.9151, s1.loss_bbox: 0.0022, s2.loss_cls: 0.0004, s2.acc: 99.9410, s2.loss_bbox: 0.0020, loss_bounder: 0.5489, loss_aux: 0.0000, loss: 0.5627
2026-08-17 10:20:31,021 - mmdet - INFO - Epoch [70][1200/1732]	lr: 5.000e-04, eta: 9:52:37, time: 0.686, data_time: 0.005, memory: 17623, loss_rpn_cls: 0.0011, loss_rpn_bbox: 0.0007, s0.loss_cls: 0.0051, s0.acc: 99.8262, s0.loss_bbox: 0.0029, s1.loss_cls: 0.0011, s1.acc: 99.9165, s1.loss_bbox: 0.0032, s2.loss_cls: 0.0005, s2.acc: 99.9369, s2.loss_bbox: 0.0027, loss_bounder: 0.5493, loss_aux: 0.0000, loss: 0.5667
2026-08-17 10:21:39,341 - mmdet - INFO - Epoch [70][1300/1732]	lr: 5.000e-04, eta: 9:51:29, time: 0.683, data_time: 0.005, memory: 17623, loss_rpn_cls: 0.0009, loss_rpn_bbox: 0.0006, s0.loss_cls: 0.0048, s0.acc: 99.8242, s0.loss_bbox: 0.0027, s1.loss_cls: 0.0012, s1.acc: 99.9066, s1.loss_bbox: 0.0023, s2.loss_cls: 0.0005, s2.acc: 99.9457, s2.loss_bbox: 0.0022, loss_bounder: 0.5624, loss_aux: 0.0000, loss: 0.5776
2026-08-17 10:22:47,443 - mmdet - INFO - Epoch [70][1400/1732]	lr: 5.000e-04, eta: 9:50:22, time: 0.681, data_time: 0.005, memory: 17623, loss_rpn_cls: 0.0007, loss_rpn_bbox: 0.0006, s0.loss_cls: 0.0056, s0.acc: 99.8018, s0.loss_bbox: 0.0030, s1.loss_cls: 0.0014, s1.acc: 99.8986, s1.loss_bbox: 0.0026, s2.loss_cls: 0.0005, s2.acc: 99.9461, s2.loss_bbox: 0.0023, loss_bounder: 0.5529, loss_aux: 0.0000, loss: 0.5695
2026-08-17 10:23:56,990 - mmdet - INFO - Epoch [70][1500/1732]	lr: 5.000e-04, eta: 9:49:15, time: 0.695, data_time: 0.005, memory: 17623, loss_rpn_cls: 0.0008, loss_rpn_bbox: 0.0006, s0.loss_cls: 0.0053, s0.acc: 99.8184, s0.loss_bbox: 0.0030, s1.loss_cls: 0.0013, s1.acc: 99.9167, s1.loss_bbox: 0.0029, s2.loss_cls: 0.0006, s2.acc: 99.9280, s2.loss_bbox: 0.0026, loss_bounder: 0.5487, loss_aux: 0.0000, loss: 0.5657
2026-08-17 10:25:05,215 - mmdet - INFO - Epoch [70][1600/1732]	lr: 5.000e-04, eta: 9:48:07, time: 0.682, data_time: 0.005, memory: 17623, loss_rpn_cls: 0.0007, loss_rpn_bbox: 0.0005, s0.loss_cls: 0.0045, s0.acc: 99.8408, s0.loss_bbox: 0.0025, s1.loss_cls: 0.0011, s1.acc: 99.9208, s1.loss_bbox: 0.0025, s2.loss_cls: 0.0005, s2.acc: 99.9364, s2.loss_bbox: 0.0023, loss_bounder: 0.5313, loss_aux: 0.0000, loss: 0.5459
2026-08-17 10:26:14,363 - mmdet - INFO - Epoch [70][1700/1732]	lr: 5.000e-04, eta: 9:47:00, time: 0.691, data_time: 0.005, memory: 17623, loss_rpn_cls: 0.0009, loss_rpn_bbox: 0.0007, s0.loss_cls: 0.0064, s0.acc: 99.7686, s0.loss_bbox: 0.0034, s1.loss_cls: 0.0014, s1.acc: 99.8897, s1.loss_bbox: 0.0035, s2.loss_cls: 0.0006, s2.acc: 99.9165, s2.loss_bbox: 0.0031, loss_bounder: 0.5520, loss_aux: 0.0000, loss: 0.5721
2026-08-17 10:26:36,229 - mmdet - INFO - Saving checkpoint at 70 epochs
2026-08-17 10:27:51,490 - mmdet - INFO - Evaluating bbox...
2026-08-17 10:27:52,387 - mmdet - INFO - 
+-----------+-------+-----------+-------+------------+-------+
| category  | AP    | category  | AP    | category   | AP    |
+-----------+-------+-----------+-------+------------+-------+
| HM        | 0.602 | LQS       | 0.174 | QHS        | 0.360 |
| MS        | 0.428 | A1_SU-35  | 0.796 | A2_C-130   | 0.729 |
| A3_C-17   | 0.786 | A4_C-5    | 0.845 | A5_F-16    | 0.708 |
| A6_TU-160 | 0.798 | A7_E-3    | 0.802 | A8_B-52    | 0.812 |
| A9_P-3C   | 0.764 | A10_B-1B  | 0.804 | A11_E-8    | 0.661 |
| A12_TU-22 | 0.797 | A13_F-15  | 0.738 | A14_KC-135 | 0.746 |
| A15_F-22  | 0.659 | A16_FA-18 | 0.745 | A17_TU-95  | 0.862 |
| A18_KC-10 | 0.621 | A19_SU-34 | 0.737 | A20_SU-24  | 0.764 |
| FSC       | 0.480 | None      | None  | None       | None  |
+-----------+-------+-----------+-------+------------+-------+
2026-08-17 10:27:52,393 - mmdet - INFO - EarlyStoppingHook: bbox_mAP=0.6890 提升幅度不足 0.0010（当前最佳 0.6890，等待 8/16）
2026-08-17 10:27:52,395 - mmdet - INFO - Exp name: aircraft_bafnet_1x.py
2026-08-17 10:27:52,395 - mmdet - INFO - Epoch(val) [70][548]	bbox_mAP: 0.6890, bbox_mAP_50: 0.8930, bbox_mAP_75: 0.8320, bbox_mAP_s: 0.1110, bbox_mAP_m: 0.6580, bbox_mAP_l: 0.7330, bbox_mAP_copypaste: 0.689 0.893 0.832 0.111 0.658 0.733
2026-08-17 10:29:03,620 - mmdet - INFO - Epoch [71][100/1732]	lr: 5.000e-05, eta: 9:45:23, time: 0.712, data_time: 0.028, memory: 17623, loss_rpn_cls: 0.0010, loss_rpn_bbox: 0.0005, s0.loss_cls: 0.0050, s0.acc: 99.8076, s0.loss_bbox: 0.0024, s1.loss_cls: 0.0010, s1.acc: 99.9346, s1.loss_bbox: 0.0025, s2.loss_cls: 0.0005, s2.acc: 99.9462, s2.loss_bbox: 0.0022, loss_bounder: 0.5583, loss_aux: 0.0000, loss: 0.5735
2026-08-17 10:30:12,206 - mmdet - INFO - Epoch [71][200/1732]	lr: 5.000e-05, eta: 9:44:15, time: 0.686, data_time: 0.005, memory: 17623, loss_rpn_cls: 0.0008, loss_rpn_bbox: 0.0006, s0.loss_cls: 0.0051, s0.acc: 99.8105, s0.loss_bbox: 0.0025, s1.loss_cls: 0.0012, s1.acc: 99.9004, s1.loss_bbox: 0.0022, s2.loss_cls: 0.0006, s2.acc: 99.9282, s2.loss_bbox: 0.0022, loss_bounder: 0.5461, loss_aux: 0.0000, loss: 0.5613
2026-08-17 10:31:20,516 - mmdet - INFO - Epoch [71][300/1732]	lr: 5.000e-05, eta: 9:43:08, time: 0.683, data_time: 0.005, memory: 17623, loss_rpn_cls: 0.0010, loss_rpn_bbox: 0.0005, s0.loss_cls: 0.0049, s0.acc: 99.8223, s0.loss_bbox: 0.0026, s1.loss_cls: 0.0011, s1.acc: 99.9242, s1.loss_bbox: 0.0026, s2.loss_cls: 0.0005, s2.acc: 99.9313, s2.loss_bbox: 0.0024, loss_bounder: 0.5488, loss_aux: 0.0000, loss: 0.5644
2026-08-17 10:32:28,830 - mmdet - INFO - Epoch [71][400/1732]	lr: 5.000e-05, eta: 9:42:00, time: 0.683, data_time: 0.005, memory: 17623, loss_rpn_cls: 0.0009, loss_rpn_bbox: 0.0006, s0.loss_cls: 0.0054, s0.acc: 99.8271, s0.loss_bbox: 0.0029, s1.loss_cls: 0.0013, s1.acc: 99.8959, s1.loss_bbox: 0.0029, s2.loss_cls: 0.0006, s2.acc: 99.9108, s2.loss_bbox: 0.0027, loss_bounder: 0.5468, loss_aux: 0.0000, loss: 0.5641
2026-08-17 10:33:37,218 - mmdet - INFO - Epoch [71][500/1732]	lr: 5.000e-05, eta: 9:40:53, time: 0.684, data_time: 0.005, memory: 17623, loss_rpn_cls: 0.0011, loss_rpn_bbox: 0.0008, s0.loss_cls: 0.0064, s0.acc: 99.7734, s0.loss_bbox: 0.0042, s1.loss_cls: 0.0016, s1.acc: 99.8892, s1.loss_bbox: 0.0042, s2.loss_cls: 0.0007, s2.acc: 99.8928, s2.loss_bbox: 0.0034, loss_bounder: 0.5477, loss_aux: 0.0000, loss: 0.5702
2026-08-17 10:34:46,289 - mmdet - INFO - Epoch [71][600/1732]	lr: 5.000e-05, eta: 9:39:46, time: 0.691, data_time: 0.005, memory: 17623, loss_rpn_cls: 0.0008, loss_rpn_bbox: 0.0005, s0.loss_cls: 0.0048, s0.acc: 99.8213, s0.loss_bbox: 0.0025, s1.loss_cls: 0.0012, s1.acc: 99.9109, s1.loss_bbox: 0.0022, s2.loss_cls: 0.0005, s2.acc: 99.9421, s2.loss_bbox: 0.0020, loss_bounder: 0.5473, loss_aux: 0.0000, loss: 0.5617
2026-08-17 10:35:55,408 - mmdet - INFO - Epoch [71][700/1732]	lr: 5.000e-05, eta: 9:38:39, time: 0.691, data_time: 0.005, memory: 17623, loss_rpn_cls: 0.0007, loss_rpn_bbox: 0.0007, s0.loss_cls: 0.0051, s0.acc: 99.8057, s0.loss_bbox: 0.0027, s1.loss_cls: 0.0013, s1.acc: 99.8996, s1.loss_bbox: 0.0030, s2.loss_cls: 0.0006, s2.acc: 99.9248, s2.loss_bbox: 0.0025, loss_bounder: 0.5448, loss_aux: 0.0000, loss: 0.5615
2026-08-17 10:37:03,776 - mmdet - INFO - Epoch [71][800/1732]	lr: 5.000e-05, eta: 9:37:31, time: 0.684, data_time: 0.005, memory: 17623, loss_rpn_cls: 0.0006, loss_rpn_bbox: 0.0005, s0.loss_cls: 0.0053, s0.acc: 99.8066, s0.loss_bbox: 0.0024, s1.loss_cls: 0.0012, s1.acc: 99.9115, s1.loss_bbox: 0.0023, s2.loss_cls: 0.0005, s2.acc: 99.9424, s2.loss_bbox: 0.0021, loss_bounder: 0.5569, loss_aux: 0.0000, loss: 0.5718
2026-08-17 10:38:12,171 - mmdet - INFO - Epoch [71][900/1732]	lr: 5.000e-05, eta: 9:36:24, time: 0.684, data_time: 0.005, memory: 17623, loss_rpn_cls: 0.0008, loss_rpn_bbox: 0.0007, s0.loss_cls: 0.0052, s0.acc: 99.8125, s0.loss_bbox: 0.0033, s1.loss_cls: 0.0012, s1.acc: 99.9122, s1.loss_bbox: 0.0031, s2.loss_cls: 0.0005, s2.acc: 99.9275, s2.loss_bbox: 0.0028, loss_bounder: 0.5375, loss_aux: 0.0000, loss: 0.5551
2026-08-17 10:39:20,852 - mmdet - INFO - Epoch [71][1000/1732]	lr: 5.000e-05, eta: 9:35:16, time: 0.687, data_time: 0.005, memory: 17623, loss_rpn_cls: 0.0008, loss_rpn_bbox: 0.0007, s0.loss_cls: 0.0057, s0.acc: 99.8027, s0.loss_bbox: 0.0035, s1.loss_cls: 0.0013, s1.acc: 99.9015, s1.loss_bbox: 0.0033, s2.loss_cls: 0.0006, s2.acc: 99.9122, s2.loss_bbox: 0.0029, loss_bounder: 0.5389, loss_aux: 0.0000, loss: 0.5577
2026-08-17 10:40:29,156 - mmdet - INFO - Epoch [71][1100/1732]	lr: 5.000e-05, eta: 9:34:09, time: 0.683, data_time: 0.005, memory: 17623, loss_rpn_cls: 0.0006, loss_rpn_bbox: 0.0006, s0.loss_cls: 0.0050, s0.acc: 99.8232, s0.loss_bbox: 0.0024, s1.loss_cls: 0.0010, s1.acc: 99.9265, s1.loss_bbox: 0.0022, s2.loss_cls: 0.0005, s2.acc: 99.9411, s2.loss_bbox: 0.0020, loss_bounder: 0.5481, loss_aux: 0.0000, loss: 0.5624
2026-08-17 10:41:37,303 - mmdet - INFO - Epoch [71][1200/1732]	lr: 5.000e-05, eta: 9:33:01, time: 0.681, data_time: 0.005, memory: 17623, loss_rpn_cls: 0.0008, loss_rpn_bbox: 0.0007, s0.loss_cls: 0.0059, s0.acc: 99.7969, s0.loss_bbox: 0.0032, s1.loss_cls: 0.0013, s1.acc: 99.9083, s1.loss_bbox: 0.0030, s2.loss_cls: 0.0006, s2.acc: 99.9270, s2.loss_bbox: 0.0027, loss_bounder: 0.5427, loss_aux: 0.0000, loss: 0.5609
2026-08-17 10:42:45,439 - mmdet - INFO - Epoch [71][1300/1732]	lr: 5.000e-05, eta: 9:31:54, time: 0.681, data_time: 0.005, memory: 17623, loss_rpn_cls: 0.0003, loss_rpn_bbox: 0.0006, s0.loss_cls: 0.0049, s0.acc: 99.8203, s0.loss_bbox: 0.0022, s1.loss_cls: 0.0011, s1.acc: 99.9310, s1.loss_bbox: 0.0022, s2.loss_cls: 0.0004, s2.acc: 99.9405, s2.loss_bbox: 0.0020, loss_bounder: 0.5566, loss_aux: 0.0000, loss: 0.5703
2026-08-17 10:43:53,613 - mmdet - INFO - Epoch [71][1400/1732]	lr: 5.000e-05, eta: 9:30:46, time: 0.682, data_time: 0.005, memory: 17623, loss_rpn_cls: 0.0010, loss_rpn_bbox: 0.0007, s0.loss_cls: 0.0054, s0.acc: 99.8037, s0.loss_bbox: 0.0027, s1.loss_cls: 0.0013, s1.acc: 99.9022, s1.loss_bbox: 0.0027, s2.loss_cls: 0.0005, s2.acc: 99.9285, s2.loss_bbox: 0.0024, loss_bounder: 0.5545, loss_aux: 0.0000, loss: 0.5712
2026-08-17 10:45:02,467 - mmdet - INFO - Epoch [71][1500/1732]	lr: 5.000e-05, eta: 9:29:39, time: 0.689, data_time: 0.005, memory: 17623, loss_rpn_cls: 0.0009, loss_rpn_bbox: 0.0005, s0.loss_cls: 0.0051, s0.acc: 99.8125, s0.loss_bbox: 0.0023, s1.loss_cls: 0.0010, s1.acc: 99.9260, s1.loss_bbox: 0.0022, s2.loss_cls: 0.0005, s2.acc: 99.9422, s2.loss_bbox: 0.0021, loss_bounder: 0.5442, loss_aux: 0.0000, loss: 0.5588
2026-08-17 10:46:10,931 - mmdet - INFO - Epoch [71][1600/1732]	lr: 5.000e-05, eta: 9:28:32, time: 0.685, data_time: 0.005, memory: 17623, loss_rpn_cls: 0.0010, loss_rpn_bbox: 0.0005, s0.loss_cls: 0.0047, s0.acc: 99.8311, s0.loss_bbox: 0.0024, s1.loss_cls: 0.0013, s1.acc: 99.9012, s1.loss_bbox: 0.0026, s2.loss_cls: 0.0005, s2.acc: 99.9255, s2.loss_bbox: 0.0023, loss_bounder: 0.5313, loss_aux: 0.0000, loss: 0.5466
2026-08-17 10:47:18,924 - mmdet - INFO - Epoch [71][1700/1732]	lr: 5.000e-05, eta: 9:27:24, time: 0.680, data_time: 0.005, memory: 17623, loss_rpn_cls: 0.0006, loss_rpn_bbox: 0.0006, s0.loss_cls: 0.0058, s0.acc: 99.7852, s0.loss_bbox: 0.0030, s1.loss_cls: 0.0013, s1.acc: 99.8917, s1.loss_bbox: 0.0025, s2.loss_cls: 0.0005, s2.acc: 99.9344, s2.loss_bbox: 0.0022, loss_bounder: 0.5649, loss_aux: 0.0000, loss: 0.5814
2026-08-17 10:47:41,223 - mmdet - INFO - Saving checkpoint at 71 epochs
2026-08-17 10:48:56,415 - mmdet - INFO - Evaluating bbox...
2026-08-17 10:48:57,314 - mmdet - INFO - 
+-----------+-------+-----------+-------+------------+-------+
| category  | AP    | category  | AP    | category   | AP    |
+-----------+-------+-----------+-------+------------+-------+
| HM        | 0.602 | LQS       | 0.174 | QHS        | 0.356 |
| MS        | 0.427 | A1_SU-35  | 0.796 | A2_C-130   | 0.729 |
| A3_C-17   | 0.787 | A4_C-5    | 0.845 | A5_F-16    | 0.710 |
| A6_TU-160 | 0.798 | A7_E-3    | 0.802 | A8_B-52    | 0.812 |
| A9_P-3C   | 0.764 | A10_B-1B  | 0.802 | A11_E-8    | 0.661 |
| A12_TU-22 | 0.796 | A13_F-15  | 0.737 | A14_KC-135 | 0.745 |
| A15_F-22  | 0.660 | A16_FA-18 | 0.746 | A17_TU-95  | 0.861 |
| A18_KC-10 | 0.621 | A19_SU-34 | 0.737 | A20_SU-24  | 0.764 |
| FSC       | 0.480 | None      | None  | None       | None  |
+-----------+-------+-----------+-------+------------+-------+
2026-08-17 10:48:57,321 - mmdet - INFO - EarlyStoppingHook: bbox_mAP=0.6880 提升幅度不足 0.0010（当前最佳 0.6890，等待 9/16）
2026-08-17 10:48:57,323 - mmdet - INFO - Exp name: aircraft_bafnet_1x.py
2026-08-17 10:48:57,323 - mmdet - INFO - Epoch(val) [71][548]	bbox_mAP: 0.6880, bbox_mAP_50: 0.8930, bbox_mAP_75: 0.8320, bbox_mAP_s: 0.1110, bbox_mAP_m: 0.6580, bbox_mAP_l: 0.7330, bbox_mAP_copypaste: 0.688 0.893 0.832 0.111 0.658 0.733
2026-08-17 10:50:07,815 - mmdet - INFO - Epoch [72][100/1732]	lr: 5.000e-05, eta: 9:25:47, time: 0.705, data_time: 0.028, memory: 17623, loss_rpn_cls: 0.0012, loss_rpn_bbox: 0.0007, s0.loss_cls: 0.0056, s0.acc: 99.7939, s0.loss_bbox: 0.0031, s1.loss_cls: 0.0012, s1.acc: 99.9132, s1.loss_bbox: 0.0028, s2.loss_cls: 0.0006, s2.acc: 99.9206, s2.loss_bbox: 0.0025, loss_bounder: 0.5448, loss_aux: 0.0000, loss: 0.5624
2026-08-17 10:51:15,597 - mmdet - INFO - Epoch [72][200/1732]	lr: 5.000e-05, eta: 9:24:39, time: 0.678, data_time: 0.005, memory: 17623, loss_rpn_cls: 0.0011, loss_rpn_bbox: 0.0006, s0.loss_cls: 0.0058, s0.acc: 99.7842, s0.loss_bbox: 0.0036, s1.loss_cls: 0.0012, s1.acc: 99.9010, s1.loss_bbox: 0.0035, s2.loss_cls: 0.0006, s2.acc: 99.9057, s2.loss_bbox: 0.0029, loss_bounder: 0.5694, loss_aux: 0.0000, loss: 0.5888
2026-08-17 10:52:24,176 - mmdet - INFO - Epoch [72][300/1732]	lr: 5.000e-05, eta: 9:23:32, time: 0.686, data_time: 0.005, memory: 17623, loss_rpn_cls: 0.0009, loss_rpn_bbox: 0.0007, s0.loss_cls: 0.0057, s0.acc: 99.7969, s0.loss_bbox: 0.0032, s1.loss_cls: 0.0013, s1.acc: 99.8977, s1.loss_bbox: 0.0032, s2.loss_cls: 0.0005, s2.acc: 99.9386, s2.loss_bbox: 0.0029, loss_bounder: 0.5533, loss_aux: 0.0000, loss: 0.5717
2026-08-17 10:53:32,689 - mmdet - INFO - Epoch [72][400/1732]	lr: 5.000e-05, eta: 9:22:24, time: 0.685, data_time: 0.005, memory: 17623, loss_rpn_cls: 0.0007, loss_rpn_bbox: 0.0007, s0.loss_cls: 0.0056, s0.acc: 99.8027, s0.loss_bbox: 0.0033, s1.loss_cls: 0.0013, s1.acc: 99.8933, s1.loss_bbox: 0.0030, s2.loss_cls: 0.0006, s2.acc: 99.9261, s2.loss_bbox: 0.0028, loss_bounder: 0.5314, loss_aux: 0.0000, loss: 0.5494
2026-08-17 10:54:41,134 - mmdet - INFO - Epoch [72][500/1732]	lr: 5.000e-05, eta: 9:21:17, time: 0.684, data_time: 0.005, memory: 17623, loss_rpn_cls: 0.0010, loss_rpn_bbox: 0.0007, s0.loss_cls: 0.0055, s0.acc: 99.7979, s0.loss_bbox: 0.0029, s1.loss_cls: 0.0012, s1.acc: 99.9083, s1.loss_bbox: 0.0029, s2.loss_cls: 0.0005, s2.acc: 99.9392, s2.loss_bbox: 0.0026, loss_bounder: 0.5595, loss_aux: 0.0000, loss: 0.5768
2026-08-17 10:55:50,004 - mmdet - INFO - Epoch [72][600/1732]	lr: 5.000e-05, eta: 9:20:10, time: 0.689, data_time: 0.005, memory: 17623, loss_rpn_cls: 0.0008, loss_rpn_bbox: 0.0006, s0.loss_cls: 0.0054, s0.acc: 99.8037, s0.loss_bbox: 0.0027, s1.loss_cls: 0.0012, s1.acc: 99.9049, s1.loss_bbox: 0.0027, s2.loss_cls: 0.0005, s2.acc: 99.9491, s2.loss_bbox: 0.0022, loss_bounder: 0.5479, loss_aux: 0.0000, loss: 0.5640
2026-08-17 10:56:58,170 - mmdet - INFO - Epoch [72][700/1732]	lr: 5.000e-05, eta: 9:19:02, time: 0.682, data_time: 0.005, memory: 17623, loss_rpn_cls: 0.0006, loss_rpn_bbox: 0.0004, s0.loss_cls: 0.0042, s0.acc: 99.8516, s0.loss_bbox: 0.0015, s1.loss_cls: 0.0009, s1.acc: 99.9331, s1.loss_bbox: 0.0016, s2.loss_cls: 0.0003, s2.acc: 99.9613, s2.loss_bbox: 0.0016, loss_bounder: 0.5408, loss_aux: 0.0000, loss: 0.5521
2026-08-17 10:58:06,280 - mmdet - INFO - Epoch [72][800/1732]	lr: 5.000e-05, eta: 9:17:55, time: 0.681, data_time: 0.005, memory: 17623, loss_rpn_cls: 0.0009, loss_rpn_bbox: 0.0006, s0.loss_cls: 0.0055, s0.acc: 99.8184, s0.loss_bbox: 0.0032, s1.loss_cls: 0.0013, s1.acc: 99.9014, s1.loss_bbox: 0.0028, s2.loss_cls: 0.0005, s2.acc: 99.9364, s2.loss_bbox: 0.0025, loss_bounder: 0.5582, loss_aux: 0.0000, loss: 0.5756
2026-08-17 10:59:15,159 - mmdet - INFO - Epoch [72][900/1732]	lr: 5.000e-05, eta: 9:16:47, time: 0.689, data_time: 0.005, memory: 17623, loss_rpn_cls: 0.0008, loss_rpn_bbox: 0.0005, s0.loss_cls: 0.0049, s0.acc: 99.8242, s0.loss_bbox: 0.0022, s1.loss_cls: 0.0013, s1.acc: 99.9207, s1.loss_bbox: 0.0021, s2.loss_cls: 0.0005, s2.acc: 99.9429, s2.loss_bbox: 0.0020, loss_bounder: 0.5412, loss_aux: 0.0000, loss: 0.5554
2026-08-17 11:00:23,652 - mmdet - INFO - Epoch [72][1000/1732]	lr: 5.000e-05, eta: 9:15:40, time: 0.685, data_time: 0.005, memory: 17623, loss_rpn_cls: 0.0007, loss_rpn_bbox: 0.0005, s0.loss_cls: 0.0046, s0.acc: 99.8311, s0.loss_bbox: 0.0021, s1.loss_cls: 0.0010, s1.acc: 99.9257, s1.loss_bbox: 0.0021, s2.loss_cls: 0.0004, s2.acc: 99.9420, s2.loss_bbox: 0.0020, loss_bounder: 0.5555, loss_aux: 0.0000, loss: 0.5688
2026-08-17 11:01:31,928 - mmdet - INFO - Epoch [72][1100/1732]	lr: 5.000e-05, eta: 9:14:32, time: 0.683, data_time: 0.005, memory: 17623, loss_rpn_cls: 0.0008, loss_rpn_bbox: 0.0007, s0.loss_cls: 0.0056, s0.acc: 99.7979, s0.loss_bbox: 0.0036, s1.loss_cls: 0.0013, s1.acc: 99.9035, s1.loss_bbox: 0.0034, s2.loss_cls: 0.0005, s2.acc: 99.9356, s2.loss_bbox: 0.0027, loss_bounder: 0.5483, loss_aux: 0.0000, loss: 0.5670
2026-08-17 11:02:40,049 - mmdet - INFO - Epoch [72][1200/1732]	lr: 5.000e-05, eta: 9:13:25, time: 0.681, data_time: 0.005, memory: 17623, loss_rpn_cls: 0.0011, loss_rpn_bbox: 0.0007, s0.loss_cls: 0.0055, s0.acc: 99.8057, s0.loss_bbox: 0.0024, s1.loss_cls: 0.0012, s1.acc: 99.9036, s1.loss_bbox: 0.0023, s2.loss_cls: 0.0005, s2.acc: 99.9329, s2.loss_bbox: 0.0021, loss_bounder: 0.5588, loss_aux: 0.0000, loss: 0.5746
2026-08-17 11:03:48,420 - mmdet - INFO - Epoch [72][1300/1732]	lr: 5.000e-05, eta: 9:12:17, time: 0.684, data_time: 0.005, memory: 17623, loss_rpn_cls: 0.0011, loss_rpn_bbox: 0.0005, s0.loss_cls: 0.0056, s0.acc: 99.7959, s0.loss_bbox: 0.0027, s1.loss_cls: 0.0012, s1.acc: 99.9063, s1.loss_bbox: 0.0028, s2.loss_cls: 0.0005, s2.acc: 99.9354, s2.loss_bbox: 0.0027, loss_bounder: 0.5438, loss_aux: 0.0000, loss: 0.5610
2026-08-17 11:04:56,558 - mmdet - INFO - Epoch [72][1400/1732]	lr: 5.000e-05, eta: 9:11:10, time: 0.681, data_time: 0.005, memory: 17623, loss_rpn_cls: 0.0007, loss_rpn_bbox: 0.0006, s0.loss_cls: 0.0052, s0.acc: 99.8086, s0.loss_bbox: 0.0026, s1.loss_cls: 0.0012, s1.acc: 99.9193, s1.loss_bbox: 0.0026, s2.loss_cls: 0.0006, s2.acc: 99.9345, s2.loss_bbox: 0.0024, loss_bounder: 0.5482, loss_aux: 0.0000, loss: 0.5640
2026-08-17 11:06:05,150 - mmdet - INFO - Epoch [72][1500/1732]	lr: 5.000e-05, eta: 9:10:02, time: 0.686, data_time: 0.005, memory: 17623, loss_rpn_cls: 0.0007, loss_rpn_bbox: 0.0005, s0.loss_cls: 0.0045, s0.acc: 99.8408, s0.loss_bbox: 0.0020, s1.loss_cls: 0.0011, s1.acc: 99.9128, s1.loss_bbox: 0.0019, s2.loss_cls: 0.0005, s2.acc: 99.9421, s2.loss_bbox: 0.0020, loss_bounder: 0.5186, loss_aux: 0.0000, loss: 0.5316
2026-08-17 11:07:13,584 - mmdet - INFO - Epoch [72][1600/1732]	lr: 5.000e-05, eta: 9:08:55, time: 0.684, data_time: 0.005, memory: 17623, loss_rpn_cls: 0.0006, loss_rpn_bbox: 0.0007, s0.loss_cls: 0.0057, s0.acc: 99.7803, s0.loss_bbox: 0.0028, s1.loss_cls: 0.0012, s1.acc: 99.9073, s1.loss_bbox: 0.0026, s2.loss_cls: 0.0006, s2.acc: 99.9198, s2.loss_bbox: 0.0023, loss_bounder: 0.5463, loss_aux: 0.0000, loss: 0.5630
2026-08-17 11:08:22,456 - mmdet - INFO - Epoch [72][1700/1732]	lr: 5.000e-05, eta: 9:07:48, time: 0.689, data_time: 0.005, memory: 17623, loss_rpn_cls: 0.0007, loss_rpn_bbox: 0.0006, s0.loss_cls: 0.0056, s0.acc: 99.7920, s0.loss_bbox: 0.0029, s1.loss_cls: 0.0011, s1.acc: 99.9127, s1.loss_bbox: 0.0025, s2.loss_cls: 0.0005, s2.acc: 99.9358, s2.loss_bbox: 0.0023, loss_bounder: 0.5482, loss_aux: 0.0000, loss: 0.5644
2026-08-17 11:08:44,487 - mmdet - INFO - Saving checkpoint at 72 epochs
2026-08-17 11:10:00,827 - mmdet - INFO - Evaluating bbox...
2026-08-17 11:10:01,719 - mmdet - INFO - 
+-----------+-------+-----------+-------+------------+-------+
| category  | AP    | category  | AP    | category   | AP    |
+-----------+-------+-----------+-------+------------+-------+
| HM        | 0.602 | LQS       | 0.174 | QHS        | 0.355 |
| MS        | 0.428 | A1_SU-35  | 0.798 | A2_C-130   | 0.731 |
| A3_C-17   | 0.787 | A4_C-5    | 0.845 | A5_F-16    | 0.711 |
| A6_TU-160 | 0.800 | A7_E-3    | 0.802 | A8_B-52    | 0.812 |
| A9_P-3C   | 0.764 | A10_B-1B  | 0.801 | A11_E-8    | 0.661 |
| A12_TU-22 | 0.793 | A13_F-15  | 0.735 | A14_KC-135 | 0.744 |
| A15_F-22  | 0.658 | A16_FA-18 | 0.746 | A17_TU-95  | 0.859 |
| A18_KC-10 | 0.638 | A19_SU-34 | 0.735 | A20_SU-24  | 0.763 |
| FSC       | 0.477 | None      | None  | None       | None  |
+-----------+-------+-----------+-------+------------+-------+
2026-08-17 11:10:01,725 - mmdet - INFO - EarlyStoppingHook: bbox_mAP=0.6890 提升幅度不足 0.0010（当前最佳 0.6890，等待 10/16）
2026-08-17 11:10:01,727 - mmdet - INFO - Exp name: aircraft_bafnet_1x.py
2026-08-17 11:10:01,727 - mmdet - INFO - Epoch(val) [72][548]	bbox_mAP: 0.6890, bbox_mAP_50: 0.8940, bbox_mAP_75: 0.8330, bbox_mAP_s: 0.0990, bbox_mAP_m: 0.6580, bbox_mAP_l: 0.7330, bbox_mAP_copypaste: 0.689 0.894 0.833 0.099 0.658 0.733
2026-08-17 11:11:12,499 - mmdet - INFO - Epoch [73][100/1732]	lr: 5.000e-05, eta: 9:06:11, time: 0.708, data_time: 0.028, memory: 17623, loss_rpn_cls: 0.0007, loss_rpn_bbox: 0.0005, s0.loss_cls: 0.0049, s0.acc: 99.8291, s0.loss_bbox: 0.0026, s1.loss_cls: 0.0011, s1.acc: 99.9186, s1.loss_bbox: 0.0025, s2.loss_cls: 0.0005, s2.acc: 99.9285, s2.loss_bbox: 0.0022, loss_bounder: 0.5219, loss_aux: 0.0000, loss: 0.5369
2026-08-17 11:12:20,632 - mmdet - INFO - Epoch [73][200/1732]	lr: 5.000e-05, eta: 9:05:03, time: 0.681, data_time: 0.005, memory: 17623, loss_rpn_cls: 0.0006, loss_rpn_bbox: 0.0006, s0.loss_cls: 0.0055, s0.acc: 99.7998, s0.loss_bbox: 0.0024, s1.loss_cls: 0.0011, s1.acc: 99.9156, s1.loss_bbox: 0.0024, s2.loss_cls: 0.0004, s2.acc: 99.9467, s2.loss_bbox: 0.0023, loss_bounder: 0.5597, loss_aux: 0.0000, loss: 0.5750
2026-08-17 11:13:29,594 - mmdet - INFO - Epoch [73][300/1732]	lr: 5.000e-05, eta: 9:03:56, time: 0.690, data_time: 0.005, memory: 17623, loss_rpn_cls: 0.0008, loss_rpn_bbox: 0.0006, s0.loss_cls: 0.0051, s0.acc: 99.8213, s0.loss_bbox: 0.0027, s1.loss_cls: 0.0014, s1.acc: 99.8870, s1.loss_bbox: 0.0029, s2.loss_cls: 0.0006, s2.acc: 99.9278, s2.loss_bbox: 0.0023, loss_bounder: 0.5459, loss_aux: 0.0000, loss: 0.5622
2026-08-17 11:14:37,501 - mmdet - INFO - Epoch [73][400/1732]	lr: 5.000e-05, eta: 9:02:49, time: 0.679, data_time: 0.005, memory: 17623, loss_rpn_cls: 0.0006, loss_rpn_bbox: 0.0004, s0.loss_cls: 0.0043, s0.acc: 99.8525, s0.loss_bbox: 0.0018, s1.loss_cls: 0.0010, s1.acc: 99.9249, s1.loss_bbox: 0.0017, s2.loss_cls: 0.0004, s2.acc: 99.9534, s2.loss_bbox: 0.0017, loss_bounder: 0.5393, loss_aux: 0.0000, loss: 0.5513
2026-08-17 11:15:46,141 - mmdet - INFO - Epoch [73][500/1732]	lr: 5.000e-05, eta: 9:01:41, time: 0.686, data_time: 0.005, memory: 17623, loss_rpn_cls: 0.0006, loss_rpn_bbox: 0.0005, s0.loss_cls: 0.0051, s0.acc: 99.8154, s0.loss_bbox: 0.0022, s1.loss_cls: 0.0011, s1.acc: 99.9199, s1.loss_bbox: 0.0021, s2.loss_cls: 0.0005, s2.acc: 99.9362, s2.loss_bbox: 0.0020, loss_bounder: 0.5629, loss_aux: 0.0000, loss: 0.5771
2026-08-17 11:16:55,135 - mmdet - INFO - Epoch [73][600/1732]	lr: 5.000e-05, eta: 9:00:34, time: 0.690, data_time: 0.005, memory: 17623, loss_rpn_cls: 0.0005, loss_rpn_bbox: 0.0006, s0.loss_cls: 0.0052, s0.acc: 99.8115, s0.loss_bbox: 0.0029, s1.loss_cls: 0.0013, s1.acc: 99.9124, s1.loss_bbox: 0.0031, s2.loss_cls: 0.0006, s2.acc: 99.9256, s2.loss_bbox: 0.0028, loss_bounder: 0.5452, loss_aux: 0.0000, loss: 0.5623
2026-08-17 11:18:03,575 - mmdet - INFO - Epoch [73][700/1732]	lr: 5.000e-05, eta: 8:59:26, time: 0.684, data_time: 0.005, memory: 17623, loss_rpn_cls: 0.0006, loss_rpn_bbox: 0.0006, s0.loss_cls: 0.0055, s0.acc: 99.7939, s0.loss_bbox: 0.0023, s1.loss_cls: 0.0011, s1.acc: 99.9172, s1.loss_bbox: 0.0024, s2.loss_cls: 0.0005, s2.acc: 99.9568, s2.loss_bbox: 0.0022, loss_bounder: 0.5432, loss_aux: 0.0000, loss: 0.5583
2026-08-17 11:19:11,702 - mmdet - INFO - Epoch [73][800/1732]	lr: 5.000e-05, eta: 8:58:19, time: 0.681, data_time: 0.005, memory: 17623, loss_rpn_cls: 0.0008, loss_rpn_bbox: 0.0008, s0.loss_cls: 0.0058, s0.acc: 99.7998, s0.loss_bbox: 0.0038, s1.loss_cls: 0.0012, s1.acc: 99.9052, s1.loss_bbox: 0.0034, s2.loss_cls: 0.0006, s2.acc: 99.9277, s2.loss_bbox: 0.0028, loss_bounder: 0.5495, loss_aux: 0.0000, loss: 0.5686
2026-08-17 11:20:20,198 - mmdet - INFO - Epoch [73][900/1732]	lr: 5.000e-05, eta: 8:57:11, time: 0.685, data_time: 0.005, memory: 17623, loss_rpn_cls: 0.0009, loss_rpn_bbox: 0.0007, s0.loss_cls: 0.0059, s0.acc: 99.7852, s0.loss_bbox: 0.0031, s1.loss_cls: 0.0010, s1.acc: 99.9384, s1.loss_bbox: 0.0028, s2.loss_cls: 0.0005, s2.acc: 99.9297, s2.loss_bbox: 0.0024, loss_bounder: 0.5495, loss_aux: 0.0000, loss: 0.5668
2026-08-17 11:21:28,638 - mmdet - INFO - Epoch [73][1000/1732]	lr: 5.000e-05, eta: 8:56:04, time: 0.684, data_time: 0.005, memory: 17623, loss_rpn_cls: 0.0009, loss_rpn_bbox: 0.0006, s0.loss_cls: 0.0049, s0.acc: 99.8291, s0.loss_bbox: 0.0028, s1.loss_cls: 0.0011, s1.acc: 99.9245, s1.loss_bbox: 0.0024, s2.loss_cls: 0.0005, s2.acc: 99.9404, s2.loss_bbox: 0.0020, loss_bounder: 0.5518, loss_aux: 0.0000, loss: 0.5668
2026-08-17 11:22:37,226 - mmdet - INFO - Epoch [73][1100/1732]	lr: 5.000e-05, eta: 8:54:57, time: 0.686, data_time: 0.005, memory: 17623, loss_rpn_cls: 0.0007, loss_rpn_bbox: 0.0007, s0.loss_cls: 0.0060, s0.acc: 99.7695, s0.loss_bbox: 0.0030, s1.loss_cls: 0.0012, s1.acc: 99.9162, s1.loss_bbox: 0.0031, s2.loss_cls: 0.0006, s2.acc: 99.9197, s2.loss_bbox: 0.0028, loss_bounder: 0.5477, loss_aux: 0.0000, loss: 0.5657
2026-08-17 11:23:45,687 - mmdet - INFO - Epoch [73][1200/1732]	lr: 5.000e-05, eta: 8:53:49, time: 0.685, data_time: 0.005, memory: 17623, loss_rpn_cls: 0.0007, loss_rpn_bbox: 0.0005, s0.loss_cls: 0.0053, s0.acc: 99.8125, s0.loss_bbox: 0.0023, s1.loss_cls: 0.0012, s1.acc: 99.9057, s1.loss_bbox: 0.0026, s2.loss_cls: 0.0005, s2.acc: 99.9340, s2.loss_bbox: 0.0025, loss_bounder: 0.5639, loss_aux: 0.0000, loss: 0.5795
2026-08-17 11:24:54,586 - mmdet - INFO - Epoch [73][1300/1732]	lr: 5.000e-05, eta: 8:52:42, time: 0.689, data_time: 0.005, memory: 17623, loss_rpn_cls: 0.0008, loss_rpn_bbox: 0.0007, s0.loss_cls: 0.0054, s0.acc: 99.7861, s0.loss_bbox: 0.0027, s1.loss_cls: 0.0011, s1.acc: 99.9176, s1.loss_bbox: 0.0025, s2.loss_cls: 0.0005, s2.acc: 99.9429, s2.loss_bbox: 0.0023, loss_bounder: 0.5447, loss_aux: 0.0000, loss: 0.5608
2026-08-17 11:26:02,897 - mmdet - INFO - Epoch [73][1400/1732]	lr: 5.000e-05, eta: 8:51:34, time: 0.683, data_time: 0.005, memory: 17623, loss_rpn_cls: 0.0008, loss_rpn_bbox: 0.0008, s0.loss_cls: 0.0061, s0.acc: 99.7852, s0.loss_bbox: 0.0038, s1.loss_cls: 0.0013, s1.acc: 99.9043, s1.loss_bbox: 0.0036, s2.loss_cls: 0.0006, s2.acc: 99.9157, s2.loss_bbox: 0.0029, loss_bounder: 0.5482, loss_aux: 0.0000, loss: 0.5682
2026-08-17 11:27:11,406 - mmdet - INFO - Epoch [73][1500/1732]	lr: 5.000e-05, eta: 8:50:27, time: 0.685, data_time: 0.005, memory: 17623, loss_rpn_cls: 0.0011, loss_rpn_bbox: 0.0005, s0.loss_cls: 0.0053, s0.acc: 99.8037, s0.loss_bbox: 0.0024, s1.loss_cls: 0.0011, s1.acc: 99.9089, s1.loss_bbox: 0.0023, s2.loss_cls: 0.0005, s2.acc: 99.9490, s2.loss_bbox: 0.0021, loss_bounder: 0.5470, loss_aux: 0.0000, loss: 0.5623
2026-08-17 11:28:19,727 - mmdet - INFO - Epoch [73][1600/1732]	lr: 5.000e-05, eta: 8:49:19, time: 0.683, data_time: 0.005, memory: 17623, loss_rpn_cls: 0.0004, loss_rpn_bbox: 0.0006, s0.loss_cls: 0.0052, s0.acc: 99.8066, s0.loss_bbox: 0.0028, s1.loss_cls: 0.0013, s1.acc: 99.9004, s1.loss_bbox: 0.0026, s2.loss_cls: 0.0005, s2.acc: 99.9244, s2.loss_bbox: 0.0023, loss_bounder: 0.5493, loss_aux: 0.0000, loss: 0.5652
2026-08-17 11:29:28,250 - mmdet - INFO - Epoch [73][1700/1732]	lr: 5.000e-05, eta: 8:48:12, time: 0.685, data_time: 0.005, memory: 17623, loss_rpn_cls: 0.0006, loss_rpn_bbox: 0.0007, s0.loss_cls: 0.0056, s0.acc: 99.7822, s0.loss_bbox: 0.0028, s1.loss_cls: 0.0013, s1.acc: 99.9126, s1.loss_bbox: 0.0026, s2.loss_cls: 0.0005, s2.acc: 99.9398, s2.loss_bbox: 0.0024, loss_bounder: 0.5350, loss_aux: 0.0000, loss: 0.5516
2026-08-17 11:29:50,274 - mmdet - INFO - Saving checkpoint at 73 epochs
2026-08-17 11:31:06,985 - mmdet - INFO - Evaluating bbox...
2026-08-17 11:31:07,918 - mmdet - INFO - 
+-----------+-------+-----------+-------+------------+-------+
| category  | AP    | category  | AP    | category   | AP    |
+-----------+-------+-----------+-------+------------+-------+
| HM        | 0.602 | LQS       | 0.174 | QHS        | 0.360 |
| MS        | 0.425 | A1_SU-35  | 0.796 | A2_C-130   | 0.731 |
| A3_C-17   | 0.788 | A4_C-5    | 0.845 | A5_F-16    | 0.707 |
| A6_TU-160 | 0.797 | A7_E-3    | 0.807 | A8_B-52    | 0.812 |
| A9_P-3C   | 0.766 | A10_B-1B  | 0.800 | A11_E-8    | 0.664 |
| A12_TU-22 | 0.798 | A13_F-15  | 0.739 | A14_KC-135 | 0.748 |
| A15_F-22  | 0.659 | A16_FA-18 | 0.744 | A17_TU-95  | 0.861 |
| A18_KC-10 | 0.645 | A19_SU-34 | 0.737 | A20_SU-24  | 0.765 |
| FSC       | 0.477 | None      | None  | None       | None  |
+-----------+-------+-----------+-------+------------+-------+
2026-08-17 11:31:07,926 - mmdet - INFO - EarlyStoppingHook: bbox_mAP=0.6900 提升幅度不足 0.0010（当前最佳 0.6890，等待 11/16）
2026-08-17 11:31:07,927 - mmdet - INFO - Exp name: aircraft_bafnet_1x.py
2026-08-17 11:31:07,928 - mmdet - INFO - Epoch(val) [73][548]	bbox_mAP: 0.6900, bbox_mAP_50: 0.8950, bbox_mAP_75: 0.8330, bbox_mAP_s: 0.0980, bbox_mAP_m: 0.6610, bbox_mAP_l: 0.7340, bbox_mAP_copypaste: 0.690 0.895 0.833 0.098 0.661 0.734
2026-08-17 11:32:18,935 - mmdet - INFO - Epoch [74][100/1732]	lr: 5.000e-05, eta: 8:46:36, time: 0.710, data_time: 0.028, memory: 17623, loss_rpn_cls: 0.0010, loss_rpn_bbox: 0.0007, s0.loss_cls: 0.0054, s0.acc: 99.8145, s0.loss_bbox: 0.0029, s1.loss_cls: 0.0013, s1.acc: 99.9070, s1.loss_bbox: 0.0030, s2.loss_cls: 0.0006, s2.acc: 99.9183, s2.loss_bbox: 0.0027, loss_bounder: 0.5492, loss_aux: 0.0000, loss: 0.5668
2026-08-17 11:33:27,546 - mmdet - INFO - Epoch [74][200/1732]	lr: 5.000e-05, eta: 8:45:29, time: 0.686, data_time: 0.005, memory: 17623, loss_rpn_cls: 0.0007, loss_rpn_bbox: 0.0006, s0.loss_cls: 0.0051, s0.acc: 99.8154, s0.loss_bbox: 0.0025, s1.loss_cls: 0.0013, s1.acc: 99.9023, s1.loss_bbox: 0.0027, s2.loss_cls: 0.0005, s2.acc: 99.9379, s2.loss_bbox: 0.0026, loss_bounder: 0.5405, loss_aux: 0.0000, loss: 0.5564
2026-08-17 11:34:37,148 - mmdet - INFO - Epoch [74][300/1732]	lr: 5.000e-05, eta: 8:44:21, time: 0.696, data_time: 0.005, memory: 17623, loss_rpn_cls: 0.0007, loss_rpn_bbox: 0.0007, s0.loss_cls: 0.0052, s0.acc: 99.8232, s0.loss_bbox: 0.0029, s1.loss_cls: 0.0012, s1.acc: 99.9133, s1.loss_bbox: 0.0026, s2.loss_cls: 0.0006, s2.acc: 99.9406, s2.loss_bbox: 0.0024, loss_bounder: 0.5400, loss_aux: 0.0000, loss: 0.5562
2026-08-17 11:35:45,695 - mmdet - INFO - Epoch [74][400/1732]	lr: 5.000e-05, eta: 8:43:14, time: 0.685, data_time: 0.005, memory: 17623, loss_rpn_cls: 0.0007, loss_rpn_bbox: 0.0007, s0.loss_cls: 0.0057, s0.acc: 99.8066, s0.loss_bbox: 0.0030, s1.loss_cls: 0.0015, s1.acc: 99.8909, s1.loss_bbox: 0.0029, s2.loss_cls: 0.0008, s2.acc: 99.8929, s2.loss_bbox: 0.0025, loss_bounder: 0.5579, loss_aux: 0.0000, loss: 0.5756
2026-08-17 11:36:54,382 - mmdet - INFO - Epoch [74][500/1732]	lr: 5.000e-05, eta: 8:42:07, time: 0.687, data_time: 0.005, memory: 17623, loss_rpn_cls: 0.0008, loss_rpn_bbox: 0.0005, s0.loss_cls: 0.0043, s0.acc: 99.8535, s0.loss_bbox: 0.0018, s1.loss_cls: 0.0009, s1.acc: 99.9395, s1.loss_bbox: 0.0018, s2.loss_cls: 0.0005, s2.acc: 99.9433, s2.loss_bbox: 0.0018, loss_bounder: 0.5446, loss_aux: 0.0000, loss: 0.5568
2026-08-17 11:38:02,955 - mmdet - INFO - Epoch [74][600/1732]	lr: 5.000e-05, eta: 8:40:59, time: 0.686, data_time: 0.005, memory: 17623, loss_rpn_cls: 0.0011, loss_rpn_bbox: 0.0007, s0.loss_cls: 0.0058, s0.acc: 99.7900, s0.loss_bbox: 0.0033, s1.loss_cls: 0.0014, s1.acc: 99.9012, s1.loss_bbox: 0.0030, s2.loss_cls: 0.0006, s2.acc: 99.9133, s2.loss_bbox: 0.0028, loss_bounder: 0.5502, loss_aux: 0.0000, loss: 0.5689
2026-08-17 11:39:11,221 - mmdet - INFO - Epoch [74][700/1732]	lr: 5.000e-05, eta: 8:39:52, time: 0.683, data_time: 0.005, memory: 17623, loss_rpn_cls: 0.0009, loss_rpn_bbox: 0.0007, s0.loss_cls: 0.0056, s0.acc: 99.7988, s0.loss_bbox: 0.0031, s1.loss_cls: 0.0012, s1.acc: 99.9184, s1.loss_bbox: 0.0035, s2.loss_cls: 0.0005, s2.acc: 99.9353, s2.loss_bbox: 0.0030, loss_bounder: 0.5553, loss_aux: 0.0000, loss: 0.5737
2026-08-17 11:40:20,173 - mmdet - INFO - Epoch [74][800/1732]	lr: 5.000e-05, eta: 8:38:45, time: 0.690, data_time: 0.005, memory: 17623, loss_rpn_cls: 0.0005, loss_rpn_bbox: 0.0006, s0.loss_cls: 0.0052, s0.acc: 99.8096, s0.loss_bbox: 0.0023, s1.loss_cls: 0.0011, s1.acc: 99.9140, s1.loss_bbox: 0.0023, s2.loss_cls: 0.0005, s2.acc: 99.9512, s2.loss_bbox: 0.0020, loss_bounder: 0.5442, loss_aux: 0.0000, loss: 0.5586
2026-08-17 11:41:28,703 - mmdet - INFO - Epoch [74][900/1732]	lr: 5.000e-05, eta: 8:37:37, time: 0.685, data_time: 0.005, memory: 17623, loss_rpn_cls: 0.0007, loss_rpn_bbox: 0.0005, s0.loss_cls: 0.0049, s0.acc: 99.8242, s0.loss_bbox: 0.0026, s1.loss_cls: 0.0010, s1.acc: 99.9244, s1.loss_bbox: 0.0022, s2.loss_cls: 0.0004, s2.acc: 99.9447, s2.loss_bbox: 0.0021, loss_bounder: 0.5471, loss_aux: 0.0000, loss: 0.5618
2026-08-17 11:42:37,587 - mmdet - INFO - Epoch [74][1000/1732]	lr: 5.000e-05, eta: 8:36:30, time: 0.689, data_time: 0.005, memory: 17623, loss_rpn_cls: 0.0006, loss_rpn_bbox: 0.0007, s0.loss_cls: 0.0058, s0.acc: 99.8027, s0.loss_bbox: 0.0034, s1.loss_cls: 0.0012, s1.acc: 99.9172, s1.loss_bbox: 0.0033, s2.loss_cls: 0.0006, s2.acc: 99.9255, s2.loss_bbox: 0.0029, loss_bounder: 0.5525, loss_aux: 0.0000, loss: 0.5709
2026-08-17 11:43:45,848 - mmdet - INFO - Epoch [74][1100/1732]	lr: 5.000e-05, eta: 8:35:22, time: 0.683, data_time: 0.005, memory: 17623, loss_rpn_cls: 0.0010, loss_rpn_bbox: 0.0006, s0.loss_cls: 0.0054, s0.acc: 99.8047, s0.loss_bbox: 0.0028, s1.loss_cls: 0.0012, s1.acc: 99.9141, s1.loss_bbox: 0.0027, s2.loss_cls: 0.0006, s2.acc: 99.9149, s2.loss_bbox: 0.0024, loss_bounder: 0.5423, loss_aux: 0.0000, loss: 0.5589
2026-08-17 11:44:53,970 - mmdet - INFO - Epoch [74][1200/1732]	lr: 5.000e-05, eta: 8:34:15, time: 0.681, data_time: 0.005, memory: 17623, loss_rpn_cls: 0.0008, loss_rpn_bbox: 0.0005, s0.loss_cls: 0.0049, s0.acc: 99.8281, s0.loss_bbox: 0.0025, s1.loss_cls: 0.0010, s1.acc: 99.9395, s1.loss_bbox: 0.0023, s2.loss_cls: 0.0004, s2.acc: 99.9450, s2.loss_bbox: 0.0020, loss_bounder: 0.5555, loss_aux: 0.0000, loss: 0.5698
2026-08-17 11:46:02,364 - mmdet - INFO - Epoch [74][1300/1732]	lr: 5.000e-05, eta: 8:33:07, time: 0.684, data_time: 0.005, memory: 17623, loss_rpn_cls: 0.0009, loss_rpn_bbox: 0.0007, s0.loss_cls: 0.0053, s0.acc: 99.7939, s0.loss_bbox: 0.0037, s1.loss_cls: 0.0012, s1.acc: 99.9088, s1.loss_bbox: 0.0033, s2.loss_cls: 0.0005, s2.acc: 99.9306, s2.loss_bbox: 0.0029, loss_bounder: 0.5459, loss_aux: 0.0000, loss: 0.5645
2026-08-17 11:47:10,626 - mmdet - INFO - Epoch [74][1400/1732]	lr: 5.000e-05, eta: 8:32:00, time: 0.683, data_time: 0.005, memory: 17623, loss_rpn_cls: 0.0008, loss_rpn_bbox: 0.0006, s0.loss_cls: 0.0053, s0.acc: 99.8174, s0.loss_bbox: 0.0029, s1.loss_cls: 0.0011, s1.acc: 99.9285, s1.loss_bbox: 0.0025, s2.loss_cls: 0.0005, s2.acc: 99.9391, s2.loss_bbox: 0.0023, loss_bounder: 0.5415, loss_aux: 0.0000, loss: 0.5576
2026-08-17 11:48:19,469 - mmdet - INFO - Epoch [74][1500/1732]	lr: 5.000e-05, eta: 8:30:52, time: 0.688, data_time: 0.005, memory: 17623, loss_rpn_cls: 0.0006, loss_rpn_bbox: 0.0006, s0.loss_cls: 0.0054, s0.acc: 99.7998, s0.loss_bbox: 0.0025, s1.loss_cls: 0.0010, s1.acc: 99.9196, s1.loss_bbox: 0.0023, s2.loss_cls: 0.0005, s2.acc: 99.9425, s2.loss_bbox: 0.0022, loss_bounder: 0.5395, loss_aux: 0.0000, loss: 0.5545
2026-08-17 11:49:27,801 - mmdet - INFO - Epoch [74][1600/1732]	lr: 5.000e-05, eta: 8:29:45, time: 0.683, data_time: 0.005, memory: 17623, loss_rpn_cls: 0.0012, loss_rpn_bbox: 0.0005, s0.loss_cls: 0.0045, s0.acc: 99.8428, s0.loss_bbox: 0.0025, s1.loss_cls: 0.0010, s1.acc: 99.9288, s1.loss_bbox: 0.0025, s2.loss_cls: 0.0005, s2.acc: 99.9312, s2.loss_bbox: 0.0022, loss_bounder: 0.5544, loss_aux: 0.0000, loss: 0.5693
2026-08-17 11:50:36,710 - mmdet - INFO - Epoch [74][1700/1732]	lr: 5.000e-05, eta: 8:28:38, time: 0.689, data_time: 0.005, memory: 17623, loss_rpn_cls: 0.0013, loss_rpn_bbox: 0.0005, s0.loss_cls: 0.0050, s0.acc: 99.8281, s0.loss_bbox: 0.0025, s1.loss_cls: 0.0012, s1.acc: 99.9100, s1.loss_bbox: 0.0024, s2.loss_cls: 0.0004, s2.acc: 99.9420, s2.loss_bbox: 0.0021, loss_bounder: 0.5467, loss_aux: 0.0000, loss: 0.5621
2026-08-17 11:50:58,518 - mmdet - INFO - Saving checkpoint at 74 epochs
2026-08-17 11:52:14,478 - mmdet - INFO - Evaluating bbox...
2026-08-17 11:52:15,379 - mmdet - INFO - 
+-----------+-------+-----------+-------+------------+-------+
| category  | AP    | category  | AP    | category   | AP    |
+-----------+-------+-----------+-------+------------+-------+
| HM        | 0.602 | LQS       | 0.174 | QHS        | 0.351 |
| MS        | 0.428 | A1_SU-35  | 0.796 | A2_C-130   | 0.731 |
| A3_C-17   | 0.782 | A4_C-5    | 0.845 | A5_F-16    | 0.709 |
| A6_TU-160 | 0.799 | A7_E-3    | 0.801 | A8_B-52    | 0.809 |
| A9_P-3C   | 0.763 | A10_B-1B  | 0.798 | A11_E-8    | 0.658 |
| A12_TU-22 | 0.791 | A13_F-15  | 0.736 | A14_KC-135 | 0.743 |
| A15_F-22  | 0.661 | A16_FA-18 | 0.747 | A17_TU-95  | 0.860 |
| A18_KC-10 | 0.619 | A19_SU-34 | 0.735 | A20_SU-24  | 0.764 |
| FSC       | 0.471 | None      | None  | None       | None  |
+-----------+-------+-----------+-------+------------+-------+
2026-08-17 11:52:15,387 - mmdet - INFO - EarlyStoppingHook: bbox_mAP=0.6870 提升幅度不足 0.0010（当前最佳 0.6890，等待 12/16）
2026-08-17 11:52:15,388 - mmdet - INFO - Exp name: aircraft_bafnet_1x.py
2026-08-17 11:52:15,389 - mmdet - INFO - Epoch(val) [74][548]	bbox_mAP: 0.6870, bbox_mAP_50: 0.8930, bbox_mAP_75: 0.8310, bbox_mAP_s: 0.0990, bbox_mAP_m: 0.6570, bbox_mAP_l: 0.7320, bbox_mAP_copypaste: 0.687 0.893 0.831 0.099 0.657 0.732
2026-08-17 11:53:26,311 - mmdet - INFO - Epoch [75][100/1732]	lr: 5.000e-05, eta: 8:27:02, time: 0.709, data_time: 0.028, memory: 17623, loss_rpn_cls: 0.0007, loss_rpn_bbox: 0.0006, s0.loss_cls: 0.0056, s0.acc: 99.7959, s0.loss_bbox: 0.0026, s1.loss_cls: 0.0013, s1.acc: 99.8992, s1.loss_bbox: 0.0025, s2.loss_cls: 0.0005, s2.acc: 99.9298, s2.loss_bbox: 0.0023, loss_bounder: 0.5570, loss_aux: 0.0000, loss: 0.5731
2026-08-17 11:54:34,253 - mmdet - INFO - Epoch [75][200/1732]	lr: 5.000e-05, eta: 8:25:54, time: 0.679, data_time: 0.004, memory: 17623, loss_rpn_cls: 0.0006, loss_rpn_bbox: 0.0007, s0.loss_cls: 0.0056, s0.acc: 99.7812, s0.loss_bbox: 0.0035, s1.loss_cls: 0.0013, s1.acc: 99.8982, s1.loss_bbox: 0.0033, s2.loss_cls: 0.0006, s2.acc: 99.9229, s2.loss_bbox: 0.0027, loss_bounder: 0.5496, loss_aux: 0.0000, loss: 0.5680
2026-08-17 11:55:43,206 - mmdet - INFO - Epoch [75][300/1732]	lr: 5.000e-05, eta: 8:24:47, time: 0.690, data_time: 0.005, memory: 17623, loss_rpn_cls: 0.0005, loss_rpn_bbox: 0.0007, s0.loss_cls: 0.0059, s0.acc: 99.7764, s0.loss_bbox: 0.0034, s1.loss_cls: 0.0012, s1.acc: 99.9076, s1.loss_bbox: 0.0033, s2.loss_cls: 0.0007, s2.acc: 99.9018, s2.loss_bbox: 0.0030, loss_bounder: 0.5542, loss_aux: 0.0000, loss: 0.5729
2026-08-17 11:56:51,702 - mmdet - INFO - Epoch [75][400/1732]	lr: 5.000e-05, eta: 8:23:39, time: 0.685, data_time: 0.005, memory: 17623, loss_rpn_cls: 0.0009, loss_rpn_bbox: 0.0005, s0.loss_cls: 0.0048, s0.acc: 99.8301, s0.loss_bbox: 0.0025, s1.loss_cls: 0.0011, s1.acc: 99.9149, s1.loss_bbox: 0.0024, s2.loss_cls: 0.0005, s2.acc: 99.9383, s2.loss_bbox: 0.0021, loss_bounder: 0.5507, loss_aux: 0.0000, loss: 0.5654
2026-08-17 11:58:00,751 - mmdet - INFO - Epoch [75][500/1732]	lr: 5.000e-05, eta: 8:22:32, time: 0.690, data_time: 0.005, memory: 17623, loss_rpn_cls: 0.0008, loss_rpn_bbox: 0.0007, s0.loss_cls: 0.0053, s0.acc: 99.8086, s0.loss_bbox: 0.0030, s1.loss_cls: 0.0015, s1.acc: 99.8903, s1.loss_bbox: 0.0030, s2.loss_cls: 0.0006, s2.acc: 99.9309, s2.loss_bbox: 0.0026, loss_bounder: 0.5485, loss_aux: 0.0000, loss: 0.5660
2026-08-17 11:59:08,870 - mmdet - INFO - Epoch [75][600/1732]	lr: 5.000e-05, eta: 8:21:25, time: 0.681, data_time: 0.005, memory: 17623, loss_rpn_cls: 0.0007, loss_rpn_bbox: 0.0005, s0.loss_cls: 0.0051, s0.acc: 99.8232, s0.loss_bbox: 0.0024, s1.loss_cls: 0.0010, s1.acc: 99.9223, s1.loss_bbox: 0.0023, s2.loss_cls: 0.0005, s2.acc: 99.9319, s2.loss_bbox: 0.0021, loss_bounder: 0.5415, loss_aux: 0.0000, loss: 0.5563
2026-08-17 12:00:17,736 - mmdet - INFO - Epoch [75][700/1732]	lr: 5.000e-05, eta: 8:20:17, time: 0.689, data_time: 0.005, memory: 17623, loss_rpn_cls: 0.0010, loss_rpn_bbox: 0.0006, s0.loss_cls: 0.0047, s0.acc: 99.8428, s0.loss_bbox: 0.0023, s1.loss_cls: 0.0011, s1.acc: 99.9066, s1.loss_bbox: 0.0022, s2.loss_cls: 0.0005, s2.acc: 99.9370, s2.loss_bbox: 0.0020, loss_bounder: 0.5544, loss_aux: 0.0000, loss: 0.5690
2026-08-17 12:01:26,080 - mmdet - INFO - Epoch [75][800/1732]	lr: 5.000e-05, eta: 8:19:10, time: 0.683, data_time: 0.005, memory: 17623, loss_rpn_cls: 0.0005, loss_rpn_bbox: 0.0005, s0.loss_cls: 0.0048, s0.acc: 99.8398, s0.loss_bbox: 0.0020, s1.loss_cls: 0.0010, s1.acc: 99.9289, s1.loss_bbox: 0.0021, s2.loss_cls: 0.0005, s2.acc: 99.9308, s2.loss_bbox: 0.0019, loss_bounder: 0.5449, loss_aux: 0.0000, loss: 0.5581
2026-08-17 12:02:34,610 - mmdet - INFO - Epoch [75][900/1732]	lr: 5.000e-05, eta: 8:18:02, time: 0.685, data_time: 0.005, memory: 17623, loss_rpn_cls: 0.0009, loss_rpn_bbox: 0.0007, s0.loss_cls: 0.0055, s0.acc: 99.8115, s0.loss_bbox: 0.0031, s1.loss_cls: 0.0012, s1.acc: 99.9105, s1.loss_bbox: 0.0028, s2.loss_cls: 0.0006, s2.acc: 99.9230, s2.loss_bbox: 0.0022, loss_bounder: 0.5548, loss_aux: 0.0000, loss: 0.5718
2026-08-17 12:03:42,300 - mmdet - INFO - Epoch [75][1000/1732]	lr: 5.000e-05, eta: 8:16:55, time: 0.677, data_time: 0.004, memory: 17623, loss_rpn_cls: 0.0008, loss_rpn_bbox: 0.0005, s0.loss_cls: 0.0048, s0.acc: 99.8262, s0.loss_bbox: 0.0026, s1.loss_cls: 0.0011, s1.acc: 99.9115, s1.loss_bbox: 0.0027, s2.loss_cls: 0.0005, s2.acc: 99.9289, s2.loss_bbox: 0.0024, loss_bounder: 0.5372, loss_aux: 0.0000, loss: 0.5527
2026-08-17 12:04:50,623 - mmdet - INFO - Epoch [75][1100/1732]	lr: 5.000e-05, eta: 8:15:47, time: 0.683, data_time: 0.005, memory: 17623, loss_rpn_cls: 0.0006, loss_rpn_bbox: 0.0007, s0.loss_cls: 0.0057, s0.acc: 99.7930, s0.loss_bbox: 0.0027, s1.loss_cls: 0.0012, s1.acc: 99.9145, s1.loss_bbox: 0.0025, s2.loss_cls: 0.0005, s2.acc: 99.9377, s2.loss_bbox: 0.0024, loss_bounder: 0.5512, loss_aux: 0.0000, loss: 0.5675
2026-08-17 12:05:58,669 - mmdet - INFO - Epoch [75][1200/1732]	lr: 5.000e-05, eta: 8:14:39, time: 0.680, data_time: 0.005, memory: 17623, loss_rpn_cls: 0.0009, loss_rpn_bbox: 0.0007, s0.loss_cls: 0.0065, s0.acc: 99.7705, s0.loss_bbox: 0.0033, s1.loss_cls: 0.0015, s1.acc: 99.8960, s1.loss_bbox: 0.0035, s2.loss_cls: 0.0007, s2.acc: 99.8990, s2.loss_bbox: 0.0029, loss_bounder: 0.5416, loss_aux: 0.0000, loss: 0.5615
2026-08-17 12:07:07,458 - mmdet - INFO - Epoch [75][1300/1732]	lr: 5.000e-05, eta: 8:13:32, time: 0.688, data_time: 0.005, memory: 17623, loss_rpn_cls: 0.0010, loss_rpn_bbox: 0.0007, s0.loss_cls: 0.0058, s0.acc: 99.7871, s0.loss_bbox: 0.0034, s1.loss_cls: 0.0014, s1.acc: 99.8934, s1.loss_bbox: 0.0032, s2.loss_cls: 0.0007, s2.acc: 99.9075, s2.loss_bbox: 0.0030, loss_bounder: 0.5466, loss_aux: 0.0000, loss: 0.5657
2026-08-17 12:08:16,337 - mmdet - INFO - Epoch [75][1400/1732]	lr: 5.000e-05, eta: 8:12:25, time: 0.689, data_time: 0.005, memory: 17623, loss_rpn_cls: 0.0005, loss_rpn_bbox: 0.0005, s0.loss_cls: 0.0052, s0.acc: 99.8105, s0.loss_bbox: 0.0022, s1.loss_cls: 0.0012, s1.acc: 99.9308, s1.loss_bbox: 0.0021, s2.loss_cls: 0.0006, s2.acc: 99.9433, s2.loss_bbox: 0.0018, loss_bounder: 0.5390, loss_aux: 0.0000, loss: 0.5531
2026-08-17 12:09:24,884 - mmdet - INFO - Epoch [75][1500/1732]	lr: 5.000e-05, eta: 8:11:17, time: 0.685, data_time: 0.005, memory: 17623, loss_rpn_cls: 0.0008, loss_rpn_bbox: 0.0005, s0.loss_cls: 0.0047, s0.acc: 99.8389, s0.loss_bbox: 0.0022, s1.loss_cls: 0.0011, s1.acc: 99.9259, s1.loss_bbox: 0.0022, s2.loss_cls: 0.0004, s2.acc: 99.9562, s2.loss_bbox: 0.0021, loss_bounder: 0.5497, loss_aux: 0.0000, loss: 0.5637
2026-08-17 12:10:33,354 - mmdet - INFO - Epoch [75][1600/1732]	lr: 5.000e-05, eta: 8:10:10, time: 0.685, data_time: 0.005, memory: 17623, loss_rpn_cls: 0.0007, loss_rpn_bbox: 0.0006, s0.loss_cls: 0.0054, s0.acc: 99.8135, s0.loss_bbox: 0.0024, s1.loss_cls: 0.0012, s1.acc: 99.9129, s1.loss_bbox: 0.0024, s2.loss_cls: 0.0005, s2.acc: 99.9414, s2.loss_bbox: 0.0021, loss_bounder: 0.5457, loss_aux: 0.0000, loss: 0.5609
2026-08-17 12:11:42,326 - mmdet - INFO - Epoch [75][1700/1732]	lr: 5.000e-05, eta: 8:09:03, time: 0.690, data_time: 0.005, memory: 17623, loss_rpn_cls: 0.0008, loss_rpn_bbox: 0.0006, s0.loss_cls: 0.0053, s0.acc: 99.8203, s0.loss_bbox: 0.0029, s1.loss_cls: 0.0012, s1.acc: 99.9184, s1.loss_bbox: 0.0029, s2.loss_cls: 0.0006, s2.acc: 99.9324, s2.loss_bbox: 0.0025, loss_bounder: 0.5421, loss_aux: 0.0000, loss: 0.5588
2026-08-17 12:12:04,392 - mmdet - INFO - Saving checkpoint at 75 epochs
2026-08-17 12:13:19,945 - mmdet - INFO - Evaluating bbox...
2026-08-17 12:13:20,847 - mmdet - INFO - 
+-----------+-------+-----------+-------+------------+-------+
| category  | AP    | category  | AP    | category   | AP    |
+-----------+-------+-----------+-------+------------+-------+
| HM        | 0.602 | LQS       | 0.174 | QHS        | 0.354 |
| MS        | 0.428 | A1_SU-35  | 0.798 | A2_C-130   | 0.731 |
| A3_C-17   | 0.783 | A4_C-5    | 0.845 | A5_F-16    | 0.710 |
| A6_TU-160 | 0.799 | A7_E-3    | 0.802 | A8_B-52    | 0.812 |
| A9_P-3C   | 0.764 | A10_B-1B  | 0.801 | A11_E-8    | 0.661 |
| A12_TU-22 | 0.791 | A13_F-15  | 0.736 | A14_KC-135 | 0.745 |
| A15_F-22  | 0.658 | A16_FA-18 | 0.745 | A17_TU-95  | 0.861 |
| A18_KC-10 | 0.638 | A19_SU-34 | 0.736 | A20_SU-24  | 0.763 |
| FSC       | 0.470 | None      | None  | None       | None  |
+-----------+-------+-----------+-------+------------+-------+
2026-08-17 12:13:20,855 - mmdet - INFO - EarlyStoppingHook: bbox_mAP=0.6880 提升幅度不足 0.0010（当前最佳 0.6890，等待 13/16）
2026-08-17 12:13:20,856 - mmdet - INFO - Exp name: aircraft_bafnet_1x.py
2026-08-17 12:13:20,856 - mmdet - INFO - Epoch(val) [75][548]	bbox_mAP: 0.6880, bbox_mAP_50: 0.8940, bbox_mAP_75: 0.8300, bbox_mAP_s: 0.0990, bbox_mAP_m: 0.6580, bbox_mAP_l: 0.7320, bbox_mAP_copypaste: 0.688 0.894 0.830 0.099 0.658 0.732
2026-08-17 12:14:31,561 - mmdet - INFO - Exp name: aircraft_bafnet_1x.py
2026-08-17 12:14:31,561 - mmdet - INFO - Epoch [76][100/1732]	lr: 5.000e-05, eta: 8:07:27, time: 0.707, data_time: 0.028, memory: 17623, loss_rpn_cls: 0.0007, loss_rpn_bbox: 0.0006, s0.loss_cls: 0.0056, s0.acc: 99.7969, s0.loss_bbox: 0.0025, s1.loss_cls: 0.0010, s1.acc: 99.9316, s1.loss_bbox: 0.0023, s2.loss_cls: 0.0005, s2.acc: 99.9448, s2.loss_bbox: 0.0022, loss_bounder: 0.5546, loss_aux: 0.0000, loss: 0.5701
2026-08-17 12:15:39,927 - mmdet - INFO - Epoch [76][200/1732]	lr: 5.000e-05, eta: 8:06:20, time: 0.684, data_time: 0.005, memory: 17623, loss_rpn_cls: 0.0009, loss_rpn_bbox: 0.0005, s0.loss_cls: 0.0050, s0.acc: 99.8262, s0.loss_bbox: 0.0026, s1.loss_cls: 0.0012, s1.acc: 99.9110, s1.loss_bbox: 0.0024, s2.loss_cls: 0.0005, s2.acc: 99.9275, s2.loss_bbox: 0.0021, loss_bounder: 0.5331, loss_aux: 0.0000, loss: 0.5483
2026-08-17 12:16:48,501 - mmdet - INFO - Epoch [76][300/1732]	lr: 5.000e-05, eta: 8:05:12, time: 0.686, data_time: 0.005, memory: 17623, loss_rpn_cls: 0.0009, loss_rpn_bbox: 0.0007, s0.loss_cls: 0.0058, s0.acc: 99.7910, s0.loss_bbox: 0.0030, s1.loss_cls: 0.0012, s1.acc: 99.9121, s1.loss_bbox: 0.0029, s2.loss_cls: 0.0006, s2.acc: 99.9230, s2.loss_bbox: 0.0025, loss_bounder: 0.5415, loss_aux: 0.0000, loss: 0.5591
2026-08-17 12:17:56,704 - mmdet - INFO - Epoch [76][400/1732]	lr: 5.000e-05, eta: 8:04:05, time: 0.682, data_time: 0.005, memory: 17623, loss_rpn_cls: 0.0007, loss_rpn_bbox: 0.0006, s0.loss_cls: 0.0053, s0.acc: 99.8164, s0.loss_bbox: 0.0028, s1.loss_cls: 0.0012, s1.acc: 99.8999, s1.loss_bbox: 0.0027, s2.loss_cls: 0.0005, s2.acc: 99.9350, s2.loss_bbox: 0.0025, loss_bounder: 0.5625, loss_aux: 0.0000, loss: 0.5788
2026-08-17 12:19:05,714 - mmdet - INFO - Epoch [76][500/1732]	lr: 5.000e-05, eta: 8:02:57, time: 0.690, data_time: 0.005, memory: 17623, loss_rpn_cls: 0.0009, loss_rpn_bbox: 0.0006, s0.loss_cls: 0.0055, s0.acc: 99.8096, s0.loss_bbox: 0.0031, s1.loss_cls: 0.0015, s1.acc: 99.8932, s1.loss_bbox: 0.0031, s2.loss_cls: 0.0006, s2.acc: 99.9142, s2.loss_bbox: 0.0026, loss_bounder: 0.5475, loss_aux: 0.0000, loss: 0.5654
2026-08-17 12:20:13,726 - mmdet - INFO - Epoch [76][600/1732]	lr: 5.000e-05, eta: 8:01:50, time: 0.680, data_time: 0.005, memory: 17623, loss_rpn_cls: 0.0005, loss_rpn_bbox: 0.0005, s0.loss_cls: 0.0049, s0.acc: 99.8193, s0.loss_bbox: 0.0020, s1.loss_cls: 0.0010, s1.acc: 99.9245, s1.loss_bbox: 0.0019, s2.loss_cls: 0.0005, s2.acc: 99.9440, s2.loss_bbox: 0.0019, loss_bounder: 0.5461, loss_aux: 0.0000, loss: 0.5593
2026-08-17 12:21:22,641 - mmdet - INFO - Epoch [76][700/1732]	lr: 5.000e-05, eta: 8:00:42, time: 0.689, data_time: 0.005, memory: 17623, loss_rpn_cls: 0.0009, loss_rpn_bbox: 0.0006, s0.loss_cls: 0.0055, s0.acc: 99.7939, s0.loss_bbox: 0.0026, s1.loss_cls: 0.0012, s1.acc: 99.9094, s1.loss_bbox: 0.0027, s2.loss_cls: 0.0005, s2.acc: 99.9277, s2.loss_bbox: 0.0025, loss_bounder: 0.5633, loss_aux: 0.0000, loss: 0.5799
2026-08-17 12:22:30,882 - mmdet - INFO - Epoch [76][800/1732]	lr: 5.000e-05, eta: 7:59:35, time: 0.682, data_time: 0.005, memory: 17623, loss_rpn_cls: 0.0007, loss_rpn_bbox: 0.0007, s0.loss_cls: 0.0053, s0.acc: 99.8057, s0.loss_bbox: 0.0032, s1.loss_cls: 0.0012, s1.acc: 99.9056, s1.loss_bbox: 0.0029, s2.loss_cls: 0.0006, s2.acc: 99.9275, s2.loss_bbox: 0.0025, loss_bounder: 0.5497, loss_aux: 0.0000, loss: 0.5666
2026-08-17 12:23:39,715 - mmdet - INFO - Epoch [76][900/1732]	lr: 5.000e-05, eta: 7:58:28, time: 0.688, data_time: 0.005, memory: 17623, loss_rpn_cls: 0.0009, loss_rpn_bbox: 0.0006, s0.loss_cls: 0.0050, s0.acc: 99.8223, s0.loss_bbox: 0.0027, s1.loss_cls: 0.0011, s1.acc: 99.9234, s1.loss_bbox: 0.0023, s2.loss_cls: 0.0005, s2.acc: 99.9269, s2.loss_bbox: 0.0022, loss_bounder: 0.5388, loss_aux: 0.0000, loss: 0.5542
2026-08-17 12:24:47,762 - mmdet - INFO - Epoch [76][1000/1732]	lr: 5.000e-05, eta: 7:57:20, time: 0.680, data_time: 0.005, memory: 17623, loss_rpn_cls: 0.0009, loss_rpn_bbox: 0.0006, s0.loss_cls: 0.0058, s0.acc: 99.7910, s0.loss_bbox: 0.0033, s1.loss_cls: 0.0013, s1.acc: 99.8982, s1.loss_bbox: 0.0032, s2.loss_cls: 0.0006, s2.acc: 99.9257, s2.loss_bbox: 0.0026, loss_bounder: 0.5305, loss_aux: 0.0000, loss: 0.5488
2026-08-17 12:25:55,449 - mmdet - INFO - Exp name: aircraft_bafnet_1x.py
2026-08-17 12:25:55,449 - mmdet - INFO - Epoch [76][1100/1732]	lr: 5.000e-05, eta: 7:56:12, time: 0.677, data_time: 0.005, memory: 17623, loss_rpn_cls: 0.0010, loss_rpn_bbox: 0.0005, s0.loss_cls: 0.0052, s0.acc: 99.8213, s0.loss_bbox: 0.0030, s1.loss_cls: 0.0010, s1.acc: 99.9287, s1.loss_bbox: 0.0026, s2.loss_cls: 0.0005, s2.acc: 99.9423, s2.loss_bbox: 0.0023, loss_bounder: 0.5546, loss_aux: 0.0000, loss: 0.5706
2026-08-17 12:27:03,482 - mmdet - INFO - Epoch [76][1200/1732]	lr: 5.000e-05, eta: 7:55:05, time: 0.680, data_time: 0.005, memory: 17623, loss_rpn_cls: 0.0005, loss_rpn_bbox: 0.0006, s0.loss_cls: 0.0050, s0.acc: 99.8213, s0.loss_bbox: 0.0027, s1.loss_cls: 0.0012, s1.acc: 99.9038, s1.loss_bbox: 0.0026, s2.loss_cls: 0.0005, s2.acc: 99.9433, s2.loss_bbox: 0.0023, loss_bounder: 0.5574, loss_aux: 0.0000, loss: 0.5728
2026-08-17 12:28:11,973 - mmdet - INFO - Epoch [76][1300/1732]	lr: 5.000e-05, eta: 7:53:57, time: 0.685, data_time: 0.004, memory: 17623, loss_rpn_cls: 0.0008, loss_rpn_bbox: 0.0005, s0.loss_cls: 0.0049, s0.acc: 99.8223, s0.loss_bbox: 0.0020, s1.loss_cls: 0.0012, s1.acc: 99.9071, s1.loss_bbox: 0.0021, s2.loss_cls: 0.0004, s2.acc: 99.9493, s2.loss_bbox: 0.0020, loss_bounder: 0.5581, loss_aux: 0.0000, loss: 0.5720
2026-08-17 12:29:20,792 - mmdet - INFO - Epoch [76][1400/1732]	lr: 5.000e-05, eta: 7:52:50, time: 0.688, data_time: 0.005, memory: 17623, loss_rpn_cls: 0.0010, loss_rpn_bbox: 0.0006, s0.loss_cls: 0.0054, s0.acc: 99.8037, s0.loss_bbox: 0.0029, s1.loss_cls: 0.0013, s1.acc: 99.9056, s1.loss_bbox: 0.0027, s2.loss_cls: 0.0006, s2.acc: 99.9223, s2.loss_bbox: 0.0024, loss_bounder: 0.5549, loss_aux: 0.0000, loss: 0.5717
2026-08-17 12:30:29,085 - mmdet - INFO - Epoch [76][1500/1732]	lr: 5.000e-05, eta: 7:51:42, time: 0.683, data_time: 0.005, memory: 17623, loss_rpn_cls: 0.0008, loss_rpn_bbox: 0.0007, s0.loss_cls: 0.0052, s0.acc: 99.8008, s0.loss_bbox: 0.0030, s1.loss_cls: 0.0012, s1.acc: 99.9072, s1.loss_bbox: 0.0027, s2.loss_cls: 0.0006, s2.acc: 99.9248, s2.loss_bbox: 0.0024, loss_bounder: 0.5456, loss_aux: 0.0000, loss: 0.5622
2026-08-17 12:31:37,119 - mmdet - INFO - Epoch [76][1600/1732]	lr: 5.000e-05, eta: 7:50:35, time: 0.680, data_time: 0.005, memory: 17623, loss_rpn_cls: 0.0006, loss_rpn_bbox: 0.0006, s0.loss_cls: 0.0056, s0.acc: 99.7959, s0.loss_bbox: 0.0025, s1.loss_cls: 0.0011, s1.acc: 99.9115, s1.loss_bbox: 0.0024, s2.loss_cls: 0.0005, s2.acc: 99.9430, s2.loss_bbox: 0.0020, loss_bounder: 0.5488, loss_aux: 0.0000, loss: 0.5643
2026-08-17 12:32:45,712 - mmdet - INFO - Epoch [76][1700/1732]	lr: 5.000e-05, eta: 7:49:27, time: 0.686, data_time: 0.005, memory: 17623, loss_rpn_cls: 0.0009, loss_rpn_bbox: 0.0006, s0.loss_cls: 0.0047, s0.acc: 99.8301, s0.loss_bbox: 0.0023, s1.loss_cls: 0.0010, s1.acc: 99.9235, s1.loss_bbox: 0.0020, s2.loss_cls: 0.0004, s2.acc: 99.9472, s2.loss_bbox: 0.0018, loss_bounder: 0.5270, loss_aux: 0.0000, loss: 0.5408
2026-08-17 12:33:08,141 - mmdet - INFO - Saving checkpoint at 76 epochs
2026-08-17 12:34:23,386 - mmdet - INFO - Evaluating bbox...
2026-08-17 12:34:24,209 - mmdet - INFO - 
+-----------+-------+-----------+-------+------------+-------+
| category  | AP    | category  | AP    | category   | AP    |
+-----------+-------+-----------+-------+------------+-------+
| HM        | 0.602 | LQS       | 0.174 | QHS        | 0.362 |
| MS        | 0.426 | A1_SU-35  | 0.796 | A2_C-130   | 0.732 |
| A3_C-17   | 0.788 | A4_C-5    | 0.845 | A5_F-16    | 0.708 |
| A6_TU-160 | 0.797 | A7_E-3    | 0.807 | A8_B-52    | 0.812 |
| A9_P-3C   | 0.766 | A10_B-1B  | 0.800 | A11_E-8    | 0.660 |
| A12_TU-22 | 0.796 | A13_F-15  | 0.738 | A14_KC-135 | 0.748 |
| A15_F-22  | 0.658 | A16_FA-18 | 0.744 | A17_TU-95  | 0.861 |
| A18_KC-10 | 0.645 | A19_SU-34 | 0.737 | A20_SU-24  | 0.765 |
| FSC       | 0.476 | None      | None  | None       | None  |
+-----------+-------+-----------+-------+------------+-------+
2026-08-17 12:34:24,216 - mmdet - INFO - EarlyStoppingHook: bbox_mAP=0.6900 提升幅度不足 0.0010（当前最佳 0.6890，等待 14/16）
2026-08-17 12:34:24,218 - mmdet - INFO - Exp name: aircraft_bafnet_1x.py
2026-08-17 12:34:24,218 - mmdet - INFO - Epoch(val) [76][548]	bbox_mAP: 0.6900, bbox_mAP_50: 0.8950, bbox_mAP_75: 0.8330, bbox_mAP_s: 0.0980, bbox_mAP_m: 0.6600, bbox_mAP_l: 0.7330, bbox_mAP_copypaste: 0.690 0.895 0.833 0.098 0.660 0.733
2026-08-17 12:35:35,497 - mmdet - INFO - Epoch [77][100/1732]	lr: 5.000e-05, eta: 7:47:52, time: 0.713, data_time: 0.029, memory: 17623, loss_rpn_cls: 0.0012, loss_rpn_bbox: 0.0006, s0.loss_cls: 0.0055, s0.acc: 99.7939, s0.loss_bbox: 0.0023, s1.loss_cls: 0.0010, s1.acc: 99.9293, s1.loss_bbox: 0.0021, s2.loss_cls: 0.0004, s2.acc: 99.9490, s2.loss_bbox: 0.0021, loss_bounder: 0.5472, loss_aux: 0.0000, loss: 0.5625
2026-08-17 12:36:43,920 - mmdet - INFO - Epoch [77][200/1732]	lr: 5.000e-05, eta: 7:46:45, time: 0.684, data_time: 0.005, memory: 17623, loss_rpn_cls: 0.0009, loss_rpn_bbox: 0.0006, s0.loss_cls: 0.0056, s0.acc: 99.7969, s0.loss_bbox: 0.0023, s1.loss_cls: 0.0013, s1.acc: 99.9040, s1.loss_bbox: 0.0022, s2.loss_cls: 0.0005, s2.acc: 99.9375, s2.loss_bbox: 0.0022, loss_bounder: 0.5502, loss_aux: 0.0000, loss: 0.5657
2026-08-17 12:37:52,516 - mmdet - INFO - Epoch [77][300/1732]	lr: 5.000e-05, eta: 7:45:37, time: 0.686, data_time: 0.005, memory: 17623, loss_rpn_cls: 0.0009, loss_rpn_bbox: 0.0006, s0.loss_cls: 0.0054, s0.acc: 99.7930, s0.loss_bbox: 0.0029, s1.loss_cls: 0.0011, s1.acc: 99.9253, s1.loss_bbox: 0.0029, s2.loss_cls: 0.0005, s2.acc: 99.9346, s2.loss_bbox: 0.0027, loss_bounder: 0.5454, loss_aux: 0.0000, loss: 0.5624
2026-08-17 12:39:00,949 - mmdet - INFO - Epoch [77][400/1732]	lr: 5.000e-05, eta: 7:44:30, time: 0.684, data_time: 0.005, memory: 17623, loss_rpn_cls: 0.0005, loss_rpn_bbox: 0.0006, s0.loss_cls: 0.0047, s0.acc: 99.8320, s0.loss_bbox: 0.0024, s1.loss_cls: 0.0011, s1.acc: 99.9127, s1.loss_bbox: 0.0022, s2.loss_cls: 0.0005, s2.acc: 99.9391, s2.loss_bbox: 0.0020, loss_bounder: 0.5368, loss_aux: 0.0000, loss: 0.5508
2026-08-17 12:40:09,820 - mmdet - INFO - Epoch [77][500/1732]	lr: 5.000e-05, eta: 7:43:22, time: 0.689, data_time: 0.005, memory: 17623, loss_rpn_cls: 0.0010, loss_rpn_bbox: 0.0006, s0.loss_cls: 0.0055, s0.acc: 99.8174, s0.loss_bbox: 0.0029, s1.loss_cls: 0.0013, s1.acc: 99.9025, s1.loss_bbox: 0.0028, s2.loss_cls: 0.0007, s2.acc: 99.9177, s2.loss_bbox: 0.0023, loss_bounder: 0.5452, loss_aux: 0.0000, loss: 0.5622
2026-08-17 12:41:18,629 - mmdet - INFO - Epoch [77][600/1732]	lr: 5.000e-05, eta: 7:42:15, time: 0.688, data_time: 0.005, memory: 17623, loss_rpn_cls: 0.0009, loss_rpn_bbox: 0.0006, s0.loss_cls: 0.0050, s0.acc: 99.8145, s0.loss_bbox: 0.0030, s1.loss_cls: 0.0011, s1.acc: 99.9206, s1.loss_bbox: 0.0028, s2.loss_cls: 0.0006, s2.acc: 99.9285, s2.loss_bbox: 0.0023, loss_bounder: 0.5510, loss_aux: 0.0000, loss: 0.5672
2026-08-17 12:42:26,819 - mmdet - INFO - Epoch [77][700/1732]	lr: 5.000e-05, eta: 7:41:08, time: 0.682, data_time: 0.005, memory: 17623, loss_rpn_cls: 0.0009, loss_rpn_bbox: 0.0008, s0.loss_cls: 0.0058, s0.acc: 99.7783, s0.loss_bbox: 0.0034, s1.loss_cls: 0.0014, s1.acc: 99.8932, s1.loss_bbox: 0.0034, s2.loss_cls: 0.0006, s2.acc: 99.9161, s2.loss_bbox: 0.0029, loss_bounder: 0.5574, loss_aux: 0.0000, loss: 0.5766
2026-08-17 12:43:35,193 - mmdet - INFO - Epoch [77][800/1732]	lr: 5.000e-05, eta: 7:40:00, time: 0.684, data_time: 0.005, memory: 17623, loss_rpn_cls: 0.0006, loss_rpn_bbox: 0.0007, s0.loss_cls: 0.0049, s0.acc: 99.8252, s0.loss_bbox: 0.0030, s1.loss_cls: 0.0011, s1.acc: 99.9244, s1.loss_bbox: 0.0028, s2.loss_cls: 0.0005, s2.acc: 99.9283, s2.loss_bbox: 0.0025, loss_bounder: 0.5669, loss_aux: 0.0000, loss: 0.5830
2026-08-17 12:44:43,627 - mmdet - INFO - Epoch [77][900/1732]	lr: 5.000e-05, eta: 7:38:53, time: 0.684, data_time: 0.005, memory: 17623, loss_rpn_cls: 0.0004, loss_rpn_bbox: 0.0005, s0.loss_cls: 0.0049, s0.acc: 99.8203, s0.loss_bbox: 0.0026, s1.loss_cls: 0.0011, s1.acc: 99.9237, s1.loss_bbox: 0.0028, s2.loss_cls: 0.0005, s2.acc: 99.9394, s2.loss_bbox: 0.0024, loss_bounder: 0.5310, loss_aux: 0.0000, loss: 0.5462
2026-08-17 12:45:52,179 - mmdet - INFO - Epoch [77][1000/1732]	lr: 5.000e-05, eta: 7:37:45, time: 0.686, data_time: 0.005, memory: 17623, loss_rpn_cls: 0.0007, loss_rpn_bbox: 0.0006, s0.loss_cls: 0.0048, s0.acc: 99.8330, s0.loss_bbox: 0.0026, s1.loss_cls: 0.0011, s1.acc: 99.9114, s1.loss_bbox: 0.0026, s2.loss_cls: 0.0006, s2.acc: 99.9204, s2.loss_bbox: 0.0023, loss_bounder: 0.5591, loss_aux: 0.0000, loss: 0.5745
2026-08-17 12:47:00,359 - mmdet - INFO - Epoch [77][1100/1732]	lr: 5.000e-05, eta: 7:36:38, time: 0.682, data_time: 0.004, memory: 17623, loss_rpn_cls: 0.0007, loss_rpn_bbox: 0.0006, s0.loss_cls: 0.0056, s0.acc: 99.7998, s0.loss_bbox: 0.0027, s1.loss_cls: 0.0010, s1.acc: 99.9295, s1.loss_bbox: 0.0026, s2.loss_cls: 0.0005, s2.acc: 99.9401, s2.loss_bbox: 0.0023, loss_bounder: 0.5501, loss_aux: 0.0000, loss: 0.5660
2026-08-17 12:48:09,097 - mmdet - INFO - Epoch [77][1200/1732]	lr: 5.000e-05, eta: 7:35:30, time: 0.687, data_time: 0.005, memory: 17623, loss_rpn_cls: 0.0011, loss_rpn_bbox: 0.0005, s0.loss_cls: 0.0048, s0.acc: 99.8301, s0.loss_bbox: 0.0022, s1.loss_cls: 0.0011, s1.acc: 99.9162, s1.loss_bbox: 0.0020, s2.loss_cls: 0.0004, s2.acc: 99.9561, s2.loss_bbox: 0.0018, loss_bounder: 0.5487, loss_aux: 0.0000, loss: 0.5625
2026-08-17 12:49:17,430 - mmdet - INFO - Epoch [77][1300/1732]	lr: 5.000e-05, eta: 7:34:23, time: 0.683, data_time: 0.005, memory: 17623, loss_rpn_cls: 0.0006, loss_rpn_bbox: 0.0006, s0.loss_cls: 0.0044, s0.acc: 99.8496, s0.loss_bbox: 0.0029, s1.loss_cls: 0.0012, s1.acc: 99.9164, s1.loss_bbox: 0.0026, s2.loss_cls: 0.0006, s2.acc: 99.9237, s2.loss_bbox: 0.0022, loss_bounder: 0.5341, loss_aux: 0.0000, loss: 0.5491
2026-08-17 12:50:25,801 - mmdet - INFO - Epoch [77][1400/1732]	lr: 5.000e-05, eta: 7:33:15, time: 0.684, data_time: 0.005, memory: 17623, loss_rpn_cls: 0.0009, loss_rpn_bbox: 0.0006, s0.loss_cls: 0.0049, s0.acc: 99.8125, s0.loss_bbox: 0.0023, s1.loss_cls: 0.0012, s1.acc: 99.9100, s1.loss_bbox: 0.0025, s2.loss_cls: 0.0005, s2.acc: 99.9455, s2.loss_bbox: 0.0023, loss_bounder: 0.5507, loss_aux: 0.0000, loss: 0.5658
2026-08-17 12:51:34,204 - mmdet - INFO - Epoch [77][1500/1732]	lr: 5.000e-05, eta: 7:32:08, time: 0.684, data_time: 0.005, memory: 17623, loss_rpn_cls: 0.0010, loss_rpn_bbox: 0.0007, s0.loss_cls: 0.0048, s0.acc: 99.8477, s0.loss_bbox: 0.0029, s1.loss_cls: 0.0013, s1.acc: 99.9114, s1.loss_bbox: 0.0028, s2.loss_cls: 0.0006, s2.acc: 99.9267, s2.loss_bbox: 0.0025, loss_bounder: 0.5341, loss_aux: 0.0000, loss: 0.5505
2026-08-17 12:52:42,348 - mmdet - INFO - Epoch [77][1600/1732]	lr: 5.000e-05, eta: 7:31:00, time: 0.681, data_time: 0.005, memory: 17623, loss_rpn_cls: 0.0007, loss_rpn_bbox: 0.0006, s0.loss_cls: 0.0050, s0.acc: 99.8115, s0.loss_bbox: 0.0029, s1.loss_cls: 0.0012, s1.acc: 99.9076, s1.loss_bbox: 0.0027, s2.loss_cls: 0.0005, s2.acc: 99.9270, s2.loss_bbox: 0.0023, loss_bounder: 0.5559, loss_aux: 0.0000, loss: 0.5719
2026-08-17 12:53:50,961 - mmdet - INFO - Epoch [77][1700/1732]	lr: 5.000e-05, eta: 7:29:53, time: 0.686, data_time: 0.005, memory: 17623, loss_rpn_cls: 0.0009, loss_rpn_bbox: 0.0006, s0.loss_cls: 0.0059, s0.acc: 99.7910, s0.loss_bbox: 0.0028, s1.loss_cls: 0.0011, s1.acc: 99.9199, s1.loss_bbox: 0.0026, s2.loss_cls: 0.0006, s2.acc: 99.9241, s2.loss_bbox: 0.0024, loss_bounder: 0.5455, loss_aux: 0.0000, loss: 0.5624
2026-08-17 12:54:13,046 - mmdet - INFO - Saving checkpoint at 77 epochs
2026-08-17 12:55:28,776 - mmdet - INFO - Evaluating bbox...
2026-08-17 12:55:29,681 - mmdet - INFO - 
+-----------+-------+-----------+-------+------------+-------+
| category  | AP    | category  | AP    | category   | AP    |
+-----------+-------+-----------+-------+------------+-------+
| HM        | 0.602 | LQS       | 0.174 | QHS        | 0.362 |
| MS        | 0.427 | A1_SU-35  | 0.796 | A2_C-130   | 0.731 |
| A3_C-17   | 0.788 | A4_C-5    | 0.844 | A5_F-16    | 0.709 |
| A6_TU-160 | 0.797 | A7_E-3    | 0.804 | A8_B-52    | 0.812 |
| A9_P-3C   | 0.765 | A10_B-1B  | 0.802 | A11_E-8    | 0.660 |
| A12_TU-22 | 0.794 | A13_F-15  | 0.739 | A14_KC-135 | 0.747 |
| A15_F-22  | 0.659 | A16_FA-18 | 0.745 | A17_TU-95  | 0.861 |
| A18_KC-10 | 0.645 | A19_SU-34 | 0.737 | A20_SU-24  | 0.766 |
| FSC       | 0.477 | None      | None  | None       | None  |
+-----------+-------+-----------+-------+------------+-------+
2026-08-17 12:55:29,689 - mmdet - INFO - EarlyStoppingHook: bbox_mAP=0.6900 提升幅度不足 0.0010（当前最佳 0.6890，等待 15/16）
2026-08-17 12:55:29,690 - mmdet - INFO - Exp name: aircraft_bafnet_1x.py
2026-08-17 12:55:29,691 - mmdet - INFO - Epoch(val) [77][548]	bbox_mAP: 0.6900, bbox_mAP_50: 0.8950, bbox_mAP_75: 0.8340, bbox_mAP_s: 0.0990, bbox_mAP_m: 0.6600, bbox_mAP_l: 0.7330, bbox_mAP_copypaste: 0.690 0.895 0.834 0.099 0.660 0.733
2026-08-17 12:56:40,305 - mmdet - INFO - Epoch [78][100/1732]	lr: 5.000e-05, eta: 7:28:18, time: 0.706, data_time: 0.028, memory: 17623, loss_rpn_cls: 0.0009, loss_rpn_bbox: 0.0006, s0.loss_cls: 0.0050, s0.acc: 99.8252, s0.loss_bbox: 0.0025, s1.loss_cls: 0.0010, s1.acc: 99.9204, s1.loss_bbox: 0.0023, s2.loss_cls: 0.0004, s2.acc: 99.9337, s2.loss_bbox: 0.0022, loss_bounder: 0.5447, loss_aux: 0.0000, loss: 0.5595
2026-08-17 12:57:49,160 - mmdet - INFO - Epoch [78][200/1732]	lr: 5.000e-05, eta: 7:27:10, time: 0.689, data_time: 0.005, memory: 17623, loss_rpn_cls: 0.0008, loss_rpn_bbox: 0.0006, s0.loss_cls: 0.0053, s0.acc: 99.8066, s0.loss_bbox: 0.0036, s1.loss_cls: 0.0012, s1.acc: 99.9155, s1.loss_bbox: 0.0031, s2.loss_cls: 0.0006, s2.acc: 99.9285, s2.loss_bbox: 0.0025, loss_bounder: 0.5428, loss_aux: 0.0000, loss: 0.5605
2026-08-17 12:58:57,520 - mmdet - INFO - Epoch [78][300/1732]	lr: 5.000e-05, eta: 7:26:03, time: 0.684, data_time: 0.005, memory: 17623, loss_rpn_cls: 0.0006, loss_rpn_bbox: 0.0007, s0.loss_cls: 0.0053, s0.acc: 99.7930, s0.loss_bbox: 0.0031, s1.loss_cls: 0.0012, s1.acc: 99.9167, s1.loss_bbox: 0.0030, s2.loss_cls: 0.0005, s2.acc: 99.9192, s2.loss_bbox: 0.0025, loss_bounder: 0.5505, loss_aux: 0.0000, loss: 0.5675
2026-08-17 13:00:06,682 - mmdet - INFO - Epoch [78][400/1732]	lr: 5.000e-05, eta: 7:24:56, time: 0.692, data_time: 0.005, memory: 17623, loss_rpn_cls: 0.0009, loss_rpn_bbox: 0.0005, s0.loss_cls: 0.0054, s0.acc: 99.8154, s0.loss_bbox: 0.0026, s1.loss_cls: 0.0014, s1.acc: 99.9147, s1.loss_bbox: 0.0025, s2.loss_cls: 0.0006, s2.acc: 99.9378, s2.loss_bbox: 0.0024, loss_bounder: 0.5442, loss_aux: 0.0000, loss: 0.5605
2026-08-17 13:01:15,327 - mmdet - INFO - Epoch [78][500/1732]	lr: 5.000e-05, eta: 7:23:48, time: 0.686, data_time: 0.005, memory: 17623, loss_rpn_cls: 0.0006, loss_rpn_bbox: 0.0005, s0.loss_cls: 0.0051, s0.acc: 99.8154, s0.loss_bbox: 0.0022, s1.loss_cls: 0.0011, s1.acc: 99.9228, s1.loss_bbox: 0.0022, s2.loss_cls: 0.0005, s2.acc: 99.9462, s2.loss_bbox: 0.0020, loss_bounder: 0.5520, loss_aux: 0.0000, loss: 0.5661
2026-08-17 13:02:23,465 - mmdet - INFO - Epoch [78][600/1732]	lr: 5.000e-05, eta: 7:22:41, time: 0.681, data_time: 0.005, memory: 17623, loss_rpn_cls: 0.0009, loss_rpn_bbox: 0.0005, s0.loss_cls: 0.0043, s0.acc: 99.8428, s0.loss_bbox: 0.0017, s1.loss_cls: 0.0010, s1.acc: 99.9186, s1.loss_bbox: 0.0017, s2.loss_cls: 0.0004, s2.acc: 99.9488, s2.loss_bbox: 0.0017, loss_bounder: 0.5578, loss_aux: 0.0000, loss: 0.5700
2026-08-17 13:03:32,227 - mmdet - INFO - Epoch [78][700/1732]	lr: 5.000e-05, eta: 7:21:33, time: 0.688, data_time: 0.005, memory: 17623, loss_rpn_cls: 0.0010, loss_rpn_bbox: 0.0007, s0.loss_cls: 0.0056, s0.acc: 99.7998, s0.loss_bbox: 0.0034, s1.loss_cls: 0.0013, s1.acc: 99.9099, s1.loss_bbox: 0.0032, s2.loss_cls: 0.0006, s2.acc: 99.9176, s2.loss_bbox: 0.0028, loss_bounder: 0.5534, loss_aux: 0.0000, loss: 0.5720
2026-08-17 13:04:40,631 - mmdet - INFO - Epoch [78][800/1732]	lr: 5.000e-05, eta: 7:20:26, time: 0.684, data_time: 0.005, memory: 17623, loss_rpn_cls: 0.0006, loss_rpn_bbox: 0.0008, s0.loss_cls: 0.0054, s0.acc: 99.8027, s0.loss_bbox: 0.0035, s1.loss_cls: 0.0013, s1.acc: 99.8949, s1.loss_bbox: 0.0033, s2.loss_cls: 0.0006, s2.acc: 99.9284, s2.loss_bbox: 0.0030, loss_bounder: 0.5460, loss_aux: 0.0000, loss: 0.5644
2026-08-17 13:05:48,784 - mmdet - INFO - Epoch [78][900/1732]	lr: 5.000e-05, eta: 7:19:18, time: 0.682, data_time: 0.005, memory: 17623, loss_rpn_cls: 0.0005, loss_rpn_bbox: 0.0006, s0.loss_cls: 0.0053, s0.acc: 99.8154, s0.loss_bbox: 0.0030, s1.loss_cls: 0.0012, s1.acc: 99.9083, s1.loss_bbox: 0.0030, s2.loss_cls: 0.0005, s2.acc: 99.9440, s2.loss_bbox: 0.0025, loss_bounder: 0.5520, loss_aux: 0.0000, loss: 0.5687
2026-08-17 13:06:57,082 - mmdet - INFO - Epoch [78][1000/1732]	lr: 5.000e-05, eta: 7:18:11, time: 0.683, data_time: 0.005, memory: 17623, loss_rpn_cls: 0.0008, loss_rpn_bbox: 0.0005, s0.loss_cls: 0.0043, s0.acc: 99.8535, s0.loss_bbox: 0.0020, s1.loss_cls: 0.0011, s1.acc: 99.9179, s1.loss_bbox: 0.0019, s2.loss_cls: 0.0004, s2.acc: 99.9479, s2.loss_bbox: 0.0018, loss_bounder: 0.5520, loss_aux: 0.0000, loss: 0.5648
2026-08-17 13:08:05,439 - mmdet - INFO - Epoch [78][1100/1732]	lr: 5.000e-05, eta: 7:17:03, time: 0.684, data_time: 0.005, memory: 17623, loss_rpn_cls: 0.0011, loss_rpn_bbox: 0.0006, s0.loss_cls: 0.0053, s0.acc: 99.8037, s0.loss_bbox: 0.0022, s1.loss_cls: 0.0012, s1.acc: 99.9068, s1.loss_bbox: 0.0022, s2.loss_cls: 0.0006, s2.acc: 99.9207, s2.loss_bbox: 0.0021, loss_bounder: 0.5470, loss_aux: 0.0000, loss: 0.5623
2026-08-17 13:09:13,813 - mmdet - INFO - Epoch [78][1200/1732]	lr: 5.000e-05, eta: 7:15:56, time: 0.684, data_time: 0.005, memory: 17623, loss_rpn_cls: 0.0010, loss_rpn_bbox: 0.0007, s0.loss_cls: 0.0056, s0.acc: 99.7861, s0.loss_bbox: 0.0029, s1.loss_cls: 0.0013, s1.acc: 99.8888, s1.loss_bbox: 0.0028, s2.loss_cls: 0.0005, s2.acc: 99.9458, s2.loss_bbox: 0.0025, loss_bounder: 0.5382, loss_aux: 0.0000, loss: 0.5557
2026-08-17 13:10:22,132 - mmdet - INFO - Epoch [78][1300/1732]	lr: 5.000e-05, eta: 7:14:48, time: 0.683, data_time: 0.005, memory: 17623, loss_rpn_cls: 0.0008, loss_rpn_bbox: 0.0005, s0.loss_cls: 0.0051, s0.acc: 99.8193, s0.loss_bbox: 0.0022, s1.loss_cls: 0.0011, s1.acc: 99.9117, s1.loss_bbox: 0.0021, s2.loss_cls: 0.0004, s2.acc: 99.9450, s2.loss_bbox: 0.0020, loss_bounder: 0.5429, loss_aux: 0.0000, loss: 0.5571
2026-08-17 13:11:30,204 - mmdet - INFO - Epoch [78][1400/1732]	lr: 5.000e-05, eta: 7:13:41, time: 0.681, data_time: 0.005, memory: 17623, loss_rpn_cls: 0.0007, loss_rpn_bbox: 0.0006, s0.loss_cls: 0.0048, s0.acc: 99.8291, s0.loss_bbox: 0.0026, s1.loss_cls: 0.0012, s1.acc: 99.9104, s1.loss_bbox: 0.0026, s2.loss_cls: 0.0005, s2.acc: 99.9318, s2.loss_bbox: 0.0024, loss_bounder: 0.5549, loss_aux: 0.0000, loss: 0.5702
2026-08-17 13:12:38,340 - mmdet - INFO - Epoch [78][1500/1732]	lr: 5.000e-05, eta: 7:12:33, time: 0.681, data_time: 0.005, memory: 17623, loss_rpn_cls: 0.0010, loss_rpn_bbox: 0.0006, s0.loss_cls: 0.0055, s0.acc: 99.7959, s0.loss_bbox: 0.0028, s1.loss_cls: 0.0012, s1.acc: 99.9112, s1.loss_bbox: 0.0026, s2.loss_cls: 0.0005, s2.acc: 99.9367, s2.loss_bbox: 0.0024, loss_bounder: 0.5473, loss_aux: 0.0000, loss: 0.5640
2026-08-17 13:13:46,985 - mmdet - INFO - Epoch [78][1600/1732]	lr: 5.000e-05, eta: 7:11:26, time: 0.686, data_time: 0.005, memory: 17623, loss_rpn_cls: 0.0007, loss_rpn_bbox: 0.0005, s0.loss_cls: 0.0044, s0.acc: 99.8369, s0.loss_bbox: 0.0022, s1.loss_cls: 0.0010, s1.acc: 99.9240, s1.loss_bbox: 0.0023, s2.loss_cls: 0.0005, s2.acc: 99.9336, s2.loss_bbox: 0.0021, loss_bounder: 0.5431, loss_aux: 0.0000, loss: 0.5568
2026-08-17 13:14:56,231 - mmdet - INFO - Epoch [78][1700/1732]	lr: 5.000e-05, eta: 7:10:18, time: 0.692, data_time: 0.005, memory: 17623, loss_rpn_cls: 0.0010, loss_rpn_bbox: 0.0007, s0.loss_cls: 0.0058, s0.acc: 99.7969, s0.loss_bbox: 0.0035, s1.loss_cls: 0.0016, s1.acc: 99.8851, s1.loss_bbox: 0.0031, s2.loss_cls: 0.0007, s2.acc: 99.9077, s2.loss_bbox: 0.0026, loss_bounder: 0.5525, loss_aux: 0.0000, loss: 0.5714
2026-08-17 13:15:18,277 - mmdet - INFO - Saving checkpoint at 78 epochs
2026-08-17 13:16:34,414 - mmdet - INFO - Evaluating bbox...
2026-08-17 13:16:35,225 - mmdet - INFO - 
+-----------+-------+-----------+-------+------------+-------+
| category  | AP    | category  | AP    | category   | AP    |
+-----------+-------+-----------+-------+------------+-------+
| HM        | 0.602 | LQS       | 0.174 | QHS        | 0.359 |
| MS        | 0.429 | A1_SU-35  | 0.796 | A2_C-130   | 0.732 |
| A3_C-17   | 0.788 | A4_C-5    | 0.845 | A5_F-16    | 0.708 |
| A6_TU-160 | 0.799 | A7_E-3    | 0.805 | A8_B-52    | 0.811 |
| A9_P-3C   | 0.763 | A10_B-1B  | 0.802 | A11_E-8    | 0.660 |
| A12_TU-22 | 0.794 | A13_F-15  | 0.736 | A14_KC-135 | 0.745 |
| A15_F-22  | 0.660 | A16_FA-18 | 0.745 | A17_TU-95  | 0.861 |
| A18_KC-10 | 0.645 | A19_SU-34 | 0.737 | A20_SU-24  | 0.765 |
| FSC       | 0.477 | None      | None  | None       | None  |
+-----------+-------+-----------+-------+------------+-------+
2026-08-17 13:16:35,232 - mmdet - INFO - EarlyStoppingHook: bbox_mAP=0.6890 提升幅度不足 0.0010（当前最佳 0.6890，等待 16/16）
2026-08-17 13:16:35,233 - mmdet - INFO - EarlyStoppingHook: 连续 16 个 epoch 无提升，于 epoch 78 提前停止训练
2026-08-17 13:16:35,233 - mmdet - INFO - 训练因早停提前结束：bbox_mAP 连续无提升，停止于 epoch 78，历史最佳 0.6890
