category_id,name,threshold,tp,fp,fn,recall,fdr,precision
0,HM,0.610948443,0,0,2,0.000000,0.000000,0.000000
0,HM,0.610948443,1,0,1,0.500000,0.000000,1.000000
0,HM,0.373598039,2,0,0,1.000000,0.000000,1.000000
0,HM,0.024821179,2,1,0,1.000000,0.333333,0.666667
0,HM,0.0184926465,2,2,0,1.000000,0.500000,0.500000
0,HM,0.0174272191,2,3,0,1.000000,0.600000,0.400000
0,HM,0.0103712426,2,4,0,1.000000,0.666667,0.333333
0,HM,0.00692155538,2,5,0,1.000000,0.714286,0.285714
0,HM,0.00529998494,2,6,0,1.000000,0.750000,0.250000
0,HM,0.00507486332,2,7,0,1.000000,0.777778,0.222222
0,HM,0.00392442662,2,8,0,1.000000,0.800000,0.200000
0,HM,0.00380279566,2,9,0,1.000000,0.818182,0.181818
0,HM,0.00362788094,2,10,0,1.000000,0.833333,0.166667
0,HM,0.00321258279,2,11,0,1.000000,0.846154,0.153846
0,HM,0.00312376488,2,12,0,1.000000,0.857143,0.142857
0,HM,0.00299093476,2,13,0,1.000000,0.866667,0.133333
0,HM,0.00277997903,2,14,0,1.000000,0.875000,0.125000
0,HM,0.00261486624,2,15,0,1.000000,0.882353,0.117647
0,HM,0.00259172986,2,16,0,1.000000,0.888889,0.111111
0,HM,0.00257291691,2,17,0,1.000000,0.894737,0.105263
0,HM,0.00255045132,2,18,0,1.000000,0.900000,0.100000
0,HM,0.00242822221,2,19,0,1.000000,0.904762,0.095238
0,HM,0.00240491261,2,20,0,1.000000,0.909091,0.090909
0,HM,0.00239457842,2,21,0,1.000000,0.913043,0.086957
0,HM,0.00229765801,2,22,0,1.000000,0.916667,0.083333
0,HM,0.00226091454,2,23,0,1.000000,0.920000,0.080000
0,HM,0.00223213295,2,24,0,1.000000,0.923077,0.076923
0,HM,0.00217084168,2,25,0,1.000000,0.925926,0.074074
0,HM,0.00206275261,2,26,0,1.000000,0.928571,0.071429
0,HM,0.00182093331,2,27,0,1.000000,0.931034,0.068966
0,HM,0.00164466898,2,28,0,1.000000,0.933333,0.066667
0,HM,0.00162101316,2,29,0,1.000000,0.935484,0.064516
0,HM,0.00160753448,2,30,0,1.000000,0.937500,0.062500
0,HM,0.00158779265,2,31,0,1.000000,0.939394,0.060606
0,HM,0.00158016814,2,32,0,1.000000,0.941176,0.058824
0,HM,0.00157637754,2,33,0,1.000000,0.942857,0.057143
0,HM,0.00150056288,2,34,0,1.000000,0.944444,0.055556
0,HM,0.00145893195,2,35,0,1.000000,0.945946,0.054054
0,HM,0.00145814999,2,36,0,1.000000,0.947368,0.052632
0,HM,0.00141410704,2,37,0,1.000000,0.948718,0.051282
0,HM,0.00140366214,2,38,0,1.000000,0.950000,0.050000
0,HM,0.00131308963,2,39,0,1.000000,0.951220,0.048780
0,HM,0.00130634697,2,40,0,1.000000,0.952381,0.047619
0,HM,0.00129241706,2,41,0,1.000000,0.953488,0.046512
0,HM,0.00127798528,2,42,0,1.000000,0.954545,0.045455
0,HM,0.00124856352,2,43,0,1.000000,0.955556,0.044444
0,HM,0.00124760647,2,44,0,1.000000,0.956522,0.043478
0,HM,0.00122070056,2,45,0,1.000000,0.957447,0.042553
0,HM,0.00121615361,2,46,0,1.000000,0.958333,0.041667
0,HM,0.0011782815,2,47,0,1.000000,0.959184,0.040816
0,HM,0.00115887506,2,48,0,1.000000,0.960000,0.040000
0,HM,0.00114433351,2,49,0,1.000000,0.960784,0.039216
0,HM,0.00114123733,2,50,0,1.000000,0.961538,0.038462
0,HM,0.00112670928,2,51,0,1.000000,0.962264,0.037736
0,HM,0.00108385808,2,52,0,1.000000,0.962963,0.037037
0,HM,0.00106906763,2,53,0,1.000000,0.963636,0.036364
0,HM,0.00106793991,2,54,0,1.000000,0.964286,0.035714
0,HM,0.00105934357,2,55,0,1.000000,0.964912,0.035088
1,LQS,0.990656495,0,0,8,0.000000,0.000000,0.000000
1,LQS,0.990656495,1,0,7,0.125000,0.000000,1.000000
1,LQS,0.865103483,1,1,7,0.125000,0.500000,0.500000
1,LQS,0.773449004,1,2,7,0.125000,0.666667,0.333333
1,LQS,0.688642204,2,2,6,0.250000,0.500000,0.500000
1,LQS,0.278461695,2,3,6,0.250000,0.600000,0.400000
1,LQS,0.0600867905,2,4,6,0.250000,0.666667,0.333333
1,LQS,0.0500353426,3,4,5,0.375000,0.571429,0.428571
1,LQS,0.0472410284,3,5,5,0.375000,0.625000,0.375000
1,LQS,0.046207644,3,6,5,0.375000,0.666667,0.333333
1,LQS,0.0419929847,3,7,5,0.375000,0.700000,0.300000
1,LQS,0.0411063321,3,8,5,0.375000,0.727273,0.272727
1,LQS,0.0377633609,3,9,5,0.375000,0.750000,0.250000
1,LQS,0.0334899053,3,10,5,0.375000,0.769231,0.230769
1,LQS,0.0268682856,3,11,5,0.375000,0.785714,0.214286
1,LQS,0.026764404,3,12,5,0.375000,0.800000,0.200000
1,LQS,0.0266908836,3,13,5,0.375000,0.812500,0.187500
1,LQS,0.0218943115,3,14,5,0.375000,0.823529,0.176471
1,LQS,0.0200342946,3,15,5,0.375000,0.833333,0.166667
1,LQS,0.016956225,3,16,5,0.375000,0.842105,0.157895
1,LQS,0.0165724456,3,17,5,0.375000,0.850000,0.150000
1,LQS,0.0161830708,3,18,5,0.375000,0.857143,0.142857
1,LQS,0.0160978977,3,19,5,0.375000,0.863636,0.136364
1,LQS,0.0155993337,3,20,5,0.375000,0.869565,0.130435
1,LQS,0.0152079444,3,21,5,0.375000,0.875000,0.125000
1,LQS,0.0148980301,3,22,5,0.375000,0.880000,0.120000
1,LQS,0.0144111915,3,23,5,0.375000,0.884615,0.115385
1,LQS,0.0134306103,3,24,5,0.375000,0.888889,0.111111
1,LQS,0.0129872514,3,25,5,0.375000,0.892857,0.107143
1,LQS,0.0110707236,3,26,5,0.375000,0.896552,0.103448
1,LQS,0.0102874218,3,27,5,0.375000,0.900000,0.100000
1,LQS,0.0100209322,3,28,5,0.375000,0.903226,0.096774
1,LQS,0.00966598373,3,29,5,0.375000,0.906250,0.093750
1,LQS,0.00938183442,3,30,5,0.375000,0.909091,0.090909
1,LQS,0.00851544924,3,31,5,0.375000,0.911765,0.088235
1,LQS,0.00814523362,3,32,5,0.375000,0.914286,0.085714
1,LQS,0.00810348801,3,33,5,0.375000,0.916667,0.083333
1,LQS,0.00798321981,3,34,5,0.375000,0.918919,0.081081
1,LQS,0.00792714022,3,35,5,0.375000,0.921053,0.078947
1,LQS,0.0076641799,3,36,5,0.375000,0.923077,0.076923
1,LQS,0.00745358597,3,37,5,0.375000,0.925000,0.075000
1,LQS,0.0056159501,3,38,5,0.375000,0.926829,0.073171
1,LQS,0.00558072561,3,39,5,0.375000,0.928571,0.071429
1,LQS,0.00528968731,3,40,5,0.375000,0.930233,0.069767
1,LQS,0.00501394086,3,41,5,0.375000,0.931818,0.068182
1,LQS,0.00498872111,3,42,5,0.375000,0.933333,0.066667
1,LQS,0.00461227866,3,43,5,0.375000,0.934783,0.065217
1,LQS,0.00447911164,3,44,5,0.375000,0.936170,0.063830
1,LQS,0.00443516718,3,45,5,0.375000,0.937500,0.062500
1,LQS,0.00440988736,3,46,5,0.375000,0.938776,0.061224
1,LQS,0.00407111458,3,47,5,0.375000,0.940000,0.060000
1,LQS,0.00361278467,3,48,5,0.375000,0.941176,0.058824
1,LQS,0.00317892898,3,49,5,0.375000,0.942308,0.057692
1,LQS,0.0030873057,3,50,5,0.375000,0.943396,0.056604
1,LQS,0.00292959902,3,51,5,0.375000,0.944444,0.055556
1,LQS,0.00291497889,3,52,5,0.375000,0.945455,0.054545
1,LQS,0.0028676081,3,53,5,0.375000,0.946429,0.053571
1,LQS,0.00283426489,3,54,5,0.375000,0.947368,0.052632
1,LQS,0.00281887362,3,55,5,0.375000,0.948276,0.051724
1,LQS,0.00275738561,3,56,5,0.375000,0.949153,0.050847
1,LQS,0.00255959388,3,57,5,0.375000,0.950000,0.050000
1,LQS,0.00252370141,3,58,5,0.375000,0.950820,0.049180
1,LQS,0.00251020724,3,59,5,0.375000,0.951613,0.048387
1,LQS,0.00248362985,3,60,5,0.375000,0.952381,0.047619
1,LQS,0.0024377692,3,61,5,0.375000,0.953125,0.046875
1,LQS,0.00235145679,3,62,5,0.375000,0.953846,0.046154
1,LQS,0.0022783957,3,63,5,0.375000,0.954545,0.045455
1,LQS,0.00224806741,3,64,5,0.375000,0.955224,0.044776
1,LQS,0.00224781036,3,65,5,0.375000,0.955882,0.044118
1,LQS,0.0022191247,4,65,4,0.500000,0.942029,0.057971
1,LQS,0.00214127009,5,65,3,0.625000,0.928571,0.071429
1,LQS,0.00203745533,5,66,3,0.625000,0.929577,0.070423
1,LQS,0.00200318033,5,67,3,0.625000,0.930556,0.069444
1,LQS,0.00193817052,5,68,3,0.625000,0.931507,0.068493
1,LQS,0.00189141103,5,69,3,0.625000,0.932432,0.067568
1,LQS,0.00186430791,5,70,3,0.625000,0.933333,0.066667
1,LQS,0.00186404632,5,71,3,0.625000,0.934211,0.065789
1,LQS,0.00184231182,5,72,3,0.625000,0.935065,0.064935
1,LQS,0.00179848098,5,73,3,0.625000,0.935897,0.064103
1,LQS,0.00177657965,5,74,3,0.625000,0.936709,0.063291
1,LQS,0.00175476517,5,75,3,0.625000,0.937500,0.062500
1,LQS,0.00172595063,5,76,3,0.625000,0.938272,0.061728
1,LQS,0.00171007379,5,77,3,0.625000,0.939024,0.060976
1,LQS,0.00170421065,5,78,3,0.625000,0.939759,0.060241
1,LQS,0.00163926487,5,79,3,0.625000,0.940476,0.059524
1,LQS,0.00161413499,5,80,3,0.625000,0.941176,0.058824
1,LQS,0.00158720755,5,81,3,0.625000,0.941860,0.058140
1,LQS,0.00147132564,5,82,3,0.625000,0.942529,0.057471
1,LQS,0.00146782654,5,83,3,0.625000,0.943182,0.056818
1,LQS,0.00144624012,5,84,3,0.625000,0.943820,0.056180
1,LQS,0.00143664633,5,85,3,0.625000,0.944444,0.055556
1,LQS,0.00142502144,5,86,3,0.625000,0.945055,0.054945
1,LQS,0.0014235503,5,87,3,0.625000,0.945652,0.054348
1,LQS,0.00141985959,5,88,3,0.625000,0.946237,0.053763
1,LQS,0.00138779497,5,89,3,0.625000,0.946809,0.053191
1,LQS,0.00138264266,5,90,3,0.625000,0.947368,0.052632
1,LQS,0.00136938482,5,91,3,0.625000,0.947917,0.052083
1,LQS,0.00133389223,5,92,3,0.625000,0.948454,0.051546
1,LQS,0.00133014063,5,93,3,0.625000,0.948980,0.051020
1,LQS,0.00132225186,5,94,3,0.625000,0.949495,0.050505
1,LQS,0.0013209997,5,95,3,0.625000,0.950000,0.050000
1,LQS,0.00128880655,5,96,3,0.625000,0.950495,0.049505
1,LQS,0.00124320202,5,97,3,0.625000,0.950980,0.049020
1,LQS,0.00124080398,5,98,3,0.625000,0.951456,0.048544
1,LQS,0.00121479388,5,99,3,0.625000,0.951923,0.048077
1,LQS,0.00116170163,5,100,3,0.625000,0.952381,0.047619
1,LQS,0.00115452707,5,101,3,0.625000,0.952830,0.047170
1,LQS,0.00115397514,5,102,3,0.625000,0.953271,0.046729
1,LQS,0.00114165561,5,103,3,0.625000,0.953704,0.046296
1,LQS,0.00112932059,5,104,3,0.625000,0.954128,0.045872
1,LQS,0.00109599927,5,105,3,0.625000,0.954545,0.045455
1,LQS,0.00107809447,5,106,3,0.625000,0.954955,0.045045
1,LQS,0.00107243482,5,107,3,0.625000,0.955357,0.044643
1,LQS,0.00105928839,5,108,3,0.625000,0.955752,0.044248
1,LQS,0.00103655132,5,109,3,0.625000,0.956140,0.043860
1,LQS,0.00103362743,5,110,3,0.625000,0.956522,0.043478
1,LQS,0.00102596555,5,111,3,0.625000,0.956897,0.043103
1,LQS,0.00102559477,5,112,3,0.625000,0.957265,0.042735
1,LQS,0.00101305614,5,113,3,0.625000,0.957627,0.042373
1,LQS,0.00100793084,5,114,3,0.625000,0.957983,0.042017
2,QHS,0.999867439,0,0,118,0.000000,0.000000,0.000000
2,QHS,0.999867439,1,0,117,0.008475,0.000000,1.000000
2,QHS,0.999794066,2,0,116,0.016949,0.000000,1.000000
2,QHS,0.999768555,3,0,115,0.025424,0.000000,1.000000
2,QHS,0.99974519,4,0,114,0.033898,0.000000,1.000000
2,QHS,0.999736249,5,0,113,0.042373,0.000000,1.000000
2,QHS,0.999634385,6,0,112,0.050847,0.000000,1.000000
2,QHS,0.999628544,7,0,111,0.059322,0.000000,1.000000
2,QHS,0.999613822,8,0,110,0.067797,0.000000,1.000000
2,QHS,0.999574602,8,1,110,0.067797,0.111111,0.888889
2,QHS,0.999572456,9,1,109,0.076271,0.100000,0.900000
2,QHS,0.999571741,10,1,108,0.084746,0.090909,0.909091
2,QHS,0.999547303,11,1,107,0.093220,0.083333,0.916667
2,QHS,0.99954623,12,1,106,0.101695,0.076923,0.923077
2,QHS,0.999480307,13,1,105,0.110169,0.071429,0.928571
2,QHS,0.999451697,14,1,104,0.118644,0.066667,0.933333
2,QHS,0.999425888,15,1,103,0.127119,0.062500,0.937500
2,QHS,0.999375999,16,1,102,0.135593,0.058824,0.941176
2,QHS,0.999365747,17,1,101,0.144068,0.055556,0.944444
2,QHS,0.999207914,18,1,100,0.152542,0.052632,0.947368
2,QHS,0.999195397,19,1,99,0.161017,0.050000,0.950000
2,QHS,0.998933136,20,1,98,0.169492,0.047619,0.952381
2,QHS,0.998800159,21,1,97,0.177966,0.045455,0.954545
2,QHS,0.998798609,22,1,96,0.186441,0.043478,0.956522
2,QHS,0.998795509,23,1,95,0.194915,0.041667,0.958333
2,QHS,0.998705506,24,1,94,0.203390,0.040000,0.960000
2,QHS,0.998688757,25,1,93,0.211864,0.038462,0.961538
2,QHS,0.998477876,26,1,92,0.220339,0.037037,0.962963
2,QHS,0.998379707,27,1,91,0.228814,0.035714,0.964286
2,QHS,0.998294055,28,1,90,0.237288,0.034483,0.965517
2,QHS,0.998228848,29,1,89,0.245763,0.033333,0.966667
2,QHS,0.997927427,30,1,88,0.254237,0.032258,0.967742
2,QHS,0.997911036,31,1,87,0.262712,0.031250,0.968750
2,QHS,0.997808278,32,1,86,0.271186,0.030303,0.969697
2,QHS,0.997634292,33,1,85,0.279661,0.029412,0.970588
2,QHS,0.997401953,34,1,84,0.288136,0.028571,0.971429
2,QHS,0.997097611,35,1,83,0.296610,0.027778,0.972222
2,QHS,0.996706545,36,1,82,0.305085,0.027027,0.972973
2,QHS,0.99660337,36,2,82,0.305085,0.052632,0.947368
2,QHS,0.996517301,37,2,81,0.313559,0.051282,0.948718
2,QHS,0.996483684,38,2,80,0.322034,0.050000,0.950000
2,QHS,0.996046364,38,3,80,0.322034,0.073171,0.926829
2,QHS,0.995972693,39,3,79,0.330508,0.071429,0.928571
2,QHS,0.995895386,40,3,78,0.338983,0.069767,0.930233
2,QHS,0.995710969,41,3,77,0.347458,0.068182,0.931818
2,QHS,0.995489419,42,3,76,0.355932,0.066667,0.933333
2,QHS,0.991508126,43,3,75,0.364407,0.065217,0.934783
2,QHS,0.990843654,44,3,74,0.372881,0.063830,0.936170
2,QHS,0.990423501,44,4,74,0.372881,0.083333,0.916667
2,QHS,0.99014461,44,5,74,0.372881,0.102041,0.897959
2,QHS,0.989138186,45,5,73,0.381356,0.100000,0.900000
2,QHS,0.989108443,46,5,72,0.389831,0.098039,0.901961
2,QHS,0.986493587,47,5,71,0.398305,0.096154,0.903846
2,QHS,0.985885859,48,5,70,0.406780,0.094340,0.905660
2,QHS,0.985383034,49,5,69,0.415254,0.092593,0.907407
2,QHS,0.984252036,49,6,69,0.415254,0.109091,0.890909
2,QHS,0.983178198,50,6,68,0.423729,0.107143,0.892857
2,QHS,0.977613151,50,7,68,0.423729,0.122807,0.877193
2,QHS,0.976444364,50,8,68,0.423729,0.137931,0.862069
2,QHS,0.961688221,51,8,67,0.432203,0.135593,0.864407
2,QHS,0.954655886,52,8,66,0.440678,0.133333,0.866667
2,QHS,0.944687665,53,8,65,0.449153,0.131148,0.868852
2,QHS,0.942867875,54,8,64,0.457627,0.129032,0.870968
2,QHS,0.935328126,55,8,63,0.466102,0.126984,0.873016
2,QHS,0.930114806,56,8,62,0.474576,0.125000,0.875000
2,QHS,0.90092808,57,8,61,0.483051,0.123077,0.876923
2,QHS,0.89429599,58,8,60,0.491525,0.121212,0.878788
2,QHS,0.892737627,58,9,60,0.491525,0.134328,0.865672
2,QHS,0.863192499,59,9,59,0.500000,0.132353,0.867647
2,QHS,0.858612835,60,9,58,0.508475,0.130435,0.869565
2,QHS,0.831332564,60,10,58,0.508475,0.142857,0.857143
2,QHS,0.826202154,61,10,57,0.516949,0.140845,0.859155
2,QHS,0.795563698,61,11,57,0.516949,0.152778,0.847222
2,QHS,0.76248312,62,11,56,0.525424,0.150685,0.849315
2,QHS,0.741394937,62,12,56,0.525424,0.162162,0.837838
2,QHS,0.713425577,63,12,55,0.533898,0.160000,0.840000
2,QHS,0.701667607,64,12,54,0.542373,0.157895,0.842105
2,QHS,0.67958039,65,12,53,0.550847,0.155844,0.844156
2,QHS,0.646285653,66,12,52,0.559322,0.153846,0.846154
2,QHS,0.641320109,67,12,51,0.567797,0.151899,0.848101
2,QHS,0.600920022,67,13,51,0.567797,0.162500,0.837500
2,QHS,0.593934536,67,14,51,0.567797,0.172840,0.827160
2,QHS,0.559623539,68,14,50,0.576271,0.170732,0.829268
2,QHS,0.484496981,69,14,49,0.584746,0.168675,0.831325
2,QHS,0.426369429,69,15,49,0.584746,0.178571,0.821429
2,QHS,0.365144789,69,16,49,0.584746,0.188235,0.811765
2,QHS,0.362808049,70,16,48,0.593220,0.186047,0.813953
2,QHS,0.340327829,71,16,47,0.601695,0.183908,0.816092
2,QHS,0.287000209,72,16,46,0.610169,0.181818,0.818182
2,QHS,0.28059426,73,16,45,0.618644,0.179775,0.820225
2,QHS,0.232590213,74,16,44,0.627119,0.177778,0.822222
2,QHS,0.190516055,75,16,43,0.635593,0.175824,0.824176
2,QHS,0.185748443,75,17,43,0.635593,0.184783,0.815217
2,QHS,0.176763952,75,18,43,0.635593,0.193548,0.806452
2,QHS,0.170687899,75,19,43,0.635593,0.202128,0.797872
2,QHS,0.166720614,75,20,43,0.635593,0.210526,0.789474
2,QHS,0.1619142,75,21,43,0.635593,0.218750,0.781250
2,QHS,0.160017535,75,22,43,0.635593,0.226804,0.773196
2,QHS,0.117996514,75,23,43,0.635593,0.234694,0.765306
2,QHS,0.108739279,75,24,43,0.635593,0.242424,0.757576
2,QHS,0.101062812,76,24,42,0.644068,0.240000,0.760000
2,QHS,0.0993305445,76,25,42,0.644068,0.247525,0.752475
2,QHS,0.0919901431,77,25,41,0.652542,0.245098,0.754902
2,QHS,0.0852071196,77,26,41,0.652542,0.252427,0.747573
2,QHS,0.0847308412,77,27,41,0.652542,0.259615,0.740385
2,QHS,0.0757782236,78,27,40,0.661017,0.257143,0.742857
2,QHS,0.0697945803,79,27,39,0.669492,0.254717,0.745283
2,QHS,0.0674983114,80,27,38,0.677966,0.252336,0.747664
2,QHS,0.0592803136,80,28,38,0.677966,0.259259,0.740741
2,QHS,0.0473284423,81,28,37,0.686441,0.256881,0.743119
2,QHS,0.041604884,81,29,37,0.686441,0.263636,0.736364
2,QHS,0.0371099301,81,30,37,0.686441,0.270270,0.729730
2,QHS,0.0354775786,81,31,37,0.686441,0.276786,0.723214
2,QHS,0.0349787101,81,32,37,0.686441,0.283186,0.716814
2,QHS,0.0331312269,82,32,36,0.694915,0.280702,0.719298
2,QHS,0.0313051641,82,33,36,0.694915,0.286957,0.713043
2,QHS,0.0272121485,82,34,36,0.694915,0.293103,0.706897
2,QHS,0.0263814088,82,35,36,0.694915,0.299145,0.700855
2,QHS,0.0244802702,82,36,36,0.694915,0.305085,0.694915
2,QHS,0.0233040489,82,37,36,0.694915,0.310924,0.689076
2,QHS,0.0216166228,82,38,36,0.694915,0.316667,0.683333
2,QHS,0.0198501907,83,38,35,0.703390,0.314050,0.685950
2,QHS,0.0185345877,83,39,35,0.703390,0.319672,0.680328
2,QHS,0.0184314251,83,40,35,0.703390,0.325203,0.674797
2,QHS,0.0165200606,83,41,35,0.703390,0.330645,0.669355
2,QHS,0.0156678315,83,42,35,0.703390,0.336000,0.664000
2,QHS,0.013959514,83,43,35,0.703390,0.341270,0.658730
2,QHS,0.0130016049,83,44,35,0.703390,0.346457,0.653543
2,QHS,0.0124760615,84,44,34,0.711864,0.343750,0.656250
2,QHS,0.0123663321,84,45,34,0.711864,0.348837,0.651163
2,QHS,0.0119554345,85,45,33,0.720339,0.346154,0.653846
2,QHS,0.011754361,86,45,32,0.728814,0.343511,0.656489
2,QHS,0.0116132786,86,46,32,0.728814,0.348485,0.651515
2,QHS,0.0111023551,86,47,32,0.728814,0.353383,0.646617
2,QHS,0.0109441029,86,48,32,0.728814,0.358209,0.641791
2,QHS,0.00968036428,87,48,31,0.737288,0.355556,0.644444
2,QHS,0.00943166483,87,49,31,0.737288,0.360294,0.639706
2,QHS,0.00925077498,88,49,30,0.745763,0.357664,0.642336
2,QHS,0.00922100991,88,50,30,0.745763,0.362319,0.637681
2,QHS,0.00898099784,88,51,30,0.745763,0.366906,0.633094
2,QHS,0.00787944812,88,52,30,0.745763,0.371429,0.628571
2,QHS,0.00779205468,88,53,30,0.745763,0.375887,0.624113
2,QHS,0.00765812816,88,54,30,0.745763,0.380282,0.619718
2,QHS,0.00752004609,88,55,30,0.745763,0.384615,0.615385
2,QHS,0.00745580439,88,56,30,0.745763,0.388889,0.611111
2,QHS,0.0070243706,88,57,30,0.745763,0.393103,0.606897
2,QHS,0.00680982973,88,58,30,0.745763,0.397260,0.602740
2,QHS,0.00668948609,88,59,30,0.745763,0.401361,0.598639
2,QHS,0.00647661975,88,60,30,0.745763,0.405405,0.594595
2,QHS,0.00644294685,88,61,30,0.745763,0.409396,0.590604
2,QHS,0.00624521822,88,62,30,0.745763,0.413333,0.586667
2,QHS,0.00608725147,88,63,30,0.745763,0.417219,0.582781
2,QHS,0.00606263475,88,64,30,0.745763,0.421053,0.578947
2,QHS,0.0059584165,88,65,30,0.745763,0.424837,0.575163
2,QHS,0.00565506518,89,65,29,0.754237,0.422078,0.577922
2,QHS,0.00557982083,89,66,29,0.754237,0.425806,0.574194
2,QHS,0.0055456101,89,67,29,0.754237,0.429487,0.570513
2,QHS,0.00550330244,89,68,29,0.754237,0.433121,0.566879
2,QHS,0.00528069818,89,69,29,0.754237,0.436709,0.563291
2,QHS,0.0052010864,90,69,28,0.762712,0.433962,0.566038
2,QHS,0.00511032017,90,70,28,0.762712,0.437500,0.562500
2,QHS,0.00509715406,90,71,28,0.762712,0.440994,0.559006
2,QHS,0.00473664701,90,72,28,0.762712,0.444444,0.555556
2,QHS,0.00467214221,91,72,27,0.771186,0.441718,0.558282
2,QHS,0.00458741514,91,73,27,0.771186,0.445122,0.554878
2,QHS,0.00453618122,91,74,27,0.771186,0.448485,0.551515
2,QHS,0.00452304166,91,75,27,0.771186,0.451807,0.548193
2,QHS,0.00436358387,91,76,27,0.771186,0.455090,0.544910
2,QHS,0.00434074085,91,77,27,0.771186,0.458333,0.541667
2,QHS,0.00428122468,91,78,27,0.771186,0.461538,0.538462
2,QHS,0.0042520361,92,78,26,0.779661,0.458824,0.541176
2,QHS,0.00414203759,92,79,26,0.779661,0.461988,0.538012
2,QHS,0.00404911628,92,80,26,0.779661,0.465116,0.534884
2,QHS,0.0039373301,92,81,26,0.779661,0.468208,0.531792
2,QHS,0.00389823481,92,82,26,0.779661,0.471264,0.528736
2,QHS,0.00387727912,92,83,26,0.779661,0.474286,0.525714
2,QHS,0.0037922645,92,84,26,0.779661,0.477273,0.522727
2,QHS,0.00375673338,92,85,26,0.779661,0.480226,0.519774
2,QHS,0.0036022244,92,86,26,0.779661,0.483146,0.516854
2,QHS,0.0035598916,92,87,26,0.779661,0.486034,0.513966
2,QHS,0.00352556724,92,88,26,0.779661,0.488889,0.511111
2,QHS,0.00350337313,92,89,26,0.779661,0.491713,0.508287
2,QHS,0.00350198871,92,90,26,0.779661,0.494505,0.505495
2,QHS,0.00350195752,92,91,26,0.779661,0.497268,0.502732
2,QHS,0.00333919935,92,92,26,0.779661,0.500000,0.500000
2,QHS,0.00326933153,92,93,26,0.779661,0.502703,0.497297
2,QHS,0.0032507705,92,94,26,0.779661,0.505376,0.494624
2,QHS,0.00325074652,92,95,26,0.779661,0.508021,0.491979
2,QHS,0.00324514578,92,96,26,0.779661,0.510638,0.489362
2,QHS,0.00316518941,92,97,26,0.779661,0.513228,0.486772
2,QHS,0.00310964696,92,98,26,0.779661,0.515789,0.484211
2,QHS,0.00309080328,92,99,26,0.779661,0.518325,0.481675
2,QHS,0.00307336426,92,100,26,0.779661,0.520833,0.479167
2,QHS,0.00298371678,92,101,26,0.779661,0.523316,0.476684
2,QHS,0.00294698379,92,102,26,0.779661,0.525773,0.474227
2,QHS,0.00294370367,92,103,26,0.779661,0.528205,0.471795
2,QHS,0.00279602222,93,103,25,0.788136,0.525510,0.474490
2,QHS,0.00276093651,93,104,25,0.788136,0.527919,0.472081
2,QHS,0.00268561812,93,105,25,0.788136,0.530303,0.469697
2,QHS,0.00267568859,93,106,25,0.788136,0.532663,0.467337
2,QHS,0.00256901421,93,107,25,0.788136,0.535000,0.465000
2,QHS,0.00253922143,93,108,25,0.788136,0.537313,0.462687
2,QHS,0.00253585563,93,109,25,0.788136,0.539604,0.460396
2,QHS,0.00253573433,93,110,25,0.788136,0.541872,0.458128
2,QHS,0.00246845023,93,111,25,0.788136,0.544118,0.455882
2,QHS,0.00241163117,93,112,25,0.788136,0.546341,0.453659
2,QHS,0.00227123918,93,113,25,0.788136,0.548544,0.451456
2,QHS,0.00225764629,93,114,25,0.788136,0.550725,0.449275
2,QHS,0.00223189336,93,115,25,0.788136,0.552885,0.447115
2,QHS,0.00223081629,93,116,25,0.788136,0.555024,0.444976
2,QHS,0.00222120085,93,117,25,0.788136,0.557143,0.442857
2,QHS,0.00220997748,93,118,25,0.788136,0.559242,0.440758
2,QHS,0.00215618592,93,119,25,0.788136,0.561321,0.438679
2,QHS,0.00214869692,93,120,25,0.788136,0.563380,0.436620
2,QHS,0.00207662256,93,121,25,0.788136,0.565421,0.434579
2,QHS,0.00206258893,93,122,25,0.788136,0.567442,0.432558
2,QHS,0.00205186405,93,123,25,0.788136,0.569444,0.430556
2,QHS,0.00203264668,93,124,25,0.788136,0.571429,0.428571
2,QHS,0.00202532276,93,125,25,0.788136,0.573394,0.426606
2,QHS,0.00200717291,93,126,25,0.788136,0.575342,0.424658
2,QHS,0.00197942113,93,127,25,0.788136,0.577273,0.422727
2,QHS,0.00196752395,93,128,25,0.788136,0.579186,0.420814
2,QHS,0.00196223776,93,129,25,0.788136,0.581081,0.418919
2,QHS,0.00195680116,93,130,25,0.788136,0.582960,0.417040
2,QHS,0.00189008226,93,131,25,0.788136,0.584821,0.415179
2,QHS,0.00184355956,93,132,25,0.788136,0.586667,0.413333
2,QHS,0.00181606214,93,133,25,0.788136,0.588496,0.411504
2,QHS,0.00181570451,93,134,25,0.788136,0.590308,0.409692
2,QHS,0.00181559986,93,135,25,0.788136,0.592105,0.407895
2,QHS,0.00179746351,93,136,25,0.788136,0.593886,0.406114
2,QHS,0.00176342216,94,136,24,0.796610,0.591304,0.408696
2,QHS,0.00173993071,94,137,24,0.796610,0.593074,0.406926
2,QHS,0.00173543231,94,138,24,0.796610,0.594828,0.405172
2,QHS,0.00170929905,94,139,24,0.796610,0.596567,0.403433
2,QHS,0.00169733923,94,140,24,0.796610,0.598291,0.401709
2,QHS,0.0016913818,94,141,24,0.796610,0.600000,0.400000
2,QHS,0.00166128192,94,142,24,0.796610,0.601695,0.398305
2,QHS,0.00164555549,94,143,24,0.796610,0.603376,0.396624
2,QHS,0.00164488773,94,144,24,0.796610,0.605042,0.394958
2,QHS,0.00163040101,94,145,24,0.796610,0.606695,0.393305
2,QHS,0.00162889354,94,146,24,0.796610,0.608333,0.391667
2,QHS,0.00162066729,94,147,24,0.796610,0.609959,0.390041
2,QHS,0.00160212372,94,148,24,0.796610,0.611570,0.388430
2,QHS,0.00159368431,94,149,24,0.796610,0.613169,0.386831
2,QHS,0.00158782909,94,150,24,0.796610,0.614754,0.385246
2,QHS,0.00158771663,94,151,24,0.796610,0.616327,0.383673
2,QHS,0.00157413492,94,152,24,0.796610,0.617886,0.382114
2,QHS,0.00156415696,94,153,24,0.796610,0.619433,0.380567
2,QHS,0.00154836127,94,154,24,0.796610,0.620968,0.379032
2,QHS,0.00154501444,94,155,24,0.796610,0.622490,0.377510
2,QHS,0.00154382887,94,156,24,0.796610,0.624000,0.376000
2,QHS,0.0015283277,94,157,24,0.796610,0.625498,0.374502
2,QHS,0.00150883954,94,158,24,0.796610,0.626984,0.373016
2,QHS,0.00147672871,94,159,24,0.796610,0.628458,0.371542
2,QHS,0.00147421646,94,160,24,0.796610,0.629921,0.370079
2,QHS,0.00146727706,94,161,24,0.796610,0.631373,0.368627
2,QHS,0.00144933222,94,162,24,0.796610,0.632812,0.367188
2,QHS,0.00144717237,94,163,24,0.796610,0.634241,0.365759
2,QHS,0.00142534659,94,164,24,0.796610,0.635659,0.364341
2,QHS,0.0014208114,94,165,24,0.796610,0.637066,0.362934
2,QHS,0.00141655793,94,166,24,0.796610,0.638462,0.361538
2,QHS,0.00139827898,94,167,24,0.796610,0.639847,0.360153
2,QHS,0.00139546092,94,168,24,0.796610,0.641221,0.358779
2,QHS,0.00138681545,94,169,24,0.796610,0.642586,0.357414
2,QHS,0.00138500973,94,170,24,0.796610,0.643939,0.356061
2,QHS,0.00138099783,94,171,24,0.796610,0.645283,0.354717
2,QHS,0.00135191472,94,172,24,0.796610,0.646617,0.353383
2,QHS,0.0013486566,94,173,24,0.796610,0.647940,0.352060
2,QHS,0.00133851066,94,174,24,0.796610,0.649254,0.350746
2,QHS,0.00133342075,94,175,24,0.796610,0.650558,0.349442
2,QHS,0.00132586365,94,176,24,0.796610,0.651852,0.348148
2,QHS,0.00132404699,94,177,24,0.796610,0.653137,0.346863
2,QHS,0.00132296328,94,178,24,0.796610,0.654412,0.345588
2,QHS,0.0013186048,94,179,24,0.796610,0.655678,0.344322
2,QHS,0.00130966492,94,180,24,0.796610,0.656934,0.343066
2,QHS,0.00130498409,94,181,24,0.796610,0.658182,0.341818
2,QHS,0.00130111608,94,182,24,0.796610,0.659420,0.340580
2,QHS,0.00129867019,94,183,24,0.796610,0.660650,0.339350
2,QHS,0.00129365514,94,184,24,0.796610,0.661871,0.338129
2,QHS,0.00129163777,94,185,24,0.796610,0.663082,0.336918
2,QHS,0.00128728698,94,186,24,0.796610,0.664286,0.335714
2,QHS,0.00127239898,94,187,24,0.796610,0.665480,0.334520
2,QHS,0.00127079815,94,188,24,0.796610,0.666667,0.333333
2,QHS,0.00125978165,94,189,24,0.796610,0.667845,0.332155
2,QHS,0.00124004507,94,190,24,0.796610,0.669014,0.330986
2,QHS,0.00123689196,94,191,24,0.796610,0.670175,0.329825
2,QHS,0.00122747687,94,192,24,0.796610,0.671329,0.328671
2,QHS,0.00122497487,94,193,24,0.796610,0.672474,0.327526
2,QHS,0.00122137158,94,194,24,0.796610,0.673611,0.326389
2,QHS,0.00121463754,94,195,24,0.796610,0.674740,0.325260
2,QHS,0.0012058086,94,196,24,0.796610,0.675862,0.324138
2,QHS,0.0011999876,94,197,24,0.796610,0.676976,0.323024
2,QHS,0.00119813695,94,198,24,0.796610,0.678082,0.321918
2,QHS,0.0011937666,94,199,24,0.796610,0.679181,0.320819
2,QHS,0.0011907795,94,200,24,0.796610,0.680272,0.319728
2,QHS,0.00118602777,94,201,24,0.796610,0.681356,0.318644
2,QHS,0.00118088361,94,202,24,0.796610,0.682432,0.317568
2,QHS,0.00117354479,94,203,24,0.796610,0.683502,0.316498
2,QHS,0.0011719215,94,204,24,0.796610,0.684564,0.315436
2,QHS,0.00116681482,94,205,24,0.796610,0.685619,0.314381
2,QHS,0.00115876284,94,206,24,0.796610,0.686667,0.313333
2,QHS,0.00114069041,94,207,24,0.796610,0.687708,0.312292
2,QHS,0.00113891962,95,207,23,0.805085,0.685430,0.314570
2,QHS,0.00111620233,95,208,23,0.805085,0.686469,0.313531
2,QHS,0.00109469611,95,209,23,0.805085,0.687500,0.312500
2,QHS,0.00107948459,95,210,23,0.805085,0.688525,0.311475
2,QHS,0.00107890868,95,211,23,0.805085,0.689542,0.310458
2,QHS,0.00107702008,95,212,23,0.805085,0.690554,0.309446
2,QHS,0.00107643439,95,213,23,0.805085,0.691558,0.308442
2,QHS,0.00107364648,95,214,23,0.805085,0.692557,0.307443
2,QHS,0.00105095084,95,215,23,0.805085,0.693548,0.306452
2,QHS,0.00104796363,95,216,23,0.805085,0.694534,0.305466
2,QHS,0.00104191084,95,217,23,0.805085,0.695513,0.304487
2,QHS,0.00103326386,95,218,23,0.805085,0.696486,0.303514
2,QHS,0.00103038608,95,219,23,0.805085,0.697452,0.302548
2,QHS,0.00102753495,95,220,23,0.805085,0.698413,0.301587
2,QHS,0.00102714344,95,221,23,0.805085,0.699367,0.300633
2,QHS,0.00102153549,95,222,23,0.805085,0.700315,0.299685
2,QHS,0.00101621321,95,223,23,0.805085,0.701258,0.298742
2,QHS,0.00100592501,95,224,23,0.805085,0.702194,0.297806
3,MS,0.999979496,0,0,338,0.000000,0.000000,0.000000
3,MS,0.999979496,1,0,337,0.002959,0.000000,1.000000
3,MS,0.999973416,2,0,336,0.005917,0.000000,1.000000
3,MS,0.999969006,3,0,335,0.008876,0.000000,1.000000
3,MS,0.999965549,4,0,334,0.011834,0.000000,1.000000
3,MS,0.999964356,5,0,333,0.014793,0.000000,1.000000
3,MS,0.999961853,6,0,332,0.017751,0.000000,1.000000
3,MS,0.99995935,7,0,331,0.020710,0.000000,1.000000
3,MS,0.999958873,8,0,330,0.023669,0.000000,1.000000
3,MS,0.999958277,9,0,329,0.026627,0.000000,1.000000
3,MS,0.9999578,10,0,328,0.029586,0.000000,1.000000
3,MS,0.999954462,11,0,327,0.032544,0.000000,1.000000
3,MS,0.999953985,12,0,326,0.035503,0.000000,1.000000
3,MS,0.999953866,13,0,325,0.038462,0.000000,1.000000
3,MS,0.999952078,14,0,324,0.041420,0.000000,1.000000
3,MS,0.999951959,15,0,323,0.044379,0.000000,1.000000
3,MS,0.999951839,16,0,322,0.047337,0.000000,1.000000
3,MS,0.999950171,18,0,320,0.053254,0.000000,1.000000
3,MS,0.999949336,19,0,319,0.056213,0.000000,1.000000
3,MS,0.999946475,20,0,318,0.059172,0.000000,1.000000
3,MS,0.99994576,21,0,317,0.062130,0.000000,1.000000
3,MS,0.999945283,22,0,316,0.065089,0.000000,1.000000
3,MS,0.999943376,23,0,315,0.068047,0.000000,1.000000
3,MS,0.99994278,24,0,314,0.071006,0.000000,1.000000
3,MS,0.999942303,25,0,313,0.073964,0.000000,1.000000
3,MS,0.999940872,26,0,312,0.076923,0.000000,1.000000
3,MS,0.999940157,27,0,311,0.079882,0.000000,1.000000
3,MS,0.999935269,28,0,310,0.082840,0.000000,1.000000
3,MS,0.999935031,29,0,309,0.085799,0.000000,1.000000
3,MS,0.99993372,30,0,308,0.088757,0.000000,1.000000
3,MS,0.9999336,31,0,307,0.091716,0.000000,1.000000
3,MS,0.999933243,32,0,306,0.094675,0.000000,1.000000
3,MS,0.999932647,33,0,305,0.097633,0.000000,1.000000
3,MS,0.999932289,34,0,304,0.100592,0.000000,1.000000
3,MS,0.999931693,35,0,303,0.103550,0.000000,1.000000
3,MS,0.999931216,36,0,302,0.106509,0.000000,1.000000
3,MS,0.999930739,37,0,301,0.109467,0.000000,1.000000
3,MS,0.999930143,38,0,300,0.112426,0.000000,1.000000
3,MS,0.999929786,39,0,299,0.115385,0.000000,1.000000
3,MS,0.99992907,40,0,298,0.118343,0.000000,1.000000
3,MS,0.999927878,41,0,297,0.121302,0.000000,1.000000
3,MS,0.999927402,42,0,296,0.124260,0.000000,1.000000
3,MS,0.999927044,43,0,295,0.127219,0.000000,1.000000
3,MS,0.999926329,44,0,294,0.130178,0.000000,1.000000
3,MS,0.999924779,45,0,293,0.133136,0.000000,1.000000
3,MS,0.999924064,46,0,292,0.136095,0.000000,1.000000
3,MS,0.999923229,47,0,291,0.139053,0.000000,1.000000
3,MS,0.999919891,48,0,290,0.142012,0.000000,1.000000
3,MS,0.999919176,49,0,289,0.144970,0.000000,1.000000
3,MS,0.999917865,50,0,288,0.147929,0.000000,1.000000
3,MS,0.999917626,51,0,287,0.150888,0.000000,1.000000
3,MS,0.999916077,52,0,286,0.153846,0.000000,1.000000
3,MS,0.999915481,53,0,285,0.156805,0.000000,1.000000
3,MS,0.999913335,54,0,284,0.159763,0.000000,1.000000
3,MS,0.999912858,55,0,283,0.162722,0.000000,1.000000
3,MS,0.999912143,56,0,282,0.165680,0.000000,1.000000
3,MS,0.999911427,57,0,281,0.168639,0.000000,1.000000
3,MS,0.999910831,59,0,279,0.174556,0.000000,1.000000
3,MS,0.999910593,60,0,278,0.177515,0.000000,1.000000
3,MS,0.999910474,62,0,276,0.183432,0.000000,1.000000
3,MS,0.999909282,63,0,275,0.186391,0.000000,1.000000
3,MS,0.99990654,64,0,274,0.189349,0.000000,1.000000
3,MS,0.999905467,65,0,273,0.192308,0.000000,1.000000
3,MS,0.999904513,66,0,272,0.195266,0.000000,1.000000
3,MS,0.999903917,67,0,271,0.198225,0.000000,1.000000
3,MS,0.999901533,68,0,270,0.201183,0.000000,1.000000
3,MS,0.999900937,69,0,269,0.204142,0.000000,1.000000
3,MS,0.999899983,70,0,268,0.207101,0.000000,1.000000
3,MS,0.999898195,71,0,267,0.210059,0.000000,1.000000
3,MS,0.999895096,72,0,266,0.213018,0.000000,1.000000
3,MS,0.999891996,73,0,265,0.215976,0.000000,1.000000
3,MS,0.999890566,74,0,264,0.218935,0.000000,1.000000
3,MS,0.999890208,75,0,263,0.221893,0.000000,1.000000
3,MS,0.999889612,75,1,263,0.221893,0.013158,0.986842
3,MS,0.999888182,76,1,262,0.224852,0.012987,0.987013
3,MS,0.999887347,77,1,261,0.227811,0.012821,0.987179
3,MS,0.999884725,78,1,260,0.230769,0.012658,0.987342
3,MS,0.999884367,79,1,259,0.233728,0.012500,0.987500
3,MS,0.999880314,80,1,258,0.236686,0.012346,0.987654
3,MS,0.999877453,81,1,257,0.239645,0.012195,0.987805
3,MS,0.999877095,82,1,256,0.242604,0.012048,0.987952
3,MS,0.999876618,83,1,255,0.245562,0.011905,0.988095
3,MS,0.999875665,83,2,255,0.245562,0.023529,0.976471
3,MS,0.999875546,84,2,254,0.248521,0.023256,0.976744
3,MS,0.999871492,85,2,253,0.251479,0.022989,0.977011
3,MS,0.999867916,86,2,252,0.254438,0.022727,0.977273
3,MS,0.999867678,87,2,251,0.257396,0.022472,0.977528
3,MS,0.999864817,88,2,250,0.260355,0.022222,0.977778
3,MS,0.999864578,89,2,249,0.263314,0.021978,0.978022
3,MS,0.999863982,90,2,248,0.266272,0.021739,0.978261
3,MS,0.999860287,91,2,247,0.269231,0.021505,0.978495
3,MS,0.999858618,92,2,246,0.272189,0.021277,0.978723
3,MS,0.99985826,93,2,245,0.275148,0.021053,0.978947
3,MS,0.999855518,94,2,244,0.278107,0.020833,0.979167
3,MS,0.999854445,95,2,243,0.281065,0.020619,0.979381
3,MS,0.999848604,96,2,242,0.284024,0.020408,0.979592
3,MS,0.999845386,97,2,241,0.286982,0.020202,0.979798
3,MS,0.999840021,98,2,240,0.289941,0.020000,0.980000
3,MS,0.999839187,99,2,239,0.292899,0.019802,0.980198
3,MS,0.99983716,100,2,238,0.295858,0.019608,0.980392
3,MS,0.999835968,101,2,237,0.298817,0.019417,0.980583
3,MS,0.99983561,102,2,236,0.301775,0.019231,0.980769
3,MS,0.999835491,103,2,235,0.304734,0.019048,0.980952
3,MS,0.999834657,104,2,234,0.307692,0.018868,0.981132
3,MS,0.999833584,105,2,233,0.310651,0.018692,0.981308
3,MS,0.999824703,106,2,232,0.313609,0.018519,0.981481
3,MS,0.999818146,107,2,231,0.316568,0.018349,0.981651
3,MS,0.999812305,107,3,231,0.316568,0.027273,0.972727
3,MS,0.999810278,108,3,230,0.319527,0.027027,0.972973
3,MS,0.999809325,109,3,229,0.322485,0.026786,0.973214
3,MS,0.999804199,110,3,228,0.325444,0.026549,0.973451
3,MS,0.999800622,111,3,227,0.328402,0.026316,0.973684
3,MS,0.999798477,112,3,226,0.331361,0.026087,0.973913
3,MS,0.999789178,113,3,225,0.334320,0.025862,0.974138
3,MS,0.999788582,114,3,224,0.337278,0.025641,0.974359
3,MS,0.99978739,115,3,223,0.340237,0.025424,0.974576
3,MS,0.999785721,116,3,222,0.343195,0.025210,0.974790
3,MS,0.999785483,117,3,221,0.346154,0.025000,0.975000
3,MS,0.999784172,118,3,220,0.349112,0.024793,0.975207
3,MS,0.999781549,119,3,219,0.352071,0.024590,0.975410
3,MS,0.999772251,120,3,218,0.355030,0.024390,0.975610
3,MS,0.999772131,121,3,217,0.357988,0.024194,0.975806
3,MS,0.999769747,122,3,216,0.360947,0.024000,0.976000
3,MS,0.999769509,123,3,215,0.363905,0.023810,0.976190
3,MS,0.999764979,124,3,214,0.366864,0.023622,0.976378
3,MS,0.999760687,125,3,213,0.369822,0.023438,0.976562
3,MS,0.999759376,126,3,212,0.372781,0.023256,0.976744
3,MS,0.999753416,127,3,211,0.375740,0.023077,0.976923
3,MS,0.999748051,128,3,210,0.378698,0.022901,0.977099
3,MS,0.999739826,129,3,209,0.381657,0.022727,0.977273
3,MS,0.999734819,130,3,208,0.384615,0.022556,0.977444
3,MS,0.999711931,131,4,207,0.387574,0.029630,0.970370
3,MS,0.999707758,131,5,207,0.387574,0.036765,0.963235
3,MS,0.999707043,132,5,206,0.390533,0.036496,0.963504
3,MS,0.999706209,132,6,206,0.390533,0.043478,0.956522
3,MS,0.999696374,133,6,205,0.393491,0.043165,0.956835
3,MS,0.99969542,134,6,204,0.396450,0.042857,0.957143
3,MS,0.999689102,135,6,203,0.399408,0.042553,0.957447
3,MS,0.999668002,136,6,202,0.402367,0.042254,0.957746
3,MS,0.999664545,136,7,202,0.402367,0.048951,0.951049
3,MS,0.999659061,137,7,201,0.405325,0.048611,0.951389
3,MS,0.999640822,138,7,200,0.408284,0.048276,0.951724
3,MS,0.999639869,139,7,199,0.411243,0.047945,0.952055
3,MS,0.999633551,140,7,198,0.414201,0.047619,0.952381
3,MS,0.99962604,141,7,197,0.417160,0.047297,0.952703
3,MS,0.99961853,142,7,196,0.420118,0.046980,0.953020
3,MS,0.999597847,143,7,195,0.423077,0.046667,0.953333
3,MS,0.999593198,144,7,194,0.426036,0.046358,0.953642
3,MS,0.999559343,145,7,193,0.428994,0.046053,0.953947
3,MS,0.999557436,146,7,192,0.431953,0.045752,0.954248
3,MS,0.999557197,147,7,191,0.434911,0.045455,0.954545
3,MS,0.999540091,148,7,190,0.437870,0.045161,0.954839
3,MS,0.999539018,149,7,189,0.440828,0.044872,0.955128
3,MS,0.999538779,149,8,189,0.440828,0.050955,0.949045
3,MS,0.999522805,150,8,188,0.443787,0.050633,0.949367
3,MS,0.999496102,151,8,187,0.446746,0.050314,0.949686
3,MS,0.999493837,152,8,186,0.449704,0.050000,0.950000
3,MS,0.999467075,154,8,184,0.455621,0.049383,0.950617
3,MS,0.999466598,154,9,184,0.455621,0.055215,0.944785
3,MS,0.999453127,155,9,183,0.458580,0.054878,0.945122
3,MS,0.999452651,156,9,182,0.461538,0.054545,0.945455
3,MS,0.999423742,156,10,182,0.461538,0.060241,0.939759
3,MS,0.999384284,157,10,181,0.464497,0.059880,0.940120
3,MS,0.999379754,157,11,181,0.464497,0.065476,0.934524
3,MS,0.999376953,158,11,180,0.467456,0.065089,0.934911
3,MS,0.999296904,159,11,179,0.470414,0.064706,0.935294
3,MS,0.999296427,160,11,178,0.473373,0.064327,0.935673
3,MS,0.999168396,160,12,178,0.473373,0.069767,0.930233
3,MS,0.999157786,161,12,177,0.476331,0.069364,0.930636
3,MS,0.999147654,162,12,176,0.479290,0.068966,0.931034
3,MS,0.99910444,163,12,175,0.482249,0.068571,0.931429
3,MS,0.999003589,164,12,174,0.485207,0.068182,0.931818
3,MS,0.998955965,165,12,173,0.488166,0.067797,0.932203
3,MS,0.99893111,165,13,173,0.488166,0.073034,0.926966
3,MS,0.99890554,166,13,172,0.491124,0.072626,0.927374
3,MS,0.998893678,167,13,171,0.494083,0.072222,0.927778
3,MS,0.998892128,168,13,170,0.497041,0.071823,0.928177
3,MS,0.998814821,168,14,170,0.497041,0.076923,0.923077
3,MS,0.998703718,169,14,169,0.500000,0.076503,0.923497
3,MS,0.998674631,170,14,168,0.502959,0.076087,0.923913
3,MS,0.998645246,170,15,168,0.502959,0.081081,0.918919
3,MS,0.998619556,171,15,167,0.505917,0.080645,0.919355
3,MS,0.998570561,172,15,166,0.508876,0.080214,0.919786
3,MS,0.998463154,173,15,165,0.511834,0.079787,0.920213
3,MS,0.99833858,174,15,164,0.514793,0.079365,0.920635
3,MS,0.998278856,175,15,163,0.517751,0.078947,0.921053
3,MS,0.998261988,176,15,162,0.520710,0.078534,0.921466
3,MS,0.998246789,177,15,161,0.523669,0.078125,0.921875
3,MS,0.998003662,177,16,161,0.523669,0.082902,0.917098
3,MS,0.99794668,178,16,160,0.526627,0.082474,0.917526
3,MS,0.997852206,179,16,159,0.529586,0.082051,0.917949
3,MS,0.997723639,180,16,158,0.532544,0.081633,0.918367
3,MS,0.997661591,181,16,157,0.535503,0.081218,0.918782
3,MS,0.997317612,182,16,156,0.538462,0.080808,0.919192
3,MS,0.997209609,182,17,156,0.538462,0.085427,0.914573
3,MS,0.997189343,183,17,155,0.541420,0.085000,0.915000
3,MS,0.997098446,184,17,154,0.544379,0.084577,0.915423
3,MS,0.997059643,185,17,153,0.547337,0.084158,0.915842
3,MS,0.996617258,186,17,152,0.550296,0.083744,0.916256
3,MS,0.996514738,186,18,152,0.550296,0.088235,0.911765
3,MS,0.996400952,187,18,151,0.553254,0.087805,0.912195
3,MS,0.996344149,187,19,151,0.553254,0.092233,0.907767
3,MS,0.995755851,188,19,150,0.556213,0.091787,0.908213
3,MS,0.994834065,189,19,149,0.559172,0.091346,0.908654
3,MS,0.994823933,189,20,149,0.559172,0.095694,0.904306
3,MS,0.994820952,190,20,148,0.562130,0.095238,0.904762
3,MS,0.994497359,191,20,147,0.565089,0.094787,0.905213
3,MS,0.993501008,192,20,146,0.568047,0.094340,0.905660
3,MS,0.993318558,192,21,146,0.568047,0.098592,0.901408
3,MS,0.993105948,192,22,146,0.568047,0.102804,0.897196
3,MS,0.992817163,192,23,146,0.568047,0.106977,0.893023
3,MS,0.991492212,192,24,146,0.568047,0.111111,0.888889
3,MS,0.991479397,193,24,145,0.571006,0.110599,0.889401
3,MS,0.988622844,194,24,144,0.573964,0.110092,0.889908
3,MS,0.988173425,194,25,144,0.573964,0.114155,0.885845
3,MS,0.988027692,195,25,143,0.576923,0.113636,0.886364
3,MS,0.98382771,195,26,143,0.576923,0.117647,0.882353
3,MS,0.983188093,196,26,142,0.579882,0.117117,0.882883
3,MS,0.983059824,197,26,141,0.582840,0.116592,0.883408
3,MS,0.981523037,198,26,140,0.585799,0.116071,0.883929
3,MS,0.977819264,199,26,139,0.588757,0.115556,0.884444
3,MS,0.977575302,200,26,138,0.591716,0.115044,0.884956
3,MS,0.976759315,201,26,137,0.594675,0.114537,0.885463
3,MS,0.975834608,202,26,136,0.597633,0.114035,0.885965
3,MS,0.974991798,202,27,136,0.597633,0.117904,0.882096
3,MS,0.972766697,202,28,136,0.597633,0.121739,0.878261
3,MS,0.971323609,203,28,135,0.600592,0.121212,0.878788
3,MS,0.970902026,204,28,134,0.603550,0.120690,0.879310
3,MS,0.968110442,204,29,134,0.603550,0.124464,0.875536
3,MS,0.965421677,205,29,133,0.606509,0.123932,0.876068
3,MS,0.964142442,206,29,132,0.609467,0.123404,0.876596
3,MS,0.963161647,206,30,132,0.609467,0.127119,0.872881
3,MS,0.960455775,206,31,132,0.609467,0.130802,0.869198
3,MS,0.957524419,206,32,132,0.609467,0.134454,0.865546
3,MS,0.956275702,207,32,131,0.612426,0.133891,0.866109
3,MS,0.955763042,207,33,131,0.612426,0.137500,0.862500
3,MS,0.953779042,207,34,131,0.612426,0.141079,0.858921
3,MS,0.953300118,208,34,130,0.615385,0.140496,0.859504
3,MS,0.950720668,209,34,129,0.618343,0.139918,0.860082
3,MS,0.947169304,209,35,129,0.618343,0.143443,0.856557
3,MS,0.946799755,210,35,128,0.621302,0.142857,0.857143
3,MS,0.940830231,211,35,127,0.624260,0.142276,0.857724
3,MS,0.938778698,212,35,126,0.627219,0.141700,0.858300
3,MS,0.938542366,212,36,126,0.627219,0.145161,0.854839
3,MS,0.935130656,212,37,126,0.627219,0.148594,0.851406
3,MS,0.933354676,213,37,125,0.630178,0.148000,0.852000
3,MS,0.931862772,213,38,125,0.630178,0.151394,0.848606
3,MS,0.931262553,213,39,125,0.630178,0.154762,0.845238
3,MS,0.925335109,214,39,124,0.633136,0.154150,0.845850
3,MS,0.920662463,214,40,124,0.633136,0.157480,0.842520
3,MS,0.91863668,215,40,123,0.636095,0.156863,0.843137
3,MS,0.915120661,215,41,123,0.636095,0.160156,0.839844
3,MS,0.911147892,216,41,122,0.639053,0.159533,0.840467
3,MS,0.907143176,216,42,122,0.639053,0.162791,0.837209
3,MS,0.902080297,216,43,122,0.639053,0.166023,0.833977
3,MS,0.89117223,216,44,122,0.639053,0.169231,0.830769
3,MS,0.873210728,217,44,121,0.642012,0.168582,0.831418
3,MS,0.870979369,217,45,121,0.642012,0.171756,0.828244
3,MS,0.861402392,217,46,121,0.642012,0.174905,0.825095
3,MS,0.848932028,217,47,121,0.642012,0.178030,0.821970
3,MS,0.837848783,218,47,120,0.644970,0.177358,0.822642
3,MS,0.833172977,218,48,120,0.644970,0.180451,0.819549
3,MS,0.809870541,218,49,120,0.644970,0.183521,0.816479
3,MS,0.809511423,219,49,119,0.647929,0.182836,0.817164
3,MS,0.809353292,220,49,118,0.650888,0.182156,0.817844
3,MS,0.775556684,220,50,118,0.650888,0.185185,0.814815
3,MS,0.773234308,221,50,117,0.653846,0.184502,0.815498
3,MS,0.770466506,221,51,117,0.653846,0.187500,0.812500
3,MS,0.758615017,221,52,117,0.653846,0.190476,0.809524
3,MS,0.748603821,221,53,117,0.653846,0.193431,0.806569
3,MS,0.746502697,222,53,116,0.656805,0.192727,0.807273
3,MS,0.741932511,223,53,115,0.659763,0.192029,0.807971
3,MS,0.712076068,223,54,115,0.659763,0.194946,0.805054
3,MS,0.710136592,223,55,115,0.659763,0.197842,0.802158
3,MS,0.706621826,223,56,115,0.659763,0.200717,0.799283
3,MS,0.702981293,223,57,115,0.659763,0.203571,0.796429
3,MS,0.691918135,224,57,114,0.662722,0.202847,0.797153
3,MS,0.685129941,225,57,113,0.665680,0.202128,0.797872
3,MS,0.675068378,226,57,112,0.668639,0.201413,0.798587
3,MS,0.650244474,227,57,111,0.671598,0.200704,0.799296
3,MS,0.644268334,227,58,111,0.671598,0.203509,0.796491
3,MS,0.638782799,227,59,111,0.671598,0.206294,0.793706
3,MS,0.618843079,227,60,111,0.671598,0.209059,0.790941
3,MS,0.6157704,228,60,110,0.674556,0.208333,0.791667
3,MS,0.613626063,228,61,110,0.674556,0.211073,0.788927
3,MS,0.613139927,228,62,110,0.674556,0.213793,0.786207
3,MS,0.602495551,229,62,109,0.677515,0.213058,0.786942
3,MS,0.58947134,230,62,108,0.680473,0.212329,0.787671
3,MS,0.58642453,230,63,108,0.680473,0.215017,0.784983
3,MS,0.551860392,230,64,108,0.680473,0.217687,0.782313
3,MS,0.50849998,230,65,108,0.680473,0.220339,0.779661
3,MS,0.50288558,230,66,108,0.680473,0.222973,0.777027
3,MS,0.474334806,230,67,108,0.680473,0.225589,0.774411
3,MS,0.458395034,230,68,108,0.680473,0.228188,0.771812
3,MS,0.452967644,230,69,108,0.680473,0.230769,0.769231
3,MS,0.441051811,231,69,107,0.683432,0.230000,0.770000
3,MS,0.440332085,231,70,107,0.683432,0.232558,0.767442
3,MS,0.435441166,231,71,107,0.683432,0.235099,0.764901
3,MS,0.422062039,231,72,107,0.683432,0.237624,0.762376
3,MS,0.421629578,231,73,107,0.683432,0.240132,0.759868
3,MS,0.414720029,231,74,107,0.683432,0.242623,0.757377
3,MS,0.394384682,231,75,107,0.683432,0.245098,0.754902
3,MS,0.383213729,231,76,107,0.683432,0.247557,0.752443
3,MS,0.317993432,231,77,107,0.683432,0.250000,0.750000
3,MS,0.312199771,231,78,107,0.683432,0.252427,0.747573
3,MS,0.306090206,231,79,107,0.683432,0.254839,0.745161
3,MS,0.303095639,231,80,107,0.683432,0.257235,0.742765
3,MS,0.261283696,231,81,107,0.683432,0.259615,0.740385
3,MS,0.259389788,232,81,106,0.686391,0.258786,0.741214
3,MS,0.218206108,232,82,106,0.686391,0.261146,0.738854
3,MS,0.192416012,232,83,106,0.686391,0.263492,0.736508
3,MS,0.17583704,232,84,106,0.686391,0.265823,0.734177
3,MS,0.162549019,232,85,106,0.686391,0.268139,0.731861
3,MS,0.158410892,233,85,105,0.689349,0.267296,0.732704
3,MS,0.15753451,234,85,104,0.692308,0.266458,0.733542
3,MS,0.156409368,234,86,104,0.692308,0.268750,0.731250
3,MS,0.154104456,234,87,104,0.692308,0.271028,0.728972
3,MS,0.138149396,234,88,104,0.692308,0.273292,0.726708
3,MS,0.130831987,234,89,104,0.692308,0.275542,0.724458
3,MS,0.130216777,234,90,104,0.692308,0.277778,0.722222
3,MS,0.12794362,234,91,104,0.692308,0.280000,0.720000
3,MS,0.124336585,234,92,104,0.692308,0.282209,0.717791
3,MS,0.118721366,234,93,104,0.692308,0.284404,0.715596
3,MS,0.118540145,235,93,103,0.695266,0.283537,0.716463
3,MS,0.105232,235,94,103,0.695266,0.285714,0.714286
3,MS,0.105023205,236,94,102,0.698225,0.284848,0.715152
3,MS,0.103969552,236,95,102,0.698225,0.287009,0.712991
3,MS,0.100383192,236,96,102,0.698225,0.289157,0.710843
3,MS,0.0989355966,237,96,101,0.701183,0.288288,0.711712
3,MS,0.0984230787,237,97,101,0.701183,0.290419,0.709581
3,MS,0.089744769,237,98,101,0.701183,0.292537,0.707463
3,MS,0.088108629,237,99,101,0.701183,0.294643,0.705357
3,MS,0.0768571496,237,100,101,0.701183,0.296736,0.703264
3,MS,0.0731524974,238,100,100,0.704142,0.295858,0.704142
3,MS,0.0704547837,238,101,100,0.704142,0.297935,0.702065
3,MS,0.0650651604,239,101,99,0.707101,0.297059,0.702941
3,MS,0.0634827912,239,102,99,0.707101,0.299120,0.700880
3,MS,0.0628044233,239,103,99,0.707101,0.301170,0.698830
3,MS,0.0607429706,239,104,99,0.707101,0.303207,0.696793
3,MS,0.0595074818,239,105,99,0.707101,0.305233,0.694767
3,MS,0.0588242225,239,106,99,0.707101,0.307246,0.692754
3,MS,0.0512133986,240,106,98,0.710059,0.306358,0.693642
3,MS,0.0505084023,240,107,98,0.710059,0.308357,0.691643
3,MS,0.0495776795,241,107,97,0.713018,0.307471,0.692529
3,MS,0.0452124067,241,108,97,0.713018,0.309456,0.690544
3,MS,0.0451992489,241,109,97,0.713018,0.311429,0.688571
3,MS,0.044683639,241,110,97,0.713018,0.313390,0.686610
3,MS,0.0419282354,241,111,97,0.713018,0.315341,0.684659
3,MS,0.0398464948,241,112,97,0.713018,0.317280,0.682720
3,MS,0.0368579142,241,113,97,0.713018,0.319209,0.680791
3,MS,0.0347044431,241,114,97,0.713018,0.321127,0.678873
3,MS,0.0346698947,241,115,97,0.713018,0.323034,0.676966
3,MS,0.0346228853,242,115,96,0.715976,0.322129,0.677871
3,MS,0.0329020135,242,116,96,0.715976,0.324022,0.675978
3,MS,0.0317890123,242,117,96,0.715976,0.325905,0.674095
3,MS,0.0312316436,243,117,95,0.718935,0.325000,0.675000
3,MS,0.0309054498,243,118,95,0.718935,0.326870,0.673130
3,MS,0.0285396799,243,119,95,0.718935,0.328729,0.671271
3,MS,0.0273484997,243,120,95,0.718935,0.330579,0.669421
3,MS,0.0273105185,244,120,94,0.721893,0.329670,0.670330
3,MS,0.0264225341,244,121,94,0.721893,0.331507,0.668493
3,MS,0.0249914564,244,122,94,0.721893,0.333333,0.666667
3,MS,0.0239063147,244,123,94,0.721893,0.335150,0.664850
3,MS,0.0237396024,244,124,94,0.721893,0.336957,0.663043
3,MS,0.0225176681,244,125,94,0.721893,0.338753,0.661247
3,MS,0.0213583615,244,126,94,0.721893,0.340541,0.659459
3,MS,0.0195627194,244,127,94,0.721893,0.342318,0.657682
3,MS,0.0189654045,244,128,94,0.721893,0.344086,0.655914
3,MS,0.0188640356,244,129,94,0.721893,0.345845,0.654155
3,MS,0.017957069,244,130,94,0.721893,0.347594,0.652406
3,MS,0.017716445,244,131,94,0.721893,0.349333,0.650667
3,MS,0.0174143445,244,132,94,0.721893,0.351064,0.648936
3,MS,0.0172892101,245,132,93,0.724852,0.350133,0.649867
3,MS,0.0165011734,245,133,93,0.724852,0.351852,0.648148
3,MS,0.0164634772,245,134,93,0.724852,0.353562,0.646438
3,MS,0.0159015395,245,135,93,0.724852,0.355263,0.644737
3,MS,0.0158665143,246,135,92,0.727811,0.354331,0.645669
3,MS,0.0157354437,246,136,92,0.727811,0.356021,0.643979
3,MS,0.0151671963,246,137,92,0.727811,0.357702,0.642298
3,MS,0.0146252057,246,138,92,0.727811,0.359375,0.640625
3,MS,0.013680418,246,139,92,0.727811,0.361039,0.638961
3,MS,0.0136780627,247,139,91,0.730769,0.360104,0.639896
3,MS,0.0130491378,247,140,91,0.730769,0.361757,0.638243
3,MS,0.0123858545,247,141,91,0.730769,0.363402,0.636598
3,MS,0.0123493895,247,142,91,0.730769,0.365039,0.634961
3,MS,0.0119195022,247,143,91,0.730769,0.366667,0.633333
3,MS,0.0116424821,247,144,91,0.730769,0.368286,0.631714
3,MS,0.0115662888,247,145,91,0.730769,0.369898,0.630102
3,MS,0.0114060054,248,145,90,0.733728,0.368957,0.631043
3,MS,0.0112095671,249,145,89,0.736686,0.368020,0.631980
3,MS,0.0108484011,250,145,88,0.739645,0.367089,0.632911
3,MS,0.0107245725,251,145,87,0.742604,0.366162,0.633838
3,MS,0.0106345806,251,146,87,0.742604,0.367758,0.632242
3,MS,0.0104785562,251,147,87,0.742604,0.369347,0.630653
3,MS,0.0101071578,252,147,86,0.745562,0.368421,0.631579
3,MS,0.010052301,252,148,86,0.745562,0.370000,0.630000
3,MS,0.00991254859,252,149,86,0.745562,0.371571,0.628429
3,MS,0.00989973731,253,149,85,0.748521,0.370647,0.629353
3,MS,0.00964200404,253,150,85,0.748521,0.372208,0.627792
3,MS,0.00914778654,253,151,85,0.748521,0.373762,0.626238
3,MS,0.00899115857,253,152,85,0.748521,0.375309,0.624691
3,MS,0.00873942394,253,153,85,0.748521,0.376847,0.623153
3,MS,0.00862742774,253,154,85,0.748521,0.378378,0.621622
3,MS,0.00794019084,253,155,85,0.748521,0.379902,0.620098
3,MS,0.00780730415,253,156,85,0.748521,0.381418,0.618582
3,MS,0.00775801763,253,157,85,0.748521,0.382927,0.617073
3,MS,0.00757119153,253,158,85,0.748521,0.384428,0.615572
3,MS,0.00754471868,253,159,85,0.748521,0.385922,0.614078
3,MS,0.00748601742,253,160,85,0.748521,0.387409,0.612591
3,MS,0.00734246289,253,161,85,0.748521,0.388889,0.611111
3,MS,0.0069517917,253,162,85,0.748521,0.390361,0.609639
3,MS,0.00677519757,253,163,85,0.748521,0.391827,0.608173
3,MS,0.00674482714,253,164,85,0.748521,0.393285,0.606715
3,MS,0.00668922253,253,165,85,0.748521,0.394737,0.605263
3,MS,0.00666028913,253,166,85,0.748521,0.396181,0.603819
3,MS,0.00654835766,253,167,85,0.748521,0.397619,0.602381
3,MS,0.00619843416,253,168,85,0.748521,0.399050,0.600950
3,MS,0.00614534551,253,169,85,0.748521,0.400474,0.599526
3,MS,0.00567734614,253,170,85,0.748521,0.401891,0.598109
3,MS,0.00557695189,253,171,85,0.748521,0.403302,0.596698
3,MS,0.00543267,253,172,85,0.748521,0.404706,0.595294
3,MS,0.00542525435,253,173,85,0.748521,0.406103,0.593897
3,MS,0.00539446948,253,174,85,0.748521,0.407494,0.592506
3,MS,0.00528820651,253,175,85,0.748521,0.408879,0.591121
3,MS,0.00522674015,253,176,85,0.748521,0.410256,0.589744
3,MS,0.00513622165,253,177,85,0.748521,0.411628,0.588372
3,MS,0.00513534015,254,177,84,0.751479,0.410673,0.589327
3,MS,0.00495439116,254,178,84,0.751479,0.412037,0.587963
3,MS,0.00490223197,254,179,84,0.751479,0.413395,0.586605
3,MS,0.00469619874,254,180,84,0.751479,0.414747,0.585253
3,MS,0.00469342479,254,181,84,0.751479,0.416092,0.583908
3,MS,0.00465363078,254,182,84,0.751479,0.417431,0.582569
3,MS,0.00452942029,254,183,84,0.751479,0.418764,0.581236
3,MS,0.00448227115,254,184,84,0.751479,0.420091,0.579909
3,MS,0.00442928774,254,185,84,0.751479,0.421412,0.578588
3,MS,0.00442431401,254,186,84,0.751479,0.422727,0.577273
3,MS,0.00430411007,254,187,84,0.751479,0.424036,0.575964
3,MS,0.0042847367,254,188,84,0.751479,0.425339,0.574661
3,MS,0.00425757142,254,189,84,0.751479,0.426637,0.573363
3,MS,0.00421803724,254,190,84,0.751479,0.427928,0.572072
3,MS,0.00417060312,254,191,84,0.751479,0.429213,0.570787
3,MS,0.00409394875,254,192,84,0.751479,0.430493,0.569507
3,MS,0.00402268767,254,193,84,0.751479,0.431767,0.568233
3,MS,0.00400138367,254,194,84,0.751479,0.433036,0.566964
3,MS,0.00397845218,254,195,84,0.751479,0.434298,0.565702
3,MS,0.00394144747,254,196,84,0.751479,0.435556,0.564444
3,MS,0.00387586188,254,197,84,0.751479,0.436807,0.563193
3,MS,0.0037183098,254,198,84,0.751479,0.438053,0.561947
3,MS,0.00365398801,254,199,84,0.751479,0.439294,0.560706
3,MS,0.00364157348,254,200,84,0.751479,0.440529,0.559471
3,MS,0.00361224473,254,201,84,0.751479,0.441758,0.558242
3,MS,0.00342919468,254,202,84,0.751479,0.442982,0.557018
3,MS,0.00342283258,254,203,84,0.751479,0.444201,0.555799
3,MS,0.00326651265,254,204,84,0.751479,0.445415,0.554585
3,MS,0.00326555711,255,204,83,0.754438,0.444444,0.555556
3,MS,0.00315319048,255,205,83,0.754438,0.445652,0.554348
3,MS,0.00313710654,255,206,83,0.754438,0.446855,0.553145
3,MS,0.00313284411,255,207,83,0.754438,0.448052,0.551948
3,MS,0.00307940715,255,208,83,0.754438,0.449244,0.550756
3,MS,0.00307868794,255,209,83,0.754438,0.450431,0.549569
3,MS,0.00307599641,255,210,83,0.754438,0.451613,0.548387
3,MS,0.00301467231,255,211,83,0.754438,0.452790,0.547210
3,MS,0.00299421139,255,212,83,0.754438,0.453961,0.546039
3,MS,0.00289131934,255,213,83,0.754438,0.455128,0.544872
3,MS,0.00277338712,255,214,83,0.754438,0.456290,0.543710
3,MS,0.00273014791,255,215,83,0.754438,0.457447,0.542553
3,MS,0.0027013158,255,216,83,0.754438,0.458599,0.541401
3,MS,0.00265389099,255,217,83,0.754438,0.459746,0.540254
3,MS,0.00262352079,255,218,83,0.754438,0.460888,0.539112
3,MS,0.00261421339,255,219,83,0.754438,0.462025,0.537975
3,MS,0.00259004557,255,220,83,0.754438,0.463158,0.536842
3,MS,0.00258210534,255,221,83,0.754438,0.464286,0.535714
3,MS,0.00257114694,255,222,83,0.754438,0.465409,0.534591
3,MS,0.00256263767,256,222,82,0.757396,0.464435,0.535565
3,MS,0.00255821296,256,223,82,0.757396,0.465553,0.534447
3,MS,0.00255731144,256,224,82,0.757396,0.466667,0.533333
3,MS,0.00253610988,256,225,82,0.757396,0.467775,0.532225
3,MS,0.00249586254,256,226,82,0.757396,0.468880,0.531120
3,MS,0.00248375349,256,227,82,0.757396,0.469979,0.530021
3,MS,0.00246234494,256,228,82,0.757396,0.471074,0.528926
3,MS,0.00244317879,256,229,82,0.757396,0.472165,0.527835
3,MS,0.00240092841,256,230,82,0.757396,0.473251,0.526749
3,MS,0.00230972841,256,231,82,0.757396,0.474333,0.525667
3,MS,0.00230938406,256,232,82,0.757396,0.475410,0.524590
3,MS,0.00228634197,256,233,82,0.757396,0.476483,0.523517
3,MS,0.00227047666,256,234,82,0.757396,0.477551,0.522449
3,MS,0.00224423874,256,235,82,0.757396,0.478615,0.521385
3,MS,0.00224417425,256,236,82,0.757396,0.479675,0.520325
3,MS,0.00223577581,256,237,82,0.757396,0.480730,0.519270
3,MS,0.00219501834,256,238,82,0.757396,0.481781,0.518219
3,MS,0.00218306505,256,239,82,0.757396,0.482828,0.517172
3,MS,0.00218022335,256,240,82,0.757396,0.483871,0.516129
3,MS,0.00213612407,256,241,82,0.757396,0.484909,0.515091
3,MS,0.00213562604,256,242,82,0.757396,0.485944,0.514056
3,MS,0.00212124386,256,243,82,0.757396,0.486974,0.513026
3,MS,0.00210082135,256,244,82,0.757396,0.488000,0.512000
3,MS,0.00209554029,256,245,82,0.757396,0.489022,0.510978
3,MS,0.00208147126,256,246,82,0.757396,0.490040,0.509960
3,MS,0.00202934607,256,247,82,0.757396,0.491054,0.508946
3,MS,0.0020141874,256,248,82,0.757396,0.492063,0.507937
3,MS,0.00201154617,256,249,82,0.757396,0.493069,0.506931
3,MS,0.00196960801,256,250,82,0.757396,0.494071,0.505929
3,MS,0.00192348461,256,251,82,0.757396,0.495069,0.504931
3,MS,0.00191341643,256,252,82,0.757396,0.496063,0.503937
3,MS,0.00190353522,257,252,81,0.760355,0.495088,0.504912
3,MS,0.00188531191,257,253,81,0.760355,0.496078,0.503922
3,MS,0.00182419072,257,254,81,0.760355,0.497065,0.502935
3,MS,0.00180628046,257,255,81,0.760355,0.498047,0.501953
3,MS,0.00180379825,257,256,81,0.760355,0.499025,0.500975
3,MS,0.00179693836,257,257,81,0.760355,0.500000,0.500000
3,MS,0.00177071814,257,258,81,0.760355,0.500971,0.499029
3,MS,0.00175751618,257,259,81,0.760355,0.501938,0.498062
3,MS,0.00173090177,257,260,81,0.760355,0.502901,0.497099
3,MS,0.00172153581,257,261,81,0.760355,0.503861,0.496139
3,MS,0.00168678572,257,262,81,0.760355,0.504817,0.495183
3,MS,0.0016776108,257,263,81,0.760355,0.505769,0.494231
3,MS,0.00167421764,257,264,81,0.760355,0.506718,0.493282
3,MS,0.00164847344,258,264,80,0.763314,0.505747,0.494253
3,MS,0.00164506061,258,265,80,0.763314,0.506692,0.493308
3,MS,0.00163397391,258,266,80,0.763314,0.507634,0.492366
3,MS,0.00163106667,258,267,80,0.763314,0.508571,0.491429
3,MS,0.00161791197,258,268,80,0.763314,0.509506,0.490494
3,MS,0.00161260494,258,269,80,0.763314,0.510436,0.489564
3,MS,0.00160814344,258,270,80,0.763314,0.511364,0.488636
3,MS,0.00160754484,258,271,80,0.763314,0.512287,0.487713
3,MS,0.00159079139,258,272,80,0.763314,0.513208,0.486792
3,MS,0.0015762446,258,273,80,0.763314,0.514124,0.485876
3,MS,0.00155552232,258,274,80,0.763314,0.515038,0.484962
3,MS,0.00153497874,258,275,80,0.763314,0.515947,0.484053
3,MS,0.00153360376,258,276,80,0.763314,0.516854,0.483146
3,MS,0.00152425328,258,277,80,0.763314,0.517757,0.482243
3,MS,0.00146900222,258,278,80,0.763314,0.518657,0.481343
3,MS,0.00146881398,258,279,80,0.763314,0.519553,0.480447
3,MS,0.00143081753,258,280,80,0.763314,0.520446,0.479554
3,MS,0.00142774009,258,281,80,0.763314,0.521336,0.478664
3,MS,0.00141434255,258,282,80,0.763314,0.522222,0.477778
3,MS,0.00140165642,258,283,80,0.763314,0.523105,0.476895
3,MS,0.0013958459,258,284,80,0.763314,0.523985,0.476015
3,MS,0.00138455641,258,285,80,0.763314,0.524862,0.475138
3,MS,0.00136686396,258,286,80,0.763314,0.525735,0.474265
3,MS,0.00134778186,258,287,80,0.763314,0.526606,0.473394
3,MS,0.00134761608,258,288,80,0.763314,0.527473,0.472527
3,MS,0.00134714344,258,289,80,0.763314,0.528336,0.471664
3,MS,0.00133419211,258,290,80,0.763314,0.529197,0.470803
3,MS,0.00132675772,258,291,80,0.763314,0.530055,0.469945
3,MS,0.00132622966,258,292,80,0.763314,0.530909,0.469091
3,MS,0.00131965708,258,293,80,0.763314,0.531760,0.468240
3,MS,0.00131324725,258,294,80,0.763314,0.532609,0.467391
3,MS,0.00130983675,258,295,80,0.763314,0.533454,0.466546
3,MS,0.00129550963,259,295,79,0.766272,0.532491,0.467509
3,MS,0.00129229575,259,296,79,0.766272,0.533333,0.466667
3,MS,0.00128904299,259,297,79,0.766272,0.534173,0.465827
3,MS,0.00128833437,259,298,79,0.766272,0.535009,0.464991
3,MS,0.00127796526,259,299,79,0.766272,0.535842,0.464158
3,MS,0.00127708935,259,300,79,0.766272,0.536673,0.463327
3,MS,0.00125686848,259,301,79,0.766272,0.537500,0.462500
3,MS,0.00125267508,259,302,79,0.766272,0.538324,0.461676
3,MS,0.0012521263,259,303,79,0.766272,0.539146,0.460854
3,MS,0.00124614418,259,304,79,0.766272,0.539964,0.460036
3,MS,0.00124354498,259,305,79,0.766272,0.540780,0.459220
3,MS,0.00124284404,259,306,79,0.766272,0.541593,0.458407
3,MS,0.00123668497,259,307,79,0.766272,0.542403,0.457597
3,MS,0.00123404851,259,308,79,0.766272,0.543210,0.456790
3,MS,0.00122000265,259,309,79,0.766272,0.544014,0.455986
3,MS,0.00121131318,259,310,79,0.766272,0.544815,0.455185
3,MS,0.00120748708,259,311,79,0.766272,0.545614,0.454386
3,MS,0.0011984444,259,312,79,0.766272,0.546410,0.453590
3,MS,0.00119468779,259,313,79,0.766272,0.547203,0.452797
3,MS,0.00118483824,259,314,79,0.766272,0.547993,0.452007
3,MS,0.00118449365,259,315,79,0.766272,0.548780,0.451220
3,MS,0.00117832073,259,316,79,0.766272,0.549565,0.450435
3,MS,0.00117697904,259,317,79,0.766272,0.550347,0.449653
3,MS,0.00116805721,259,318,79,0.766272,0.551127,0.448873
3,MS,0.0011653204,259,319,79,0.766272,0.551903,0.448097
3,MS,0.0011334942,259,320,79,0.766272,0.552677,0.447323
3,MS,0.00113216578,259,321,79,0.766272,0.553448,0.446552
3,MS,0.00113007904,259,322,79,0.766272,0.554217,0.445783
3,MS,0.00111414015,259,323,79,0.766272,0.554983,0.445017
3,MS,0.00111375994,259,324,79,0.766272,0.555746,0.444254
3,MS,0.0011011574,259,325,79,0.766272,0.556507,0.443493
3,MS,0.00109258364,259,326,79,0.766272,0.557265,0.442735
3,MS,0.00108332082,259,327,79,0.766272,0.558020,0.441980
3,MS,0.00108282384,259,328,79,0.766272,0.558773,0.441227
3,MS,0.00108176889,259,329,79,0.766272,0.559524,0.440476
3,MS,0.00106803549,259,330,79,0.766272,0.560272,0.439728
3,MS,0.00106604421,259,331,79,0.766272,0.561017,0.438983
3,MS,0.00105038018,260,331,78,0.769231,0.560068,0.439932
3,MS,0.00104867131,260,332,78,0.769231,0.560811,0.439189
3,MS,0.00104405789,260,333,78,0.769231,0.561551,0.438449
3,MS,0.00104096904,260,334,78,0.769231,0.562290,0.437710
3,MS,0.00103330507,260,335,78,0.769231,0.563025,0.436975
3,MS,0.00102583901,260,336,78,0.769231,0.563758,0.436242
3,MS,0.00102323631,260,337,78,0.769231,0.564489,0.435511
3,MS,0.00102152594,260,338,78,0.769231,0.565217,0.434783
3,MS,0.00101991917,260,339,78,0.769231,0.565943,0.434057
3,MS,0.00100763259,260,340,78,0.769231,0.566667,0.433333
3,MS,0.00100677914,260,341,78,0.769231,0.567388,0.432612
3,MS,0.00100340159,260,342,78,0.769231,0.568106,0.431894
3,MS,0.00100200193,260,343,78,0.769231,0.568823,0.431177
4,A1_SU-35,0.999969006,0,0,175,0.000000,0.000000,0.000000
4,A1_SU-35,0.999969006,1,0,174,0.005714,0.000000,1.000000
4,A1_SU-35,0.999958515,2,0,173,0.011429,0.000000,1.000000
4,A1_SU-35,0.999940038,3,0,172,0.017143,0.000000,1.000000
4,A1_SU-35,0.999937296,4,0,171,0.022857,0.000000,1.000000
4,A1_SU-35,0.99992907,5,0,170,0.028571,0.000000,1.000000
4,A1_SU-35,0.999927163,6,0,169,0.034286,0.000000,1.000000
4,A1_SU-35,0.999923944,7,0,168,0.040000,0.000000,1.000000
4,A1_SU-35,0.999923587,8,0,167,0.045714,0.000000,1.000000
4,A1_SU-35,0.999916673,9,0,166,0.051429,0.000000,1.000000
4,A1_SU-35,0.999914289,10,0,165,0.057143,0.000000,1.000000
4,A1_SU-35,0.999909997,11,0,164,0.062857,0.000000,1.000000
4,A1_SU-35,0.999909163,12,0,163,0.068571,0.000000,1.000000
4,A1_SU-35,0.999908447,13,0,162,0.074286,0.000000,1.000000
4,A1_SU-35,0.99990809,14,0,161,0.080000,0.000000,1.000000
4,A1_SU-35,0.999907851,15,0,160,0.085714,0.000000,1.000000
4,A1_SU-35,0.999905467,16,0,159,0.091429,0.000000,1.000000
4,A1_SU-35,0.999904156,17,0,158,0.097143,0.000000,1.000000
4,A1_SU-35,0.999898672,18,0,157,0.102857,0.000000,1.000000
4,A1_SU-35,0.999896884,19,0,156,0.108571,0.000000,1.000000
4,A1_SU-35,0.999895215,20,0,155,0.114286,0.000000,1.000000
4,A1_SU-35,0.999887109,21,0,154,0.120000,0.000000,1.000000
4,A1_SU-35,0.999886751,22,0,153,0.125714,0.000000,1.000000
4,A1_SU-35,0.999886036,23,0,152,0.131429,0.000000,1.000000
4,A1_SU-35,0.999885917,24,0,151,0.137143,0.000000,1.000000
4,A1_SU-35,0.999884605,25,0,150,0.142857,0.000000,1.000000
4,A1_SU-35,0.999881268,26,0,149,0.148571,0.000000,1.000000
4,A1_SU-35,0.999878287,27,0,148,0.154286,0.000000,1.000000
4,A1_SU-35,0.999878168,28,0,147,0.160000,0.000000,1.000000
4,A1_SU-35,0.99987781,29,0,146,0.165714,0.000000,1.000000
4,A1_SU-35,0.999877691,30,0,145,0.171429,0.000000,1.000000
4,A1_SU-35,0.999875665,31,0,144,0.177143,0.000000,1.000000
4,A1_SU-35,0.999871731,32,0,143,0.182857,0.000000,1.000000
4,A1_SU-35,0.999871254,33,0,142,0.188571,0.000000,1.000000
4,A1_SU-35,0.999869585,34,0,141,0.194286,0.000000,1.000000
4,A1_SU-35,0.999869466,35,0,140,0.200000,0.000000,1.000000
4,A1_SU-35,0.999868155,37,0,138,0.211429,0.000000,1.000000
4,A1_SU-35,0.999866843,38,0,137,0.217143,0.000000,1.000000
4,A1_SU-35,0.999864101,39,0,136,0.222857,0.000000,1.000000
4,A1_SU-35,0.999860406,42,0,133,0.240000,0.000000,1.000000
4,A1_SU-35,0.99985528,43,0,132,0.245714,0.000000,1.000000
4,A1_SU-35,0.999855161,44,0,131,0.251429,0.000000,1.000000
4,A1_SU-35,0.999854565,45,0,130,0.257143,0.000000,1.000000
4,A1_SU-35,0.999853373,46,0,129,0.262857,0.000000,1.000000
4,A1_SU-35,0.999851346,47,0,128,0.268571,0.000000,1.000000
4,A1_SU-35,0.999850988,48,0,127,0.274286,0.000000,1.000000
4,A1_SU-35,0.999848366,49,0,126,0.280000,0.000000,1.000000
4,A1_SU-35,0.999848127,50,0,125,0.285714,0.000000,1.000000
4,A1_SU-35,0.999844074,51,0,124,0.291429,0.000000,1.000000
4,A1_SU-35,0.999839067,52,0,123,0.297143,0.000000,1.000000
4,A1_SU-35,0.999836802,53,0,122,0.302857,0.000000,1.000000
4,A1_SU-35,0.999836445,54,0,121,0.308571,0.000000,1.000000
4,A1_SU-35,0.999835491,55,0,120,0.314286,0.000000,1.000000
4,A1_SU-35,0.999833465,56,0,119,0.320000,0.000000,1.000000
4,A1_SU-35,0.999832034,57,0,118,0.325714,0.000000,1.000000
4,A1_SU-35,0.999827206,58,0,117,0.331429,0.000000,1.000000
4,A1_SU-35,0.999823034,60,0,115,0.342857,0.000000,1.000000
4,A1_SU-35,0.999820054,61,0,114,0.348571,0.000000,1.000000
4,A1_SU-35,0.999816,62,0,113,0.354286,0.000000,1.000000
4,A1_SU-35,0.999813497,63,0,112,0.360000,0.000000,1.000000
4,A1_SU-35,0.999810159,64,0,111,0.365714,0.000000,1.000000
4,A1_SU-35,0.999807894,65,0,110,0.371429,0.000000,1.000000
4,A1_SU-35,0.999802887,66,0,109,0.377143,0.000000,1.000000
4,A1_SU-35,0.999799788,67,0,108,0.382857,0.000000,1.000000
4,A1_SU-35,0.999798715,68,0,107,0.388571,0.000000,1.000000
4,A1_SU-35,0.999798119,69,0,106,0.394286,0.000000,1.000000
4,A1_SU-35,0.999792874,70,0,105,0.400000,0.000000,1.000000
4,A1_SU-35,0.999792397,71,0,104,0.405714,0.000000,1.000000
4,A1_SU-35,0.999785721,72,0,103,0.411429,0.000000,1.000000
4,A1_SU-35,0.999780238,73,0,102,0.417143,0.000000,1.000000
4,A1_SU-35,0.999777853,74,0,101,0.422857,0.000000,1.000000
4,A1_SU-35,0.999773324,75,0,100,0.428571,0.000000,1.000000
4,A1_SU-35,0.999773204,76,0,99,0.434286,0.000000,1.000000
4,A1_SU-35,0.999760568,77,0,98,0.440000,0.000000,1.000000
4,A1_SU-35,0.99975878,78,0,97,0.445714,0.000000,1.000000
4,A1_SU-35,0.99974364,79,0,96,0.451429,0.000000,1.000000
4,A1_SU-35,0.999739945,80,0,95,0.457143,0.000000,1.000000
4,A1_SU-35,0.999733627,81,0,94,0.462857,0.000000,1.000000
4,A1_SU-35,0.999728143,82,0,93,0.468571,0.000000,1.000000
4,A1_SU-35,0.999726832,83,0,92,0.474286,0.000000,1.000000
4,A1_SU-35,0.999722064,84,0,91,0.480000,0.000000,1.000000
4,A1_SU-35,0.999718249,85,0,90,0.485714,0.000000,1.000000
4,A1_SU-35,0.999703586,86,0,89,0.491429,0.000000,1.000000
4,A1_SU-35,0.999700904,87,0,88,0.497143,0.000000,1.000000
4,A1_SU-35,0.999699235,88,0,87,0.502857,0.000000,1.000000
4,A1_SU-35,0.999697566,89,0,86,0.508571,0.000000,1.000000
4,A1_SU-35,0.999694824,90,0,85,0.514286,0.000000,1.000000
4,A1_SU-35,0.999690652,91,0,84,0.520000,0.000000,1.000000
4,A1_SU-35,0.999685407,92,0,83,0.525714,0.000000,1.000000
4,A1_SU-35,0.99968183,93,0,82,0.531429,0.000000,1.000000
4,A1_SU-35,0.999678016,94,0,81,0.537143,0.000000,1.000000
4,A1_SU-35,0.999668598,95,0,80,0.542857,0.000000,1.000000
4,A1_SU-35,0.999657035,96,0,79,0.548571,0.000000,1.000000
4,A1_SU-35,0.999647379,97,0,78,0.554286,0.000000,1.000000
4,A1_SU-35,0.999646187,98,0,77,0.560000,0.000000,1.000000
4,A1_SU-35,0.999642968,99,0,76,0.565714,0.000000,1.000000
4,A1_SU-35,0.999642134,100,0,75,0.571429,0.000000,1.000000
4,A1_SU-35,0.999640346,101,0,74,0.577143,0.000000,1.000000
4,A1_SU-35,0.999632597,102,0,73,0.582857,0.000000,1.000000
4,A1_SU-35,0.999622464,103,0,72,0.588571,0.000000,1.000000
4,A1_SU-35,0.999609649,104,0,71,0.594286,0.000000,1.000000
4,A1_SU-35,0.999593914,105,0,70,0.600000,0.000000,1.000000
4,A1_SU-35,0.999584019,106,0,69,0.605714,0.000000,1.000000
4,A1_SU-35,0.999579608,107,0,68,0.611429,0.000000,1.000000
4,A1_SU-35,0.99957937,108,0,67,0.617143,0.000000,1.000000
4,A1_SU-35,0.999570072,109,0,66,0.622857,0.000000,1.000000
4,A1_SU-35,0.999560058,110,0,65,0.628571,0.000000,1.000000
4,A1_SU-35,0.999546111,111,0,64,0.634286,0.000000,1.000000
4,A1_SU-35,0.999545038,112,0,63,0.640000,0.000000,1.000000
4,A1_SU-35,0.999496698,113,0,62,0.645714,0.000000,1.000000
4,A1_SU-35,0.999484062,114,0,61,0.651429,0.000000,1.000000
4,A1_SU-35,0.999483943,115,0,60,0.657143,0.000000,1.000000
4,A1_SU-35,0.999471843,116,0,59,0.662857,0.000000,1.000000
4,A1_SU-35,0.999427974,117,0,58,0.668571,0.000000,1.000000
4,A1_SU-35,0.999410748,118,0,57,0.674286,0.000000,1.000000
4,A1_SU-35,0.999408722,119,0,56,0.680000,0.000000,1.000000
4,A1_SU-35,0.999360263,120,0,55,0.685714,0.000000,1.000000
4,A1_SU-35,0.99935323,121,0,54,0.691429,0.000000,1.000000
4,A1_SU-35,0.999349535,122,0,53,0.697143,0.000000,1.000000
4,A1_SU-35,0.999311328,123,0,52,0.702857,0.000000,1.000000
4,A1_SU-35,0.999298334,124,0,51,0.708571,0.000000,1.000000
4,A1_SU-35,0.999203265,125,0,50,0.714286,0.000000,1.000000
4,A1_SU-35,0.999175608,126,0,49,0.720000,0.000000,1.000000
4,A1_SU-35,0.999129474,127,0,48,0.725714,0.000000,1.000000
4,A1_SU-35,0.99907577,128,0,47,0.731429,0.000000,1.000000
4,A1_SU-35,0.999029756,129,0,46,0.737143,0.000000,1.000000
4,A1_SU-35,0.999025702,130,0,45,0.742857,0.000000,1.000000
4,A1_SU-35,0.998945057,131,0,44,0.748571,0.000000,1.000000
4,A1_SU-35,0.998916149,132,0,43,0.754286,0.000000,1.000000
4,A1_SU-35,0.99891603,133,0,42,0.760000,0.000000,1.000000
4,A1_SU-35,0.998834312,134,0,41,0.765714,0.000000,1.000000
4,A1_SU-35,0.998816729,135,0,40,0.771429,0.000000,1.000000
4,A1_SU-35,0.998795748,136,0,39,0.777143,0.000000,1.000000
4,A1_SU-35,0.998764038,137,0,38,0.782857,0.000000,1.000000
4,A1_SU-35,0.998711467,138,0,37,0.788571,0.000000,1.000000
4,A1_SU-35,0.998602092,138,1,37,0.788571,0.007194,0.992806
4,A1_SU-35,0.998334348,139,1,36,0.794286,0.007143,0.992857
4,A1_SU-35,0.997994184,140,1,35,0.800000,0.007092,0.992908
4,A1_SU-35,0.997861564,141,1,34,0.805714,0.007042,0.992958
4,A1_SU-35,0.997711658,142,1,33,0.811429,0.006993,0.993007
4,A1_SU-35,0.997582555,143,1,32,0.817143,0.006944,0.993056
4,A1_SU-35,0.997534156,143,2,32,0.817143,0.013793,0.986207
4,A1_SU-35,0.997499049,144,2,31,0.822857,0.013699,0.986301
4,A1_SU-35,0.997247994,145,2,30,0.828571,0.013605,0.986395
4,A1_SU-35,0.997246504,146,2,29,0.834286,0.013514,0.986486
4,A1_SU-35,0.997228444,147,2,28,0.840000,0.013423,0.986577
4,A1_SU-35,0.996821761,148,2,27,0.845714,0.013333,0.986667
4,A1_SU-35,0.996279418,149,2,26,0.851429,0.013245,0.986755
4,A1_SU-35,0.996218741,149,3,26,0.851429,0.019737,0.980263
4,A1_SU-35,0.996011019,150,3,25,0.857143,0.019608,0.980392
4,A1_SU-35,0.995911479,151,3,24,0.862857,0.019481,0.980519
4,A1_SU-35,0.994633675,152,3,23,0.868571,0.019355,0.980645
4,A1_SU-35,0.993593633,153,3,22,0.874286,0.019231,0.980769
4,A1_SU-35,0.993127108,154,3,21,0.880000,0.019108,0.980892
4,A1_SU-35,0.99305892,155,3,20,0.885714,0.018987,0.981013
4,A1_SU-35,0.991170287,156,3,19,0.891429,0.018868,0.981132
4,A1_SU-35,0.990543962,157,3,18,0.897143,0.018750,0.981250
4,A1_SU-35,0.988709509,157,4,18,0.897143,0.024845,0.975155
4,A1_SU-35,0.98754847,158,4,17,0.902857,0.024691,0.975309
4,A1_SU-35,0.987318814,158,5,17,0.902857,0.030675,0.969325
4,A1_SU-35,0.987094104,159,5,16,0.908571,0.030488,0.969512
4,A1_SU-35,0.985882282,159,6,16,0.908571,0.036364,0.963636
4,A1_SU-35,0.975774229,160,6,15,0.914286,0.036145,0.963855
4,A1_SU-35,0.972393334,160,7,15,0.914286,0.041916,0.958084
4,A1_SU-35,0.97089529,160,8,15,0.914286,0.047619,0.952381
4,A1_SU-35,0.967564821,161,8,14,0.920000,0.047337,0.952663
4,A1_SU-35,0.957297325,162,8,13,0.925714,0.047059,0.952941
4,A1_SU-35,0.95225507,163,8,12,0.931429,0.046784,0.953216
4,A1_SU-35,0.945530355,163,9,12,0.931429,0.052326,0.947674
4,A1_SU-35,0.944244862,163,10,12,0.931429,0.057803,0.942197
4,A1_SU-35,0.900961161,164,10,11,0.937143,0.057471,0.942529
4,A1_SU-35,0.823560834,165,10,10,0.942857,0.057143,0.942857
4,A1_SU-35,0.820900321,166,10,9,0.948571,0.056818,0.943182
4,A1_SU-35,0.818469942,166,11,9,0.948571,0.062147,0.937853
4,A1_SU-35,0.808275282,167,11,8,0.954286,0.061798,0.938202
4,A1_SU-35,0.669410467,168,11,7,0.960000,0.061453,0.938547
4,A1_SU-35,0.623360753,168,12,7,0.960000,0.066667,0.933333
4,A1_SU-35,0.623280823,168,13,7,0.960000,0.071823,0.928177
4,A1_SU-35,0.596881151,168,14,7,0.960000,0.076923,0.923077
4,A1_SU-35,0.580120921,168,15,7,0.960000,0.081967,0.918033
4,A1_SU-35,0.573012412,169,15,6,0.965714,0.081522,0.918478
4,A1_SU-35,0.561169684,169,16,6,0.965714,0.086486,0.913514
4,A1_SU-35,0.548329413,169,17,6,0.965714,0.091398,0.908602
4,A1_SU-35,0.535565495,170,17,5,0.971429,0.090909,0.909091
4,A1_SU-35,0.508481205,170,18,5,0.971429,0.095745,0.904255
4,A1_SU-35,0.497260988,170,19,5,0.971429,0.100529,0.899471
4,A1_SU-35,0.484630644,171,19,4,0.977143,0.100000,0.900000
4,A1_SU-35,0.416985035,172,19,3,0.982857,0.099476,0.900524
4,A1_SU-35,0.387096196,172,20,3,0.982857,0.104167,0.895833
4,A1_SU-35,0.367404282,172,21,3,0.982857,0.108808,0.891192
4,A1_SU-35,0.354917496,172,22,3,0.982857,0.113402,0.886598
4,A1_SU-35,0.349506706,172,23,3,0.982857,0.117949,0.882051
4,A1_SU-35,0.344743401,173,23,2,0.988571,0.117347,0.882653
4,A1_SU-35,0.328458816,173,24,2,0.988571,0.121827,0.878173
4,A1_SU-35,0.327661365,173,25,2,0.988571,0.126263,0.873737
4,A1_SU-35,0.32373327,173,26,2,0.988571,0.130653,0.869347
4,A1_SU-35,0.288505733,173,27,2,0.988571,0.135000,0.865000
4,A1_SU-35,0.190329209,173,28,2,0.988571,0.139303,0.860697
4,A1_SU-35,0.187735438,173,29,2,0.988571,0.143564,0.856436
4,A1_SU-35,0.18285282,173,30,2,0.988571,0.147783,0.852217
4,A1_SU-35,0.166996166,173,31,2,0.988571,0.151961,0.848039
4,A1_SU-35,0.160472482,174,31,1,0.994286,0.151220,0.848780
4,A1_SU-35,0.152360007,174,32,1,0.994286,0.155340,0.844660
4,A1_SU-35,0.130926698,174,33,1,0.994286,0.159420,0.840580
4,A1_SU-35,0.126638427,174,34,1,0.994286,0.163462,0.836538
4,A1_SU-35,0.125760555,174,35,1,0.994286,0.167464,0.832536
4,A1_SU-35,0.1190328,174,36,1,0.994286,0.171429,0.828571
4,A1_SU-35,0.118847735,174,37,1,0.994286,0.175355,0.824645
4,A1_SU-35,0.113759071,174,38,1,0.994286,0.179245,0.820755
4,A1_SU-35,0.111632429,174,39,1,0.994286,0.183099,0.816901
4,A1_SU-35,0.109365717,174,40,1,0.994286,0.186916,0.813084
4,A1_SU-35,0.108458541,174,41,1,0.994286,0.190698,0.809302
4,A1_SU-35,0.100656942,174,42,1,0.994286,0.194444,0.805556
4,A1_SU-35,0.0875277296,174,43,1,0.994286,0.198157,0.801843
4,A1_SU-35,0.0827583522,174,44,1,0.994286,0.201835,0.798165
4,A1_SU-35,0.0754742995,174,45,1,0.994286,0.205479,0.794521
4,A1_SU-35,0.0738160759,174,46,1,0.994286,0.209091,0.790909
4,A1_SU-35,0.073421143,174,47,1,0.994286,0.212670,0.787330
4,A1_SU-35,0.0726195425,174,48,1,0.994286,0.216216,0.783784
4,A1_SU-35,0.0671635345,174,49,1,0.994286,0.219731,0.780269
4,A1_SU-35,0.0620246157,174,50,1,0.994286,0.223214,0.776786
4,A1_SU-35,0.0612057298,174,51,1,0.994286,0.226667,0.773333
4,A1_SU-35,0.0600438118,174,52,1,0.994286,0.230088,0.769912
4,A1_SU-35,0.0592136085,174,53,1,0.994286,0.233480,0.766520
4,A1_SU-35,0.0572815351,174,54,1,0.994286,0.236842,0.763158
4,A1_SU-35,0.0518433079,174,55,1,0.994286,0.240175,0.759825
4,A1_SU-35,0.0502242297,174,56,1,0.994286,0.243478,0.756522
4,A1_SU-35,0.0459049493,174,57,1,0.994286,0.246753,0.753247
4,A1_SU-35,0.044303041,174,58,1,0.994286,0.250000,0.750000
4,A1_SU-35,0.0442181937,174,59,1,0.994286,0.253219,0.746781
4,A1_SU-35,0.0419680774,174,60,1,0.994286,0.256410,0.743590
4,A1_SU-35,0.0388763137,174,61,1,0.994286,0.259574,0.740426
4,A1_SU-35,0.0375503302,174,62,1,0.994286,0.262712,0.737288
4,A1_SU-35,0.037501514,174,63,1,0.994286,0.265823,0.734177
4,A1_SU-35,0.0366051458,174,64,1,0.994286,0.268908,0.731092
4,A1_SU-35,0.036075443,175,64,0,1.000000,0.267782,0.732218
4,A1_SU-35,0.032179337,175,65,0,1.000000,0.270833,0.729167
4,A1_SU-35,0.0306741204,175,66,0,1.000000,0.273859,0.726141
4,A1_SU-35,0.0284031555,175,67,0,1.000000,0.276860,0.723140
4,A1_SU-35,0.0279721916,175,68,0,1.000000,0.279835,0.720165
4,A1_SU-35,0.0274678711,175,69,0,1.000000,0.282787,0.717213
4,A1_SU-35,0.0268367901,175,70,0,1.000000,0.285714,0.714286
4,A1_SU-35,0.0262543298,175,71,0,1.000000,0.288618,0.711382
4,A1_SU-35,0.0225714296,175,72,0,1.000000,0.291498,0.708502
4,A1_SU-35,0.0221870188,175,73,0,1.000000,0.294355,0.705645
4,A1_SU-35,0.0174672436,175,74,0,1.000000,0.297189,0.702811
4,A1_SU-35,0.0171594713,175,75,0,1.000000,0.300000,0.700000
4,A1_SU-35,0.0165600888,175,76,0,1.000000,0.302789,0.697211
4,A1_SU-35,0.0164623596,175,77,0,1.000000,0.305556,0.694444
4,A1_SU-35,0.0153022865,175,78,0,1.000000,0.308300,0.691700
4,A1_SU-35,0.0143832723,175,79,0,1.000000,0.311024,0.688976
4,A1_SU-35,0.0138997557,175,80,0,1.000000,0.313725,0.686275
4,A1_SU-35,0.0137726394,175,81,0,1.000000,0.316406,0.683594
4,A1_SU-35,0.0135953315,175,82,0,1.000000,0.319066,0.680934
4,A1_SU-35,0.0129308915,175,83,0,1.000000,0.321705,0.678295
4,A1_SU-35,0.0128641389,175,84,0,1.000000,0.324324,0.675676
4,A1_SU-35,0.0128353843,175,85,0,1.000000,0.326923,0.673077
4,A1_SU-35,0.0125691118,175,86,0,1.000000,0.329502,0.670498
4,A1_SU-35,0.0119740451,175,87,0,1.000000,0.332061,0.667939
4,A1_SU-35,0.0117736179,175,88,0,1.000000,0.334601,0.665399
4,A1_SU-35,0.0113906022,175,89,0,1.000000,0.337121,0.662879
4,A1_SU-35,0.0113308085,175,90,0,1.000000,0.339623,0.660377
4,A1_SU-35,0.0109473001,175,91,0,1.000000,0.342105,0.657895
4,A1_SU-35,0.0109299682,175,92,0,1.000000,0.344569,0.655431
4,A1_SU-35,0.0101421475,175,93,0,1.000000,0.347015,0.652985
4,A1_SU-35,0.00964268483,175,94,0,1.000000,0.349442,0.650558
4,A1_SU-35,0.0094641177,175,95,0,1.000000,0.351852,0.648148
4,A1_SU-35,0.00940147974,175,96,0,1.000000,0.354244,0.645756
4,A1_SU-35,0.00931289978,175,97,0,1.000000,0.356618,0.643382
4,A1_SU-35,0.0092213396,175,98,0,1.000000,0.358974,0.641026
4,A1_SU-35,0.00917468127,175,99,0,1.000000,0.361314,0.638686
4,A1_SU-35,0.00900715031,175,100,0,1.000000,0.363636,0.636364
4,A1_SU-35,0.0083170468,175,101,0,1.000000,0.365942,0.634058
4,A1_SU-35,0.00797481462,175,102,0,1.000000,0.368231,0.631769
4,A1_SU-35,0.00783476233,175,103,0,1.000000,0.370504,0.629496
4,A1_SU-35,0.00780327525,175,104,0,1.000000,0.372760,0.627240
4,A1_SU-35,0.0077559296,175,105,0,1.000000,0.375000,0.625000
4,A1_SU-35,0.00769410143,175,106,0,1.000000,0.377224,0.622776
4,A1_SU-35,0.00763002317,175,107,0,1.000000,0.379433,0.620567
4,A1_SU-35,0.00737746852,175,108,0,1.000000,0.381625,0.618375
4,A1_SU-35,0.0073475549,175,109,0,1.000000,0.383803,0.616197
4,A1_SU-35,0.00732310396,175,110,0,1.000000,0.385965,0.614035
4,A1_SU-35,0.0069560674,175,111,0,1.000000,0.388112,0.611888
4,A1_SU-35,0.00678280788,175,112,0,1.000000,0.390244,0.609756
4,A1_SU-35,0.00670207292,175,113,0,1.000000,0.392361,0.607639
4,A1_SU-35,0.00621613115,175,114,0,1.000000,0.394464,0.605536
4,A1_SU-35,0.00620644074,175,115,0,1.000000,0.396552,0.603448
4,A1_SU-35,0.00620061066,175,116,0,1.000000,0.398625,0.601375
4,A1_SU-35,0.00605128054,175,117,0,1.000000,0.400685,0.599315
4,A1_SU-35,0.00596006634,175,118,0,1.000000,0.402730,0.597270
4,A1_SU-35,0.0058851731,175,119,0,1.000000,0.404762,0.595238
4,A1_SU-35,0.00583784841,175,120,0,1.000000,0.406780,0.593220
4,A1_SU-35,0.00574980211,175,121,0,1.000000,0.408784,0.591216
4,A1_SU-35,0.0055751116,175,122,0,1.000000,0.410774,0.589226
4,A1_SU-35,0.00553041603,175,123,0,1.000000,0.412752,0.587248
4,A1_SU-35,0.00552945258,175,124,0,1.000000,0.414716,0.585284
4,A1_SU-35,0.00529286498,175,125,0,1.000000,0.416667,0.583333
4,A1_SU-35,0.00527375052,175,126,0,1.000000,0.418605,0.581395
4,A1_SU-35,0.00511321845,175,127,0,1.000000,0.420530,0.579470
4,A1_SU-35,0.00510787684,175,128,0,1.000000,0.422442,0.577558
4,A1_SU-35,0.00507628452,175,129,0,1.000000,0.424342,0.575658
4,A1_SU-35,0.00503916247,175,130,0,1.000000,0.426230,0.573770
4,A1_SU-35,0.00494609959,175,131,0,1.000000,0.428105,0.571895
4,A1_SU-35,0.00494176615,175,132,0,1.000000,0.429967,0.570033
4,A1_SU-35,0.0049221185,175,133,0,1.000000,0.431818,0.568182
4,A1_SU-35,0.00468230946,175,134,0,1.000000,0.433657,0.566343
4,A1_SU-35,0.00467485096,175,135,0,1.000000,0.435484,0.564516
4,A1_SU-35,0.00461466052,175,136,0,1.000000,0.437299,0.562701
4,A1_SU-35,0.00461354479,175,137,0,1.000000,0.439103,0.560897
4,A1_SU-35,0.00460031675,175,138,0,1.000000,0.440895,0.559105
4,A1_SU-35,0.00448489469,175,139,0,1.000000,0.442675,0.557325
4,A1_SU-35,0.00447990466,175,140,0,1.000000,0.444444,0.555556
4,A1_SU-35,0.00399619248,175,141,0,1.000000,0.446203,0.553797
4,A1_SU-35,0.0039746589,175,142,0,1.000000,0.447950,0.552050
4,A1_SU-35,0.00392817706,175,143,0,1.000000,0.449686,0.550314
4,A1_SU-35,0.00384247419,175,144,0,1.000000,0.451411,0.548589
4,A1_SU-35,0.00380102755,175,145,0,1.000000,0.453125,0.546875
4,A1_SU-35,0.00372194848,175,146,0,1.000000,0.454829,0.545171
4,A1_SU-35,0.003662684,175,147,0,1.000000,0.456522,0.543478
4,A1_SU-35,0.00362794916,175,148,0,1.000000,0.458204,0.541796
4,A1_SU-35,0.00359585555,175,149,0,1.000000,0.459877,0.540123
4,A1_SU-35,0.00359109184,175,150,0,1.000000,0.461538,0.538462
4,A1_SU-35,0.0035827239,175,151,0,1.000000,0.463190,0.536810
4,A1_SU-35,0.00352227129,175,152,0,1.000000,0.464832,0.535168
4,A1_SU-35,0.00351531198,175,153,0,1.000000,0.466463,0.533537
4,A1_SU-35,0.00349581521,175,154,0,1.000000,0.468085,0.531915
4,A1_SU-35,0.00345279905,175,155,0,1.000000,0.469697,0.530303
4,A1_SU-35,0.00343651534,175,156,0,1.000000,0.471299,0.528701
4,A1_SU-35,0.00337994471,175,157,0,1.000000,0.472892,0.527108
4,A1_SU-35,0.00332598318,175,158,0,1.000000,0.474474,0.525526
4,A1_SU-35,0.00331248483,175,159,0,1.000000,0.476048,0.523952
4,A1_SU-35,0.00324011198,175,160,0,1.000000,0.477612,0.522388
4,A1_SU-35,0.00321710249,175,161,0,1.000000,0.479167,0.520833
4,A1_SU-35,0.00314194337,175,162,0,1.000000,0.480712,0.519288
4,A1_SU-35,0.00309445732,175,163,0,1.000000,0.482249,0.517751
4,A1_SU-35,0.00306983618,175,164,0,1.000000,0.483776,0.516224
4,A1_SU-35,0.00301171606,175,165,0,1.000000,0.485294,0.514706
4,A1_SU-35,0.00298858271,175,166,0,1.000000,0.486804,0.513196
4,A1_SU-35,0.00297982153,175,167,0,1.000000,0.488304,0.511696
4,A1_SU-35,0.00292108138,175,168,0,1.000000,0.489796,0.510204
4,A1_SU-35,0.00290615135,175,169,0,1.000000,0.491279,0.508721
4,A1_SU-35,0.00289634778,175,170,0,1.000000,0.492754,0.507246
4,A1_SU-35,0.00277299504,175,171,0,1.000000,0.494220,0.505780
4,A1_SU-35,0.00276762992,175,172,0,1.000000,0.495677,0.504323
4,A1_SU-35,0.00267792237,175,173,0,1.000000,0.497126,0.502874
4,A1_SU-35,0.00264637591,175,174,0,1.000000,0.498567,0.501433
4,A1_SU-35,0.0026238563,175,175,0,1.000000,0.500000,0.500000
4,A1_SU-35,0.00262282602,175,176,0,1.000000,0.501425,0.498575
4,A1_SU-35,0.00260051969,175,177,0,1.000000,0.502841,0.497159
4,A1_SU-35,0.00256650406,175,178,0,1.000000,0.504249,0.495751
4,A1_SU-35,0.00255447743,175,179,0,1.000000,0.505650,0.494350
4,A1_SU-35,0.00252819853,175,180,0,1.000000,0.507042,0.492958
4,A1_SU-35,0.00251389854,175,181,0,1.000000,0.508427,0.491573
4,A1_SU-35,0.00249265321,175,182,0,1.000000,0.509804,0.490196
4,A1_SU-35,0.002459154,175,183,0,1.000000,0.511173,0.488827
4,A1_SU-35,0.00242287316,175,184,0,1.000000,0.512535,0.487465
4,A1_SU-35,0.00241973763,175,185,0,1.000000,0.513889,0.486111
4,A1_SU-35,0.00240149931,175,186,0,1.000000,0.515235,0.484765
4,A1_SU-35,0.00239736261,175,187,0,1.000000,0.516575,0.483425
4,A1_SU-35,0.00230679032,175,188,0,1.000000,0.517906,0.482094
4,A1_SU-35,0.00227350858,175,189,0,1.000000,0.519231,0.480769
4,A1_SU-35,0.00226842612,175,190,0,1.000000,0.520548,0.479452
4,A1_SU-35,0.00224453257,175,191,0,1.000000,0.521858,0.478142
4,A1_SU-35,0.00224422966,175,192,0,1.000000,0.523161,0.476839
4,A1_SU-35,0.00224082521,175,193,0,1.000000,0.524457,0.475543
4,A1_SU-35,0.00222517084,175,194,0,1.000000,0.525745,0.474255
4,A1_SU-35,0.00222113263,175,195,0,1.000000,0.527027,0.472973
4,A1_SU-35,0.00221272791,175,196,0,1.000000,0.528302,0.471698
4,A1_SU-35,0.00219617249,175,197,0,1.000000,0.529570,0.470430
4,A1_SU-35,0.00214772648,175,198,0,1.000000,0.530831,0.469169
4,A1_SU-35,0.00213384395,175,199,0,1.000000,0.532086,0.467914
4,A1_SU-35,0.00212904555,175,200,0,1.000000,0.533333,0.466667
4,A1_SU-35,0.00211659214,175,201,0,1.000000,0.534574,0.465426
4,A1_SU-35,0.00210168608,175,202,0,1.000000,0.535809,0.464191
4,A1_SU-35,0.0020971261,175,203,0,1.000000,0.537037,0.462963
4,A1_SU-35,0.00203887024,175,204,0,1.000000,0.538259,0.461741
4,A1_SU-35,0.00203058636,175,205,0,1.000000,0.539474,0.460526
4,A1_SU-35,0.00199050526,175,206,0,1.000000,0.540682,0.459318
4,A1_SU-35,0.00197782437,175,207,0,1.000000,0.541885,0.458115
4,A1_SU-35,0.00197739759,175,208,0,1.000000,0.543081,0.456919
4,A1_SU-35,0.00196747435,175,209,0,1.000000,0.544271,0.455729
4,A1_SU-35,0.00194178033,175,210,0,1.000000,0.545455,0.454545
4,A1_SU-35,0.00192563212,175,211,0,1.000000,0.546632,0.453368
4,A1_SU-35,0.00191612809,175,212,0,1.000000,0.547804,0.452196
4,A1_SU-35,0.00188943767,175,213,0,1.000000,0.548969,0.451031
4,A1_SU-35,0.00185325334,175,214,0,1.000000,0.550129,0.449871
4,A1_SU-35,0.00183120975,175,215,0,1.000000,0.551282,0.448718
4,A1_SU-35,0.00181926787,175,216,0,1.000000,0.552430,0.447570
4,A1_SU-35,0.00180612796,175,217,0,1.000000,0.553571,0.446429
4,A1_SU-35,0.00179616048,175,218,0,1.000000,0.554707,0.445293
4,A1_SU-35,0.00177606137,175,219,0,1.000000,0.555838,0.444162
4,A1_SU-35,0.00175338751,175,220,0,1.000000,0.556962,0.443038
4,A1_SU-35,0.0017348337,175,221,0,1.000000,0.558081,0.441919
4,A1_SU-35,0.00171994022,175,222,0,1.000000,0.559194,0.440806
4,A1_SU-35,0.00169427635,175,223,0,1.000000,0.560302,0.439698
4,A1_SU-35,0.00168449734,175,224,0,1.000000,0.561404,0.438596
4,A1_SU-35,0.00167744805,175,225,0,1.000000,0.562500,0.437500
4,A1_SU-35,0.00167683337,175,226,0,1.000000,0.563591,0.436409
4,A1_SU-35,0.00165987189,175,227,0,1.000000,0.564677,0.435323
4,A1_SU-35,0.00164999184,175,228,0,1.000000,0.565757,0.434243
4,A1_SU-35,0.00161100889,175,229,0,1.000000,0.566832,0.433168
4,A1_SU-35,0.0015934743,175,230,0,1.000000,0.567901,0.432099
4,A1_SU-35,0.00158149633,175,231,0,1.000000,0.568966,0.431034
4,A1_SU-35,0.00157431758,175,232,0,1.000000,0.570025,0.429975
4,A1_SU-35,0.00154889165,175,233,0,1.000000,0.571078,0.428922
4,A1_SU-35,0.00154822785,175,234,0,1.000000,0.572127,0.427873
4,A1_SU-35,0.00153667096,175,235,0,1.000000,0.573171,0.426829
4,A1_SU-35,0.00153182459,175,236,0,1.000000,0.574209,0.425791
4,A1_SU-35,0.00152916333,175,237,0,1.000000,0.575243,0.424757
4,A1_SU-35,0.00150543137,175,238,0,1.000000,0.576271,0.423729
4,A1_SU-35,0.00148761785,175,239,0,1.000000,0.577295,0.422705
4,A1_SU-35,0.00146773492,175,240,0,1.000000,0.578313,0.421687
4,A1_SU-35,0.00145493646,175,241,0,1.000000,0.579327,0.420673
4,A1_SU-35,0.00145155401,175,242,0,1.000000,0.580336,0.419664
4,A1_SU-35,0.00144804106,175,243,0,1.000000,0.581340,0.418660
4,A1_SU-35,0.00144636224,175,244,0,1.000000,0.582339,0.417661
4,A1_SU-35,0.00143856974,175,245,0,1.000000,0.583333,0.416667
4,A1_SU-35,0.00141635654,175,246,0,1.000000,0.584323,0.415677
4,A1_SU-35,0.00141012657,175,247,0,1.000000,0.585308,0.414692
4,A1_SU-35,0.00140701921,175,248,0,1.000000,0.586288,0.413712
4,A1_SU-35,0.00139986037,175,249,0,1.000000,0.587264,0.412736
4,A1_SU-35,0.00139900995,175,250,0,1.000000,0.588235,0.411765
4,A1_SU-35,0.00139039673,175,251,0,1.000000,0.589202,0.410798
4,A1_SU-35,0.00138635223,175,252,0,1.000000,0.590164,0.409836
4,A1_SU-35,0.00137687649,175,253,0,1.000000,0.591121,0.408879
4,A1_SU-35,0.00137508905,175,254,0,1.000000,0.592075,0.407925
4,A1_SU-35,0.00137033348,175,255,0,1.000000,0.593023,0.406977
4,A1_SU-35,0.00136953313,175,256,0,1.000000,0.593968,0.406032
4,A1_SU-35,0.00136082678,175,257,0,1.000000,0.594907,0.405093
4,A1_SU-35,0.00134987559,175,258,0,1.000000,0.595843,0.404157
4,A1_SU-35,0.00134850899,175,259,0,1.000000,0.596774,0.403226
4,A1_SU-35,0.00134281011,175,260,0,1.000000,0.597701,0.402299
4,A1_SU-35,0.0013394272,175,261,0,1.000000,0.598624,0.401376
4,A1_SU-35,0.00133578747,175,262,0,1.000000,0.599542,0.400458
4,A1_SU-35,0.00133256579,175,263,0,1.000000,0.600457,0.399543
4,A1_SU-35,0.00132666714,175,264,0,1.000000,0.601367,0.398633
4,A1_SU-35,0.00132297608,175,265,0,1.000000,0.602273,0.397727
4,A1_SU-35,0.00130577816,175,266,0,1.000000,0.603175,0.396825
4,A1_SU-35,0.00129113137,175,267,0,1.000000,0.604072,0.395928
4,A1_SU-35,0.0012835745,175,268,0,1.000000,0.604966,0.395034
4,A1_SU-35,0.00128117797,175,269,0,1.000000,0.605856,0.394144
4,A1_SU-35,0.00126178563,175,270,0,1.000000,0.606742,0.393258
4,A1_SU-35,0.00125853461,175,271,0,1.000000,0.607623,0.392377
4,A1_SU-35,0.00125799899,175,272,0,1.000000,0.608501,0.391499
4,A1_SU-35,0.00125479302,175,273,0,1.000000,0.609375,0.390625
4,A1_SU-35,0.00124388095,175,274,0,1.000000,0.610245,0.389755
4,A1_SU-35,0.00123724609,175,275,0,1.000000,0.611111,0.388889
4,A1_SU-35,0.00123059074,175,276,0,1.000000,0.611973,0.388027
4,A1_SU-35,0.00122922333,175,277,0,1.000000,0.612832,0.387168
4,A1_SU-35,0.00122572633,175,278,0,1.000000,0.613687,0.386313
4,A1_SU-35,0.00122396601,175,279,0,1.000000,0.614537,0.385463
4,A1_SU-35,0.00122128963,175,280,0,1.000000,0.615385,0.384615
4,A1_SU-35,0.00121693325,175,281,0,1.000000,0.616228,0.383772
4,A1_SU-35,0.00121210527,175,282,0,1.000000,0.617068,0.382932
4,A1_SU-35,0.0011972473,175,283,0,1.000000,0.617904,0.382096
4,A1_SU-35,0.00119608687,175,284,0,1.000000,0.618736,0.381264
4,A1_SU-35,0.00118031295,175,285,0,1.000000,0.619565,0.380435
4,A1_SU-35,0.00116497872,175,286,0,1.000000,0.620390,0.379610
4,A1_SU-35,0.00115354301,175,287,0,1.000000,0.621212,0.378788
4,A1_SU-35,0.00114366191,175,288,0,1.000000,0.622030,0.377970
4,A1_SU-35,0.00113844522,175,289,0,1.000000,0.622845,0.377155
4,A1_SU-35,0.0011369345,175,290,0,1.000000,0.623656,0.376344
4,A1_SU-35,0.00113263389,175,291,0,1.000000,0.624464,0.375536
4,A1_SU-35,0.00113146228,175,292,0,1.000000,0.625268,0.374732
4,A1_SU-35,0.00112694735,175,293,0,1.000000,0.626068,0.373932
4,A1_SU-35,0.00112021272,175,294,0,1.000000,0.626866,0.373134
4,A1_SU-35,0.00111713051,175,295,0,1.000000,0.627660,0.372340
4,A1_SU-35,0.0011017652,175,296,0,1.000000,0.628450,0.371550
4,A1_SU-35,0.00109603489,175,297,0,1.000000,0.629237,0.370763
4,A1_SU-35,0.0010957286,175,298,0,1.000000,0.630021,0.369979
4,A1_SU-35,0.00109175488,175,299,0,1.000000,0.630802,0.369198
4,A1_SU-35,0.00108310452,175,300,0,1.000000,0.631579,0.368421
4,A1_SU-35,0.00107924116,175,301,0,1.000000,0.632353,0.367647
4,A1_SU-35,0.00107922917,175,302,0,1.000000,0.633124,0.366876
4,A1_SU-35,0.00106794364,175,303,0,1.000000,0.633891,0.366109
4,A1_SU-35,0.00106614153,175,304,0,1.000000,0.634656,0.365344
4,A1_SU-35,0.00105707697,175,305,0,1.000000,0.635417,0.364583
4,A1_SU-35,0.00105586112,175,306,0,1.000000,0.636175,0.363825
4,A1_SU-35,0.0010487407,175,307,0,1.000000,0.636929,0.363071
4,A1_SU-35,0.00104320282,175,308,0,1.000000,0.637681,0.362319
4,A1_SU-35,0.00104109163,175,309,0,1.000000,0.638430,0.361570
4,A1_SU-35,0.0010331024,175,310,0,1.000000,0.639175,0.360825
4,A1_SU-35,0.00102610502,175,311,0,1.000000,0.639918,0.360082
4,A1_SU-35,0.00102294784,175,312,0,1.000000,0.640657,0.359343
4,A1_SU-35,0.00102249393,175,313,0,1.000000,0.641393,0.358607
4,A1_SU-35,0.0010222256,175,314,0,1.000000,0.642127,0.357873
5,A2_C-130,0.999966383,0,0,186,0.000000,0.000000,0.000000
5,A2_C-130,0.999966383,1,0,185,0.005376,0.000000,1.000000
5,A2_C-130,0.999958634,2,0,184,0.010753,0.000000,1.000000
5,A2_C-130,0.999956489,3,0,183,0.016129,0.000000,1.000000
5,A2_C-130,0.999956131,4,0,182,0.021505,0.000000,1.000000
5,A2_C-130,0.999956012,5,0,181,0.026882,0.000000,1.000000
5,A2_C-130,0.999952674,6,0,180,0.032258,0.000000,1.000000
5,A2_C-130,0.999949932,7,0,179,0.037634,0.000000,1.000000
5,A2_C-130,0.999932408,8,0,178,0.043011,0.000000,1.000000
5,A2_C-130,0.999930143,9,0,177,0.048387,0.000000,1.000000
5,A2_C-130,0.999929905,10,0,176,0.053763,0.000000,1.000000
5,A2_C-130,0.99992609,11,0,175,0.059140,0.000000,1.000000
5,A2_C-130,0.999925137,12,0,174,0.064516,0.000000,1.000000
5,A2_C-130,0.999922633,13,0,173,0.069892,0.000000,1.000000
5,A2_C-130,0.999915957,14,0,172,0.075269,0.000000,1.000000
5,A2_C-130,0.999914408,15,0,171,0.080645,0.000000,1.000000
5,A2_C-130,0.999914169,16,0,170,0.086022,0.000000,1.000000
5,A2_C-130,0.999913454,17,0,169,0.091398,0.000000,1.000000
5,A2_C-130,0.999906778,18,0,168,0.096774,0.000000,1.000000
5,A2_C-130,0.999905705,19,0,167,0.102151,0.000000,1.000000
5,A2_C-130,0.999901175,20,0,166,0.107527,0.000000,1.000000
5,A2_C-130,0.999900699,21,0,165,0.112903,0.000000,1.000000
5,A2_C-130,0.999898791,22,0,164,0.118280,0.000000,1.000000
5,A2_C-130,0.999896526,23,0,163,0.123656,0.000000,1.000000
5,A2_C-130,0.999894381,24,0,162,0.129032,0.000000,1.000000
5,A2_C-130,0.999888659,25,0,161,0.134409,0.000000,1.000000
5,A2_C-130,0.999885321,26,0,160,0.139785,0.000000,1.000000
5,A2_C-130,0.999881625,27,0,159,0.145161,0.000000,1.000000
5,A2_C-130,0.999881506,28,0,158,0.150538,0.000000,1.000000
5,A2_C-130,0.999881387,29,0,157,0.155914,0.000000,1.000000
5,A2_C-130,0.999881148,30,0,156,0.161290,0.000000,1.000000
5,A2_C-130,0.999881029,31,0,155,0.166667,0.000000,1.000000
5,A2_C-130,0.999873638,32,0,154,0.172043,0.000000,1.000000
5,A2_C-130,0.999871731,33,0,153,0.177419,0.000000,1.000000
5,A2_C-130,0.99986732,34,0,152,0.182796,0.000000,1.000000
5,A2_C-130,0.999865413,35,0,151,0.188172,0.000000,1.000000
5,A2_C-130,0.999861479,36,0,150,0.193548,0.000000,1.000000
5,A2_C-130,0.99985826,37,0,149,0.198925,0.000000,1.000000
5,A2_C-130,0.999852657,38,0,148,0.204301,0.000000,1.000000
5,A2_C-130,0.99984324,39,0,147,0.209677,0.000000,1.000000
5,A2_C-130,0.999842644,40,0,146,0.215054,0.000000,1.000000
5,A2_C-130,0.999842048,41,0,145,0.220430,0.000000,1.000000
5,A2_C-130,0.999838233,42,0,144,0.225806,0.000000,1.000000
5,A2_C-130,0.999834657,43,0,143,0.231183,0.000000,1.000000
5,A2_C-130,0.999834538,44,0,142,0.236559,0.000000,1.000000
5,A2_C-130,0.999829173,45,0,141,0.241935,0.000000,1.000000
5,A2_C-130,0.999828577,46,0,140,0.247312,0.000000,1.000000
5,A2_C-130,0.999826491,47,0,139,0.252688,0.000000,1.000000
5,A2_C-130,0.999824345,48,0,138,0.258065,0.000000,1.000000
5,A2_C-130,0.999824226,49,0,137,0.263441,0.000000,1.000000
5,A2_C-130,0.999823987,50,0,136,0.268817,0.000000,1.000000
5,A2_C-130,0.999822795,51,0,135,0.274194,0.000000,1.000000
5,A2_C-130,0.999819577,52,0,134,0.279570,0.000000,1.000000
5,A2_C-130,0.999814451,53,0,133,0.284946,0.000000,1.000000
5,A2_C-130,0.999813735,54,0,132,0.290323,0.000000,1.000000
5,A2_C-130,0.999813497,55,0,131,0.295699,0.000000,1.000000
5,A2_C-130,0.999810278,56,0,130,0.301075,0.000000,1.000000
5,A2_C-130,0.99981004,58,0,128,0.311828,0.000000,1.000000
5,A2_C-130,0.999808967,59,0,127,0.317204,0.000000,1.000000
5,A2_C-130,0.99980849,60,0,126,0.322581,0.000000,1.000000
5,A2_C-130,0.999807775,61,0,125,0.327957,0.000000,1.000000
5,A2_C-130,0.999807417,62,0,124,0.333333,0.000000,1.000000
5,A2_C-130,0.999806821,63,0,123,0.338710,0.000000,1.000000
5,A2_C-130,0.999804437,64,0,122,0.344086,0.000000,1.000000
5,A2_C-130,0.999802411,65,0,121,0.349462,0.000000,1.000000
5,A2_C-130,0.999801576,66,0,120,0.354839,0.000000,1.000000
5,A2_C-130,0.999799907,67,0,119,0.360215,0.000000,1.000000
5,A2_C-130,0.999789655,68,0,118,0.365591,0.000000,1.000000
5,A2_C-130,0.999785841,69,0,117,0.370968,0.000000,1.000000
5,A2_C-130,0.99978286,70,0,116,0.376344,0.000000,1.000000
5,A2_C-130,0.999780357,71,0,115,0.381720,0.000000,1.000000
5,A2_C-130,0.999779522,72,0,114,0.387097,0.000000,1.000000
5,A2_C-130,0.9997738,73,0,113,0.392473,0.000000,1.000000
5,A2_C-130,0.999765337,74,0,112,0.397849,0.000000,1.000000
5,A2_C-130,0.999763072,75,0,111,0.403226,0.000000,1.000000
5,A2_C-130,0.999761999,76,0,110,0.408602,0.000000,1.000000
5,A2_C-130,0.999758899,77,0,109,0.413978,0.000000,1.000000
5,A2_C-130,0.999756873,78,0,108,0.419355,0.000000,1.000000
5,A2_C-130,0.999750197,79,0,107,0.424731,0.000000,1.000000
5,A2_C-130,0.99973315,80,0,106,0.430108,0.000000,1.000000
5,A2_C-130,0.999721467,81,0,105,0.435484,0.000000,1.000000
5,A2_C-130,0.999719799,82,0,104,0.440860,0.000000,1.000000
5,A2_C-130,0.999713123,83,0,103,0.446237,0.000000,1.000000
5,A2_C-130,0.999711573,84,0,102,0.451613,0.000000,1.000000
5,A2_C-130,0.999705732,85,0,101,0.456989,0.000000,1.000000
5,A2_C-130,0.999700904,86,0,100,0.462366,0.000000,1.000000
5,A2_C-130,0.999700665,87,0,99,0.467742,0.000000,1.000000
5,A2_C-130,0.999691367,88,0,98,0.473118,0.000000,1.000000
5,A2_C-130,0.99968183,89,0,97,0.478495,0.000000,1.000000
5,A2_C-130,0.999681592,90,0,96,0.483871,0.000000,1.000000
5,A2_C-130,0.9996804,91,0,95,0.489247,0.000000,1.000000
5,A2_C-130,0.999679923,92,0,94,0.494624,0.000000,1.000000
5,A2_C-130,0.999677539,93,0,93,0.500000,0.000000,1.000000
5,A2_C-130,0.99967289,94,0,92,0.505376,0.000000,1.000000
5,A2_C-130,0.999664307,95,0,91,0.510753,0.000000,1.000000
5,A2_C-130,0.999654055,96,0,90,0.516129,0.000000,1.000000
5,A2_C-130,0.999651551,97,0,89,0.521505,0.000000,1.000000
5,A2_C-130,0.999647021,98,0,88,0.526882,0.000000,1.000000
5,A2_C-130,0.999644279,99,0,87,0.532258,0.000000,1.000000
5,A2_C-130,0.999634027,100,0,86,0.537634,0.000000,1.000000
5,A2_C-130,0.999633789,101,0,85,0.543011,0.000000,1.000000
5,A2_C-130,0.999610722,102,0,84,0.548387,0.000000,1.000000
5,A2_C-130,0.999600947,103,0,83,0.553763,0.000000,1.000000
5,A2_C-130,0.999599755,104,0,82,0.559140,0.000000,1.000000
5,A2_C-130,0.999592721,105,0,81,0.564516,0.000000,1.000000
5,A2_C-130,0.999578178,106,0,80,0.569892,0.000000,1.000000
5,A2_C-130,0.999573886,107,0,79,0.575269,0.000000,1.000000
5,A2_C-130,0.999562204,108,0,78,0.580645,0.000000,1.000000
5,A2_C-130,0.999561131,110,0,76,0.591398,0.000000,1.000000
5,A2_C-130,0.999556482,111,0,75,0.596774,0.000000,1.000000
5,A2_C-130,0.999549925,112,0,74,0.602151,0.000000,1.000000
5,A2_C-130,0.999547303,113,0,73,0.607527,0.000000,1.000000
5,A2_C-130,0.999518156,114,0,72,0.612903,0.000000,1.000000
5,A2_C-130,0.999515891,115,0,71,0.618280,0.000000,1.000000
5,A2_C-130,0.999513626,116,0,70,0.623656,0.000000,1.000000
5,A2_C-130,0.99950695,117,0,69,0.629032,0.000000,1.000000
5,A2_C-130,0.999478996,118,0,68,0.634409,0.000000,1.000000
5,A2_C-130,0.999456584,119,0,67,0.639785,0.000000,1.000000
5,A2_C-130,0.999451697,120,0,66,0.645161,0.000000,1.000000
5,A2_C-130,0.999442279,121,0,65,0.650538,0.000000,1.000000
5,A2_C-130,0.999441803,122,0,64,0.655914,0.000000,1.000000
5,A2_C-130,0.999439776,123,0,63,0.661290,0.000000,1.000000
5,A2_C-130,0.999406099,124,0,62,0.666667,0.000000,1.000000
5,A2_C-130,0.99938643,125,0,61,0.672043,0.000000,1.000000
5,A2_C-130,0.999362171,126,0,60,0.677419,0.000000,1.000000
5,A2_C-130,0.999332964,127,0,59,0.682796,0.000000,1.000000
5,A2_C-130,0.999317288,128,0,58,0.688172,0.000000,1.000000
5,A2_C-130,0.999313116,129,0,57,0.693548,0.000000,1.000000
5,A2_C-130,0.999294519,130,0,56,0.698925,0.000000,1.000000
5,A2_C-130,0.999243617,131,0,55,0.704301,0.000000,1.000000
5,A2_C-130,0.999175012,132,0,54,0.709677,0.000000,1.000000
5,A2_C-130,0.999142408,133,0,53,0.715054,0.000000,1.000000
5,A2_C-130,0.999140859,134,0,52,0.720430,0.000000,1.000000
5,A2_C-130,0.999133646,135,0,51,0.725806,0.000000,1.000000
5,A2_C-130,0.999104202,136,0,50,0.731183,0.000000,1.000000
5,A2_C-130,0.99908042,137,0,49,0.736559,0.000000,1.000000
5,A2_C-130,0.999077916,138,0,48,0.741935,0.000000,1.000000
5,A2_C-130,0.999073505,139,0,47,0.747312,0.000000,1.000000
5,A2_C-130,0.999023795,140,0,46,0.752688,0.000000,1.000000
5,A2_C-130,0.999020457,141,0,45,0.758065,0.000000,1.000000
5,A2_C-130,0.999010086,142,0,44,0.763441,0.000000,1.000000
5,A2_C-130,0.998773158,143,0,43,0.768817,0.000000,1.000000
5,A2_C-130,0.998764038,144,0,42,0.774194,0.000000,1.000000
5,A2_C-130,0.99872297,145,0,41,0.779570,0.000000,1.000000
5,A2_C-130,0.998649299,146,0,40,0.784946,0.000000,1.000000
5,A2_C-130,0.998625875,147,0,39,0.790323,0.000000,1.000000
5,A2_C-130,0.998558342,148,0,38,0.795699,0.000000,1.000000
5,A2_C-130,0.998554409,149,0,37,0.801075,0.000000,1.000000
5,A2_C-130,0.998491049,150,0,36,0.806452,0.000000,1.000000
5,A2_C-130,0.998454928,151,0,35,0.811828,0.000000,1.000000
5,A2_C-130,0.998321474,152,0,34,0.817204,0.000000,1.000000
5,A2_C-130,0.998285592,153,0,33,0.822581,0.000000,1.000000
5,A2_C-130,0.998105407,154,0,32,0.827957,0.000000,1.000000
5,A2_C-130,0.998063147,155,0,31,0.833333,0.000000,1.000000
5,A2_C-130,0.998030484,156,0,30,0.838710,0.000000,1.000000
5,A2_C-130,0.997845173,157,0,29,0.844086,0.000000,1.000000
5,A2_C-130,0.997808039,158,0,28,0.849462,0.000000,1.000000
5,A2_C-130,0.997421503,159,0,27,0.854839,0.000000,1.000000
5,A2_C-130,0.997209013,160,0,26,0.860215,0.000000,1.000000
5,A2_C-130,0.997155905,161,0,25,0.865591,0.000000,1.000000
5,A2_C-130,0.997077346,162,0,24,0.870968,0.000000,1.000000
5,A2_C-130,0.997040927,163,0,23,0.876344,0.000000,1.000000
5,A2_C-130,0.996901155,164,0,22,0.881720,0.000000,1.000000
5,A2_C-130,0.99665314,165,0,21,0.887097,0.000000,1.000000
5,A2_C-130,0.994564295,166,0,20,0.892473,0.000000,1.000000
5,A2_C-130,0.99438417,167,0,19,0.897849,0.000000,1.000000
5,A2_C-130,0.993145227,168,0,18,0.903226,0.000000,1.000000
5,A2_C-130,0.98976934,169,0,17,0.908602,0.000000,1.000000
5,A2_C-130,0.985150397,170,0,16,0.913978,0.000000,1.000000
5,A2_C-130,0.98502779,171,0,15,0.919355,0.000000,1.000000
5,A2_C-130,0.984995544,172,0,14,0.924731,0.000000,1.000000
5,A2_C-130,0.984033465,173,0,13,0.930108,0.000000,1.000000
5,A2_C-130,0.983936906,174,0,12,0.935484,0.000000,1.000000
5,A2_C-130,0.97687465,175,0,11,0.940860,0.000000,1.000000
5,A2_C-130,0.975080073,176,0,10,0.946237,0.000000,1.000000
5,A2_C-130,0.970536292,177,0,9,0.951613,0.000000,1.000000
5,A2_C-130,0.969219565,178,0,8,0.956989,0.000000,1.000000
5,A2_C-130,0.962185919,179,0,7,0.962366,0.000000,1.000000
5,A2_C-130,0.88975513,180,0,6,0.967742,0.000000,1.000000
5,A2_C-130,0.869616985,181,0,5,0.973118,0.000000,1.000000
5,A2_C-130,0.853077054,182,0,4,0.978495,0.000000,1.000000
5,A2_C-130,0.809324026,182,1,4,0.978495,0.005464,0.994536
5,A2_C-130,0.790694296,182,2,4,0.978495,0.010870,0.989130
5,A2_C-130,0.534443021,182,3,4,0.978495,0.016216,0.983784
5,A2_C-130,0.389152437,183,3,3,0.983871,0.016129,0.983871
5,A2_C-130,0.248076171,183,4,3,0.983871,0.021390,0.978610
5,A2_C-130,0.223377585,183,5,3,0.983871,0.026596,0.973404
5,A2_C-130,0.189852968,183,6,3,0.983871,0.031746,0.968254
5,A2_C-130,0.17924431,184,6,2,0.989247,0.031579,0.968421
5,A2_C-130,0.133585021,184,7,2,0.989247,0.036649,0.963351
5,A2_C-130,0.11032632,184,8,2,0.989247,0.041667,0.958333
5,A2_C-130,0.0838679075,184,9,2,0.989247,0.046632,0.953368
5,A2_C-130,0.0806858018,184,10,2,0.989247,0.051546,0.948454
5,A2_C-130,0.0697061792,184,11,2,0.989247,0.056410,0.943590
5,A2_C-130,0.0560363419,184,12,2,0.989247,0.061224,0.938776
5,A2_C-130,0.0543040819,184,13,2,0.989247,0.065990,0.934010
5,A2_C-130,0.0513430201,184,14,2,0.989247,0.070707,0.929293
5,A2_C-130,0.0501442961,184,15,2,0.989247,0.075377,0.924623
5,A2_C-130,0.0474367663,184,16,2,0.989247,0.080000,0.920000
5,A2_C-130,0.0397175625,184,17,2,0.989247,0.084577,0.915423
5,A2_C-130,0.0327222459,184,18,2,0.989247,0.089109,0.910891
5,A2_C-130,0.0313315205,184,19,2,0.989247,0.093596,0.906404
5,A2_C-130,0.0306865163,184,20,2,0.989247,0.098039,0.901961
5,A2_C-130,0.0305010527,184,21,2,0.989247,0.102439,0.897561
5,A2_C-130,0.0285756513,184,22,2,0.989247,0.106796,0.893204
5,A2_C-130,0.0234156568,184,23,2,0.989247,0.111111,0.888889
5,A2_C-130,0.0216859542,184,24,2,0.989247,0.115385,0.884615
5,A2_C-130,0.018790286,184,25,2,0.989247,0.119617,0.880383
5,A2_C-130,0.0182847045,184,26,2,0.989247,0.123810,0.876190
5,A2_C-130,0.0182246398,184,27,2,0.989247,0.127962,0.872038
5,A2_C-130,0.0181571115,184,28,2,0.989247,0.132075,0.867925
5,A2_C-130,0.0173359718,184,29,2,0.989247,0.136150,0.863850
5,A2_C-130,0.0170026366,184,30,2,0.989247,0.140187,0.859813
5,A2_C-130,0.0155344307,184,31,2,0.989247,0.144186,0.855814
5,A2_C-130,0.0146234529,184,32,2,0.989247,0.148148,0.851852
5,A2_C-130,0.0145995887,184,33,2,0.989247,0.152074,0.847926
5,A2_C-130,0.0144042363,184,34,2,0.989247,0.155963,0.844037
5,A2_C-130,0.0141520035,184,35,2,0.989247,0.159817,0.840183
5,A2_C-130,0.0138520952,184,36,2,0.989247,0.163636,0.836364
5,A2_C-130,0.0133394338,184,37,2,0.989247,0.167421,0.832579
5,A2_C-130,0.0130492058,184,38,2,0.989247,0.171171,0.828829
5,A2_C-130,0.0127768796,184,39,2,0.989247,0.174888,0.825112
5,A2_C-130,0.0116650779,184,40,2,0.989247,0.178571,0.821429
5,A2_C-130,0.0114753367,184,41,2,0.989247,0.182222,0.817778
5,A2_C-130,0.0113645541,184,42,2,0.989247,0.185841,0.814159
5,A2_C-130,0.0105076674,184,43,2,0.989247,0.189427,0.810573
5,A2_C-130,0.0105049387,184,44,2,0.989247,0.192982,0.807018
5,A2_C-130,0.0103568789,184,45,2,0.989247,0.196507,0.803493
5,A2_C-130,0.0101186112,184,46,2,0.989247,0.200000,0.800000
5,A2_C-130,0.00988616049,184,47,2,0.989247,0.203463,0.796537
5,A2_C-130,0.00944200996,184,48,2,0.989247,0.206897,0.793103
5,A2_C-130,0.00909154117,184,49,2,0.989247,0.210300,0.789700
5,A2_C-130,0.00888928305,184,50,2,0.989247,0.213675,0.786325
5,A2_C-130,0.00872432161,184,51,2,0.989247,0.217021,0.782979
5,A2_C-130,0.00870550238,184,52,2,0.989247,0.220339,0.779661
5,A2_C-130,0.00843515061,184,53,2,0.989247,0.223629,0.776371
5,A2_C-130,0.00809379667,184,54,2,0.989247,0.226891,0.773109
5,A2_C-130,0.00767623354,184,55,2,0.989247,0.230126,0.769874
5,A2_C-130,0.00716290995,184,56,2,0.989247,0.233333,0.766667
5,A2_C-130,0.0071582878,184,57,2,0.989247,0.236515,0.763485
5,A2_C-130,0.00681811105,184,58,2,0.989247,0.239669,0.760331
5,A2_C-130,0.00657658791,184,59,2,0.989247,0.242798,0.757202
5,A2_C-130,0.00641704211,184,60,2,0.989247,0.245902,0.754098
5,A2_C-130,0.0063752383,184,61,2,0.989247,0.248980,0.751020
5,A2_C-130,0.00632158667,184,62,2,0.989247,0.252033,0.747967
5,A2_C-130,0.00614319742,184,63,2,0.989247,0.255061,0.744939
5,A2_C-130,0.00613195496,184,64,2,0.989247,0.258065,0.741935
5,A2_C-130,0.00580743141,184,65,2,0.989247,0.261044,0.738956
5,A2_C-130,0.00574906729,184,66,2,0.989247,0.264000,0.736000
5,A2_C-130,0.00573350117,184,67,2,0.989247,0.266932,0.733068
5,A2_C-130,0.00570864882,184,68,2,0.989247,0.269841,0.730159
5,A2_C-130,0.00569879031,184,69,2,0.989247,0.272727,0.727273
5,A2_C-130,0.00561498618,184,70,2,0.989247,0.275591,0.724409
5,A2_C-130,0.00552433915,184,71,2,0.989247,0.278431,0.721569
5,A2_C-130,0.00548041565,184,72,2,0.989247,0.281250,0.718750
5,A2_C-130,0.00534710614,184,73,2,0.989247,0.284047,0.715953
5,A2_C-130,0.0053006066,184,74,2,0.989247,0.286822,0.713178
5,A2_C-130,0.00519595621,184,75,2,0.989247,0.289575,0.710425
5,A2_C-130,0.0051880735,184,76,2,0.989247,0.292308,0.707692
5,A2_C-130,0.00508516189,184,77,2,0.989247,0.295019,0.704981
5,A2_C-130,0.00501778722,184,78,2,0.989247,0.297710,0.702290
5,A2_C-130,0.0049200342,184,79,2,0.989247,0.300380,0.699620
5,A2_C-130,0.00487043709,184,80,2,0.989247,0.303030,0.696970
5,A2_C-130,0.00478132395,184,81,2,0.989247,0.305660,0.694340
5,A2_C-130,0.00468112295,184,82,2,0.989247,0.308271,0.691729
5,A2_C-130,0.00459610159,184,83,2,0.989247,0.310861,0.689139
5,A2_C-130,0.00457176287,184,84,2,0.989247,0.313433,0.686567
5,A2_C-130,0.004541195,184,85,2,0.989247,0.315985,0.684015
5,A2_C-130,0.00449707126,184,86,2,0.989247,0.318519,0.681481
5,A2_C-130,0.00448481692,184,87,2,0.989247,0.321033,0.678967
5,A2_C-130,0.00447604014,184,88,2,0.989247,0.323529,0.676471
5,A2_C-130,0.00443547219,184,89,2,0.989247,0.326007,0.673993
5,A2_C-130,0.00438660989,185,89,1,0.994624,0.324818,0.675182
5,A2_C-130,0.00435866136,185,90,1,0.994624,0.327273,0.672727
5,A2_C-130,0.00433621416,185,91,1,0.994624,0.329710,0.670290
5,A2_C-130,0.00432166783,185,92,1,0.994624,0.332130,0.667870
5,A2_C-130,0.00413444825,185,93,1,0.994624,0.334532,0.665468
5,A2_C-130,0.00412655389,185,94,1,0.994624,0.336918,0.663082
5,A2_C-130,0.00408003153,185,95,1,0.994624,0.339286,0.660714
5,A2_C-130,0.00401557377,185,96,1,0.994624,0.341637,0.658363
5,A2_C-130,0.00400513038,185,97,1,0.994624,0.343972,0.656028
5,A2_C-130,0.00399133936,185,98,1,0.994624,0.346290,0.653710
5,A2_C-130,0.00395260332,185,99,1,0.994624,0.348592,0.651408
5,A2_C-130,0.00393405976,185,100,1,0.994624,0.350877,0.649123
5,A2_C-130,0.00381254638,185,101,1,0.994624,0.353147,0.646853
5,A2_C-130,0.00380261964,185,102,1,0.994624,0.355401,0.644599
5,A2_C-130,0.00377803203,185,103,1,0.994624,0.357639,0.642361
5,A2_C-130,0.00375751709,185,104,1,0.994624,0.359862,0.640138
5,A2_C-130,0.0036457621,185,105,1,0.994624,0.362069,0.637931
5,A2_C-130,0.00363680185,185,106,1,0.994624,0.364261,0.635739
5,A2_C-130,0.00361541891,185,107,1,0.994624,0.366438,0.633562
5,A2_C-130,0.00352322822,185,108,1,0.994624,0.368601,0.631399
5,A2_C-130,0.00349334115,185,109,1,0.994624,0.370748,0.629252
5,A2_C-130,0.00340339658,185,110,1,0.994624,0.372881,0.627119
5,A2_C-130,0.00335373124,185,111,1,0.994624,0.375000,0.625000
5,A2_C-130,0.00331796147,185,112,1,0.994624,0.377104,0.622896
5,A2_C-130,0.00324447756,185,113,1,0.994624,0.379195,0.620805
5,A2_C-130,0.0030852675,185,114,1,0.994624,0.381271,0.618729
5,A2_C-130,0.00307112979,185,115,1,0.994624,0.383333,0.616667
5,A2_C-130,0.00302140531,185,116,1,0.994624,0.385382,0.614618
5,A2_C-130,0.00301961577,185,117,1,0.994624,0.387417,0.612583
5,A2_C-130,0.00294912071,185,118,1,0.994624,0.389439,0.610561
5,A2_C-130,0.00294747716,185,119,1,0.994624,0.391447,0.608553
5,A2_C-130,0.00294081587,185,120,1,0.994624,0.393443,0.606557
5,A2_C-130,0.00291986973,185,121,1,0.994624,0.395425,0.604575
5,A2_C-130,0.00291284476,185,122,1,0.994624,0.397394,0.602606
5,A2_C-130,0.00287544122,185,123,1,0.994624,0.399351,0.600649
5,A2_C-130,0.0027631307,185,124,1,0.994624,0.401294,0.598706
5,A2_C-130,0.00261158659,185,125,1,0.994624,0.403226,0.596774
5,A2_C-130,0.00257037627,185,126,1,0.994624,0.405145,0.594855
5,A2_C-130,0.0025450387,185,127,1,0.994624,0.407051,0.592949
5,A2_C-130,0.00251406594,185,128,1,0.994624,0.408946,0.591054
5,A2_C-130,0.00245219702,185,129,1,0.994624,0.410828,0.589172
5,A2_C-130,0.00245174672,185,130,1,0.994624,0.412698,0.587302
5,A2_C-130,0.00244733342,185,131,1,0.994624,0.414557,0.585443
5,A2_C-130,0.00239617727,185,132,1,0.994624,0.416404,0.583596
5,A2_C-130,0.00237007393,185,133,1,0.994624,0.418239,0.581761
5,A2_C-130,0.00225505373,185,134,1,0.994624,0.420063,0.579937
5,A2_C-130,0.00221564621,185,135,1,0.994624,0.421875,0.578125
5,A2_C-130,0.00214687153,185,136,1,0.994624,0.423676,0.576324
5,A2_C-130,0.00214133062,185,137,1,0.994624,0.425466,0.574534
5,A2_C-130,0.00212396216,185,138,1,0.994624,0.427245,0.572755
5,A2_C-130,0.00207762467,185,139,1,0.994624,0.429012,0.570988
5,A2_C-130,0.00206825323,185,140,1,0.994624,0.430769,0.569231
5,A2_C-130,0.00203290395,185,141,1,0.994624,0.432515,0.567485
5,A2_C-130,0.002027462,185,142,1,0.994624,0.434251,0.565749
5,A2_C-130,0.00198166026,185,143,1,0.994624,0.435976,0.564024
5,A2_C-130,0.00195484725,185,144,1,0.994624,0.437690,0.562310
5,A2_C-130,0.00195206946,185,145,1,0.994624,0.439394,0.560606
5,A2_C-130,0.00194421841,185,146,1,0.994624,0.441088,0.558912
5,A2_C-130,0.00191847084,185,147,1,0.994624,0.442771,0.557229
5,A2_C-130,0.00190679578,185,148,1,0.994624,0.444444,0.555556
5,A2_C-130,0.00188625744,185,149,1,0.994624,0.446108,0.553892
5,A2_C-130,0.00188125588,185,150,1,0.994624,0.447761,0.552239
5,A2_C-130,0.00188109302,185,151,1,0.994624,0.449405,0.550595
5,A2_C-130,0.00182699785,185,152,1,0.994624,0.451039,0.548961
5,A2_C-130,0.00181618601,185,153,1,0.994624,0.452663,0.547337
5,A2_C-130,0.00181598123,185,154,1,0.994624,0.454277,0.545723
5,A2_C-130,0.00180828909,185,155,1,0.994624,0.455882,0.544118
5,A2_C-130,0.00180783344,185,156,1,0.994624,0.457478,0.542522
5,A2_C-130,0.00179074646,185,157,1,0.994624,0.459064,0.540936
5,A2_C-130,0.00175491336,185,158,1,0.994624,0.460641,0.539359
5,A2_C-130,0.00170367828,185,159,1,0.994624,0.462209,0.537791
5,A2_C-130,0.00168674113,185,160,1,0.994624,0.463768,0.536232
5,A2_C-130,0.00168597966,185,161,1,0.994624,0.465318,0.534682
5,A2_C-130,0.00166492257,185,162,1,0.994624,0.466859,0.533141
5,A2_C-130,0.00166336843,185,163,1,0.994624,0.468391,0.531609
5,A2_C-130,0.00166248193,185,164,1,0.994624,0.469914,0.530086
5,A2_C-130,0.00166081428,185,165,1,0.994624,0.471429,0.528571
5,A2_C-130,0.00165558397,185,166,1,0.994624,0.472934,0.527066
5,A2_C-130,0.00161069108,185,167,1,0.994624,0.474432,0.525568
5,A2_C-130,0.00160598627,185,168,1,0.994624,0.475921,0.524079
5,A2_C-130,0.00160025503,185,169,1,0.994624,0.477401,0.522599
5,A2_C-130,0.00160015246,185,170,1,0.994624,0.478873,0.521127
5,A2_C-130,0.00159760506,185,171,1,0.994624,0.480337,0.519663
5,A2_C-130,0.0015950005,185,172,1,0.994624,0.481793,0.518207
5,A2_C-130,0.00159032573,185,173,1,0.994624,0.483240,0.516760
5,A2_C-130,0.00157251651,185,174,1,0.994624,0.484680,0.515320
5,A2_C-130,0.00157248403,185,175,1,0.994624,0.486111,0.513889
5,A2_C-130,0.00156498677,185,176,1,0.994624,0.487535,0.512465
5,A2_C-130,0.00152690103,185,177,1,0.994624,0.488950,0.511050
5,A2_C-130,0.00152279378,185,178,1,0.994624,0.490358,0.509642
5,A2_C-130,0.00151664496,185,179,1,0.994624,0.491758,0.508242
5,A2_C-130,0.00151235703,185,180,1,0.994624,0.493151,0.506849
5,A2_C-130,0.00150183542,185,181,1,0.994624,0.494536,0.505464
5,A2_C-130,0.00148700946,185,182,1,0.994624,0.495913,0.504087
5,A2_C-130,0.00148535904,185,183,1,0.994624,0.497283,0.502717
5,A2_C-130,0.00147454592,185,184,1,0.994624,0.498645,0.501355
5,A2_C-130,0.00146507006,185,185,1,0.994624,0.500000,0.500000
5,A2_C-130,0.0014525369,185,186,1,0.994624,0.501348,0.498652
5,A2_C-130,0.00144918438,185,187,1,0.994624,0.502688,0.497312
5,A2_C-130,0.00142459327,185,188,1,0.994624,0.504021,0.495979
5,A2_C-130,0.00140860875,185,189,1,0.994624,0.505348,0.494652
5,A2_C-130,0.00137169217,185,190,1,0.994624,0.506667,0.493333
5,A2_C-130,0.00137006154,185,191,1,0.994624,0.507979,0.492021
5,A2_C-130,0.00136442983,185,192,1,0.994624,0.509284,0.490716
5,A2_C-130,0.00134861015,185,193,1,0.994624,0.510582,0.489418
5,A2_C-130,0.00134831318,185,194,1,0.994624,0.511873,0.488127
5,A2_C-130,0.00134828081,185,195,1,0.994624,0.513158,0.486842
5,A2_C-130,0.00134379219,185,196,1,0.994624,0.514436,0.485564
5,A2_C-130,0.00133018522,185,197,1,0.994624,0.515707,0.484293
5,A2_C-130,0.00132992724,185,198,1,0.994624,0.516971,0.483029
5,A2_C-130,0.00131507707,185,199,1,0.994624,0.518229,0.481771
5,A2_C-130,0.00130388956,185,200,1,0.994624,0.519481,0.480519
5,A2_C-130,0.00130358036,185,201,1,0.994624,0.520725,0.479275
5,A2_C-130,0.00130210258,185,202,1,0.994624,0.521964,0.478036
5,A2_C-130,0.00128365681,185,203,1,0.994624,0.523196,0.476804
5,A2_C-130,0.00128125912,185,204,1,0.994624,0.524422,0.475578
5,A2_C-130,0.00127868494,185,205,1,0.994624,0.525641,0.474359
5,A2_C-130,0.0012751607,185,206,1,0.994624,0.526854,0.473146
5,A2_C-130,0.00127300667,185,207,1,0.994624,0.528061,0.471939
5,A2_C-130,0.00124770135,185,208,1,0.994624,0.529262,0.470738
5,A2_C-130,0.0012436792,185,209,1,0.994624,0.530457,0.469543
5,A2_C-130,0.00124018686,185,210,1,0.994624,0.531646,0.468354
5,A2_C-130,0.00123747834,185,211,1,0.994624,0.532828,0.467172
5,A2_C-130,0.00123553467,185,212,1,0.994624,0.534005,0.465995
5,A2_C-130,0.00123553083,185,213,1,0.994624,0.535176,0.464824
5,A2_C-130,0.00123379659,185,214,1,0.994624,0.536341,0.463659
5,A2_C-130,0.00122296088,185,215,1,0.994624,0.537500,0.462500
5,A2_C-130,0.00122260745,185,216,1,0.994624,0.538653,0.461347
5,A2_C-130,0.00121537352,185,217,1,0.994624,0.539801,0.460199
5,A2_C-130,0.00121518178,185,218,1,0.994624,0.540943,0.459057
5,A2_C-130,0.0012063157,185,219,1,0.994624,0.542079,0.457921
5,A2_C-130,0.00120337389,185,220,1,0.994624,0.543210,0.456790
5,A2_C-130,0.00120161544,185,221,1,0.994624,0.544335,0.455665
5,A2_C-130,0.00119818607,185,222,1,0.994624,0.545455,0.454545
5,A2_C-130,0.00118646794,185,223,1,0.994624,0.546569,0.453431
5,A2_C-130,0.00118563254,185,224,1,0.994624,0.547677,0.452323
5,A2_C-130,0.00117834343,185,225,1,0.994624,0.548780,0.451220
5,A2_C-130,0.00117687695,185,226,1,0.994624,0.549878,0.450122
5,A2_C-130,0.00116463227,185,227,1,0.994624,0.550971,0.449029
5,A2_C-130,0.00115488819,185,228,1,0.994624,0.552058,0.447942
5,A2_C-130,0.00115024811,185,229,1,0.994624,0.553140,0.446860
5,A2_C-130,0.00114946894,185,230,1,0.994624,0.554217,0.445783
5,A2_C-130,0.00114308205,185,231,1,0.994624,0.555288,0.444712
5,A2_C-130,0.00114135211,185,232,1,0.994624,0.556355,0.443645
5,A2_C-130,0.00113938469,185,233,1,0.994624,0.557416,0.442584
5,A2_C-130,0.00113773055,185,234,1,0.994624,0.558473,0.441527
5,A2_C-130,0.00113568944,185,235,1,0.994624,0.559524,0.440476
5,A2_C-130,0.00111604284,185,236,1,0.994624,0.560570,0.439430
5,A2_C-130,0.0010993554,185,237,1,0.994624,0.561611,0.438389
5,A2_C-130,0.00109634968,185,238,1,0.994624,0.562648,0.437352
5,A2_C-130,0.00109460251,185,239,1,0.994624,0.563679,0.436321
5,A2_C-130,0.00108569232,185,240,1,0.994624,0.564706,0.435294
5,A2_C-130,0.00108073547,185,241,1,0.994624,0.565728,0.434272
5,A2_C-130,0.00107281969,185,242,1,0.994624,0.566745,0.433255
5,A2_C-130,0.0010645655,185,243,1,0.994624,0.567757,0.432243
5,A2_C-130,0.00106267352,185,244,1,0.994624,0.568765,0.431235
5,A2_C-130,0.00104293227,185,245,1,0.994624,0.569767,0.430233
5,A2_C-130,0.00103225594,185,246,1,0.994624,0.570766,0.429234
5,A2_C-130,0.00103194488,185,247,1,0.994624,0.571759,0.428241
5,A2_C-130,0.0010289487,185,248,1,0.994624,0.572748,0.427252
5,A2_C-130,0.00102704577,185,249,1,0.994624,0.573733,0.426267
5,A2_C-130,0.0010269112,185,250,1,0.994624,0.574713,0.425287
5,A2_C-130,0.00101106986,185,251,1,0.994624,0.575688,0.424312
5,A2_C-130,0.00101009069,185,252,1,0.994624,0.576659,0.423341
6,A3_C-17,0.999943495,0,0,178,0.000000,0.000000,0.000000
6,A3_C-17,0.999943495,1,0,177,0.005618,0.000000,1.000000
6,A3_C-17,0.999927998,2,0,176,0.011236,0.000000,1.000000
6,A3_C-17,0.999924302,3,0,175,0.016854,0.000000,1.000000
6,A3_C-17,0.999922991,4,0,174,0.022472,0.000000,1.000000
6,A3_C-17,0.999921918,5,0,173,0.028090,0.000000,1.000000
6,A3_C-17,0.999908328,6,0,172,0.033708,0.000000,1.000000
6,A3_C-17,0.999905705,7,0,171,0.039326,0.000000,1.000000
6,A3_C-17,0.999895692,8,0,170,0.044944,0.000000,1.000000
6,A3_C-17,0.999891996,10,0,168,0.056180,0.000000,1.000000
6,A3_C-17,0.999889731,11,0,167,0.061798,0.000000,1.000000
6,A3_C-17,0.999886394,12,0,166,0.067416,0.000000,1.000000
6,A3_C-17,0.999886155,13,0,165,0.073034,0.000000,1.000000
6,A3_C-17,0.99988544,14,0,164,0.078652,0.000000,1.000000
6,A3_C-17,0.999884248,15,0,163,0.084270,0.000000,1.000000
6,A3_C-17,0.99988389,16,0,162,0.089888,0.000000,1.000000
6,A3_C-17,0.999876738,17,0,161,0.095506,0.000000,1.000000
6,A3_C-17,0.999875069,18,0,160,0.101124,0.000000,1.000000
6,A3_C-17,0.999874353,19,0,159,0.106742,0.000000,1.000000
6,A3_C-17,0.999873757,20,0,158,0.112360,0.000000,1.000000
6,A3_C-17,0.999873042,21,0,157,0.117978,0.000000,1.000000
6,A3_C-17,0.999870777,22,0,156,0.123596,0.000000,1.000000
6,A3_C-17,0.999869823,23,0,155,0.129213,0.000000,1.000000
6,A3_C-17,0.999868631,24,0,154,0.134831,0.000000,1.000000
6,A3_C-17,0.999867916,25,0,153,0.140449,0.000000,1.000000
6,A3_C-17,0.999867678,26,0,152,0.146067,0.000000,1.000000
6,A3_C-17,0.999866962,27,0,151,0.151685,0.000000,1.000000
6,A3_C-17,0.999863029,28,0,150,0.157303,0.000000,1.000000
6,A3_C-17,0.999860764,29,0,149,0.162921,0.000000,1.000000
6,A3_C-17,0.999860644,30,0,148,0.168539,0.000000,1.000000
6,A3_C-17,0.999860048,31,0,147,0.174157,0.000000,1.000000
6,A3_C-17,0.999859095,32,0,146,0.179775,0.000000,1.000000
6,A3_C-17,0.999858975,33,0,145,0.185393,0.000000,1.000000
6,A3_C-17,0.999858022,34,0,144,0.191011,0.000000,1.000000
6,A3_C-17,0.999853969,35,0,143,0.196629,0.000000,1.000000
6,A3_C-17,0.999852538,36,0,142,0.202247,0.000000,1.000000
6,A3_C-17,0.999849558,37,0,141,0.207865,0.000000,1.000000
6,A3_C-17,0.999846339,38,0,140,0.213483,0.000000,1.000000
6,A3_C-17,0.999844432,39,0,139,0.219101,0.000000,1.000000
6,A3_C-17,0.999842644,40,0,138,0.224719,0.000000,1.000000
6,A3_C-17,0.999836326,41,0,137,0.230337,0.000000,1.000000
6,A3_C-17,0.99983108,42,0,136,0.235955,0.000000,1.000000
6,A3_C-17,0.999830723,43,0,135,0.241573,0.000000,1.000000
6,A3_C-17,0.999827087,44,0,134,0.247191,0.000000,1.000000
6,A3_C-17,0.999826372,45,0,133,0.252809,0.000000,1.000000
6,A3_C-17,0.999824703,46,0,132,0.258427,0.000000,1.000000
6,A3_C-17,0.999819219,47,0,131,0.264045,0.000000,1.000000
6,A3_C-17,0.999818146,48,0,130,0.269663,0.000000,1.000000
6,A3_C-17,0.999816716,49,0,129,0.275281,0.000000,1.000000
6,A3_C-17,0.999812663,50,0,128,0.280899,0.000000,1.000000
6,A3_C-17,0.999807537,51,0,127,0.286517,0.000000,1.000000
6,A3_C-17,0.999803603,52,0,126,0.292135,0.000000,1.000000
6,A3_C-17,0.999800146,53,0,125,0.297753,0.000000,1.000000
6,A3_C-17,0.99979955,54,0,124,0.303371,0.000000,1.000000
6,A3_C-17,0.999793828,55,0,123,0.308989,0.000000,1.000000
6,A3_C-17,0.999791443,56,0,122,0.314607,0.000000,1.000000
6,A3_C-17,0.999786556,57,0,121,0.320225,0.000000,1.000000
6,A3_C-17,0.999780953,58,0,120,0.325843,0.000000,1.000000
6,A3_C-17,0.999779761,59,0,119,0.331461,0.000000,1.000000
6,A3_C-17,0.999777973,60,0,118,0.337079,0.000000,1.000000
6,A3_C-17,0.999770701,61,0,117,0.342697,0.000000,1.000000
6,A3_C-17,0.999768317,62,0,116,0.348315,0.000000,1.000000
6,A3_C-17,0.999765575,63,0,115,0.353933,0.000000,1.000000
6,A3_C-17,0.999765337,64,0,114,0.359551,0.000000,1.000000
6,A3_C-17,0.999762237,65,0,113,0.365169,0.000000,1.000000
6,A3_C-17,0.99975723,66,0,112,0.370787,0.000000,1.000000
6,A3_C-17,0.99975282,67,0,111,0.376404,0.000000,1.000000
6,A3_C-17,0.999744833,68,0,110,0.382022,0.000000,1.000000
6,A3_C-17,0.999742091,69,0,109,0.387640,0.000000,1.000000
6,A3_C-17,0.999738395,70,0,108,0.393258,0.000000,1.000000
6,A3_C-17,0.999736845,71,0,107,0.398876,0.000000,1.000000
6,A3_C-17,0.999733627,72,0,106,0.404494,0.000000,1.000000
6,A3_C-17,0.999732316,73,0,105,0.410112,0.000000,1.000000
6,A3_C-17,0.999730885,74,0,104,0.415730,0.000000,1.000000
6,A3_C-17,0.999730051,75,0,103,0.421348,0.000000,1.000000
6,A3_C-17,0.999727666,76,0,102,0.426966,0.000000,1.000000
6,A3_C-17,0.999719441,77,0,101,0.432584,0.000000,1.000000
6,A3_C-17,0.999718964,78,0,100,0.438202,0.000000,1.000000
6,A3_C-17,0.999712408,79,0,99,0.443820,0.000000,1.000000
6,A3_C-17,0.999708235,80,0,98,0.449438,0.000000,1.000000
6,A3_C-17,0.999706089,81,0,97,0.455056,0.000000,1.000000
6,A3_C-17,0.999701679,82,0,96,0.460674,0.000000,1.000000
6,A3_C-17,0.999699235,83,0,95,0.466292,0.000000,1.000000
6,A3_C-17,0.999694347,84,0,94,0.471910,0.000000,1.000000
6,A3_C-17,0.999690413,85,0,93,0.477528,0.000000,1.000000
6,A3_C-17,0.999681234,86,0,92,0.483146,0.000000,1.000000
6,A3_C-17,0.999678969,87,0,91,0.488764,0.000000,1.000000
6,A3_C-17,0.999675035,88,0,90,0.494382,0.000000,1.000000
6,A3_C-17,0.999670982,89,0,89,0.500000,0.000000,1.000000
6,A3_C-17,0.999664783,90,0,88,0.505618,0.000000,1.000000
6,A3_C-17,0.999643207,91,0,87,0.511236,0.000000,1.000000
6,A3_C-17,0.999640465,92,0,86,0.516854,0.000000,1.000000
6,A3_C-17,0.999635816,93,0,85,0.522472,0.000000,1.000000
6,A3_C-17,0.9996351,94,0,84,0.528090,0.000000,1.000000
6,A3_C-17,0.999623775,95,0,83,0.533708,0.000000,1.000000
6,A3_C-17,0.999616742,96,0,82,0.539326,0.000000,1.000000
6,A3_C-17,0.999605715,97,0,81,0.544944,0.000000,1.000000
6,A3_C-17,0.999600589,98,0,80,0.550562,0.000000,1.000000
6,A3_C-17,0.999540687,99,0,79,0.556180,0.000000,1.000000
6,A3_C-17,0.999530673,100,0,78,0.561798,0.000000,1.000000
6,A3_C-17,0.999528885,101,0,77,0.567416,0.000000,1.000000
6,A3_C-17,0.999517918,102,0,76,0.573034,0.000000,1.000000
6,A3_C-17,0.999494791,103,0,75,0.578652,0.000000,1.000000
6,A3_C-17,0.999492288,104,0,74,0.584270,0.000000,1.000000
6,A3_C-17,0.999492049,105,0,73,0.589888,0.000000,1.000000
6,A3_C-17,0.99949038,106,0,72,0.595506,0.000000,1.000000
6,A3_C-17,0.999484181,107,0,71,0.601124,0.000000,1.000000
6,A3_C-17,0.999454558,108,0,70,0.606742,0.000000,1.000000
6,A3_C-17,0.999420524,109,0,69,0.612360,0.000000,1.000000
6,A3_C-17,0.999378085,110,0,68,0.617978,0.000000,1.000000
6,A3_C-17,0.999370754,111,0,67,0.623596,0.000000,1.000000
6,A3_C-17,0.999370635,112,0,66,0.629213,0.000000,1.000000
6,A3_C-17,0.999359071,113,0,65,0.634831,0.000000,1.000000
6,A3_C-17,0.999316335,114,0,64,0.640449,0.000000,1.000000
6,A3_C-17,0.999305606,115,0,63,0.646067,0.000000,1.000000
6,A3_C-17,0.999264538,116,0,62,0.651685,0.000000,1.000000
6,A3_C-17,0.999233246,117,0,61,0.657303,0.000000,1.000000
6,A3_C-17,0.999229312,118,0,60,0.662921,0.000000,1.000000
6,A3_C-17,0.999217868,119,0,59,0.668539,0.000000,1.000000
6,A3_C-17,0.999211788,120,0,58,0.674157,0.000000,1.000000
6,A3_C-17,0.999151707,121,0,57,0.679775,0.000000,1.000000
6,A3_C-17,0.999150038,122,0,56,0.685393,0.000000,1.000000
6,A3_C-17,0.999046504,123,0,55,0.691011,0.000000,1.000000
6,A3_C-17,0.999040425,124,0,54,0.696629,0.000000,1.000000
6,A3_C-17,0.999026179,125,0,53,0.702247,0.000000,1.000000
6,A3_C-17,0.998973966,126,0,52,0.707865,0.000000,1.000000
6,A3_C-17,0.99889636,127,0,51,0.713483,0.000000,1.000000
6,A3_C-17,0.998859882,128,0,50,0.719101,0.000000,1.000000
6,A3_C-17,0.998745084,129,0,49,0.724719,0.000000,1.000000
6,A3_C-17,0.998621702,130,0,48,0.730337,0.000000,1.000000
6,A3_C-17,0.998565257,131,0,47,0.735955,0.000000,1.000000
6,A3_C-17,0.998472393,132,0,46,0.741573,0.000000,1.000000
6,A3_C-17,0.998464704,133,0,45,0.747191,0.000000,1.000000
6,A3_C-17,0.998336017,134,0,44,0.752809,0.000000,1.000000
6,A3_C-17,0.99832958,135,0,43,0.758427,0.000000,1.000000
6,A3_C-17,0.997925758,136,0,42,0.764045,0.000000,1.000000
6,A3_C-17,0.997836888,137,0,41,0.769663,0.000000,1.000000
6,A3_C-17,0.99776566,138,0,40,0.775281,0.000000,1.000000
6,A3_C-17,0.997698724,139,0,39,0.780899,0.000000,1.000000
6,A3_C-17,0.997695863,140,0,38,0.786517,0.000000,1.000000
6,A3_C-17,0.997504056,141,0,37,0.792135,0.000000,1.000000
6,A3_C-17,0.99739933,142,0,36,0.797753,0.000000,1.000000
6,A3_C-17,0.996844888,143,0,35,0.803371,0.000000,1.000000
6,A3_C-17,0.99628371,144,0,34,0.808989,0.000000,1.000000
6,A3_C-17,0.996129751,145,0,33,0.814607,0.000000,1.000000
6,A3_C-17,0.996111095,146,0,32,0.820225,0.000000,1.000000
6,A3_C-17,0.996093333,147,0,31,0.825843,0.000000,1.000000
6,A3_C-17,0.996022463,148,0,30,0.831461,0.000000,1.000000
6,A3_C-17,0.995235026,149,0,29,0.837079,0.000000,1.000000
6,A3_C-17,0.994791269,150,0,28,0.842697,0.000000,1.000000
6,A3_C-17,0.994505465,151,0,27,0.848315,0.000000,1.000000
6,A3_C-17,0.994271755,152,0,26,0.853933,0.000000,1.000000
6,A3_C-17,0.994047523,153,0,25,0.859551,0.000000,1.000000
6,A3_C-17,0.992783189,154,0,24,0.865169,0.000000,1.000000
6,A3_C-17,0.991823971,155,0,23,0.870787,0.000000,1.000000
6,A3_C-17,0.99145472,156,0,22,0.876404,0.000000,1.000000
6,A3_C-17,0.990431488,157,0,21,0.882022,0.000000,1.000000
6,A3_C-17,0.989281535,158,0,20,0.887640,0.000000,1.000000
6,A3_C-17,0.988682032,159,0,19,0.893258,0.000000,1.000000
6,A3_C-17,0.987486184,160,0,18,0.898876,0.000000,1.000000
6,A3_C-17,0.986509025,161,0,17,0.904494,0.000000,1.000000
6,A3_C-17,0.984027505,162,0,16,0.910112,0.000000,1.000000
6,A3_C-17,0.982770085,163,0,15,0.915730,0.000000,1.000000
6,A3_C-17,0.978203297,164,0,14,0.921348,0.000000,1.000000
6,A3_C-17,0.975889802,165,0,13,0.926966,0.000000,1.000000
6,A3_C-17,0.97283417,166,0,12,0.932584,0.000000,1.000000
6,A3_C-17,0.970286727,167,0,11,0.938202,0.000000,1.000000
6,A3_C-17,0.964489937,168,0,10,0.943820,0.000000,1.000000
6,A3_C-17,0.963765264,169,0,9,0.949438,0.000000,1.000000
6,A3_C-17,0.962854087,170,0,8,0.955056,0.000000,1.000000
6,A3_C-17,0.957963884,171,0,7,0.960674,0.000000,1.000000
6,A3_C-17,0.929922223,172,0,6,0.966292,0.000000,1.000000
6,A3_C-17,0.929062247,173,0,5,0.971910,0.000000,1.000000
6,A3_C-17,0.916599512,174,0,4,0.977528,0.000000,1.000000
6,A3_C-17,0.915214598,175,0,3,0.983146,0.000000,1.000000
6,A3_C-17,0.866269112,176,0,2,0.988764,0.000000,1.000000
6,A3_C-17,0.830765069,176,1,2,0.988764,0.005650,0.994350
6,A3_C-17,0.75743705,177,1,1,0.994382,0.005618,0.994382
6,A3_C-17,0.741305709,177,2,1,0.994382,0.011173,0.988827
6,A3_C-17,0.719466507,177,3,1,0.994382,0.016667,0.983333
6,A3_C-17,0.432257205,178,3,0,1.000000,0.016575,0.983425
6,A3_C-17,0.424245298,178,4,0,1.000000,0.021978,0.978022
6,A3_C-17,0.273027837,178,5,0,1.000000,0.027322,0.972678
6,A3_C-17,0.239333928,178,6,0,1.000000,0.032609,0.967391
6,A3_C-17,0.236946851,178,7,0,1.000000,0.037838,0.962162
6,A3_C-17,0.208259434,178,8,0,1.000000,0.043011,0.956989
6,A3_C-17,0.19235751,178,9,0,1.000000,0.048128,0.951872
6,A3_C-17,0.0896702483,178,10,0,1.000000,0.053191,0.946809
6,A3_C-17,0.0626424775,178,11,0,1.000000,0.058201,0.941799
6,A3_C-17,0.0525602624,178,12,0,1.000000,0.063158,0.936842
6,A3_C-17,0.0401207432,178,13,0,1.000000,0.068063,0.931937
6,A3_C-17,0.0392250232,178,14,0,1.000000,0.072917,0.927083
6,A3_C-17,0.0383274704,178,15,0,1.000000,0.077720,0.922280
6,A3_C-17,0.0371625461,178,16,0,1.000000,0.082474,0.917526
6,A3_C-17,0.0338213369,178,17,0,1.000000,0.087179,0.912821
6,A3_C-17,0.0330034606,178,18,0,1.000000,0.091837,0.908163
6,A3_C-17,0.0301212538,178,19,0,1.000000,0.096447,0.903553
6,A3_C-17,0.0299083348,178,20,0,1.000000,0.101010,0.898990
6,A3_C-17,0.0293993223,178,21,0,1.000000,0.105528,0.894472
6,A3_C-17,0.0286847353,178,22,0,1.000000,0.110000,0.890000
6,A3_C-17,0.0270883609,178,23,0,1.000000,0.114428,0.885572
6,A3_C-17,0.0262159333,178,24,0,1.000000,0.118812,0.881188
6,A3_C-17,0.0260349121,178,25,0,1.000000,0.123153,0.876847
6,A3_C-17,0.0258516818,178,26,0,1.000000,0.127451,0.872549
6,A3_C-17,0.0247408282,178,27,0,1.000000,0.131707,0.868293
6,A3_C-17,0.0225134175,178,28,0,1.000000,0.135922,0.864078
6,A3_C-17,0.0207582135,178,29,0,1.000000,0.140097,0.859903
6,A3_C-17,0.0199862123,178,30,0,1.000000,0.144231,0.855769
6,A3_C-17,0.0188011657,178,31,0,1.000000,0.148325,0.851675
6,A3_C-17,0.0187668912,178,32,0,1.000000,0.152381,0.847619
6,A3_C-17,0.0181587227,178,33,0,1.000000,0.156398,0.843602
6,A3_C-17,0.0161372256,178,34,0,1.000000,0.160377,0.839623
6,A3_C-17,0.0159029253,178,35,0,1.000000,0.164319,0.835681
6,A3_C-17,0.0149757788,178,36,0,1.000000,0.168224,0.831776
6,A3_C-17,0.0137866177,178,37,0,1.000000,0.172093,0.827907
6,A3_C-17,0.0127043482,178,38,0,1.000000,0.175926,0.824074
6,A3_C-17,0.0122140069,178,39,0,1.000000,0.179724,0.820276
6,A3_C-17,0.0121772392,178,40,0,1.000000,0.183486,0.816514
6,A3_C-17,0.0114149367,178,41,0,1.000000,0.187215,0.812785
6,A3_C-17,0.0113478685,178,42,0,1.000000,0.190909,0.809091
6,A3_C-17,0.0112925125,178,43,0,1.000000,0.194570,0.805430
6,A3_C-17,0.0111613069,178,44,0,1.000000,0.198198,0.801802
6,A3_C-17,0.00988094509,178,45,0,1.000000,0.201794,0.798206
6,A3_C-17,0.00987451896,178,46,0,1.000000,0.205357,0.794643
6,A3_C-17,0.00962890685,178,47,0,1.000000,0.208889,0.791111
6,A3_C-17,0.0088575054,178,48,0,1.000000,0.212389,0.787611
6,A3_C-17,0.00815098453,178,49,0,1.000000,0.215859,0.784141
6,A3_C-17,0.00792705733,178,50,0,1.000000,0.219298,0.780702
6,A3_C-17,0.00764819514,178,51,0,1.000000,0.222707,0.777293
6,A3_C-17,0.00751356548,178,52,0,1.000000,0.226087,0.773913
6,A3_C-17,0.0073689213,178,53,0,1.000000,0.229437,0.770563
6,A3_C-17,0.00734852348,178,54,0,1.000000,0.232759,0.767241
6,A3_C-17,0.00703091081,178,55,0,1.000000,0.236052,0.763948
6,A3_C-17,0.00668839738,178,56,0,1.000000,0.239316,0.760684
6,A3_C-17,0.00656409096,178,57,0,1.000000,0.242553,0.757447
6,A3_C-17,0.00633775443,178,58,0,1.000000,0.245763,0.754237
6,A3_C-17,0.00624872511,178,59,0,1.000000,0.248945,0.751055
6,A3_C-17,0.00588911027,178,60,0,1.000000,0.252101,0.747899
6,A3_C-17,0.00563172577,178,61,0,1.000000,0.255230,0.744770
6,A3_C-17,0.00544504356,178,62,0,1.000000,0.258333,0.741667
6,A3_C-17,0.00543616386,178,63,0,1.000000,0.261411,0.738589
6,A3_C-17,0.00540610449,178,64,0,1.000000,0.264463,0.735537
6,A3_C-17,0.00536951981,178,65,0,1.000000,0.267490,0.732510
6,A3_C-17,0.00520372484,178,66,0,1.000000,0.270492,0.729508
6,A3_C-17,0.00494894898,178,67,0,1.000000,0.273469,0.726531
6,A3_C-17,0.00492326124,178,68,0,1.000000,0.276423,0.723577
6,A3_C-17,0.00479914015,178,69,0,1.000000,0.279352,0.720648
6,A3_C-17,0.00469450327,178,70,0,1.000000,0.282258,0.717742
6,A3_C-17,0.00465614069,178,71,0,1.000000,0.285141,0.714859
6,A3_C-17,0.00459359447,178,72,0,1.000000,0.288000,0.712000
6,A3_C-17,0.00459235767,178,73,0,1.000000,0.290837,0.709163
6,A3_C-17,0.0043874206,178,74,0,1.000000,0.293651,0.706349
6,A3_C-17,0.0043302034,178,75,0,1.000000,0.296443,0.703557
6,A3_C-17,0.00430839369,178,76,0,1.000000,0.299213,0.700787
6,A3_C-17,0.00430642813,178,77,0,1.000000,0.301961,0.698039
6,A3_C-17,0.00429822551,178,78,0,1.000000,0.304688,0.695312
6,A3_C-17,0.00421850896,178,79,0,1.000000,0.307393,0.692607
6,A3_C-17,0.00421344629,178,80,0,1.000000,0.310078,0.689922
6,A3_C-17,0.0041289134,178,81,0,1.000000,0.312741,0.687259
6,A3_C-17,0.00403889967,178,82,0,1.000000,0.315385,0.684615
6,A3_C-17,0.00400675181,178,83,0,1.000000,0.318008,0.681992
6,A3_C-17,0.00393008487,178,84,0,1.000000,0.320611,0.679389
6,A3_C-17,0.00392071716,178,85,0,1.000000,0.323194,0.676806
6,A3_C-17,0.00386786135,178,86,0,1.000000,0.325758,0.674242
6,A3_C-17,0.00384755526,178,87,0,1.000000,0.328302,0.671698
6,A3_C-17,0.00384698808,178,88,0,1.000000,0.330827,0.669173
6,A3_C-17,0.00378755969,178,89,0,1.000000,0.333333,0.666667
6,A3_C-17,0.00374063128,178,90,0,1.000000,0.335821,0.664179
6,A3_C-17,0.00373123679,178,91,0,1.000000,0.338290,0.661710
6,A3_C-17,0.00371383759,178,92,0,1.000000,0.340741,0.659259
6,A3_C-17,0.00367436488,178,93,0,1.000000,0.343173,0.656827
6,A3_C-17,0.00361643918,178,94,0,1.000000,0.345588,0.654412
6,A3_C-17,0.00359957526,178,95,0,1.000000,0.347985,0.652015
6,A3_C-17,0.00354496366,178,96,0,1.000000,0.350365,0.649635
6,A3_C-17,0.00352506526,178,97,0,1.000000,0.352727,0.647273
6,A3_C-17,0.00347143225,178,98,0,1.000000,0.355072,0.644928
6,A3_C-17,0.00341335544,178,99,0,1.000000,0.357401,0.642599
6,A3_C-17,0.00339782913,178,100,0,1.000000,0.359712,0.640288
6,A3_C-17,0.00336763053,178,101,0,1.000000,0.362007,0.637993
6,A3_C-17,0.0032561121,178,102,0,1.000000,0.364286,0.635714
6,A3_C-17,0.00325558521,178,103,0,1.000000,0.366548,0.633452
6,A3_C-17,0.00316186878,178,104,0,1.000000,0.368794,0.631206
6,A3_C-17,0.00313887047,178,105,0,1.000000,0.371025,0.628975
6,A3_C-17,0.00305356481,178,106,0,1.000000,0.373239,0.626761
6,A3_C-17,0.00303609739,178,107,0,1.000000,0.375439,0.624561
6,A3_C-17,0.00301050534,178,108,0,1.000000,0.377622,0.622378
6,A3_C-17,0.00299311033,178,109,0,1.000000,0.379791,0.620209
6,A3_C-17,0.00291763735,178,110,0,1.000000,0.381944,0.618056
6,A3_C-17,0.00288636866,178,111,0,1.000000,0.384083,0.615917
6,A3_C-17,0.00283180946,178,112,0,1.000000,0.386207,0.613793
6,A3_C-17,0.00274673966,178,113,0,1.000000,0.388316,0.611684
6,A3_C-17,0.00272159837,178,114,0,1.000000,0.390411,0.609589
6,A3_C-17,0.00265921419,178,115,0,1.000000,0.392491,0.607509
6,A3_C-17,0.0026021963,178,116,0,1.000000,0.394558,0.605442
6,A3_C-17,0.00248902617,178,117,0,1.000000,0.396610,0.603390
6,A3_C-17,0.00247912575,178,118,0,1.000000,0.398649,0.601351
6,A3_C-17,0.00241761352,178,119,0,1.000000,0.400673,0.599327
6,A3_C-17,0.00241221068,178,120,0,1.000000,0.402685,0.597315
6,A3_C-17,0.00240519713,178,121,0,1.000000,0.404682,0.595318
6,A3_C-17,0.00240221294,178,122,0,1.000000,0.406667,0.593333
6,A3_C-17,0.00240155635,178,123,0,1.000000,0.408638,0.591362
6,A3_C-17,0.002393984,178,124,0,1.000000,0.410596,0.589404
6,A3_C-17,0.00237483066,178,125,0,1.000000,0.412541,0.587459
6,A3_C-17,0.00236201589,178,126,0,1.000000,0.414474,0.585526
6,A3_C-17,0.00234659226,178,127,0,1.000000,0.416393,0.583607
6,A3_C-17,0.00233789184,178,128,0,1.000000,0.418301,0.581699
6,A3_C-17,0.00229839678,178,129,0,1.000000,0.420195,0.579805
6,A3_C-17,0.0022757079,178,130,0,1.000000,0.422078,0.577922
6,A3_C-17,0.00225893175,178,131,0,1.000000,0.423948,0.576052
6,A3_C-17,0.00223241746,178,132,0,1.000000,0.425806,0.574194
6,A3_C-17,0.00223013107,178,133,0,1.000000,0.427653,0.572347
6,A3_C-17,0.00214768527,178,134,0,1.000000,0.429487,0.570513
6,A3_C-17,0.00204187166,178,135,0,1.000000,0.431310,0.568690
6,A3_C-17,0.00204133964,178,136,0,1.000000,0.433121,0.566879
6,A3_C-17,0.00201542559,178,137,0,1.000000,0.434921,0.565079
6,A3_C-17,0.00200300035,178,138,0,1.000000,0.436709,0.563291
6,A3_C-17,0.00199282449,178,139,0,1.000000,0.438486,0.561514
6,A3_C-17,0.00198949501,178,140,0,1.000000,0.440252,0.559748
6,A3_C-17,0.0019564759,178,141,0,1.000000,0.442006,0.557994
6,A3_C-17,0.00194691774,178,142,0,1.000000,0.443750,0.556250
6,A3_C-17,0.00187205011,178,143,0,1.000000,0.445483,0.554517
6,A3_C-17,0.00187136792,178,144,0,1.000000,0.447205,0.552795
6,A3_C-17,0.00185885932,178,145,0,1.000000,0.448916,0.551084
6,A3_C-17,0.00182409387,178,146,0,1.000000,0.450617,0.549383
6,A3_C-17,0.00182052504,178,147,0,1.000000,0.452308,0.547692
6,A3_C-17,0.00179910788,178,148,0,1.000000,0.453988,0.546012
6,A3_C-17,0.00178460439,178,149,0,1.000000,0.455657,0.544343
6,A3_C-17,0.00177521934,178,150,0,1.000000,0.457317,0.542683
6,A3_C-17,0.00176718179,178,151,0,1.000000,0.458967,0.541033
6,A3_C-17,0.00174317753,178,152,0,1.000000,0.460606,0.539394
6,A3_C-17,0.00171084236,178,153,0,1.000000,0.462236,0.537764
6,A3_C-17,0.00170988298,178,154,0,1.000000,0.463855,0.536145
6,A3_C-17,0.00169192068,178,155,0,1.000000,0.465465,0.534535
6,A3_C-17,0.00168241491,178,156,0,1.000000,0.467066,0.532934
6,A3_C-17,0.00163518474,178,157,0,1.000000,0.468657,0.531343
6,A3_C-17,0.00163376727,178,158,0,1.000000,0.470238,0.529762
6,A3_C-17,0.00162938493,178,159,0,1.000000,0.471810,0.528190
6,A3_C-17,0.00161880185,178,160,0,1.000000,0.473373,0.526627
6,A3_C-17,0.00161663536,178,161,0,1.000000,0.474926,0.525074
6,A3_C-17,0.00158686284,178,162,0,1.000000,0.476471,0.523529
6,A3_C-17,0.00157679105,178,163,0,1.000000,0.478006,0.521994
6,A3_C-17,0.0015720001,178,164,0,1.000000,0.479532,0.520468
6,A3_C-17,0.00157144712,178,165,0,1.000000,0.481050,0.518950
6,A3_C-17,0.0015642012,178,166,0,1.000000,0.482558,0.517442
6,A3_C-17,0.00154063862,178,167,0,1.000000,0.484058,0.515942
6,A3_C-17,0.00151940924,178,168,0,1.000000,0.485549,0.514451
6,A3_C-17,0.001511576,178,169,0,1.000000,0.487032,0.512968
6,A3_C-17,0.00149132963,178,170,0,1.000000,0.488506,0.511494
6,A3_C-17,0.001475033,178,171,0,1.000000,0.489971,0.510029
6,A3_C-17,0.00147128338,178,172,0,1.000000,0.491429,0.508571
6,A3_C-17,0.0014673007,178,173,0,1.000000,0.492877,0.507123
6,A3_C-17,0.00145911449,178,174,0,1.000000,0.494318,0.505682
6,A3_C-17,0.00145073782,178,175,0,1.000000,0.495751,0.504249
6,A3_C-17,0.00144703081,178,176,0,1.000000,0.497175,0.502825
6,A3_C-17,0.00142606127,178,177,0,1.000000,0.498592,0.501408
6,A3_C-17,0.00141845003,178,178,0,1.000000,0.500000,0.500000
6,A3_C-17,0.00141150458,178,179,0,1.000000,0.501401,0.498599
6,A3_C-17,0.00140891329,178,180,0,1.000000,0.502793,0.497207
6,A3_C-17,0.00140078657,178,181,0,1.000000,0.504178,0.495822
6,A3_C-17,0.00139888912,178,182,0,1.000000,0.505556,0.494444
6,A3_C-17,0.00139120081,178,183,0,1.000000,0.506925,0.493075
6,A3_C-17,0.00139109942,178,184,0,1.000000,0.508287,0.491713
6,A3_C-17,0.00139023387,178,185,0,1.000000,0.509642,0.490358
6,A3_C-17,0.0013763957,178,186,0,1.000000,0.510989,0.489011
6,A3_C-17,0.00137597078,178,187,0,1.000000,0.512329,0.487671
6,A3_C-17,0.00134333072,178,188,0,1.000000,0.513661,0.486339
6,A3_C-17,0.00133946259,178,189,0,1.000000,0.514986,0.485014
6,A3_C-17,0.00131861912,178,190,0,1.000000,0.516304,0.483696
6,A3_C-17,0.00130834535,178,191,0,1.000000,0.517615,0.482385
6,A3_C-17,0.00129770581,178,192,0,1.000000,0.518919,0.481081
6,A3_C-17,0.00129735051,178,193,0,1.000000,0.520216,0.479784
6,A3_C-17,0.00129504385,178,194,0,1.000000,0.521505,0.478495
6,A3_C-17,0.00129303976,178,195,0,1.000000,0.522788,0.477212
6,A3_C-17,0.00128709734,178,196,0,1.000000,0.524064,0.475936
6,A3_C-17,0.0012788747,178,197,0,1.000000,0.525333,0.474667
6,A3_C-17,0.00127730554,178,198,0,1.000000,0.526596,0.473404
6,A3_C-17,0.00126521441,178,199,0,1.000000,0.527851,0.472149
6,A3_C-17,0.0012599515,178,200,0,1.000000,0.529101,0.470899
6,A3_C-17,0.00125380815,178,201,0,1.000000,0.530343,0.469657
6,A3_C-17,0.00123105291,178,202,0,1.000000,0.531579,0.468421
6,A3_C-17,0.00122722064,178,203,0,1.000000,0.532808,0.467192
6,A3_C-17,0.00122402364,178,204,0,1.000000,0.534031,0.465969
6,A3_C-17,0.00121980894,178,205,0,1.000000,0.535248,0.464752
6,A3_C-17,0.00120333303,178,206,0,1.000000,0.536458,0.463542
6,A3_C-17,0.0011988607,178,207,0,1.000000,0.537662,0.462338
6,A3_C-17,0.00118856435,178,208,0,1.000000,0.538860,0.461140
6,A3_C-17,0.00117899873,178,209,0,1.000000,0.540052,0.459948
6,A3_C-17,0.00117774284,178,210,0,1.000000,0.541237,0.458763
6,A3_C-17,0.00117597962,178,211,0,1.000000,0.542416,0.457584
6,A3_C-17,0.00117533293,178,212,0,1.000000,0.543590,0.456410
6,A3_C-17,0.00117074419,178,213,0,1.000000,0.544757,0.455243
6,A3_C-17,0.00116093177,178,214,0,1.000000,0.545918,0.454082
6,A3_C-17,0.00114496821,178,215,0,1.000000,0.547074,0.452926
6,A3_C-17,0.00114320382,178,216,0,1.000000,0.548223,0.451777
6,A3_C-17,0.00113755662,178,217,0,1.000000,0.549367,0.450633
6,A3_C-17,0.0011173822,178,218,0,1.000000,0.550505,0.449495
6,A3_C-17,0.00110605895,178,219,0,1.000000,0.551637,0.448363
6,A3_C-17,0.00110114529,178,220,0,1.000000,0.552764,0.447236
6,A3_C-17,0.0010978278,178,221,0,1.000000,0.553885,0.446115
6,A3_C-17,0.00109467213,178,222,0,1.000000,0.555000,0.445000
6,A3_C-17,0.0010938812,178,223,0,1.000000,0.556110,0.443890
6,A3_C-17,0.00108309742,178,224,0,1.000000,0.557214,0.442786
6,A3_C-17,0.00108247588,178,225,0,1.000000,0.558313,0.441687
6,A3_C-17,0.0010637755,178,226,0,1.000000,0.559406,0.440594
6,A3_C-17,0.00105971668,178,227,0,1.000000,0.560494,0.439506
6,A3_C-17,0.00104680809,178,228,0,1.000000,0.561576,0.438424
6,A3_C-17,0.00104525918,178,229,0,1.000000,0.562654,0.437346
6,A3_C-17,0.0010436743,178,230,0,1.000000,0.563725,0.436275
6,A3_C-17,0.00104334892,178,231,0,1.000000,0.564792,0.435208
6,A3_C-17,0.00104074646,178,232,0,1.000000,0.565854,0.434146
6,A3_C-17,0.00103622815,178,233,0,1.000000,0.566910,0.433090
6,A3_C-17,0.00103442126,178,234,0,1.000000,0.567961,0.432039
6,A3_C-17,0.00103211927,178,235,0,1.000000,0.569007,0.430993
6,A3_C-17,0.00101854384,178,236,0,1.000000,0.570048,0.429952
6,A3_C-17,0.00101802661,178,237,0,1.000000,0.571084,0.428916
6,A3_C-17,0.00101648434,178,238,0,1.000000,0.572115,0.427885
6,A3_C-17,0.00101337396,178,239,0,1.000000,0.573141,0.426859
6,A3_C-17,0.00100989523,178,240,0,1.000000,0.574163,0.425837
6,A3_C-17,0.00100964576,178,241,0,1.000000,0.575179,0.424821
6,A3_C-17,0.00100879662,178,242,0,1.000000,0.576190,0.423810
6,A3_C-17,0.00100099156,178,243,0,1.000000,0.577197,0.422803
7,A4_C-5,0.999863386,0,0,81,0.000000,0.000000,0.000000
7,A4_C-5,0.999863386,1,0,80,0.012346,0.000000,1.000000
7,A4_C-5,0.999844313,2,0,79,0.024691,0.000000,1.000000
7,A4_C-5,0.999832273,3,0,78,0.037037,0.000000,1.000000
7,A4_C-5,0.999824703,4,0,77,0.049383,0.000000,1.000000
7,A4_C-5,0.999824345,5,0,76,0.061728,0.000000,1.000000
7,A4_C-5,0.999809325,6,0,75,0.074074,0.000000,1.000000
7,A4_C-5,0.999794424,7,0,74,0.086420,0.000000,1.000000
7,A4_C-5,0.999786675,8,0,73,0.098765,0.000000,1.000000
7,A4_C-5,0.999784768,9,0,72,0.111111,0.000000,1.000000
7,A4_C-5,0.999745667,10,0,71,0.123457,0.000000,1.000000
7,A4_C-5,0.999725163,11,0,70,0.135802,0.000000,1.000000
7,A4_C-5,0.999722064,12,0,69,0.148148,0.000000,1.000000
7,A4_C-5,0.999719203,13,0,68,0.160494,0.000000,1.000000
7,A4_C-5,0.999706328,14,0,67,0.172840,0.000000,1.000000
7,A4_C-5,0.999705613,15,0,66,0.185185,0.000000,1.000000
7,A4_C-5,0.999703825,16,0,65,0.197531,0.000000,1.000000
7,A4_C-5,0.99970299,17,0,64,0.209877,0.000000,1.000000
7,A4_C-5,0.999700427,18,0,63,0.222222,0.000000,1.000000
7,A4_C-5,0.999636054,19,0,62,0.234568,0.000000,1.000000
7,A4_C-5,0.999613702,20,0,61,0.246914,0.000000,1.000000
7,A4_C-5,0.999611318,21,0,60,0.259259,0.000000,1.000000
7,A4_C-5,0.999607742,22,0,59,0.271605,0.000000,1.000000
7,A4_C-5,0.999580324,23,0,58,0.283951,0.000000,1.000000
7,A4_C-5,0.999579966,24,0,57,0.296296,0.000000,1.000000
7,A4_C-5,0.999575436,25,0,56,0.308642,0.000000,1.000000
7,A4_C-5,0.99954778,26,0,55,0.320988,0.000000,1.000000
7,A4_C-5,0.99953568,27,0,54,0.333333,0.000000,1.000000
7,A4_C-5,0.999522567,28,0,53,0.345679,0.000000,1.000000
7,A4_C-5,0.999518275,29,0,52,0.358025,0.000000,1.000000
7,A4_C-5,0.999504447,30,0,51,0.370370,0.000000,1.000000
7,A4_C-5,0.999497294,31,0,50,0.382716,0.000000,1.000000
7,A4_C-5,0.999484658,32,0,49,0.395062,0.000000,1.000000
7,A4_C-5,0.999465764,33,0,48,0.407407,0.000000,1.000000
7,A4_C-5,0.999461234,34,0,47,0.419753,0.000000,1.000000
7,A4_C-5,0.999450266,35,0,46,0.432099,0.000000,1.000000
7,A4_C-5,0.999437034,36,0,45,0.444444,0.000000,1.000000
7,A4_C-5,0.999433458,37,0,44,0.456790,0.000000,1.000000
7,A4_C-5,0.999432743,38,0,43,0.469136,0.000000,1.000000
7,A4_C-5,0.999420762,39,0,42,0.481481,0.000000,1.000000
7,A4_C-5,0.999416113,40,0,41,0.493827,0.000000,1.000000
7,A4_C-5,0.999415874,41,0,40,0.506173,0.000000,1.000000
7,A4_C-5,0.999391556,42,0,39,0.518519,0.000000,1.000000
7,A4_C-5,0.999319911,43,0,38,0.530864,0.000000,1.000000
7,A4_C-5,0.999299169,44,0,37,0.543210,0.000000,1.000000
7,A4_C-5,0.999281704,45,0,36,0.555556,0.000000,1.000000
7,A4_C-5,0.999278486,46,0,35,0.567901,0.000000,1.000000
7,A4_C-5,0.999269187,47,0,34,0.580247,0.000000,1.000000
7,A4_C-5,0.999174058,48,0,33,0.592593,0.000000,1.000000
7,A4_C-5,0.999171376,49,0,32,0.604938,0.000000,1.000000
7,A4_C-5,0.999149442,51,0,30,0.629630,0.000000,1.000000
7,A4_C-5,0.999145746,52,0,29,0.641975,0.000000,1.000000
7,A4_C-5,0.999139786,53,0,28,0.654321,0.000000,1.000000
7,A4_C-5,0.999017,54,0,27,0.666667,0.000000,1.000000
7,A4_C-5,0.99897939,55,0,26,0.679012,0.000000,1.000000
7,A4_C-5,0.998884737,56,0,25,0.691358,0.000000,1.000000
7,A4_C-5,0.998816371,57,0,24,0.703704,0.000000,1.000000
7,A4_C-5,0.998811245,58,0,23,0.716049,0.000000,1.000000
7,A4_C-5,0.998808742,59,0,22,0.728395,0.000000,1.000000
7,A4_C-5,0.998771608,60,0,21,0.740741,0.000000,1.000000
7,A4_C-5,0.99875164,61,0,20,0.753086,0.000000,1.000000
7,A4_C-5,0.998736084,62,0,19,0.765432,0.000000,1.000000
7,A4_C-5,0.998499393,63,0,18,0.777778,0.000000,1.000000
7,A4_C-5,0.998339653,64,0,17,0.790123,0.000000,1.000000
7,A4_C-5,0.997797012,65,0,16,0.802469,0.000000,1.000000
7,A4_C-5,0.997739911,66,0,15,0.814815,0.000000,1.000000
7,A4_C-5,0.996690154,67,0,14,0.827160,0.000000,1.000000
7,A4_C-5,0.996401906,68,0,13,0.839506,0.000000,1.000000
7,A4_C-5,0.996090114,69,0,12,0.851852,0.000000,1.000000
7,A4_C-5,0.995864749,70,0,11,0.864198,0.000000,1.000000
7,A4_C-5,0.995803535,71,0,10,0.876543,0.000000,1.000000
7,A4_C-5,0.9917503,72,0,9,0.888889,0.000000,1.000000
7,A4_C-5,0.989998162,73,0,8,0.901235,0.000000,1.000000
7,A4_C-5,0.981255829,74,0,7,0.913580,0.000000,1.000000
7,A4_C-5,0.962835491,74,1,7,0.913580,0.013333,0.986667
7,A4_C-5,0.925499499,74,2,7,0.913580,0.026316,0.973684
7,A4_C-5,0.86948359,75,2,6,0.925926,0.025974,0.974026
7,A4_C-5,0.845337451,76,2,5,0.938272,0.025641,0.974359
7,A4_C-5,0.708578587,76,3,5,0.938272,0.037975,0.962025
7,A4_C-5,0.615014076,76,4,5,0.938272,0.050000,0.950000
7,A4_C-5,0.492592692,77,4,4,0.950617,0.049383,0.950617
7,A4_C-5,0.466098696,78,4,3,0.962963,0.048780,0.951220
7,A4_C-5,0.42864275,78,5,3,0.962963,0.060241,0.939759
7,A4_C-5,0.332250714,79,5,2,0.975309,0.059524,0.940476
7,A4_C-5,0.272629619,79,6,2,0.975309,0.070588,0.929412
7,A4_C-5,0.196231052,80,6,1,0.987654,0.069767,0.930233
7,A4_C-5,0.171134844,80,7,1,0.987654,0.080460,0.919540
7,A4_C-5,0.143830463,80,8,1,0.987654,0.090909,0.909091
7,A4_C-5,0.111438699,80,9,1,0.987654,0.101124,0.898876
7,A4_C-5,0.0781589523,80,10,1,0.987654,0.111111,0.888889
7,A4_C-5,0.0766797438,80,11,1,0.987654,0.120879,0.879121
7,A4_C-5,0.0666794777,80,12,1,0.987654,0.130435,0.869565
7,A4_C-5,0.06346073,80,13,1,0.987654,0.139785,0.860215
7,A4_C-5,0.0517440587,80,14,1,0.987654,0.148936,0.851064
7,A4_C-5,0.0449042469,80,15,1,0.987654,0.157895,0.842105
7,A4_C-5,0.044548735,80,16,1,0.987654,0.166667,0.833333
7,A4_C-5,0.0420062132,80,17,1,0.987654,0.175258,0.824742
7,A4_C-5,0.0410991721,80,18,1,0.987654,0.183673,0.816327
7,A4_C-5,0.0386090726,80,19,1,0.987654,0.191919,0.808081
7,A4_C-5,0.0377379395,80,20,1,0.987654,0.200000,0.800000
7,A4_C-5,0.0372223705,80,21,1,0.987654,0.207921,0.792079
7,A4_C-5,0.0355843902,80,22,1,0.987654,0.215686,0.784314
7,A4_C-5,0.0352048203,80,23,1,0.987654,0.223301,0.776699
7,A4_C-5,0.0342831761,80,24,1,0.987654,0.230769,0.769231
7,A4_C-5,0.0340972468,80,25,1,0.987654,0.238095,0.761905
7,A4_C-5,0.0311076287,80,26,1,0.987654,0.245283,0.754717
7,A4_C-5,0.0282273274,80,27,1,0.987654,0.252336,0.747664
7,A4_C-5,0.0260104984,80,28,1,0.987654,0.259259,0.740741
7,A4_C-5,0.0259903651,80,29,1,0.987654,0.266055,0.733945
7,A4_C-5,0.0254941937,80,30,1,0.987654,0.272727,0.727273
7,A4_C-5,0.0245986655,80,31,1,0.987654,0.279279,0.720721
7,A4_C-5,0.0242264699,80,32,1,0.987654,0.285714,0.714286
7,A4_C-5,0.0232673343,80,33,1,0.987654,0.292035,0.707965
7,A4_C-5,0.0224509109,80,34,1,0.987654,0.298246,0.701754
7,A4_C-5,0.0218872987,80,35,1,0.987654,0.304348,0.695652
7,A4_C-5,0.0206212942,80,36,1,0.987654,0.310345,0.689655
7,A4_C-5,0.0192234032,80,37,1,0.987654,0.316239,0.683761
7,A4_C-5,0.0183660313,80,38,1,0.987654,0.322034,0.677966
7,A4_C-5,0.0177917294,80,39,1,0.987654,0.327731,0.672269
7,A4_C-5,0.0164764803,80,40,1,0.987654,0.333333,0.666667
7,A4_C-5,0.0157124326,80,41,1,0.987654,0.338843,0.661157
7,A4_C-5,0.0153386202,80,42,1,0.987654,0.344262,0.655738
7,A4_C-5,0.0144369714,80,43,1,0.987654,0.349593,0.650407
7,A4_C-5,0.0143924747,80,44,1,0.987654,0.354839,0.645161
7,A4_C-5,0.0143393045,80,45,1,0.987654,0.360000,0.640000
7,A4_C-5,0.0137797194,80,46,1,0.987654,0.365079,0.634921
7,A4_C-5,0.0136440583,80,47,1,0.987654,0.370079,0.629921
7,A4_C-5,0.0129578812,80,48,1,0.987654,0.375000,0.625000
7,A4_C-5,0.0121122245,80,49,1,0.987654,0.379845,0.620155
7,A4_C-5,0.0118894521,80,50,1,0.987654,0.384615,0.615385
7,A4_C-5,0.0107881678,80,51,1,0.987654,0.389313,0.610687
7,A4_C-5,0.0103966948,80,52,1,0.987654,0.393939,0.606061
7,A4_C-5,0.0102302479,80,53,1,0.987654,0.398496,0.601504
7,A4_C-5,0.00997219048,80,54,1,0.987654,0.402985,0.597015
7,A4_C-5,0.00988207385,80,55,1,0.987654,0.407407,0.592593
7,A4_C-5,0.00954657793,80,56,1,0.987654,0.411765,0.588235
7,A4_C-5,0.0092471214,80,57,1,0.987654,0.416058,0.583942
7,A4_C-5,0.00895683374,80,58,1,0.987654,0.420290,0.579710
7,A4_C-5,0.00888605695,80,59,1,0.987654,0.424460,0.575540
7,A4_C-5,0.0086103389,80,60,1,0.987654,0.428571,0.571429
7,A4_C-5,0.00850681681,80,61,1,0.987654,0.432624,0.567376
7,A4_C-5,0.00833143387,80,62,1,0.987654,0.436620,0.563380
7,A4_C-5,0.00784344319,80,63,1,0.987654,0.440559,0.559441
7,A4_C-5,0.0075931889,80,64,1,0.987654,0.444444,0.555556
7,A4_C-5,0.00731453439,80,65,1,0.987654,0.448276,0.551724
7,A4_C-5,0.0071566999,80,66,1,0.987654,0.452055,0.547945
7,A4_C-5,0.00662945211,80,67,1,0.987654,0.455782,0.544218
7,A4_C-5,0.00657243468,80,68,1,0.987654,0.459459,0.540541
7,A4_C-5,0.00650286349,80,69,1,0.987654,0.463087,0.536913
7,A4_C-5,0.0064318506,80,70,1,0.987654,0.466667,0.533333
7,A4_C-5,0.00639902567,80,71,1,0.987654,0.470199,0.529801
7,A4_C-5,0.0062976433,80,72,1,0.987654,0.473684,0.526316
7,A4_C-5,0.00625638664,80,73,1,0.987654,0.477124,0.522876
7,A4_C-5,0.00618424313,80,74,1,0.987654,0.480519,0.519481
7,A4_C-5,0.00599571131,80,75,1,0.987654,0.483871,0.516129
7,A4_C-5,0.00586512079,80,76,1,0.987654,0.487179,0.512821
7,A4_C-5,0.0058266744,80,77,1,0.987654,0.490446,0.509554
7,A4_C-5,0.00580623001,80,78,1,0.987654,0.493671,0.506329
7,A4_C-5,0.00580079574,80,79,1,0.987654,0.496855,0.503145
7,A4_C-5,0.00578227872,80,80,1,0.987654,0.500000,0.500000
7,A4_C-5,0.00569359353,80,81,1,0.987654,0.503106,0.496894
7,A4_C-5,0.00566362543,80,82,1,0.987654,0.506173,0.493827
7,A4_C-5,0.00562099973,80,83,1,0.987654,0.509202,0.490798
7,A4_C-5,0.00510900514,80,84,1,0.987654,0.512195,0.487805
7,A4_C-5,0.0050056898,80,85,1,0.987654,0.515152,0.484848
7,A4_C-5,0.00496840524,80,86,1,0.987654,0.518072,0.481928
7,A4_C-5,0.00496360939,80,87,1,0.987654,0.520958,0.479042
7,A4_C-5,0.00481969398,80,88,1,0.987654,0.523810,0.476190
7,A4_C-5,0.00474281516,80,89,1,0.987654,0.526627,0.473373
7,A4_C-5,0.00474254973,80,90,1,0.987654,0.529412,0.470588
7,A4_C-5,0.00469068158,80,91,1,0.987654,0.532164,0.467836
7,A4_C-5,0.00464403676,80,92,1,0.987654,0.534884,0.465116
7,A4_C-5,0.00459017605,80,93,1,0.987654,0.537572,0.462428
7,A4_C-5,0.00457380572,80,94,1,0.987654,0.540230,0.459770
7,A4_C-5,0.00451065227,80,95,1,0.987654,0.542857,0.457143
7,A4_C-5,0.004494783,80,96,1,0.987654,0.545455,0.454545
7,A4_C-5,0.00444414886,80,97,1,0.987654,0.548023,0.451977
7,A4_C-5,0.00429979665,80,98,1,0.987654,0.550562,0.449438
7,A4_C-5,0.00427616434,80,99,1,0.987654,0.553073,0.446927
7,A4_C-5,0.00412759325,80,100,1,0.987654,0.555556,0.444444
7,A4_C-5,0.00405608164,80,101,1,0.987654,0.558011,0.441989
7,A4_C-5,0.0039954097,80,102,1,0.987654,0.560440,0.439560
7,A4_C-5,0.00387313194,80,103,1,0.987654,0.562842,0.437158
7,A4_C-5,0.00385117112,80,104,1,0.987654,0.565217,0.434783
7,A4_C-5,0.00383806019,80,105,1,0.987654,0.567568,0.432432
7,A4_C-5,0.00380920316,80,106,1,0.987654,0.569892,0.430108
7,A4_C-5,0.0038042122,80,107,1,0.987654,0.572193,0.427807
7,A4_C-5,0.00379814231,80,108,1,0.987654,0.574468,0.425532
7,A4_C-5,0.00373771205,80,109,1,0.987654,0.576720,0.423280
7,A4_C-5,0.00370993512,80,110,1,0.987654,0.578947,0.421053
7,A4_C-5,0.00363896205,80,111,1,0.987654,0.581152,0.418848
7,A4_C-5,0.00357917068,80,112,1,0.987654,0.583333,0.416667
7,A4_C-5,0.00357135711,80,113,1,0.987654,0.585492,0.414508
7,A4_C-5,0.00356274541,80,114,1,0.987654,0.587629,0.412371
7,A4_C-5,0.00353453122,80,115,1,0.987654,0.589744,0.410256
7,A4_C-5,0.003435347,80,116,1,0.987654,0.591837,0.408163
7,A4_C-5,0.00338080595,80,117,1,0.987654,0.593909,0.406091
7,A4_C-5,0.00331558054,80,118,1,0.987654,0.595960,0.404040
7,A4_C-5,0.0030453233,80,119,1,0.987654,0.597990,0.402010
7,A4_C-5,0.00303630531,80,120,1,0.987654,0.600000,0.400000
7,A4_C-5,0.00295829377,80,121,1,0.987654,0.601990,0.398010
7,A4_C-5,0.00293374667,80,122,1,0.987654,0.603960,0.396040
7,A4_C-5,0.00292207184,80,123,1,0.987654,0.605911,0.394089
7,A4_C-5,0.00286300154,80,124,1,0.987654,0.607843,0.392157
7,A4_C-5,0.0028230641,80,125,1,0.987654,0.609756,0.390244
7,A4_C-5,0.002732825,80,126,1,0.987654,0.611650,0.388350
7,A4_C-5,0.00270122406,80,127,1,0.987654,0.613527,0.386473
7,A4_C-5,0.00263709784,80,128,1,0.987654,0.615385,0.384615
7,A4_C-5,0.00261433609,80,129,1,0.987654,0.617225,0.382775
7,A4_C-5,0.00261036237,80,130,1,0.987654,0.619048,0.380952
7,A4_C-5,0.00256425189,80,131,1,0.987654,0.620853,0.379147
7,A4_C-5,0.00234846398,80,132,1,0.987654,0.622642,0.377358
7,A4_C-5,0.00227398262,80,133,1,0.987654,0.624413,0.375587
7,A4_C-5,0.00226111943,80,134,1,0.987654,0.626168,0.373832
7,A4_C-5,0.00225734222,80,135,1,0.987654,0.627907,0.372093
7,A4_C-5,0.00216121762,80,136,1,0.987654,0.629630,0.370370
7,A4_C-5,0.00214966573,80,137,1,0.987654,0.631336,0.368664
7,A4_C-5,0.00208438677,80,138,1,0.987654,0.633028,0.366972
7,A4_C-5,0.00208378234,80,139,1,0.987654,0.634703,0.365297
7,A4_C-5,0.00205626595,80,140,1,0.987654,0.636364,0.363636
7,A4_C-5,0.00204035849,80,141,1,0.987654,0.638009,0.361991
7,A4_C-5,0.00202338467,80,142,1,0.987654,0.639640,0.360360
7,A4_C-5,0.00201923563,80,143,1,0.987654,0.641256,0.358744
7,A4_C-5,0.00201885658,80,144,1,0.987654,0.642857,0.357143
7,A4_C-5,0.00201032264,80,145,1,0.987654,0.644444,0.355556
7,A4_C-5,0.0019932515,80,146,1,0.987654,0.646018,0.353982
7,A4_C-5,0.00199152459,80,147,1,0.987654,0.647577,0.352423
7,A4_C-5,0.00198208238,80,148,1,0.987654,0.649123,0.350877
7,A4_C-5,0.00197969121,80,149,1,0.987654,0.650655,0.349345
7,A4_C-5,0.0019607034,80,150,1,0.987654,0.652174,0.347826
7,A4_C-5,0.00194604497,80,151,1,0.987654,0.653680,0.346320
7,A4_C-5,0.00192503538,80,152,1,0.987654,0.655172,0.344828
7,A4_C-5,0.00191749132,80,153,1,0.987654,0.656652,0.343348
7,A4_C-5,0.00191603496,80,154,1,0.987654,0.658120,0.341880
7,A4_C-5,0.00191425753,80,155,1,0.987654,0.659574,0.340426
7,A4_C-5,0.00190135825,80,156,1,0.987654,0.661017,0.338983
7,A4_C-5,0.00189653179,80,157,1,0.987654,0.662447,0.337553
7,A4_C-5,0.00188910298,80,158,1,0.987654,0.663866,0.336134
7,A4_C-5,0.00182963908,80,159,1,0.987654,0.665272,0.334728
7,A4_C-5,0.00181610312,80,160,1,0.987654,0.666667,0.333333
7,A4_C-5,0.00181219249,80,161,1,0.987654,0.668050,0.331950
7,A4_C-5,0.00180028949,80,162,1,0.987654,0.669421,0.330579
7,A4_C-5,0.00178746448,80,163,1,0.987654,0.670782,0.329218
7,A4_C-5,0.00177117041,80,164,1,0.987654,0.672131,0.327869
7,A4_C-5,0.00175875309,80,165,1,0.987654,0.673469,0.326531
7,A4_C-5,0.00174734043,80,166,1,0.987654,0.674797,0.325203
7,A4_C-5,0.00173125719,80,167,1,0.987654,0.676113,0.323887
7,A4_C-5,0.0017302403,80,168,1,0.987654,0.677419,0.322581
7,A4_C-5,0.00172413466,80,169,1,0.987654,0.678715,0.321285
7,A4_C-5,0.00169177353,80,170,1,0.987654,0.680000,0.320000
7,A4_C-5,0.00166810642,80,171,1,0.987654,0.681275,0.318725
7,A4_C-5,0.0016464896,80,172,1,0.987654,0.682540,0.317460
7,A4_C-5,0.0016378921,80,173,1,0.987654,0.683794,0.316206
7,A4_C-5,0.00162730343,80,174,1,0.987654,0.685039,0.314961
7,A4_C-5,0.00160248694,80,175,1,0.987654,0.686275,0.313725
7,A4_C-5,0.00160017435,80,176,1,0.987654,0.687500,0.312500
7,A4_C-5,0.00159765931,80,177,1,0.987654,0.688716,0.311284
7,A4_C-5,0.00159547094,80,178,1,0.987654,0.689922,0.310078
7,A4_C-5,0.00159494358,80,179,1,0.987654,0.691120,0.308880
7,A4_C-5,0.00158126443,80,180,1,0.987654,0.692308,0.307692
7,A4_C-5,0.00156912126,80,181,1,0.987654,0.693487,0.306513
7,A4_C-5,0.00156013528,80,182,1,0.987654,0.694656,0.305344
7,A4_C-5,0.00155626482,80,183,1,0.987654,0.695817,0.304183
7,A4_C-5,0.00154646847,80,184,1,0.987654,0.696970,0.303030
7,A4_C-5,0.00151771237,80,185,1,0.987654,0.698113,0.301887
7,A4_C-5,0.00151671877,80,186,1,0.987654,0.699248,0.300752
7,A4_C-5,0.00151669804,80,187,1,0.987654,0.700375,0.299625
7,A4_C-5,0.00150308653,80,188,1,0.987654,0.701493,0.298507
7,A4_C-5,0.00150199654,80,189,1,0.987654,0.702602,0.297398
7,A4_C-5,0.00149420241,80,190,1,0.987654,0.703704,0.296296
7,A4_C-5,0.00148478791,80,191,1,0.987654,0.704797,0.295203
7,A4_C-5,0.00147985585,80,192,1,0.987654,0.705882,0.294118
7,A4_C-5,0.00147843792,80,193,1,0.987654,0.706960,0.293040
7,A4_C-5,0.00146266061,80,194,1,0.987654,0.708029,0.291971
7,A4_C-5,0.00145548373,80,195,1,0.987654,0.709091,0.290909
7,A4_C-5,0.00144939206,80,196,1,0.987654,0.710145,0.289855
7,A4_C-5,0.00142122351,80,197,1,0.987654,0.711191,0.288809
7,A4_C-5,0.00142073527,80,198,1,0.987654,0.712230,0.287770
7,A4_C-5,0.00141986564,80,199,1,0.987654,0.713262,0.286738
7,A4_C-5,0.00141133205,80,200,1,0.987654,0.714286,0.285714
7,A4_C-5,0.00139418209,80,201,1,0.987654,0.715302,0.284698
7,A4_C-5,0.00136434508,80,202,1,0.987654,0.716312,0.283688
7,A4_C-5,0.00135831884,80,203,1,0.987654,0.717314,0.282686
7,A4_C-5,0.00135367992,80,204,1,0.987654,0.718310,0.281690
7,A4_C-5,0.00134207658,80,205,1,0.987654,0.719298,0.280702
7,A4_C-5,0.00134027528,80,206,1,0.987654,0.720280,0.279720
7,A4_C-5,0.00132287072,80,207,1,0.987654,0.721254,0.278746
7,A4_C-5,0.00131844182,80,208,1,0.987654,0.722222,0.277778
7,A4_C-5,0.00131380768,80,209,1,0.987654,0.723183,0.276817
7,A4_C-5,0.0013114633,80,210,1,0.987654,0.724138,0.275862
7,A4_C-5,0.00128859561,80,211,1,0.987654,0.725086,0.274914
7,A4_C-5,0.00128595333,80,212,1,0.987654,0.726027,0.273973
7,A4_C-5,0.00127481774,80,213,1,0.987654,0.726962,0.273038
7,A4_C-5,0.00127146568,80,214,1,0.987654,0.727891,0.272109
7,A4_C-5,0.00125612086,80,215,1,0.987654,0.728814,0.271186
7,A4_C-5,0.00124673557,80,216,1,0.987654,0.729730,0.270270
7,A4_C-5,0.00124100584,80,217,1,0.987654,0.730640,0.269360
7,A4_C-5,0.00123729848,80,218,1,0.987654,0.731544,0.268456
7,A4_C-5,0.00123315281,80,219,1,0.987654,0.732441,0.267559
7,A4_C-5,0.00122602412,80,220,1,0.987654,0.733333,0.266667
7,A4_C-5,0.00121349748,80,221,1,0.987654,0.734219,0.265781
7,A4_C-5,0.00121161179,80,222,1,0.987654,0.735099,0.264901
7,A4_C-5,0.00119814172,80,223,1,0.987654,0.735974,0.264026
7,A4_C-5,0.00118738727,80,224,1,0.987654,0.736842,0.263158
7,A4_C-5,0.00117890292,80,225,1,0.987654,0.737705,0.262295
7,A4_C-5,0.00117052242,80,226,1,0.987654,0.738562,0.261438
7,A4_C-5,0.00115459226,80,227,1,0.987654,0.739414,0.260586
7,A4_C-5,0.00114165747,80,228,1,0.987654,0.740260,0.259740
7,A4_C-5,0.0011388947,80,229,1,0.987654,0.741100,0.258900
7,A4_C-5,0.00112479052,80,230,1,0.987654,0.741935,0.258065
7,A4_C-5,0.00112031854,80,231,1,0.987654,0.742765,0.257235
7,A4_C-5,0.00110661611,80,232,1,0.987654,0.743590,0.256410
7,A4_C-5,0.00110216066,80,233,1,0.987654,0.744409,0.255591
7,A4_C-5,0.00109551637,80,234,1,0.987654,0.745223,0.254777
7,A4_C-5,0.00109063403,80,235,1,0.987654,0.746032,0.253968
7,A4_C-5,0.00108921202,80,236,1,0.987654,0.746835,0.253165
7,A4_C-5,0.00107953115,80,237,1,0.987654,0.747634,0.252366
7,A4_C-5,0.00107813766,80,238,1,0.987654,0.748428,0.251572
7,A4_C-5,0.00105318951,80,239,1,0.987654,0.749216,0.250784
7,A4_C-5,0.00104616839,80,240,1,0.987654,0.750000,0.250000
7,A4_C-5,0.00104148372,80,241,1,0.987654,0.750779,0.249221
7,A4_C-5,0.00103513408,80,242,1,0.987654,0.751553,0.248447
7,A4_C-5,0.00103475957,80,243,1,0.987654,0.752322,0.247678
7,A4_C-5,0.00102847989,80,244,1,0.987654,0.753086,0.246914
7,A4_C-5,0.00102804031,80,245,1,0.987654,0.753846,0.246154
7,A4_C-5,0.00102441898,80,246,1,0.987654,0.754601,0.245399
7,A4_C-5,0.00102268951,80,247,1,0.987654,0.755352,0.244648
7,A4_C-5,0.00101587002,80,248,1,0.987654,0.756098,0.243902
7,A4_C-5,0.00101467245,80,249,1,0.987654,0.756839,0.243161
7,A4_C-5,0.00100178167,80,250,1,0.987654,0.757576,0.242424
8,A5_F-16,0.999968529,0,0,132,0.000000,0.000000,0.000000
8,A5_F-16,0.999968529,1,0,131,0.007576,0.000000,1.000000
8,A5_F-16,0.999942183,2,0,130,0.015152,0.000000,1.000000
8,A5_F-16,0.999940872,3,0,129,0.022727,0.000000,1.000000
8,A5_F-16,0.9999336,4,0,128,0.030303,0.000000,1.000000
8,A5_F-16,0.999932647,5,0,127,0.037879,0.000000,1.000000
8,A5_F-16,0.999926805,6,0,126,0.045455,0.000000,1.000000
8,A5_F-16,0.999925017,7,0,125,0.053030,0.000000,1.000000
8,A5_F-16,0.999924064,8,0,124,0.060606,0.000000,1.000000
8,A5_F-16,0.999920368,9,0,123,0.068182,0.000000,1.000000
8,A5_F-16,0.999918103,10,0,122,0.075758,0.000000,1.000000
8,A5_F-16,0.999914408,11,0,121,0.083333,0.000000,1.000000
8,A5_F-16,0.99991262,12,0,120,0.090909,0.000000,1.000000
8,A5_F-16,0.999908686,13,0,119,0.098485,0.000000,1.000000
8,A5_F-16,0.99990344,14,0,118,0.106061,0.000000,1.000000
8,A5_F-16,0.999901891,15,0,117,0.113636,0.000000,1.000000
8,A5_F-16,0.999900699,16,0,116,0.121212,0.000000,1.000000
8,A5_F-16,0.999900103,17,0,115,0.128788,0.000000,1.000000
8,A5_F-16,0.99989903,18,0,114,0.136364,0.000000,1.000000
8,A5_F-16,0.999897957,19,0,113,0.143939,0.000000,1.000000
8,A5_F-16,0.999897838,20,0,112,0.151515,0.000000,1.000000
8,A5_F-16,0.999897718,21,0,111,0.159091,0.000000,1.000000
8,A5_F-16,0.999896765,22,0,110,0.166667,0.000000,1.000000
8,A5_F-16,0.999896407,23,0,109,0.174242,0.000000,1.000000
8,A5_F-16,0.999894977,24,0,108,0.181818,0.000000,1.000000
8,A5_F-16,0.999893427,25,0,107,0.189394,0.000000,1.000000
8,A5_F-16,0.999889016,26,0,106,0.196970,0.000000,1.000000
8,A5_F-16,0.999883056,27,0,105,0.204545,0.000000,1.000000
8,A5_F-16,0.999876857,28,0,104,0.212121,0.000000,1.000000
8,A5_F-16,0.99987185,29,0,103,0.219697,0.000000,1.000000
8,A5_F-16,0.999866605,30,0,102,0.227273,0.000000,1.000000
8,A5_F-16,0.99986577,31,0,101,0.234848,0.000000,1.000000
8,A5_F-16,0.999862909,32,0,100,0.242424,0.000000,1.000000
8,A5_F-16,0.999858379,33,0,99,0.250000,0.000000,1.000000
8,A5_F-16,0.999857187,34,0,98,0.257576,0.000000,1.000000
8,A5_F-16,0.999856353,35,0,97,0.265152,0.000000,1.000000
8,A5_F-16,0.999855757,36,0,96,0.272727,0.000000,1.000000
8,A5_F-16,0.999855161,37,0,95,0.280303,0.000000,1.000000
8,A5_F-16,0.999852538,38,0,94,0.287879,0.000000,1.000000
8,A5_F-16,0.999850869,39,0,93,0.295455,0.000000,1.000000
8,A5_F-16,0.999846816,40,0,92,0.303030,0.000000,1.000000
8,A5_F-16,0.999841332,41,0,91,0.310606,0.000000,1.000000
8,A5_F-16,0.999819458,42,0,90,0.318182,0.000000,1.000000
8,A5_F-16,0.999811947,43,0,89,0.325758,0.000000,1.000000
8,A5_F-16,0.999799073,44,0,88,0.333333,0.000000,1.000000
8,A5_F-16,0.999790847,45,0,87,0.340909,0.000000,1.000000
8,A5_F-16,0.99979049,46,0,86,0.348485,0.000000,1.000000
8,A5_F-16,0.99979037,47,0,85,0.356061,0.000000,1.000000
8,A5_F-16,0.999783576,48,0,84,0.363636,0.000000,1.000000
8,A5_F-16,0.999778926,49,0,83,0.371212,0.000000,1.000000
8,A5_F-16,0.999776423,50,0,82,0.378788,0.000000,1.000000
8,A5_F-16,0.99976784,51,0,81,0.386364,0.000000,1.000000
8,A5_F-16,0.999758899,52,0,80,0.393939,0.000000,1.000000
8,A5_F-16,0.999751389,53,0,79,0.401515,0.000000,1.000000
8,A5_F-16,0.999747932,54,0,78,0.409091,0.000000,1.000000
8,A5_F-16,0.999739587,55,0,77,0.416667,0.000000,1.000000
8,A5_F-16,0.999728382,56,0,76,0.424242,0.000000,1.000000
8,A5_F-16,0.999723613,57,0,75,0.431818,0.000000,1.000000
8,A5_F-16,0.999716103,58,0,74,0.439394,0.000000,1.000000
8,A5_F-16,0.999708712,59,0,73,0.446970,0.000000,1.000000
8,A5_F-16,0.999694824,60,0,72,0.454545,0.000000,1.000000
8,A5_F-16,0.999688148,61,0,71,0.462121,0.000000,1.000000
8,A5_F-16,0.999686599,62,0,70,0.469697,0.000000,1.000000
8,A5_F-16,0.999685884,63,0,69,0.477273,0.000000,1.000000
8,A5_F-16,0.999685764,64,0,68,0.484848,0.000000,1.000000
8,A5_F-16,0.999682784,65,0,67,0.492424,0.000000,1.000000
8,A5_F-16,0.999680758,66,0,66,0.500000,0.000000,1.000000
8,A5_F-16,0.999671459,67,0,65,0.507576,0.000000,1.000000
8,A5_F-16,0.999667883,68,0,64,0.515152,0.000000,1.000000
8,A5_F-16,0.999666095,69,0,63,0.522727,0.000000,1.000000
8,A5_F-16,0.999658585,70,0,62,0.530303,0.000000,1.000000
8,A5_F-16,0.999612033,71,0,61,0.537879,0.000000,1.000000
8,A5_F-16,0.999603331,72,0,60,0.545455,0.000000,1.000000
8,A5_F-16,0.999590933,73,0,59,0.553030,0.000000,1.000000
8,A5_F-16,0.999578178,74,0,58,0.560606,0.000000,1.000000
8,A5_F-16,0.9995628,75,0,57,0.568182,0.000000,1.000000
8,A5_F-16,0.999549687,76,0,56,0.575758,0.000000,1.000000
8,A5_F-16,0.99954468,77,0,55,0.583333,0.000000,1.000000
8,A5_F-16,0.999541163,78,0,54,0.590909,0.000000,1.000000
8,A5_F-16,0.999521971,79,0,53,0.598485,0.000000,1.000000
8,A5_F-16,0.999496579,80,0,52,0.606061,0.000000,1.000000
8,A5_F-16,0.999488473,81,0,51,0.613636,0.000000,1.000000
8,A5_F-16,0.999461472,82,0,50,0.621212,0.000000,1.000000
8,A5_F-16,0.999453008,83,0,49,0.628788,0.000000,1.000000
8,A5_F-16,0.999424696,84,0,48,0.636364,0.000000,1.000000
8,A5_F-16,0.999393821,85,0,47,0.643939,0.000000,1.000000
8,A5_F-16,0.999391317,86,0,46,0.651515,0.000000,1.000000
8,A5_F-16,0.999353826,87,0,45,0.659091,0.000000,1.000000
8,A5_F-16,0.999353468,88,0,44,0.666667,0.000000,1.000000
8,A5_F-16,0.999309421,89,0,43,0.674242,0.000000,1.000000
8,A5_F-16,0.999288261,90,0,42,0.681818,0.000000,1.000000
8,A5_F-16,0.999271095,91,0,41,0.689394,0.000000,1.000000
8,A5_F-16,0.999270499,92,0,40,0.696970,0.000000,1.000000
8,A5_F-16,0.999253333,92,1,40,0.696970,0.010753,0.989247
8,A5_F-16,0.999240279,93,1,39,0.704545,0.010638,0.989362
8,A5_F-16,0.999224663,94,1,38,0.712121,0.010526,0.989474
8,A5_F-16,0.999150395,95,1,37,0.719697,0.010417,0.989583
8,A5_F-16,0.999093771,96,1,36,0.727273,0.010309,0.989691
8,A5_F-16,0.999011397,97,1,35,0.734848,0.010204,0.989796
8,A5_F-16,0.999004543,98,1,34,0.742424,0.010101,0.989899
8,A5_F-16,0.998969674,99,1,33,0.750000,0.010000,0.990000
8,A5_F-16,0.998931587,100,1,32,0.757576,0.009901,0.990099
8,A5_F-16,0.99880302,101,1,31,0.765152,0.009804,0.990196
8,A5_F-16,0.998646438,102,1,30,0.772727,0.009709,0.990291
8,A5_F-16,0.998583317,103,1,29,0.780303,0.009615,0.990385
8,A5_F-16,0.998253763,104,1,28,0.787879,0.009524,0.990476
8,A5_F-16,0.998244047,105,1,27,0.795455,0.009434,0.990566
8,A5_F-16,0.997587204,106,1,26,0.803030,0.009346,0.990654
8,A5_F-16,0.997583508,107,1,25,0.810606,0.009259,0.990741
8,A5_F-16,0.997090936,108,1,24,0.818182,0.009174,0.990826
8,A5_F-16,0.996823668,109,1,23,0.825758,0.009091,0.990909
8,A5_F-16,0.995387375,110,1,22,0.833333,0.009009,0.990991
8,A5_F-16,0.992871225,111,1,21,0.840909,0.008929,0.991071
8,A5_F-16,0.992634475,112,1,20,0.848485,0.008850,0.991150
8,A5_F-16,0.992120981,113,1,19,0.856061,0.008772,0.991228
8,A5_F-16,0.992062211,114,1,18,0.863636,0.008696,0.991304
8,A5_F-16,0.991499484,115,1,17,0.871212,0.008621,0.991379
8,A5_F-16,0.989674091,116,1,16,0.878788,0.008547,0.991453
8,A5_F-16,0.987257898,117,1,15,0.886364,0.008475,0.991525
8,A5_F-16,0.985878348,118,1,14,0.893939,0.008403,0.991597
8,A5_F-16,0.965403795,119,1,13,0.901515,0.008333,0.991667
8,A5_F-16,0.956292033,119,2,13,0.901515,0.016529,0.983471
8,A5_F-16,0.94432056,120,2,12,0.909091,0.016393,0.983607
8,A5_F-16,0.939323604,121,2,11,0.916667,0.016260,0.983740
8,A5_F-16,0.918902218,122,2,10,0.924242,0.016129,0.983871
8,A5_F-16,0.91790098,123,2,9,0.931818,0.016000,0.984000
8,A5_F-16,0.913478792,123,3,9,0.931818,0.023810,0.976190
8,A5_F-16,0.735558689,123,4,9,0.931818,0.031496,0.968504
8,A5_F-16,0.690725148,123,5,9,0.931818,0.039062,0.960938
8,A5_F-16,0.673711419,123,6,9,0.931818,0.046512,0.953488
8,A5_F-16,0.598782659,124,6,8,0.939394,0.046154,0.953846
8,A5_F-16,0.592242002,125,6,7,0.946970,0.045802,0.954198
8,A5_F-16,0.50622946,126,6,6,0.954545,0.045455,0.954545
8,A5_F-16,0.44585219,127,6,5,0.962121,0.045113,0.954887
8,A5_F-16,0.398112059,127,7,5,0.962121,0.052239,0.947761
8,A5_F-16,0.373092204,127,8,5,0.962121,0.059259,0.940741
8,A5_F-16,0.370969236,127,9,5,0.962121,0.066176,0.933824
8,A5_F-16,0.365998298,127,10,5,0.962121,0.072993,0.927007
8,A5_F-16,0.349380344,127,11,5,0.962121,0.079710,0.920290
8,A5_F-16,0.318102539,127,12,5,0.962121,0.086331,0.913669
8,A5_F-16,0.303263724,128,12,4,0.969697,0.085714,0.914286
8,A5_F-16,0.297307074,128,13,4,0.969697,0.092199,0.907801
8,A5_F-16,0.270776212,129,13,3,0.977273,0.091549,0.908451
8,A5_F-16,0.268521458,129,14,3,0.977273,0.097902,0.902098
8,A5_F-16,0.265299261,130,14,2,0.984848,0.097222,0.902778
8,A5_F-16,0.260238945,130,15,2,0.984848,0.103448,0.896552
8,A5_F-16,0.250470847,130,16,2,0.984848,0.109589,0.890411
8,A5_F-16,0.246746451,130,17,2,0.984848,0.115646,0.884354
8,A5_F-16,0.206664994,130,18,2,0.984848,0.121622,0.878378
8,A5_F-16,0.19713372,130,19,2,0.984848,0.127517,0.872483
8,A5_F-16,0.192674011,130,20,2,0.984848,0.133333,0.866667
8,A5_F-16,0.188116401,130,21,2,0.984848,0.139073,0.860927
8,A5_F-16,0.187667534,130,22,2,0.984848,0.144737,0.855263
8,A5_F-16,0.171990231,130,23,2,0.984848,0.150327,0.849673
8,A5_F-16,0.157383397,130,24,2,0.984848,0.155844,0.844156
8,A5_F-16,0.141419128,130,25,2,0.984848,0.161290,0.838710
8,A5_F-16,0.133809835,130,26,2,0.984848,0.166667,0.833333
8,A5_F-16,0.122076377,130,27,2,0.984848,0.171975,0.828025
8,A5_F-16,0.103370123,130,28,2,0.984848,0.177215,0.822785
8,A5_F-16,0.088110134,130,29,2,0.984848,0.182390,0.817610
8,A5_F-16,0.0819126368,130,30,2,0.984848,0.187500,0.812500
8,A5_F-16,0.0569346137,130,31,2,0.984848,0.192547,0.807453
8,A5_F-16,0.0558839925,130,32,2,0.984848,0.197531,0.802469
8,A5_F-16,0.0531715937,130,33,2,0.984848,0.202454,0.797546
8,A5_F-16,0.0515687801,130,34,2,0.984848,0.207317,0.792683
8,A5_F-16,0.0486032926,130,35,2,0.984848,0.212121,0.787879
8,A5_F-16,0.0382934399,130,36,2,0.984848,0.216867,0.783133
8,A5_F-16,0.0370652191,130,37,2,0.984848,0.221557,0.778443
8,A5_F-16,0.0341060385,130,38,2,0.984848,0.226190,0.773810
8,A5_F-16,0.0334357359,130,39,2,0.984848,0.230769,0.769231
8,A5_F-16,0.0328817479,130,40,2,0.984848,0.235294,0.764706
8,A5_F-16,0.0320030898,130,41,2,0.984848,0.239766,0.760234
8,A5_F-16,0.0317110159,130,42,2,0.984848,0.244186,0.755814
8,A5_F-16,0.0313503258,130,43,2,0.984848,0.248555,0.751445
8,A5_F-16,0.0313299634,130,44,2,0.984848,0.252874,0.747126
8,A5_F-16,0.029898271,130,45,2,0.984848,0.257143,0.742857
8,A5_F-16,0.0280327369,130,46,2,0.984848,0.261364,0.738636
8,A5_F-16,0.02799372,130,47,2,0.984848,0.265537,0.734463
8,A5_F-16,0.0273810178,130,48,2,0.984848,0.269663,0.730337
8,A5_F-16,0.0268556084,130,49,2,0.984848,0.273743,0.726257
8,A5_F-16,0.0252362061,130,50,2,0.984848,0.277778,0.722222
8,A5_F-16,0.024487786,130,51,2,0.984848,0.281768,0.718232
8,A5_F-16,0.0244033206,130,52,2,0.984848,0.285714,0.714286
8,A5_F-16,0.0242720284,130,53,2,0.984848,0.289617,0.710383
8,A5_F-16,0.0239358414,130,54,2,0.984848,0.293478,0.706522
8,A5_F-16,0.0215737224,130,55,2,0.984848,0.297297,0.702703
8,A5_F-16,0.021398209,130,56,2,0.984848,0.301075,0.698925
8,A5_F-16,0.0204093941,130,57,2,0.984848,0.304813,0.695187
8,A5_F-16,0.0202672426,130,58,2,0.984848,0.308511,0.691489
8,A5_F-16,0.0178137645,130,59,2,0.984848,0.312169,0.687831
8,A5_F-16,0.0173793603,130,60,2,0.984848,0.315789,0.684211
8,A5_F-16,0.0170343034,130,61,2,0.984848,0.319372,0.680628
8,A5_F-16,0.0154202748,130,62,2,0.984848,0.322917,0.677083
8,A5_F-16,0.0153606562,130,63,2,0.984848,0.326425,0.673575
8,A5_F-16,0.0148993097,130,64,2,0.984848,0.329897,0.670103
8,A5_F-16,0.0135576902,130,65,2,0.984848,0.333333,0.666667
8,A5_F-16,0.0122165736,130,66,2,0.984848,0.336735,0.663265
8,A5_F-16,0.0106842974,130,67,2,0.984848,0.340102,0.659898
8,A5_F-16,0.00989673287,130,68,2,0.984848,0.343434,0.656566
8,A5_F-16,0.00968436617,130,69,2,0.984848,0.346734,0.653266
8,A5_F-16,0.00960841775,130,70,2,0.984848,0.350000,0.650000
8,A5_F-16,0.00956822094,130,71,2,0.984848,0.353234,0.646766
8,A5_F-16,0.00956653897,130,72,2,0.984848,0.356436,0.643564
8,A5_F-16,0.00945368502,130,73,2,0.984848,0.359606,0.640394
8,A5_F-16,0.00907047279,130,74,2,0.984848,0.362745,0.637255
8,A5_F-16,0.00885969587,130,75,2,0.984848,0.365854,0.634146
8,A5_F-16,0.00831364561,130,76,2,0.984848,0.368932,0.631068
8,A5_F-16,0.00819128938,130,77,2,0.984848,0.371981,0.628019
8,A5_F-16,0.00786959566,130,78,2,0.984848,0.375000,0.625000
8,A5_F-16,0.00692809979,130,79,2,0.984848,0.377990,0.622010
8,A5_F-16,0.00673510507,130,80,2,0.984848,0.380952,0.619048
8,A5_F-16,0.00605461048,130,81,2,0.984848,0.383886,0.616114
8,A5_F-16,0.00598098757,130,82,2,0.984848,0.386792,0.613208
8,A5_F-16,0.00565079041,130,83,2,0.984848,0.389671,0.610329
8,A5_F-16,0.00564484624,130,84,2,0.984848,0.392523,0.607477
8,A5_F-16,0.00551803922,130,85,2,0.984848,0.395349,0.604651
8,A5_F-16,0.00526945014,130,86,2,0.984848,0.398148,0.601852
8,A5_F-16,0.00524450326,130,87,2,0.984848,0.400922,0.599078
8,A5_F-16,0.00523728365,130,88,2,0.984848,0.403670,0.596330
8,A5_F-16,0.00499238074,130,89,2,0.984848,0.406393,0.593607
8,A5_F-16,0.00493901828,130,90,2,0.984848,0.409091,0.590909
8,A5_F-16,0.00474766456,130,91,2,0.984848,0.411765,0.588235
8,A5_F-16,0.00471076323,130,92,2,0.984848,0.414414,0.585586
8,A5_F-16,0.00467944099,130,93,2,0.984848,0.417040,0.582960
8,A5_F-16,0.00461740978,130,94,2,0.984848,0.419643,0.580357
8,A5_F-16,0.00460937619,130,95,2,0.984848,0.422222,0.577778
8,A5_F-16,0.00452025142,130,96,2,0.984848,0.424779,0.575221
8,A5_F-16,0.00451079523,130,97,2,0.984848,0.427313,0.572687
8,A5_F-16,0.0044257124,130,98,2,0.984848,0.429825,0.570175
8,A5_F-16,0.00441540731,130,99,2,0.984848,0.432314,0.567686
8,A5_F-16,0.00440275716,130,100,2,0.984848,0.434783,0.565217
8,A5_F-16,0.00434319023,130,101,2,0.984848,0.437229,0.562771
8,A5_F-16,0.00423678756,130,102,2,0.984848,0.439655,0.560345
8,A5_F-16,0.00410215557,130,103,2,0.984848,0.442060,0.557940
8,A5_F-16,0.00402275892,130,104,2,0.984848,0.444444,0.555556
8,A5_F-16,0.00398856914,130,105,2,0.984848,0.446809,0.553191
8,A5_F-16,0.00398223568,130,106,2,0.984848,0.449153,0.550847
8,A5_F-16,0.00394960027,130,107,2,0.984848,0.451477,0.548523
8,A5_F-16,0.00394386193,130,108,2,0.984848,0.453782,0.546218
8,A5_F-16,0.00382930483,130,109,2,0.984848,0.456067,0.543933
8,A5_F-16,0.00378738623,130,110,2,0.984848,0.458333,0.541667
8,A5_F-16,0.00376582053,130,111,2,0.984848,0.460581,0.539419
8,A5_F-16,0.0037260293,130,112,2,0.984848,0.462810,0.537190
8,A5_F-16,0.00365629792,130,113,2,0.984848,0.465021,0.534979
8,A5_F-16,0.00362154306,130,114,2,0.984848,0.467213,0.532787
8,A5_F-16,0.00360308518,130,115,2,0.984848,0.469388,0.530612
8,A5_F-16,0.00350053189,130,116,2,0.984848,0.471545,0.528455
8,A5_F-16,0.00320917298,130,117,2,0.984848,0.473684,0.526316
8,A5_F-16,0.00312598515,130,118,2,0.984848,0.475806,0.524194
8,A5_F-16,0.00309105217,130,119,2,0.984848,0.477912,0.522088
8,A5_F-16,0.00302175852,130,120,2,0.984848,0.480000,0.520000
8,A5_F-16,0.00302052381,130,121,2,0.984848,0.482072,0.517928
8,A5_F-16,0.00297973049,130,122,2,0.984848,0.484127,0.515873
8,A5_F-16,0.00295525137,130,123,2,0.984848,0.486166,0.513834
8,A5_F-16,0.00291352556,130,124,2,0.984848,0.488189,0.511811
8,A5_F-16,0.00290679,130,125,2,0.984848,0.490196,0.509804
8,A5_F-16,0.00288013881,130,126,2,0.984848,0.492188,0.507812
8,A5_F-16,0.00287507172,130,127,2,0.984848,0.494163,0.505837
8,A5_F-16,0.00286013354,130,128,2,0.984848,0.496124,0.503876
8,A5_F-16,0.0028477856,130,129,2,0.984848,0.498069,0.501931
8,A5_F-16,0.00276336865,130,130,2,0.984848,0.500000,0.500000
8,A5_F-16,0.00275220606,130,131,2,0.984848,0.501916,0.498084
8,A5_F-16,0.00271969102,130,132,2,0.984848,0.503817,0.496183
8,A5_F-16,0.00269889319,130,133,2,0.984848,0.505703,0.494297
8,A5_F-16,0.0026832819,130,134,2,0.984848,0.507576,0.492424
8,A5_F-16,0.00266030873,130,135,2,0.984848,0.509434,0.490566
8,A5_F-16,0.0025679071,130,136,2,0.984848,0.511278,0.488722
8,A5_F-16,0.00252419314,130,137,2,0.984848,0.513109,0.486891
8,A5_F-16,0.00249280385,130,138,2,0.984848,0.514925,0.485075
8,A5_F-16,0.00249031978,130,139,2,0.984848,0.516729,0.483271
8,A5_F-16,0.00247755856,130,140,2,0.984848,0.518519,0.481481
8,A5_F-16,0.00241821981,130,141,2,0.984848,0.520295,0.479705
8,A5_F-16,0.00232871529,130,142,2,0.984848,0.522059,0.477941
8,A5_F-16,0.00232623797,130,143,2,0.984848,0.523810,0.476190
8,A5_F-16,0.00231348141,130,144,2,0.984848,0.525547,0.474453
8,A5_F-16,0.00228068931,130,145,2,0.984848,0.527273,0.472727
8,A5_F-16,0.00226564636,130,146,2,0.984848,0.528986,0.471014
8,A5_F-16,0.00225823955,130,147,2,0.984848,0.530686,0.469314
8,A5_F-16,0.00220594532,130,148,2,0.984848,0.532374,0.467626
8,A5_F-16,0.00220243447,130,149,2,0.984848,0.534050,0.465950
8,A5_F-16,0.00219143671,130,150,2,0.984848,0.535714,0.464286
8,A5_F-16,0.00218870072,130,151,2,0.984848,0.537367,0.462633
8,A5_F-16,0.00213856879,130,152,2,0.984848,0.539007,0.460993
8,A5_F-16,0.00211333297,130,153,2,0.984848,0.540636,0.459364
8,A5_F-16,0.00209662667,130,154,2,0.984848,0.542254,0.457746
8,A5_F-16,0.00208577607,130,155,2,0.984848,0.543860,0.456140
8,A5_F-16,0.00205974025,130,156,2,0.984848,0.545455,0.454545
8,A5_F-16,0.00203091581,130,157,2,0.984848,0.547038,0.452962
8,A5_F-16,0.00202608062,130,158,2,0.984848,0.548611,0.451389
8,A5_F-16,0.00195661234,130,159,2,0.984848,0.550173,0.449827
8,A5_F-16,0.00193273148,130,160,2,0.984848,0.551724,0.448276
8,A5_F-16,0.00192824064,130,161,2,0.984848,0.553265,0.446735
8,A5_F-16,0.00189092336,130,162,2,0.984848,0.554795,0.445205
8,A5_F-16,0.00187828939,130,163,2,0.984848,0.556314,0.443686
8,A5_F-16,0.00187013554,130,164,2,0.984848,0.557823,0.442177
8,A5_F-16,0.00186432397,130,165,2,0.984848,0.559322,0.440678
8,A5_F-16,0.0018080048,130,166,2,0.984848,0.560811,0.439189
8,A5_F-16,0.0018042638,130,167,2,0.984848,0.562290,0.437710
8,A5_F-16,0.00178277679,130,168,2,0.984848,0.563758,0.436242
8,A5_F-16,0.00176152505,130,169,2,0.984848,0.565217,0.434783
8,A5_F-16,0.00176111364,130,170,2,0.984848,0.566667,0.433333
8,A5_F-16,0.00174846803,130,171,2,0.984848,0.568106,0.431894
8,A5_F-16,0.00174579548,130,172,2,0.984848,0.569536,0.430464
8,A5_F-16,0.001733699,130,173,2,0.984848,0.570957,0.429043
8,A5_F-16,0.00172676076,130,174,2,0.984848,0.572368,0.427632
8,A5_F-16,0.00172533805,130,175,2,0.984848,0.573770,0.426230
8,A5_F-16,0.00172263465,130,176,2,0.984848,0.575163,0.424837
8,A5_F-16,0.00170997879,130,177,2,0.984848,0.576547,0.423453
8,A5_F-16,0.00170925353,130,178,2,0.984848,0.577922,0.422078
8,A5_F-16,0.00168664241,130,179,2,0.984848,0.579288,0.420712
8,A5_F-16,0.00168399606,130,180,2,0.984848,0.580645,0.419355
8,A5_F-16,0.00165814767,130,181,2,0.984848,0.581994,0.418006
8,A5_F-16,0.00164939638,130,182,2,0.984848,0.583333,0.416667
8,A5_F-16,0.00164720335,130,183,2,0.984848,0.584665,0.415335
8,A5_F-16,0.0016209071,130,184,2,0.984848,0.585987,0.414013
8,A5_F-16,0.00161796261,130,185,2,0.984848,0.587302,0.412698
8,A5_F-16,0.00161679136,130,186,2,0.984848,0.588608,0.411392
8,A5_F-16,0.00146646134,130,187,2,0.984848,0.589905,0.410095
8,A5_F-16,0.00144627725,130,188,2,0.984848,0.591195,0.408805
8,A5_F-16,0.00142607489,130,189,2,0.984848,0.592476,0.407524
8,A5_F-16,0.001424702,130,190,2,0.984848,0.593750,0.406250
8,A5_F-16,0.00142007484,130,191,2,0.984848,0.595016,0.404984
8,A5_F-16,0.00140398846,130,192,2,0.984848,0.596273,0.403727
8,A5_F-16,0.0013912057,130,193,2,0.984848,0.597523,0.402477
8,A5_F-16,0.00138951093,130,194,2,0.984848,0.598765,0.401235
8,A5_F-16,0.00138694106,130,195,2,0.984848,0.600000,0.400000
8,A5_F-16,0.00137328985,130,196,2,0.984848,0.601227,0.398773
8,A5_F-16,0.00137091207,130,197,2,0.984848,0.602446,0.397554
8,A5_F-16,0.00135141343,130,198,2,0.984848,0.603659,0.396341
8,A5_F-16,0.00133078673,130,199,2,0.984848,0.604863,0.395137
8,A5_F-16,0.0013288476,130,200,2,0.984848,0.606061,0.393939
8,A5_F-16,0.00130916992,130,201,2,0.984848,0.607251,0.392749
8,A5_F-16,0.00129451393,130,202,2,0.984848,0.608434,0.391566
8,A5_F-16,0.00129335199,130,203,2,0.984848,0.609610,0.390390
8,A5_F-16,0.00127841067,130,204,2,0.984848,0.610778,0.389222
8,A5_F-16,0.00126311358,130,205,2,0.984848,0.611940,0.388060
8,A5_F-16,0.00126149715,130,206,2,0.984848,0.613095,0.386905
8,A5_F-16,0.00124819519,130,207,2,0.984848,0.614243,0.385757
8,A5_F-16,0.00123137678,130,208,2,0.984848,0.615385,0.384615
8,A5_F-16,0.00122983847,130,209,2,0.984848,0.616519,0.383481
8,A5_F-16,0.0012265197,130,210,2,0.984848,0.617647,0.382353
8,A5_F-16,0.00122349057,130,211,2,0.984848,0.618768,0.381232
8,A5_F-16,0.0012086588,130,212,2,0.984848,0.619883,0.380117
8,A5_F-16,0.00120403955,130,213,2,0.984848,0.620991,0.379009
8,A5_F-16,0.00120128575,130,214,2,0.984848,0.622093,0.377907
8,A5_F-16,0.00120104896,130,215,2,0.984848,0.623188,0.376812
8,A5_F-16,0.00119829434,130,216,2,0.984848,0.624277,0.375723
8,A5_F-16,0.00119623879,130,217,2,0.984848,0.625360,0.374640
8,A5_F-16,0.00118443079,130,218,2,0.984848,0.626437,0.373563
8,A5_F-16,0.0011830352,130,219,2,0.984848,0.627507,0.372493
8,A5_F-16,0.0011762213,130,220,2,0.984848,0.628571,0.371429
8,A5_F-16,0.00117521454,130,221,2,0.984848,0.629630,0.370370
8,A5_F-16,0.00116153341,130,222,2,0.984848,0.630682,0.369318
8,A5_F-16,0.0011510246,130,223,2,0.984848,0.631728,0.368272
8,A5_F-16,0.00114325562,130,224,2,0.984848,0.632768,0.367232
8,A5_F-16,0.00114033266,130,225,2,0.984848,0.633803,0.366197
8,A5_F-16,0.00113235239,130,226,2,0.984848,0.634831,0.365169
8,A5_F-16,0.00112226186,130,227,2,0.984848,0.635854,0.364146
8,A5_F-16,0.00111351488,130,228,2,0.984848,0.636872,0.363128
8,A5_F-16,0.00111051998,130,229,2,0.984848,0.637883,0.362117
8,A5_F-16,0.00110639923,130,230,2,0.984848,0.638889,0.361111
8,A5_F-16,0.00109805155,130,231,2,0.984848,0.639889,0.360111
8,A5_F-16,0.00109718903,130,232,2,0.984848,0.640884,0.359116
8,A5_F-16,0.00108476589,130,233,2,0.984848,0.641873,0.358127
8,A5_F-16,0.00107765745,130,234,2,0.984848,0.642857,0.357143
8,A5_F-16,0.00106606993,130,235,2,0.984848,0.643836,0.356164
8,A5_F-16,0.00106204371,130,236,2,0.984848,0.644809,0.355191
8,A5_F-16,0.00105665741,130,237,2,0.984848,0.645777,0.354223
8,A5_F-16,0.00105371105,130,238,2,0.984848,0.646739,0.353261
8,A5_F-16,0.00105358323,130,239,2,0.984848,0.647696,0.352304
8,A5_F-16,0.00105050567,130,240,2,0.984848,0.648649,0.351351
8,A5_F-16,0.00104580261,130,241,2,0.984848,0.649596,0.350404
8,A5_F-16,0.00103516644,130,242,2,0.984848,0.650538,0.349462
8,A5_F-16,0.00102974114,130,243,2,0.984848,0.651475,0.348525
8,A5_F-16,0.00102583016,130,244,2,0.984848,0.652406,0.347594
8,A5_F-16,0.00101257768,130,245,2,0.984848,0.653333,0.346667
8,A5_F-16,0.00101200852,130,246,2,0.984848,0.654255,0.345745
8,A5_F-16,0.00101152435,130,247,2,0.984848,0.655172,0.344828
8,A5_F-16,0.00100215245,130,248,2,0.984848,0.656085,0.343915
9,A6_TU-160,0.999926686,0,0,72,0.000000,0.000000,0.000000
9,A6_TU-160,0.999926686,1,0,71,0.013889,0.000000,1.000000
9,A6_TU-160,0.999878049,2,0,70,0.027778,0.000000,1.000000
9,A6_TU-160,0.999861956,3,0,69,0.041667,0.000000,1.000000
9,A6_TU-160,0.999850869,4,0,68,0.055556,0.000000,1.000000
9,A6_TU-160,0.999850512,5,0,67,0.069444,0.000000,1.000000
9,A6_TU-160,0.999850392,6,0,66,0.083333,0.000000,1.000000
9,A6_TU-160,0.999846578,7,0,65,0.097222,0.000000,1.000000
9,A6_TU-160,0.99984324,8,0,64,0.111111,0.000000,1.000000
9,A6_TU-160,0.999838948,9,0,63,0.125000,0.000000,1.000000
9,A6_TU-160,0.999823868,10,0,62,0.138889,0.000000,1.000000
9,A6_TU-160,0.999797761,11,0,61,0.152778,0.000000,1.000000
9,A6_TU-160,0.999775946,12,0,60,0.166667,0.000000,1.000000
9,A6_TU-160,0.999769032,13,0,59,0.180556,0.000000,1.000000
9,A6_TU-160,0.999768555,14,0,58,0.194444,0.000000,1.000000
9,A6_TU-160,0.999767244,15,0,57,0.208333,0.000000,1.000000
9,A6_TU-160,0.999749482,16,0,56,0.222222,0.000000,1.000000
9,A6_TU-160,0.99972862,17,0,55,0.236111,0.000000,1.000000
9,A6_TU-160,0.999717772,18,0,54,0.250000,0.000000,1.000000
9,A6_TU-160,0.999711096,19,0,53,0.263889,0.000000,1.000000
9,A6_TU-160,0.999689221,20,0,52,0.277778,0.000000,1.000000
9,A6_TU-160,0.999673128,21,0,51,0.291667,0.000000,1.000000
9,A6_TU-160,0.999626279,22,0,50,0.305556,0.000000,1.000000
9,A6_TU-160,0.999618888,23,0,49,0.319444,0.000000,1.000000
9,A6_TU-160,0.999603927,24,0,48,0.333333,0.000000,1.000000
9,A6_TU-160,0.999578178,25,0,47,0.347222,0.000000,1.000000
9,A6_TU-160,0.999508262,26,0,46,0.361111,0.000000,1.000000
9,A6_TU-160,0.999490023,27,0,45,0.375000,0.000000,1.000000
9,A6_TU-160,0.999462545,28,0,44,0.388889,0.000000,1.000000
9,A6_TU-160,0.999451816,29,0,43,0.402778,0.000000,1.000000
9,A6_TU-160,0.999393463,30,0,42,0.416667,0.000000,1.000000
9,A6_TU-160,0.999385715,31,0,41,0.430556,0.000000,1.000000
9,A6_TU-160,0.999384642,32,0,40,0.444444,0.000000,1.000000
9,A6_TU-160,0.999347985,33,0,39,0.458333,0.000000,1.000000
9,A6_TU-160,0.999337137,34,0,38,0.472222,0.000000,1.000000
9,A6_TU-160,0.999270976,35,0,37,0.486111,0.000000,1.000000
9,A6_TU-160,0.999267519,36,0,36,0.500000,0.000000,1.000000
9,A6_TU-160,0.99921906,37,0,35,0.513889,0.000000,1.000000
9,A6_TU-160,0.999210596,38,0,34,0.527778,0.000000,1.000000
9,A6_TU-160,0.999183238,39,0,33,0.541667,0.000000,1.000000
9,A6_TU-160,0.999170899,40,0,32,0.555556,0.000000,1.000000
9,A6_TU-160,0.999066651,41,0,31,0.569444,0.000000,1.000000
9,A6_TU-160,0.999054492,42,0,30,0.583333,0.000000,1.000000
9,A6_TU-160,0.998999894,43,0,29,0.597222,0.000000,1.000000
9,A6_TU-160,0.998997509,44,0,28,0.611111,0.000000,1.000000
9,A6_TU-160,0.998957038,45,0,27,0.625000,0.000000,1.000000
9,A6_TU-160,0.998943746,46,0,26,0.638889,0.000000,1.000000
9,A6_TU-160,0.998766422,47,0,25,0.652778,0.000000,1.000000
9,A6_TU-160,0.998709798,48,0,24,0.666667,0.000000,1.000000
9,A6_TU-160,0.998692572,49,0,23,0.680556,0.000000,1.000000
9,A6_TU-160,0.998657107,50,0,22,0.694444,0.000000,1.000000
9,A6_TU-160,0.998644769,51,0,21,0.708333,0.000000,1.000000
9,A6_TU-160,0.99849689,52,0,20,0.722222,0.000000,1.000000
9,A6_TU-160,0.998061359,53,0,19,0.736111,0.000000,1.000000
9,A6_TU-160,0.997999012,54,0,18,0.750000,0.000000,1.000000
9,A6_TU-160,0.997918189,55,0,17,0.763889,0.000000,1.000000
9,A6_TU-160,0.997738957,56,0,16,0.777778,0.000000,1.000000
9,A6_TU-160,0.997700274,57,0,15,0.791667,0.000000,1.000000
9,A6_TU-160,0.997621238,58,0,14,0.805556,0.000000,1.000000
9,A6_TU-160,0.997620285,59,0,13,0.819444,0.000000,1.000000
9,A6_TU-160,0.997496784,60,0,12,0.833333,0.000000,1.000000
9,A6_TU-160,0.997492194,61,0,11,0.847222,0.000000,1.000000
9,A6_TU-160,0.996496499,62,0,10,0.861111,0.000000,1.000000
9,A6_TU-160,0.994987845,63,0,9,0.875000,0.000000,1.000000
9,A6_TU-160,0.992413342,64,0,8,0.888889,0.000000,1.000000
9,A6_TU-160,0.989056766,65,0,7,0.902778,0.000000,1.000000
9,A6_TU-160,0.988365412,66,0,6,0.916667,0.000000,1.000000
9,A6_TU-160,0.987007201,67,0,5,0.930556,0.000000,1.000000
9,A6_TU-160,0.977497399,68,0,4,0.944444,0.000000,1.000000
9,A6_TU-160,0.975899994,69,0,3,0.958333,0.000000,1.000000
9,A6_TU-160,0.946443379,70,0,2,0.972222,0.000000,1.000000
9,A6_TU-160,0.90626508,71,0,1,0.986111,0.000000,1.000000
9,A6_TU-160,0.902583957,72,0,0,1.000000,0.000000,1.000000
9,A6_TU-160,0.0753911212,72,1,0,1.000000,0.013699,0.986301
9,A6_TU-160,0.0666369423,72,2,0,1.000000,0.027027,0.972973
9,A6_TU-160,0.0564809181,72,3,0,1.000000,0.040000,0.960000
9,A6_TU-160,0.0276306961,72,4,0,1.000000,0.052632,0.947368
9,A6_TU-160,0.0251981169,72,5,0,1.000000,0.064935,0.935065
9,A6_TU-160,0.0233844444,72,6,0,1.000000,0.076923,0.923077
9,A6_TU-160,0.0189695396,72,7,0,1.000000,0.088608,0.911392
9,A6_TU-160,0.0165125336,72,8,0,1.000000,0.100000,0.900000
9,A6_TU-160,0.016460659,72,9,0,1.000000,0.111111,0.888889
9,A6_TU-160,0.0163977593,72,10,0,1.000000,0.121951,0.878049
9,A6_TU-160,0.0148026431,72,11,0,1.000000,0.132530,0.867470
9,A6_TU-160,0.0121080866,72,12,0,1.000000,0.142857,0.857143
9,A6_TU-160,0.0107312752,72,13,0,1.000000,0.152941,0.847059
9,A6_TU-160,0.0102367001,72,14,0,1.000000,0.162791,0.837209
9,A6_TU-160,0.00935757346,72,15,0,1.000000,0.172414,0.827586
9,A6_TU-160,0.00759723177,72,16,0,1.000000,0.181818,0.818182
9,A6_TU-160,0.00759307155,72,17,0,1.000000,0.191011,0.808989
9,A6_TU-160,0.00732863322,72,18,0,1.000000,0.200000,0.800000
9,A6_TU-160,0.00704225665,72,19,0,1.000000,0.208791,0.791209
9,A6_TU-160,0.00688336696,72,20,0,1.000000,0.217391,0.782609
9,A6_TU-160,0.00651693065,72,21,0,1.000000,0.225806,0.774194
9,A6_TU-160,0.00646658288,72,22,0,1.000000,0.234043,0.765957
9,A6_TU-160,0.00624553114,72,23,0,1.000000,0.242105,0.757895
9,A6_TU-160,0.00581908785,72,24,0,1.000000,0.250000,0.750000
9,A6_TU-160,0.00568989012,72,25,0,1.000000,0.257732,0.742268
9,A6_TU-160,0.00536393235,72,26,0,1.000000,0.265306,0.734694
9,A6_TU-160,0.00525602559,72,27,0,1.000000,0.272727,0.727273
9,A6_TU-160,0.00512078917,72,28,0,1.000000,0.280000,0.720000
9,A6_TU-160,0.00448418222,72,29,0,1.000000,0.287129,0.712871
9,A6_TU-160,0.00435845833,72,30,0,1.000000,0.294118,0.705882
9,A6_TU-160,0.00435732119,72,31,0,1.000000,0.300971,0.699029
9,A6_TU-160,0.00418185815,72,32,0,1.000000,0.307692,0.692308
9,A6_TU-160,0.00417273818,72,33,0,1.000000,0.314286,0.685714
9,A6_TU-160,0.00414797757,72,34,0,1.000000,0.320755,0.679245
9,A6_TU-160,0.00400293432,72,35,0,1.000000,0.327103,0.672897
9,A6_TU-160,0.00396742625,72,36,0,1.000000,0.333333,0.666667
9,A6_TU-160,0.00390357617,72,37,0,1.000000,0.339450,0.660550
9,A6_TU-160,0.00388252875,72,38,0,1.000000,0.345455,0.654545
9,A6_TU-160,0.0038535702,72,39,0,1.000000,0.351351,0.648649
9,A6_TU-160,0.00359294168,72,40,0,1.000000,0.357143,0.642857
9,A6_TU-160,0.00349141238,72,41,0,1.000000,0.362832,0.637168
9,A6_TU-160,0.00345945987,72,42,0,1.000000,0.368421,0.631579
9,A6_TU-160,0.00341889961,72,43,0,1.000000,0.373913,0.626087
9,A6_TU-160,0.00336200395,72,44,0,1.000000,0.379310,0.620690
9,A6_TU-160,0.00330085587,72,45,0,1.000000,0.384615,0.615385
9,A6_TU-160,0.00324612716,72,46,0,1.000000,0.389831,0.610169
9,A6_TU-160,0.00319547742,72,47,0,1.000000,0.394958,0.605042
9,A6_TU-160,0.00308053358,72,48,0,1.000000,0.400000,0.600000
9,A6_TU-160,0.00301378756,72,49,0,1.000000,0.404959,0.595041
9,A6_TU-160,0.00296211289,72,50,0,1.000000,0.409836,0.590164
9,A6_TU-160,0.00295844697,72,51,0,1.000000,0.414634,0.585366
9,A6_TU-160,0.00294711581,72,52,0,1.000000,0.419355,0.580645
9,A6_TU-160,0.00292456616,72,53,0,1.000000,0.424000,0.576000
9,A6_TU-160,0.00290999911,72,54,0,1.000000,0.428571,0.571429
9,A6_TU-160,0.00273765624,72,55,0,1.000000,0.433071,0.566929
9,A6_TU-160,0.00271439576,72,56,0,1.000000,0.437500,0.562500
9,A6_TU-160,0.00260277861,72,57,0,1.000000,0.441860,0.558140
9,A6_TU-160,0.00259386376,72,58,0,1.000000,0.446154,0.553846
9,A6_TU-160,0.00256437692,72,59,0,1.000000,0.450382,0.549618
9,A6_TU-160,0.0025374766,72,60,0,1.000000,0.454545,0.545455
9,A6_TU-160,0.0025292905,72,61,0,1.000000,0.458647,0.541353
9,A6_TU-160,0.00245640567,72,62,0,1.000000,0.462687,0.537313
9,A6_TU-160,0.00242397678,72,63,0,1.000000,0.466667,0.533333
9,A6_TU-160,0.00239454745,72,64,0,1.000000,0.470588,0.529412
9,A6_TU-160,0.00230507995,72,65,0,1.000000,0.474453,0.525547
9,A6_TU-160,0.00227665273,72,66,0,1.000000,0.478261,0.521739
9,A6_TU-160,0.00224564457,72,67,0,1.000000,0.482014,0.517986
9,A6_TU-160,0.00223956816,72,68,0,1.000000,0.485714,0.514286
9,A6_TU-160,0.00223756116,72,69,0,1.000000,0.489362,0.510638
9,A6_TU-160,0.00217861612,72,70,0,1.000000,0.492958,0.507042
9,A6_TU-160,0.00200405088,72,71,0,1.000000,0.496503,0.503497
9,A6_TU-160,0.00200157613,72,72,0,1.000000,0.500000,0.500000
9,A6_TU-160,0.00200118939,72,73,0,1.000000,0.503448,0.496552
9,A6_TU-160,0.00199394557,72,74,0,1.000000,0.506849,0.493151
9,A6_TU-160,0.00193394744,72,75,0,1.000000,0.510204,0.489796
9,A6_TU-160,0.00186564028,72,76,0,1.000000,0.513514,0.486486
9,A6_TU-160,0.00186556682,72,77,0,1.000000,0.516779,0.483221
9,A6_TU-160,0.0018482781,72,78,0,1.000000,0.520000,0.480000
9,A6_TU-160,0.00181474024,72,79,0,1.000000,0.523179,0.476821
9,A6_TU-160,0.00178900501,72,80,0,1.000000,0.526316,0.473684
9,A6_TU-160,0.0017585163,72,81,0,1.000000,0.529412,0.470588
9,A6_TU-160,0.00175545888,72,82,0,1.000000,0.532468,0.467532
9,A6_TU-160,0.00174304866,72,83,0,1.000000,0.535484,0.464516
9,A6_TU-160,0.00171310548,72,84,0,1.000000,0.538462,0.461538
9,A6_TU-160,0.00168882112,72,85,0,1.000000,0.541401,0.458599
9,A6_TU-160,0.00168612739,72,86,0,1.000000,0.544304,0.455696
9,A6_TU-160,0.00168370467,72,87,0,1.000000,0.547170,0.452830
9,A6_TU-160,0.00167443277,72,88,0,1.000000,0.550000,0.450000
9,A6_TU-160,0.00165653392,72,89,0,1.000000,0.552795,0.447205
9,A6_TU-160,0.00165514951,72,90,0,1.000000,0.555556,0.444444
9,A6_TU-160,0.00164553535,72,91,0,1.000000,0.558282,0.441718
9,A6_TU-160,0.00163238461,72,92,0,1.000000,0.560976,0.439024
9,A6_TU-160,0.00162886793,72,93,0,1.000000,0.563636,0.436364
9,A6_TU-160,0.00157614145,72,94,0,1.000000,0.566265,0.433735
9,A6_TU-160,0.00156728737,72,95,0,1.000000,0.568862,0.431138
9,A6_TU-160,0.00155931606,72,96,0,1.000000,0.571429,0.428571
9,A6_TU-160,0.00151348114,72,97,0,1.000000,0.573964,0.426036
9,A6_TU-160,0.00150409027,72,98,0,1.000000,0.576471,0.423529
9,A6_TU-160,0.00149150309,72,99,0,1.000000,0.578947,0.421053
9,A6_TU-160,0.0014591018,72,100,0,1.000000,0.581395,0.418605
9,A6_TU-160,0.00142677617,72,101,0,1.000000,0.583815,0.416185
9,A6_TU-160,0.0014219908,72,102,0,1.000000,0.586207,0.413793
9,A6_TU-160,0.00141820998,72,103,0,1.000000,0.588571,0.411429
9,A6_TU-160,0.00141524174,72,104,0,1.000000,0.590909,0.409091
9,A6_TU-160,0.00139690633,72,105,0,1.000000,0.593220,0.406780
9,A6_TU-160,0.00139123143,72,106,0,1.000000,0.595506,0.404494
9,A6_TU-160,0.00135985191,72,107,0,1.000000,0.597765,0.402235
9,A6_TU-160,0.00132991176,72,108,0,1.000000,0.600000,0.400000
9,A6_TU-160,0.00132241682,72,109,0,1.000000,0.602210,0.397790
9,A6_TU-160,0.00132087583,72,110,0,1.000000,0.604396,0.395604
9,A6_TU-160,0.00130580377,72,111,0,1.000000,0.606557,0.393443
9,A6_TU-160,0.00125330337,72,112,0,1.000000,0.608696,0.391304
9,A6_TU-160,0.00124161039,72,113,0,1.000000,0.610811,0.389189
9,A6_TU-160,0.00122061023,72,114,0,1.000000,0.612903,0.387097
9,A6_TU-160,0.00120423338,72,115,0,1.000000,0.614973,0.385027
9,A6_TU-160,0.001188347,72,116,0,1.000000,0.617021,0.382979
9,A6_TU-160,0.00118551508,72,117,0,1.000000,0.619048,0.380952
9,A6_TU-160,0.00116696407,72,118,0,1.000000,0.621053,0.378947
9,A6_TU-160,0.00116397196,72,119,0,1.000000,0.623037,0.376963
9,A6_TU-160,0.00116298825,72,120,0,1.000000,0.625000,0.375000
9,A6_TU-160,0.00115297351,72,121,0,1.000000,0.626943,0.373057
9,A6_TU-160,0.00114892621,72,122,0,1.000000,0.628866,0.371134
9,A6_TU-160,0.00114681351,72,123,0,1.000000,0.630769,0.369231
9,A6_TU-160,0.00114301289,72,124,0,1.000000,0.632653,0.367347
9,A6_TU-160,0.00113049278,72,125,0,1.000000,0.634518,0.365482
9,A6_TU-160,0.00113016053,72,126,0,1.000000,0.636364,0.363636
9,A6_TU-160,0.00112935412,72,127,0,1.000000,0.638191,0.361809
9,A6_TU-160,0.00111389917,72,128,0,1.000000,0.640000,0.360000
9,A6_TU-160,0.00109972339,72,129,0,1.000000,0.641791,0.358209
9,A6_TU-160,0.00108856778,72,130,0,1.000000,0.643564,0.356436
9,A6_TU-160,0.00108799234,72,131,0,1.000000,0.645320,0.354680
9,A6_TU-160,0.00108417613,72,132,0,1.000000,0.647059,0.352941
9,A6_TU-160,0.00108357251,72,133,0,1.000000,0.648780,0.351220
9,A6_TU-160,0.00108244375,72,134,0,1.000000,0.650485,0.349515
9,A6_TU-160,0.00107484229,72,135,0,1.000000,0.652174,0.347826
9,A6_TU-160,0.00106602465,72,136,0,1.000000,0.653846,0.346154
9,A6_TU-160,0.00103373372,72,137,0,1.000000,0.655502,0.344498
9,A6_TU-160,0.00103233382,72,138,0,1.000000,0.657143,0.342857
9,A6_TU-160,0.00103061867,72,139,0,1.000000,0.658768,0.341232
9,A6_TU-160,0.00102160743,72,140,0,1.000000,0.660377,0.339623
9,A6_TU-160,0.00101747713,72,141,0,1.000000,0.661972,0.338028
9,A6_TU-160,0.0010049094,72,142,0,1.000000,0.663551,0.336449
9,A6_TU-160,0.00100088352,72,143,0,1.000000,0.665116,0.334884
10,A7_E-3,0.999910593,0,0,67,0.000000,0.000000,0.000000
10,A7_E-3,0.999910593,1,0,66,0.014925,0.000000,1.000000
10,A7_E-3,0.999908328,2,0,65,0.029851,0.000000,1.000000
10,A7_E-3,0.999899864,3,0,64,0.044776,0.000000,1.000000
10,A7_E-3,0.999899149,4,0,63,0.059701,0.000000,1.000000
10,A7_E-3,0.999893665,5,0,62,0.074627,0.000000,1.000000
10,A7_E-3,0.99988234,6,0,61,0.089552,0.000000,1.000000
10,A7_E-3,0.999879837,7,0,60,0.104478,0.000000,1.000000
10,A7_E-3,0.999879122,8,0,59,0.119403,0.000000,1.000000
10,A7_E-3,0.999868393,9,0,58,0.134328,0.000000,1.000000
10,A7_E-3,0.999860644,10,0,57,0.149254,0.000000,1.000000
10,A7_E-3,0.999856472,11,0,56,0.164179,0.000000,1.000000
10,A7_E-3,0.999848366,12,0,55,0.179104,0.000000,1.000000
10,A7_E-3,0.999844074,13,0,54,0.194030,0.000000,1.000000
10,A7_E-3,0.999833584,14,0,53,0.208955,0.000000,1.000000
10,A7_E-3,0.999821603,15,0,52,0.223881,0.000000,1.000000
10,A7_E-3,0.999813735,16,0,51,0.238806,0.000000,1.000000
10,A7_E-3,0.99981004,17,0,50,0.253731,0.000000,1.000000
10,A7_E-3,0.999802649,18,0,49,0.268657,0.000000,1.000000
10,A7_E-3,0.999786556,19,0,48,0.283582,0.000000,1.000000
10,A7_E-3,0.999786079,20,0,47,0.298507,0.000000,1.000000
10,A7_E-3,0.999772012,21,0,46,0.313433,0.000000,1.000000
10,A7_E-3,0.999770463,22,0,45,0.328358,0.000000,1.000000
10,A7_E-3,0.999768913,23,0,44,0.343284,0.000000,1.000000
10,A7_E-3,0.999753892,24,0,43,0.358209,0.000000,1.000000
10,A7_E-3,0.9997527,25,0,42,0.373134,0.000000,1.000000
10,A7_E-3,0.999747694,26,0,41,0.388060,0.000000,1.000000
10,A7_E-3,0.999741375,27,0,40,0.402985,0.000000,1.000000
10,A7_E-3,0.999733627,28,0,39,0.417910,0.000000,1.000000
10,A7_E-3,0.999725044,29,0,38,0.432836,0.000000,1.000000
10,A7_E-3,0.999723375,30,0,37,0.447761,0.000000,1.000000
10,A7_E-3,0.999705255,31,0,36,0.462687,0.000000,1.000000
10,A7_E-3,0.999688387,32,0,35,0.477612,0.000000,1.000000
10,A7_E-3,0.999680042,33,0,34,0.492537,0.000000,1.000000
10,A7_E-3,0.999663353,34,0,33,0.507463,0.000000,1.000000
10,A7_E-3,0.999653578,35,0,32,0.522388,0.000000,1.000000
10,A7_E-3,0.999647856,36,0,31,0.537313,0.000000,1.000000
10,A7_E-3,0.99964726,37,0,30,0.552239,0.000000,1.000000
10,A7_E-3,0.999639273,38,0,29,0.567164,0.000000,1.000000
10,A7_E-3,0.999604762,39,0,28,0.582090,0.000000,1.000000
10,A7_E-3,0.999597132,40,0,27,0.597015,0.000000,1.000000
10,A7_E-3,0.999570906,41,0,26,0.611940,0.000000,1.000000
10,A7_E-3,0.99955529,42,0,25,0.626866,0.000000,1.000000
10,A7_E-3,0.99954164,43,0,24,0.641791,0.000000,1.000000
10,A7_E-3,0.999519467,44,0,23,0.656716,0.000000,1.000000
10,A7_E-3,0.999460876,45,0,22,0.671642,0.000000,1.000000
10,A7_E-3,0.999407411,46,0,21,0.686567,0.000000,1.000000
10,A7_E-3,0.999386191,47,0,20,0.701493,0.000000,1.000000
10,A7_E-3,0.999355137,48,0,19,0.716418,0.000000,1.000000
10,A7_E-3,0.999293089,49,0,18,0.731343,0.000000,1.000000
10,A7_E-3,0.999104559,50,0,17,0.746269,0.000000,1.000000
10,A7_E-3,0.999085665,51,0,16,0.761194,0.000000,1.000000
10,A7_E-3,0.999049842,52,0,15,0.776119,0.000000,1.000000
10,A7_E-3,0.999040306,53,0,14,0.791045,0.000000,1.000000
10,A7_E-3,0.998753071,54,0,13,0.805970,0.000000,1.000000
10,A7_E-3,0.997438908,55,0,12,0.820896,0.000000,1.000000
10,A7_E-3,0.993252814,56,0,11,0.835821,0.000000,1.000000
10,A7_E-3,0.992759943,57,0,10,0.850746,0.000000,1.000000
10,A7_E-3,0.99099952,58,0,9,0.865672,0.000000,1.000000
10,A7_E-3,0.989679694,59,0,8,0.880597,0.000000,1.000000
10,A7_E-3,0.986063302,60,0,7,0.895522,0.000000,1.000000
10,A7_E-3,0.983544171,61,0,6,0.910448,0.000000,1.000000
10,A7_E-3,0.982234538,62,0,5,0.925373,0.000000,1.000000
10,A7_E-3,0.976555049,63,0,4,0.940299,0.000000,1.000000
10,A7_E-3,0.908910215,64,0,3,0.955224,0.000000,1.000000
10,A7_E-3,0.808092535,65,0,2,0.970149,0.000000,1.000000
10,A7_E-3,0.795725048,66,0,1,0.985075,0.000000,1.000000
10,A7_E-3,0.668825626,67,0,0,1.000000,0.000000,1.000000
10,A7_E-3,0.473261416,67,1,0,1.000000,0.014706,0.985294
10,A7_E-3,0.272297978,67,2,0,1.000000,0.028986,0.971014
10,A7_E-3,0.21800822,67,3,0,1.000000,0.042857,0.957143
10,A7_E-3,0.156406283,67,4,0,1.000000,0.056338,0.943662
10,A7_E-3,0.126694664,67,5,0,1.000000,0.069444,0.930556
10,A7_E-3,0.113478355,67,6,0,1.000000,0.082192,0.917808
10,A7_E-3,0.109284461,67,7,0,1.000000,0.094595,0.905405
10,A7_E-3,0.101184808,67,8,0,1.000000,0.106667,0.893333
10,A7_E-3,0.0946375206,67,9,0,1.000000,0.118421,0.881579
10,A7_E-3,0.0900720209,67,10,0,1.000000,0.129870,0.870130
10,A7_E-3,0.0826751962,67,11,0,1.000000,0.141026,0.858974
10,A7_E-3,0.069112964,67,12,0,1.000000,0.151899,0.848101
10,A7_E-3,0.0672224164,67,13,0,1.000000,0.162500,0.837500
10,A7_E-3,0.0627814457,67,14,0,1.000000,0.172840,0.827160
10,A7_E-3,0.0614860766,67,15,0,1.000000,0.182927,0.817073
10,A7_E-3,0.0555815361,67,16,0,1.000000,0.192771,0.807229
10,A7_E-3,0.0539337322,67,17,0,1.000000,0.202381,0.797619
10,A7_E-3,0.0538715497,67,18,0,1.000000,0.211765,0.788235
10,A7_E-3,0.050728865,67,19,0,1.000000,0.220930,0.779070
10,A7_E-3,0.0396781266,67,20,0,1.000000,0.229885,0.770115
10,A7_E-3,0.0386589356,67,21,0,1.000000,0.238636,0.761364
10,A7_E-3,0.0375342183,67,22,0,1.000000,0.247191,0.752809
10,A7_E-3,0.0366245359,67,23,0,1.000000,0.255556,0.744444
10,A7_E-3,0.0354813561,67,24,0,1.000000,0.263736,0.736264
10,A7_E-3,0.0341943651,67,25,0,1.000000,0.271739,0.728261
10,A7_E-3,0.033195097,67,26,0,1.000000,0.279570,0.720430
10,A7_E-3,0.0318573341,67,27,0,1.000000,0.287234,0.712766
10,A7_E-3,0.0304495264,67,28,0,1.000000,0.294737,0.705263
10,A7_E-3,0.0280362256,67,29,0,1.000000,0.302083,0.697917
10,A7_E-3,0.0238049813,67,30,0,1.000000,0.309278,0.690722
10,A7_E-3,0.0215913095,67,31,0,1.000000,0.316327,0.683673
10,A7_E-3,0.0205113534,67,32,0,1.000000,0.323232,0.676768
10,A7_E-3,0.0196669921,67,33,0,1.000000,0.330000,0.670000
10,A7_E-3,0.0193538312,67,34,0,1.000000,0.336634,0.663366
10,A7_E-3,0.0187925398,67,35,0,1.000000,0.343137,0.656863
10,A7_E-3,0.0183726624,67,36,0,1.000000,0.349515,0.650485
10,A7_E-3,0.0177767891,67,37,0,1.000000,0.355769,0.644231
10,A7_E-3,0.0170918573,67,38,0,1.000000,0.361905,0.638095
10,A7_E-3,0.0168595556,67,39,0,1.000000,0.367925,0.632075
10,A7_E-3,0.0163197499,67,40,0,1.000000,0.373832,0.626168
10,A7_E-3,0.016153181,67,41,0,1.000000,0.379630,0.620370
10,A7_E-3,0.0150279105,67,42,0,1.000000,0.385321,0.614679
10,A7_E-3,0.01497644,67,43,0,1.000000,0.390909,0.609091
10,A7_E-3,0.0149329975,67,44,0,1.000000,0.396396,0.603604
10,A7_E-3,0.0143477013,67,45,0,1.000000,0.401786,0.598214
10,A7_E-3,0.0143206138,67,46,0,1.000000,0.407080,0.592920
10,A7_E-3,0.0136575829,67,47,0,1.000000,0.412281,0.587719
10,A7_E-3,0.0136476671,67,48,0,1.000000,0.417391,0.582609
10,A7_E-3,0.0132551035,67,49,0,1.000000,0.422414,0.577586
10,A7_E-3,0.0125197815,67,50,0,1.000000,0.427350,0.572650
10,A7_E-3,0.0123219108,67,51,0,1.000000,0.432203,0.567797
10,A7_E-3,0.0121599268,67,52,0,1.000000,0.436975,0.563025
10,A7_E-3,0.0114959311,67,53,0,1.000000,0.441667,0.558333
10,A7_E-3,0.0113602262,67,54,0,1.000000,0.446281,0.553719
10,A7_E-3,0.0110921143,67,55,0,1.000000,0.450820,0.549180
10,A7_E-3,0.0110122971,67,56,0,1.000000,0.455285,0.544715
10,A7_E-3,0.0106899804,67,57,0,1.000000,0.459677,0.540323
10,A7_E-3,0.0105063347,67,58,0,1.000000,0.464000,0.536000
10,A7_E-3,0.0104851611,67,59,0,1.000000,0.468254,0.531746
10,A7_E-3,0.0103982612,67,60,0,1.000000,0.472441,0.527559
10,A7_E-3,0.0102858152,67,61,0,1.000000,0.476562,0.523438
10,A7_E-3,0.00966860913,67,62,0,1.000000,0.480620,0.519380
10,A7_E-3,0.00961744878,67,63,0,1.000000,0.484615,0.515385
10,A7_E-3,0.00960034505,67,64,0,1.000000,0.488550,0.511450
10,A7_E-3,0.00954282191,67,65,0,1.000000,0.492424,0.507576
10,A7_E-3,0.00950898416,67,66,0,1.000000,0.496241,0.503759
10,A7_E-3,0.00903810654,67,67,0,1.000000,0.500000,0.500000
10,A7_E-3,0.00884518493,67,68,0,1.000000,0.503704,0.496296
10,A7_E-3,0.00881102495,67,69,0,1.000000,0.507353,0.492647
10,A7_E-3,0.00869660825,67,70,0,1.000000,0.510949,0.489051
10,A7_E-3,0.00852192286,67,71,0,1.000000,0.514493,0.485507
10,A7_E-3,0.00837348867,67,72,0,1.000000,0.517986,0.482014
10,A7_E-3,0.00827824883,67,73,0,1.000000,0.521429,0.478571
10,A7_E-3,0.00791954901,67,74,0,1.000000,0.524823,0.475177
10,A7_E-3,0.00784421246,67,75,0,1.000000,0.528169,0.471831
10,A7_E-3,0.00773803471,67,76,0,1.000000,0.531469,0.468531
10,A7_E-3,0.00761523331,67,77,0,1.000000,0.534722,0.465278
10,A7_E-3,0.00759362709,67,78,0,1.000000,0.537931,0.462069
10,A7_E-3,0.00720598875,67,79,0,1.000000,0.541096,0.458904
10,A7_E-3,0.00694458792,67,80,0,1.000000,0.544218,0.455782
10,A7_E-3,0.00679283775,67,81,0,1.000000,0.547297,0.452703
10,A7_E-3,0.00665261084,67,82,0,1.000000,0.550336,0.449664
10,A7_E-3,0.00662208861,67,83,0,1.000000,0.553333,0.446667
10,A7_E-3,0.00641516363,67,84,0,1.000000,0.556291,0.443709
10,A7_E-3,0.0062923329,67,85,0,1.000000,0.559211,0.440789
10,A7_E-3,0.00613147113,67,86,0,1.000000,0.562092,0.437908
10,A7_E-3,0.00590690318,67,87,0,1.000000,0.564935,0.435065
10,A7_E-3,0.00580446236,67,88,0,1.000000,0.567742,0.432258
10,A7_E-3,0.00578777213,67,89,0,1.000000,0.570513,0.429487
10,A7_E-3,0.00569005776,67,90,0,1.000000,0.573248,0.426752
10,A7_E-3,0.00553349731,67,91,0,1.000000,0.575949,0.424051
10,A7_E-3,0.00541081745,67,92,0,1.000000,0.578616,0.421384
10,A7_E-3,0.00514080701,67,93,0,1.000000,0.581250,0.418750
10,A7_E-3,0.00494189607,67,94,0,1.000000,0.583851,0.416149
10,A7_E-3,0.0048564747,67,95,0,1.000000,0.586420,0.413580
10,A7_E-3,0.00484643551,67,96,0,1.000000,0.588957,0.411043
10,A7_E-3,0.00475795334,67,97,0,1.000000,0.591463,0.408537
10,A7_E-3,0.00473802164,67,98,0,1.000000,0.593939,0.406061
10,A7_E-3,0.00465424918,67,99,0,1.000000,0.596386,0.403614
10,A7_E-3,0.00464333128,67,100,0,1.000000,0.598802,0.401198
10,A7_E-3,0.0045179124,67,101,0,1.000000,0.601190,0.398810
10,A7_E-3,0.00450438354,67,102,0,1.000000,0.603550,0.396450
10,A7_E-3,0.00435046107,67,103,0,1.000000,0.605882,0.394118
10,A7_E-3,0.00432722829,67,104,0,1.000000,0.608187,0.391813
10,A7_E-3,0.00426100474,67,105,0,1.000000,0.610465,0.389535
10,A7_E-3,0.00422989111,67,106,0,1.000000,0.612717,0.387283
10,A7_E-3,0.00422601774,67,107,0,1.000000,0.614943,0.385057
10,A7_E-3,0.00418984098,67,108,0,1.000000,0.617143,0.382857
10,A7_E-3,0.00395712489,67,109,0,1.000000,0.619318,0.380682
10,A7_E-3,0.00389820198,67,110,0,1.000000,0.621469,0.378531
10,A7_E-3,0.0038888196,67,111,0,1.000000,0.623596,0.376404
10,A7_E-3,0.00388457673,67,112,0,1.000000,0.625698,0.374302
10,A7_E-3,0.00385028915,67,113,0,1.000000,0.627778,0.372222
10,A7_E-3,0.00378940697,67,114,0,1.000000,0.629834,0.370166
10,A7_E-3,0.00378643535,67,115,0,1.000000,0.631868,0.368132
10,A7_E-3,0.00364289526,67,116,0,1.000000,0.633880,0.366120
10,A7_E-3,0.00363714038,67,117,0,1.000000,0.635870,0.364130
10,A7_E-3,0.00363559229,67,118,0,1.000000,0.637838,0.362162
10,A7_E-3,0.00353805814,67,119,0,1.000000,0.639785,0.360215
10,A7_E-3,0.0034874836,67,120,0,1.000000,0.641711,0.358289
10,A7_E-3,0.00348171266,67,121,0,1.000000,0.643617,0.356383
10,A7_E-3,0.00347671984,67,122,0,1.000000,0.645503,0.354497
10,A7_E-3,0.00344020966,67,123,0,1.000000,0.647368,0.352632
10,A7_E-3,0.0033513722,67,124,0,1.000000,0.649215,0.350785
10,A7_E-3,0.00334793492,67,125,0,1.000000,0.651042,0.348958
10,A7_E-3,0.00328019843,67,126,0,1.000000,0.652850,0.347150
10,A7_E-3,0.00325795705,67,127,0,1.000000,0.654639,0.345361
10,A7_E-3,0.0032506776,67,128,0,1.000000,0.656410,0.343590
10,A7_E-3,0.00319197425,67,129,0,1.000000,0.658163,0.341837
10,A7_E-3,0.0031742237,67,130,0,1.000000,0.659898,0.340102
10,A7_E-3,0.00310253468,67,131,0,1.000000,0.661616,0.338384
10,A7_E-3,0.00310189067,67,132,0,1.000000,0.663317,0.336683
10,A7_E-3,0.00305729453,67,133,0,1.000000,0.665000,0.335000
10,A7_E-3,0.00298654917,67,134,0,1.000000,0.666667,0.333333
10,A7_E-3,0.00295816292,67,135,0,1.000000,0.668317,0.331683
10,A7_E-3,0.00294138584,67,136,0,1.000000,0.669951,0.330049
10,A7_E-3,0.00291375676,67,137,0,1.000000,0.671569,0.328431
10,A7_E-3,0.00290420162,67,138,0,1.000000,0.673171,0.326829
10,A7_E-3,0.00289895036,67,139,0,1.000000,0.674757,0.325243
10,A7_E-3,0.00277618575,67,140,0,1.000000,0.676329,0.323671
10,A7_E-3,0.00276192022,67,141,0,1.000000,0.677885,0.322115
10,A7_E-3,0.00276061869,67,142,0,1.000000,0.679426,0.320574
10,A7_E-3,0.00272607501,67,143,0,1.000000,0.680952,0.319048
10,A7_E-3,0.00270711444,67,144,0,1.000000,0.682464,0.317536
10,A7_E-3,0.00265145162,67,145,0,1.000000,0.683962,0.316038
10,A7_E-3,0.00264824438,67,146,0,1.000000,0.685446,0.314554
10,A7_E-3,0.00255605252,67,147,0,1.000000,0.686916,0.313084
10,A7_E-3,0.00250672619,67,148,0,1.000000,0.688372,0.311628
10,A7_E-3,0.00250391802,67,149,0,1.000000,0.689815,0.310185
10,A7_E-3,0.00250324514,67,150,0,1.000000,0.691244,0.308756
10,A7_E-3,0.00249289651,67,151,0,1.000000,0.692661,0.307339
10,A7_E-3,0.00244065723,67,152,0,1.000000,0.694064,0.305936
10,A7_E-3,0.00239012809,67,153,0,1.000000,0.695455,0.304545
10,A7_E-3,0.00238989992,67,154,0,1.000000,0.696833,0.303167
10,A7_E-3,0.0023702099,67,155,0,1.000000,0.698198,0.301802
10,A7_E-3,0.00229740306,67,156,0,1.000000,0.699552,0.300448
10,A7_E-3,0.00229078601,67,157,0,1.000000,0.700893,0.299107
10,A7_E-3,0.00226656115,67,158,0,1.000000,0.702222,0.297778
10,A7_E-3,0.00223907153,67,159,0,1.000000,0.703540,0.296460
10,A7_E-3,0.00222124252,67,160,0,1.000000,0.704846,0.295154
10,A7_E-3,0.00221624528,67,161,0,1.000000,0.706140,0.293860
10,A7_E-3,0.00214534462,67,162,0,1.000000,0.707424,0.292576
10,A7_E-3,0.00214202213,67,163,0,1.000000,0.708696,0.291304
10,A7_E-3,0.00212627719,67,164,0,1.000000,0.709957,0.290043
10,A7_E-3,0.00212337659,67,165,0,1.000000,0.711207,0.288793
10,A7_E-3,0.00210417761,67,166,0,1.000000,0.712446,0.287554
10,A7_E-3,0.00210053544,67,167,0,1.000000,0.713675,0.286325
10,A7_E-3,0.0020956865,67,168,0,1.000000,0.714894,0.285106
10,A7_E-3,0.00206495589,67,169,0,1.000000,0.716102,0.283898
10,A7_E-3,0.00205758563,67,170,0,1.000000,0.717300,0.282700
10,A7_E-3,0.0020430563,67,171,0,1.000000,0.718487,0.281513
10,A7_E-3,0.00203959993,67,172,0,1.000000,0.719665,0.280335
10,A7_E-3,0.00200891611,67,173,0,1.000000,0.720833,0.279167
10,A7_E-3,0.00198967033,67,174,0,1.000000,0.721992,0.278008
10,A7_E-3,0.00195236877,67,175,0,1.000000,0.723140,0.276860
10,A7_E-3,0.00194875035,67,176,0,1.000000,0.724280,0.275720
10,A7_E-3,0.00189530884,67,177,0,1.000000,0.725410,0.274590
10,A7_E-3,0.00188988948,67,178,0,1.000000,0.726531,0.273469
10,A7_E-3,0.00187663012,67,179,0,1.000000,0.727642,0.272358
10,A7_E-3,0.00186931621,67,180,0,1.000000,0.728745,0.271255
10,A7_E-3,0.00186574506,67,181,0,1.000000,0.729839,0.270161
10,A7_E-3,0.00186355098,67,182,0,1.000000,0.730924,0.269076
10,A7_E-3,0.00181695609,67,183,0,1.000000,0.732000,0.268000
10,A7_E-3,0.00180385786,67,184,0,1.000000,0.733068,0.266932
10,A7_E-3,0.00176939508,67,185,0,1.000000,0.734127,0.265873
10,A7_E-3,0.00173238025,67,186,0,1.000000,0.735178,0.264822
10,A7_E-3,0.00173227605,67,187,0,1.000000,0.736220,0.263780
10,A7_E-3,0.00172802061,67,188,0,1.000000,0.737255,0.262745
10,A7_E-3,0.00172499882,67,189,0,1.000000,0.738281,0.261719
10,A7_E-3,0.00171392097,67,190,0,1.000000,0.739300,0.260700
10,A7_E-3,0.00169274688,67,191,0,1.000000,0.740310,0.259690
10,A7_E-3,0.00165343145,67,192,0,1.000000,0.741313,0.258687
10,A7_E-3,0.001642755,67,193,0,1.000000,0.742308,0.257692
10,A7_E-3,0.00163941109,67,194,0,1.000000,0.743295,0.256705
10,A7_E-3,0.00163532735,67,195,0,1.000000,0.744275,0.255725
10,A7_E-3,0.00161742477,67,196,0,1.000000,0.745247,0.254753
10,A7_E-3,0.0016157435,67,197,0,1.000000,0.746212,0.253788
10,A7_E-3,0.00161328842,67,198,0,1.000000,0.747170,0.252830
10,A7_E-3,0.00160681421,67,199,0,1.000000,0.748120,0.251880
10,A7_E-3,0.00154362852,67,200,0,1.000000,0.749064,0.250936
10,A7_E-3,0.00153282331,67,201,0,1.000000,0.750000,0.250000
10,A7_E-3,0.00152945484,67,202,0,1.000000,0.750929,0.249071
10,A7_E-3,0.00152505597,67,203,0,1.000000,0.751852,0.248148
10,A7_E-3,0.00151308894,67,204,0,1.000000,0.752768,0.247232
10,A7_E-3,0.00150500517,67,205,0,1.000000,0.753676,0.246324
10,A7_E-3,0.00149676227,67,206,0,1.000000,0.754579,0.245421
10,A7_E-3,0.00149387063,67,207,0,1.000000,0.755474,0.244526
10,A7_E-3,0.00149379123,67,208,0,1.000000,0.756364,0.243636
10,A7_E-3,0.00144410797,67,209,0,1.000000,0.757246,0.242754
10,A7_E-3,0.00142667152,67,210,0,1.000000,0.758123,0.241877
10,A7_E-3,0.00141586212,67,211,0,1.000000,0.758993,0.241007
10,A7_E-3,0.0013766872,67,212,0,1.000000,0.759857,0.240143
10,A7_E-3,0.00137492141,67,213,0,1.000000,0.760714,0.239286
10,A7_E-3,0.00137031416,67,214,0,1.000000,0.761566,0.238434
10,A7_E-3,0.00133081095,67,215,0,1.000000,0.762411,0.237589
10,A7_E-3,0.00131312967,67,216,0,1.000000,0.763251,0.236749
10,A7_E-3,0.00129454152,67,217,0,1.000000,0.764085,0.235915
10,A7_E-3,0.00128883612,67,218,0,1.000000,0.764912,0.235088
10,A7_E-3,0.00127344718,67,219,0,1.000000,0.765734,0.234266
10,A7_E-3,0.00127312168,67,220,0,1.000000,0.766551,0.233449
10,A7_E-3,0.00125146832,67,221,0,1.000000,0.767361,0.232639
10,A7_E-3,0.00124255358,67,222,0,1.000000,0.768166,0.231834
10,A7_E-3,0.00124044123,67,223,0,1.000000,0.768966,0.231034
10,A7_E-3,0.00122474856,67,224,0,1.000000,0.769759,0.230241
10,A7_E-3,0.00121443381,67,225,0,1.000000,0.770548,0.229452
10,A7_E-3,0.00121201726,67,226,0,1.000000,0.771331,0.228669
10,A7_E-3,0.00120687613,67,227,0,1.000000,0.772109,0.227891
10,A7_E-3,0.00120166608,67,228,0,1.000000,0.772881,0.227119
10,A7_E-3,0.0011983224,67,229,0,1.000000,0.773649,0.226351
10,A7_E-3,0.00119271618,67,230,0,1.000000,0.774411,0.225589
10,A7_E-3,0.00119022094,67,231,0,1.000000,0.775168,0.224832
10,A7_E-3,0.00118213613,67,232,0,1.000000,0.775920,0.224080
10,A7_E-3,0.00117918069,67,233,0,1.000000,0.776667,0.223333
10,A7_E-3,0.00117779092,67,234,0,1.000000,0.777409,0.222591
10,A7_E-3,0.00117169321,67,235,0,1.000000,0.778146,0.221854
10,A7_E-3,0.0011678536,67,236,0,1.000000,0.778878,0.221122
10,A7_E-3,0.00116030127,67,237,0,1.000000,0.779605,0.220395
10,A7_E-3,0.0011581264,67,238,0,1.000000,0.780328,0.219672
10,A7_E-3,0.00114407216,67,239,0,1.000000,0.781046,0.218954
10,A7_E-3,0.00114209275,67,240,0,1.000000,0.781759,0.218241
10,A7_E-3,0.00112838461,67,241,0,1.000000,0.782468,0.217532
10,A7_E-3,0.00112759997,67,242,0,1.000000,0.783172,0.216828
10,A7_E-3,0.00112453022,67,243,0,1.000000,0.783871,0.216129
10,A7_E-3,0.00111160427,67,244,0,1.000000,0.784566,0.215434
10,A7_E-3,0.00110713067,67,245,0,1.000000,0.785256,0.214744
10,A7_E-3,0.00110293156,67,246,0,1.000000,0.785942,0.214058
10,A7_E-3,0.00110056717,67,247,0,1.000000,0.786624,0.213376
10,A7_E-3,0.00109574234,67,248,0,1.000000,0.787302,0.212698
10,A7_E-3,0.00109243591,67,249,0,1.000000,0.787975,0.212025
10,A7_E-3,0.00109052274,67,250,0,1.000000,0.788644,0.211356
10,A7_E-3,0.0010882006,67,251,0,1.000000,0.789308,0.210692
10,A7_E-3,0.00106171472,67,252,0,1.000000,0.789969,0.210031
10,A7_E-3,0.00106027268,67,253,0,1.000000,0.790625,0.209375
10,A7_E-3,0.0010492634,67,254,0,1.000000,0.791277,0.208723
10,A7_E-3,0.00104687456,67,255,0,1.000000,0.791925,0.208075
10,A7_E-3,0.00104304345,67,256,0,1.000000,0.792570,0.207430
10,A7_E-3,0.00102009519,67,257,0,1.000000,0.793210,0.206790
10,A7_E-3,0.00101288129,67,258,0,1.000000,0.793846,0.206154
11,A8_B-52,0.999902248,0,0,91,0.000000,0.000000,0.000000
11,A8_B-52,0.999902248,1,0,90,0.010989,0.000000,1.000000
11,A8_B-52,0.999883294,2,0,89,0.021978,0.000000,1.000000
11,A8_B-52,0.99987793,3,0,88,0.032967,0.000000,1.000000
11,A8_B-52,0.999876618,4,0,87,0.043956,0.000000,1.000000
11,A8_B-52,0.999869227,5,0,86,0.054945,0.000000,1.000000
11,A8_B-52,0.99984622,6,0,85,0.065934,0.000000,1.000000
11,A8_B-52,0.999843478,7,0,84,0.076923,0.000000,1.000000
11,A8_B-52,0.999832869,8,0,83,0.087912,0.000000,1.000000
11,A8_B-52,0.999826372,9,0,82,0.098901,0.000000,1.000000
11,A8_B-52,0.999822199,10,0,81,0.109890,0.000000,1.000000
11,A8_B-52,0.999809682,12,0,79,0.131868,0.000000,1.000000
11,A8_B-52,0.999804437,13,0,78,0.142857,0.000000,1.000000
11,A8_B-52,0.999802887,14,0,77,0.153846,0.000000,1.000000
11,A8_B-52,0.999796569,15,0,76,0.164835,0.000000,1.000000
11,A8_B-52,0.999784529,16,0,75,0.175824,0.000000,1.000000
11,A8_B-52,0.999783337,17,0,74,0.186813,0.000000,1.000000
11,A8_B-52,0.999775708,18,0,73,0.197802,0.000000,1.000000
11,A8_B-52,0.99977535,19,0,72,0.208791,0.000000,1.000000
11,A8_B-52,0.999774396,20,0,71,0.219780,0.000000,1.000000
11,A8_B-52,0.9997558,21,0,70,0.230769,0.000000,1.000000
11,A8_B-52,0.999752343,22,0,69,0.241758,0.000000,1.000000
11,A8_B-52,0.999738276,23,0,68,0.252747,0.000000,1.000000
11,A8_B-52,0.999733746,24,0,67,0.263736,0.000000,1.000000
11,A8_B-52,0.999725044,25,0,66,0.274725,0.000000,1.000000
11,A8_B-52,0.99971956,26,0,65,0.285714,0.000000,1.000000
11,A8_B-52,0.999693036,27,0,64,0.296703,0.000000,1.000000
11,A8_B-52,0.999677896,28,0,63,0.307692,0.000000,1.000000
11,A8_B-52,0.99967587,29,0,62,0.318681,0.000000,1.000000
11,A8_B-52,0.99966085,30,0,61,0.329670,0.000000,1.000000
11,A8_B-52,0.99966073,31,0,60,0.340659,0.000000,1.000000
11,A8_B-52,0.999656558,32,0,59,0.351648,0.000000,1.000000
11,A8_B-52,0.999651909,33,0,58,0.362637,0.000000,1.000000
11,A8_B-52,0.999650836,34,0,57,0.373626,0.000000,1.000000
11,A8_B-52,0.99964869,35,0,56,0.384615,0.000000,1.000000
11,A8_B-52,0.999634147,36,0,55,0.395604,0.000000,1.000000
11,A8_B-52,0.999634027,37,0,54,0.406593,0.000000,1.000000
11,A8_B-52,0.999629736,38,0,53,0.417582,0.000000,1.000000
11,A8_B-52,0.999625802,39,0,52,0.428571,0.000000,1.000000
11,A8_B-52,0.999624729,40,0,51,0.439560,0.000000,1.000000
11,A8_B-52,0.999621749,41,0,50,0.450549,0.000000,1.000000
11,A8_B-52,0.999605,42,0,49,0.461538,0.000000,1.000000
11,A8_B-52,0.999603808,43,0,48,0.472527,0.000000,1.000000
11,A8_B-52,0.99960202,44,0,47,0.483516,0.000000,1.000000
11,A8_B-52,0.999601424,45,0,46,0.494505,0.000000,1.000000
11,A8_B-52,0.999585927,46,0,45,0.505495,0.000000,1.000000
11,A8_B-52,0.999577224,47,0,44,0.516484,0.000000,1.000000
11,A8_B-52,0.999575555,48,0,43,0.527473,0.000000,1.000000
11,A8_B-52,0.999558985,49,0,42,0.538462,0.000000,1.000000
11,A8_B-52,0.999547541,50,0,41,0.549451,0.000000,1.000000
11,A8_B-52,0.999545872,51,0,40,0.560440,0.000000,1.000000
11,A8_B-52,0.999544203,52,0,39,0.571429,0.000000,1.000000
11,A8_B-52,0.999542117,53,0,38,0.582418,0.000000,1.000000
11,A8_B-52,0.999533415,54,0,37,0.593407,0.000000,1.000000
11,A8_B-52,0.99949789,55,0,36,0.604396,0.000000,1.000000
11,A8_B-52,0.999491811,56,0,35,0.615385,0.000000,1.000000
11,A8_B-52,0.999485373,57,0,34,0.626374,0.000000,1.000000
11,A8_B-52,0.999481857,58,0,33,0.637363,0.000000,1.000000
11,A8_B-52,0.999432862,59,0,32,0.648352,0.000000,1.000000
11,A8_B-52,0.999410629,60,0,31,0.659341,0.000000,1.000000
11,A8_B-52,0.999382019,61,0,30,0.670330,0.000000,1.000000
11,A8_B-52,0.999221802,62,0,29,0.681319,0.000000,1.000000
11,A8_B-52,0.999211431,63,0,28,0.692308,0.000000,1.000000
11,A8_B-52,0.999162912,64,0,27,0.703297,0.000000,1.000000
11,A8_B-52,0.999151945,65,0,26,0.714286,0.000000,1.000000
11,A8_B-52,0.999148369,66,0,25,0.725275,0.000000,1.000000
11,A8_B-52,0.999001563,67,0,24,0.736264,0.000000,1.000000
11,A8_B-52,0.998910308,68,0,23,0.747253,0.000000,1.000000
11,A8_B-52,0.998888552,69,0,22,0.758242,0.000000,1.000000
11,A8_B-52,0.99877125,70,0,21,0.769231,0.000000,1.000000
11,A8_B-52,0.998731911,71,0,20,0.780220,0.000000,1.000000
11,A8_B-52,0.998683035,72,0,19,0.791209,0.000000,1.000000
11,A8_B-52,0.998624086,73,0,18,0.802198,0.000000,1.000000
11,A8_B-52,0.998622656,74,0,17,0.813187,0.000000,1.000000
11,A8_B-52,0.998571992,75,0,16,0.824176,0.000000,1.000000
11,A8_B-52,0.998295486,76,0,15,0.835165,0.000000,1.000000
11,A8_B-52,0.99810946,77,0,14,0.846154,0.000000,1.000000
11,A8_B-52,0.997517228,78,0,13,0.857143,0.000000,1.000000
11,A8_B-52,0.997047722,79,0,12,0.868132,0.000000,1.000000
11,A8_B-52,0.99605149,80,0,11,0.879121,0.000000,1.000000
11,A8_B-52,0.995841205,81,0,10,0.890110,0.000000,1.000000
11,A8_B-52,0.99302423,82,0,9,0.901099,0.000000,1.000000
11,A8_B-52,0.990233064,83,0,8,0.912088,0.000000,1.000000
11,A8_B-52,0.988870502,84,0,7,0.923077,0.000000,1.000000
11,A8_B-52,0.973583221,85,0,6,0.934066,0.000000,1.000000
11,A8_B-52,0.969246924,86,0,5,0.945055,0.000000,1.000000
11,A8_B-52,0.966879308,87,0,4,0.956044,0.000000,1.000000
11,A8_B-52,0.936106861,87,1,4,0.956044,0.011364,0.988636
11,A8_B-52,0.647576392,88,1,3,0.967033,0.011236,0.988764
11,A8_B-52,0.42417255,89,1,2,0.978022,0.011111,0.988889
11,A8_B-52,0.361226737,90,1,1,0.989011,0.010989,0.989011
11,A8_B-52,0.292493373,90,2,1,0.989011,0.021739,0.978261
11,A8_B-52,0.232521161,91,2,0,1.000000,0.021505,0.978495
11,A8_B-52,0.162847698,91,3,0,1.000000,0.031915,0.968085
11,A8_B-52,0.103172921,91,4,0,1.000000,0.042105,0.957895
11,A8_B-52,0.0959931239,91,5,0,1.000000,0.052083,0.947917
11,A8_B-52,0.0655935705,91,6,0,1.000000,0.061856,0.938144
11,A8_B-52,0.0643989295,91,7,0,1.000000,0.071429,0.928571
11,A8_B-52,0.0494477227,91,8,0,1.000000,0.080808,0.919192
11,A8_B-52,0.0432459898,91,9,0,1.000000,0.090000,0.910000
11,A8_B-52,0.0322047994,91,10,0,1.000000,0.099010,0.900990
11,A8_B-52,0.028543964,91,11,0,1.000000,0.107843,0.892157
11,A8_B-52,0.0267750937,91,12,0,1.000000,0.116505,0.883495
11,A8_B-52,0.0230021179,91,13,0,1.000000,0.125000,0.875000
11,A8_B-52,0.0227553025,91,14,0,1.000000,0.133333,0.866667
11,A8_B-52,0.0220939647,91,15,0,1.000000,0.141509,0.858491
11,A8_B-52,0.0184289105,91,16,0,1.000000,0.149533,0.850467
11,A8_B-52,0.018274013,91,17,0,1.000000,0.157407,0.842593
11,A8_B-52,0.017162241,91,18,0,1.000000,0.165138,0.834862
11,A8_B-52,0.017051043,91,19,0,1.000000,0.172727,0.827273
11,A8_B-52,0.0169149768,91,20,0,1.000000,0.180180,0.819820
11,A8_B-52,0.0151686324,91,21,0,1.000000,0.187500,0.812500
11,A8_B-52,0.0131923165,91,22,0,1.000000,0.194690,0.805310
11,A8_B-52,0.0129050007,91,23,0,1.000000,0.201754,0.798246
11,A8_B-52,0.0126475198,91,24,0,1.000000,0.208696,0.791304
11,A8_B-52,0.0122522777,91,25,0,1.000000,0.215517,0.784483
11,A8_B-52,0.0118728839,91,26,0,1.000000,0.222222,0.777778
11,A8_B-52,0.0115759596,91,27,0,1.000000,0.228814,0.771186
11,A8_B-52,0.011139242,91,28,0,1.000000,0.235294,0.764706
11,A8_B-52,0.0109852757,91,29,0,1.000000,0.241667,0.758333
11,A8_B-52,0.0100794202,91,30,0,1.000000,0.247934,0.752066
11,A8_B-52,0.0100443289,91,31,0,1.000000,0.254098,0.745902
11,A8_B-52,0.00940840971,91,32,0,1.000000,0.260163,0.739837
11,A8_B-52,0.00905217417,91,33,0,1.000000,0.266129,0.733871
11,A8_B-52,0.0086256247,91,34,0,1.000000,0.272000,0.728000
11,A8_B-52,0.0082712071,91,35,0,1.000000,0.277778,0.722222
11,A8_B-52,0.00824882556,91,36,0,1.000000,0.283465,0.716535
11,A8_B-52,0.00815542042,91,37,0,1.000000,0.289062,0.710938
11,A8_B-52,0.00804768968,91,38,0,1.000000,0.294574,0.705426
11,A8_B-52,0.00799229834,91,39,0,1.000000,0.300000,0.700000
11,A8_B-52,0.00772013841,91,40,0,1.000000,0.305344,0.694656
11,A8_B-52,0.0076043033,91,41,0,1.000000,0.310606,0.689394
11,A8_B-52,0.00689765997,91,42,0,1.000000,0.315789,0.684211
11,A8_B-52,0.00685990462,91,43,0,1.000000,0.320896,0.679104
11,A8_B-52,0.0067775459,91,44,0,1.000000,0.325926,0.674074
11,A8_B-52,0.00669855718,91,45,0,1.000000,0.330882,0.669118
11,A8_B-52,0.00655188318,91,46,0,1.000000,0.335766,0.664234
11,A8_B-52,0.00645265449,91,47,0,1.000000,0.340580,0.659420
11,A8_B-52,0.00588439172,91,48,0,1.000000,0.345324,0.654676
11,A8_B-52,0.00585481385,91,49,0,1.000000,0.350000,0.650000
11,A8_B-52,0.00583219994,91,50,0,1.000000,0.354610,0.645390
11,A8_B-52,0.00577898417,91,51,0,1.000000,0.359155,0.640845
11,A8_B-52,0.00573532423,91,52,0,1.000000,0.363636,0.636364
11,A8_B-52,0.00573486229,91,53,0,1.000000,0.368056,0.631944
11,A8_B-52,0.00533369975,91,54,0,1.000000,0.372414,0.627586
11,A8_B-52,0.00519481488,91,55,0,1.000000,0.376712,0.623288
11,A8_B-52,0.00509768119,91,56,0,1.000000,0.380952,0.619048
11,A8_B-52,0.00503887376,91,57,0,1.000000,0.385135,0.614865
11,A8_B-52,0.00502823526,91,58,0,1.000000,0.389262,0.610738
11,A8_B-52,0.00502434932,91,59,0,1.000000,0.393333,0.606667
11,A8_B-52,0.00495086564,91,60,0,1.000000,0.397351,0.602649
11,A8_B-52,0.00491848495,91,61,0,1.000000,0.401316,0.598684
11,A8_B-52,0.00491790893,91,62,0,1.000000,0.405229,0.594771
11,A8_B-52,0.00482922513,91,63,0,1.000000,0.409091,0.590909
11,A8_B-52,0.00481926417,91,64,0,1.000000,0.412903,0.587097
11,A8_B-52,0.0047873687,91,65,0,1.000000,0.416667,0.583333
11,A8_B-52,0.00478722947,91,66,0,1.000000,0.420382,0.579618
11,A8_B-52,0.00477178115,91,67,0,1.000000,0.424051,0.575949
11,A8_B-52,0.00474985596,91,68,0,1.000000,0.427673,0.572327
11,A8_B-52,0.00467629498,91,69,0,1.000000,0.431250,0.568750
11,A8_B-52,0.00451958366,91,70,0,1.000000,0.434783,0.565217
11,A8_B-52,0.00444570882,91,71,0,1.000000,0.438272,0.561728
11,A8_B-52,0.00444377307,91,72,0,1.000000,0.441718,0.558282
11,A8_B-52,0.00437821588,91,73,0,1.000000,0.445122,0.554878
11,A8_B-52,0.00435983296,91,74,0,1.000000,0.448485,0.551515
11,A8_B-52,0.00427358691,91,75,0,1.000000,0.451807,0.548193
11,A8_B-52,0.00425505266,91,76,0,1.000000,0.455090,0.544910
11,A8_B-52,0.00423445972,91,77,0,1.000000,0.458333,0.541667
11,A8_B-52,0.00412289659,91,78,0,1.000000,0.461538,0.538462
11,A8_B-52,0.00412016734,91,79,0,1.000000,0.464706,0.535294
11,A8_B-52,0.00404442009,91,80,0,1.000000,0.467836,0.532164
11,A8_B-52,0.00404416211,91,81,0,1.000000,0.470930,0.529070
11,A8_B-52,0.00392048387,91,82,0,1.000000,0.473988,0.526012
11,A8_B-52,0.00380051252,91,83,0,1.000000,0.477011,0.522989
11,A8_B-52,0.00375815039,91,84,0,1.000000,0.480000,0.520000
11,A8_B-52,0.00375758461,91,85,0,1.000000,0.482955,0.517045
11,A8_B-52,0.00373577443,91,86,0,1.000000,0.485876,0.514124
11,A8_B-52,0.00369708543,91,87,0,1.000000,0.488764,0.511236
11,A8_B-52,0.003656524,91,88,0,1.000000,0.491620,0.508380
11,A8_B-52,0.00359136611,91,89,0,1.000000,0.494444,0.505556
11,A8_B-52,0.00353009417,91,90,0,1.000000,0.497238,0.502762
11,A8_B-52,0.00347963953,91,91,0,1.000000,0.500000,0.500000
11,A8_B-52,0.00341040362,91,92,0,1.000000,0.502732,0.497268
11,A8_B-52,0.00340537727,91,93,0,1.000000,0.505435,0.494565
11,A8_B-52,0.00331215933,91,94,0,1.000000,0.508108,0.491892
11,A8_B-52,0.00328727579,91,95,0,1.000000,0.510753,0.489247
11,A8_B-52,0.00323209469,91,96,0,1.000000,0.513369,0.486631
11,A8_B-52,0.00322160684,91,97,0,1.000000,0.515957,0.484043
11,A8_B-52,0.00322118448,91,98,0,1.000000,0.518519,0.481481
11,A8_B-52,0.00317926169,91,99,0,1.000000,0.521053,0.478947
11,A8_B-52,0.00316664926,91,100,0,1.000000,0.523560,0.476440
11,A8_B-52,0.00316556543,91,101,0,1.000000,0.526042,0.473958
11,A8_B-52,0.00315497629,91,102,0,1.000000,0.528497,0.471503
11,A8_B-52,0.00311539532,91,103,0,1.000000,0.530928,0.469072
11,A8_B-52,0.00304493424,91,104,0,1.000000,0.533333,0.466667
11,A8_B-52,0.00301680365,91,105,0,1.000000,0.535714,0.464286
11,A8_B-52,0.00300690066,91,106,0,1.000000,0.538071,0.461929
11,A8_B-52,0.00294866855,91,107,0,1.000000,0.540404,0.459596
11,A8_B-52,0.00293526426,91,108,0,1.000000,0.542714,0.457286
11,A8_B-52,0.00292829052,91,109,0,1.000000,0.545000,0.455000
11,A8_B-52,0.00288612489,91,110,0,1.000000,0.547264,0.452736
11,A8_B-52,0.00286872406,91,111,0,1.000000,0.549505,0.450495
11,A8_B-52,0.00286680227,91,112,0,1.000000,0.551724,0.448276
11,A8_B-52,0.00279666134,91,113,0,1.000000,0.553922,0.446078
11,A8_B-52,0.00279153325,91,114,0,1.000000,0.556098,0.443902
11,A8_B-52,0.00274417363,91,115,0,1.000000,0.558252,0.441748
11,A8_B-52,0.00274306186,91,116,0,1.000000,0.560386,0.439614
11,A8_B-52,0.00272424147,91,117,0,1.000000,0.562500,0.437500
11,A8_B-52,0.00272112573,91,118,0,1.000000,0.564593,0.435407
11,A8_B-52,0.0027015775,91,119,0,1.000000,0.566667,0.433333
11,A8_B-52,0.0026854251,91,120,0,1.000000,0.568720,0.431280
11,A8_B-52,0.00268032472,91,121,0,1.000000,0.570755,0.429245
11,A8_B-52,0.00262025138,91,122,0,1.000000,0.572770,0.427230
11,A8_B-52,0.0026046061,91,123,0,1.000000,0.574766,0.425234
11,A8_B-52,0.0025946449,91,124,0,1.000000,0.576744,0.423256
11,A8_B-52,0.0025733225,91,125,0,1.000000,0.578704,0.421296
11,A8_B-52,0.00257177581,91,126,0,1.000000,0.580645,0.419355
11,A8_B-52,0.00255701132,91,127,0,1.000000,0.582569,0.417431
11,A8_B-52,0.00253191078,91,128,0,1.000000,0.584475,0.415525
11,A8_B-52,0.00252415054,91,129,0,1.000000,0.586364,0.413636
11,A8_B-52,0.00250285538,91,130,0,1.000000,0.588235,0.411765
11,A8_B-52,0.00246164016,91,131,0,1.000000,0.590090,0.409910
11,A8_B-52,0.00244656648,91,132,0,1.000000,0.591928,0.408072
11,A8_B-52,0.00243350305,91,133,0,1.000000,0.593750,0.406250
11,A8_B-52,0.0024154631,91,134,0,1.000000,0.595556,0.404444
11,A8_B-52,0.00241464842,91,135,0,1.000000,0.597345,0.402655
11,A8_B-52,0.00240844279,91,136,0,1.000000,0.599119,0.400881
11,A8_B-52,0.0023339563,91,137,0,1.000000,0.600877,0.399123
11,A8_B-52,0.00232533994,91,138,0,1.000000,0.602620,0.397380
11,A8_B-52,0.00232498255,91,139,0,1.000000,0.604348,0.395652
11,A8_B-52,0.00232237764,91,140,0,1.000000,0.606061,0.393939
11,A8_B-52,0.00231008814,91,141,0,1.000000,0.607759,0.392241
11,A8_B-52,0.00228498387,91,142,0,1.000000,0.609442,0.390558
11,A8_B-52,0.00226722076,91,143,0,1.000000,0.611111,0.388889
11,A8_B-52,0.00225711125,91,144,0,1.000000,0.612766,0.387234
11,A8_B-52,0.00221799663,91,145,0,1.000000,0.614407,0.385593
11,A8_B-52,0.00219890918,91,146,0,1.000000,0.616034,0.383966
11,A8_B-52,0.00218454003,91,147,0,1.000000,0.617647,0.382353
11,A8_B-52,0.00215153606,91,148,0,1.000000,0.619247,0.380753
11,A8_B-52,0.00209990679,91,149,0,1.000000,0.620833,0.379167
11,A8_B-52,0.00208880566,91,150,0,1.000000,0.622407,0.377593
11,A8_B-52,0.00208773464,91,151,0,1.000000,0.623967,0.376033
11,A8_B-52,0.00205875537,91,152,0,1.000000,0.625514,0.374486
11,A8_B-52,0.00205095997,91,153,0,1.000000,0.627049,0.372951
11,A8_B-52,0.00202134787,91,154,0,1.000000,0.628571,0.371429
11,A8_B-52,0.0020160994,91,155,0,1.000000,0.630081,0.369919
11,A8_B-52,0.00201266352,91,156,0,1.000000,0.631579,0.368421
11,A8_B-52,0.00200898782,91,157,0,1.000000,0.633065,0.366935
11,A8_B-52,0.00199446245,91,158,0,1.000000,0.634538,0.365462
11,A8_B-52,0.00198251125,91,159,0,1.000000,0.636000,0.364000
11,A8_B-52,0.0019798344,91,160,0,1.000000,0.637450,0.362550
11,A8_B-52,0.00196392066,91,161,0,1.000000,0.638889,0.361111
11,A8_B-52,0.00196157233,91,162,0,1.000000,0.640316,0.359684
11,A8_B-52,0.00195046794,91,163,0,1.000000,0.641732,0.358268
11,A8_B-52,0.00194965571,91,164,0,1.000000,0.643137,0.356863
11,A8_B-52,0.00192350813,91,165,0,1.000000,0.644531,0.355469
11,A8_B-52,0.00190121506,91,166,0,1.000000,0.645914,0.354086
11,A8_B-52,0.00189384539,91,167,0,1.000000,0.647287,0.352713
11,A8_B-52,0.00188998948,91,168,0,1.000000,0.648649,0.351351
11,A8_B-52,0.00188463926,91,169,0,1.000000,0.650000,0.350000
11,A8_B-52,0.00184591755,91,170,0,1.000000,0.651341,0.348659
11,A8_B-52,0.00179203157,91,171,0,1.000000,0.652672,0.347328
11,A8_B-52,0.00178738288,91,172,0,1.000000,0.653992,0.346008
11,A8_B-52,0.00178567786,91,173,0,1.000000,0.655303,0.344697
11,A8_B-52,0.00175647042,91,174,0,1.000000,0.656604,0.343396
11,A8_B-52,0.00175596378,91,175,0,1.000000,0.657895,0.342105
11,A8_B-52,0.00174266391,91,176,0,1.000000,0.659176,0.340824
11,A8_B-52,0.00168804836,91,177,0,1.000000,0.660448,0.339552
11,A8_B-52,0.00168582681,91,178,0,1.000000,0.661710,0.338290
11,A8_B-52,0.00167789985,91,179,0,1.000000,0.662963,0.337037
11,A8_B-52,0.00167153589,91,180,0,1.000000,0.664207,0.335793
11,A8_B-52,0.0016690729,91,181,0,1.000000,0.665441,0.334559
11,A8_B-52,0.00163988408,91,182,0,1.000000,0.666667,0.333333
11,A8_B-52,0.00163490768,91,183,0,1.000000,0.667883,0.332117
11,A8_B-52,0.00162620796,91,184,0,1.000000,0.669091,0.330909
11,A8_B-52,0.00161975028,91,185,0,1.000000,0.670290,0.329710
11,A8_B-52,0.00158550835,91,186,0,1.000000,0.671480,0.328520
11,A8_B-52,0.00158390729,91,187,0,1.000000,0.672662,0.327338
11,A8_B-52,0.00158267526,91,188,0,1.000000,0.673835,0.326165
11,A8_B-52,0.00156968646,91,189,0,1.000000,0.675000,0.325000
11,A8_B-52,0.00156841881,91,190,0,1.000000,0.676157,0.323843
11,A8_B-52,0.00156354904,91,191,0,1.000000,0.677305,0.322695
11,A8_B-52,0.00154521363,91,192,0,1.000000,0.678445,0.321555
11,A8_B-52,0.00153354113,91,193,0,1.000000,0.679577,0.320423
11,A8_B-52,0.00151459372,91,194,0,1.000000,0.680702,0.319298
11,A8_B-52,0.00151323655,91,195,0,1.000000,0.681818,0.318182
11,A8_B-52,0.00151141791,91,196,0,1.000000,0.682927,0.317073
11,A8_B-52,0.00151072175,91,197,0,1.000000,0.684028,0.315972
11,A8_B-52,0.00150862429,91,198,0,1.000000,0.685121,0.314879
11,A8_B-52,0.00149451522,91,199,0,1.000000,0.686207,0.313793
11,A8_B-52,0.00148836093,91,200,0,1.000000,0.687285,0.312715
11,A8_B-52,0.0014842276,91,201,0,1.000000,0.688356,0.311644
11,A8_B-52,0.00147779298,91,202,0,1.000000,0.689420,0.310580
11,A8_B-52,0.00147691462,91,203,0,1.000000,0.690476,0.309524
11,A8_B-52,0.00147534895,91,204,0,1.000000,0.691525,0.308475
11,A8_B-52,0.00144423498,91,205,0,1.000000,0.692568,0.307432
11,A8_B-52,0.00142986653,91,206,0,1.000000,0.693603,0.306397
11,A8_B-52,0.00142565777,91,207,0,1.000000,0.694631,0.305369
11,A8_B-52,0.00141795352,91,208,0,1.000000,0.695652,0.304348
11,A8_B-52,0.00140120217,91,209,0,1.000000,0.696667,0.303333
11,A8_B-52,0.00139458268,91,210,0,1.000000,0.697674,0.302326
11,A8_B-52,0.00139245763,91,211,0,1.000000,0.698675,0.301325
11,A8_B-52,0.00137899746,91,212,0,1.000000,0.699670,0.300330
11,A8_B-52,0.00137694192,91,213,0,1.000000,0.700658,0.299342
11,A8_B-52,0.00136776222,91,214,0,1.000000,0.701639,0.298361
11,A8_B-52,0.00136491854,91,215,0,1.000000,0.702614,0.297386
11,A8_B-52,0.00136109395,91,216,0,1.000000,0.703583,0.296417
11,A8_B-52,0.0013596561,91,217,0,1.000000,0.704545,0.295455
11,A8_B-52,0.00135501486,91,218,0,1.000000,0.705502,0.294498
11,A8_B-52,0.00135163369,91,219,0,1.000000,0.706452,0.293548
11,A8_B-52,0.00134605239,91,220,0,1.000000,0.707395,0.292605
11,A8_B-52,0.00132803223,91,221,0,1.000000,0.708333,0.291667
11,A8_B-52,0.00131603039,91,222,0,1.000000,0.709265,0.290735
11,A8_B-52,0.00131574727,91,223,0,1.000000,0.710191,0.289809
11,A8_B-52,0.00130515161,91,224,0,1.000000,0.711111,0.288889
11,A8_B-52,0.00127882778,91,225,0,1.000000,0.712025,0.287975
11,A8_B-52,0.00127087918,91,226,0,1.000000,0.712934,0.287066
11,A8_B-52,0.00126602908,91,227,0,1.000000,0.713836,0.286164
11,A8_B-52,0.0012486378,91,228,0,1.000000,0.714734,0.285266
11,A8_B-52,0.00124810182,91,229,0,1.000000,0.715625,0.284375
11,A8_B-52,0.00124345033,91,230,0,1.000000,0.716511,0.283489
11,A8_B-52,0.00123905728,91,231,0,1.000000,0.717391,0.282609
11,A8_B-52,0.0012346966,91,232,0,1.000000,0.718266,0.281734
11,A8_B-52,0.0012196817,91,233,0,1.000000,0.719136,0.280864
11,A8_B-52,0.00121519365,91,234,0,1.000000,0.720000,0.280000
11,A8_B-52,0.00118352158,91,235,0,1.000000,0.720859,0.279141
11,A8_B-52,0.00118067174,91,236,0,1.000000,0.721713,0.278287
11,A8_B-52,0.00117990642,91,237,0,1.000000,0.722561,0.277439
11,A8_B-52,0.00117984333,91,238,0,1.000000,0.723404,0.276596
11,A8_B-52,0.0011767433,91,239,0,1.000000,0.724242,0.275758
11,A8_B-52,0.00117621524,91,240,0,1.000000,0.725076,0.274924
11,A8_B-52,0.00115649775,91,241,0,1.000000,0.725904,0.274096
11,A8_B-52,0.00114802667,91,242,0,1.000000,0.726727,0.273273
11,A8_B-52,0.0011463234,91,243,0,1.000000,0.727545,0.272455
11,A8_B-52,0.00114239671,91,244,0,1.000000,0.728358,0.271642
11,A8_B-52,0.00113969308,91,245,0,1.000000,0.729167,0.270833
11,A8_B-52,0.00113744813,91,246,0,1.000000,0.729970,0.270030
11,A8_B-52,0.00112551113,91,247,0,1.000000,0.730769,0.269231
11,A8_B-52,0.00112310832,91,248,0,1.000000,0.731563,0.268437
11,A8_B-52,0.00111445074,91,249,0,1.000000,0.732353,0.267647
11,A8_B-52,0.00111357623,91,250,0,1.000000,0.733138,0.266862
11,A8_B-52,0.00110459374,91,251,0,1.000000,0.733918,0.266082
11,A8_B-52,0.00110323809,91,252,0,1.000000,0.734694,0.265306
11,A8_B-52,0.00110231352,91,253,0,1.000000,0.735465,0.264535
11,A8_B-52,0.00109523849,91,254,0,1.000000,0.736232,0.263768
11,A8_B-52,0.00108786556,91,255,0,1.000000,0.736994,0.263006
11,A8_B-52,0.00108457368,91,256,0,1.000000,0.737752,0.262248
11,A8_B-52,0.00108081917,91,257,0,1.000000,0.738506,0.261494
11,A8_B-52,0.00107538083,91,258,0,1.000000,0.739255,0.260745
11,A8_B-52,0.00107107696,91,259,0,1.000000,0.740000,0.260000
11,A8_B-52,0.00106147432,91,260,0,1.000000,0.740741,0.259259
11,A8_B-52,0.00104708865,91,261,0,1.000000,0.741477,0.258523
11,A8_B-52,0.00104550412,91,262,0,1.000000,0.742210,0.257790
11,A8_B-52,0.00103765284,91,263,0,1.000000,0.742938,0.257062
11,A8_B-52,0.00103067537,91,264,0,1.000000,0.743662,0.256338
11,A8_B-52,0.00103033218,91,265,0,1.000000,0.744382,0.255618
11,A8_B-52,0.00101240457,91,266,0,1.000000,0.745098,0.254902
11,A8_B-52,0.0010102063,91,267,0,1.000000,0.745810,0.254190
11,A8_B-52,0.00100474106,91,268,0,1.000000,0.746518,0.253482
11,A8_B-52,0.00100291439,91,269,0,1.000000,0.747222,0.252778
11,A8_B-52,0.00100236142,91,270,0,1.000000,0.747922,0.252078
12,A9_P-3C,0.999951243,0,0,75,0.000000,0.000000,0.000000
12,A9_P-3C,0.999951243,1,0,74,0.013333,0.000000,1.000000
12,A9_P-3C,0.99990809,2,0,73,0.026667,0.000000,1.000000
12,A9_P-3C,0.999900579,3,0,72,0.040000,0.000000,1.000000
12,A9_P-3C,0.999872446,4,0,71,0.053333,0.000000,1.000000
12,A9_P-3C,0.999856949,5,0,70,0.066667,0.000000,1.000000
12,A9_P-3C,0.999837995,6,0,69,0.080000,0.000000,1.000000
12,A9_P-3C,0.999837637,7,0,68,0.093333,0.000000,1.000000
12,A9_P-3C,0.999818146,8,0,67,0.106667,0.000000,1.000000
12,A9_P-3C,0.999810874,9,0,66,0.120000,0.000000,1.000000
12,A9_P-3C,0.999808609,10,0,65,0.133333,0.000000,1.000000
12,A9_P-3C,0.999804914,11,0,64,0.146667,0.000000,1.000000
12,A9_P-3C,0.999802411,12,0,63,0.160000,0.000000,1.000000
12,A9_P-3C,0.999796808,13,0,62,0.173333,0.000000,1.000000
12,A9_P-3C,0.999793351,14,0,61,0.186667,0.000000,1.000000
12,A9_P-3C,0.999786437,15,0,60,0.200000,0.000000,1.000000
12,A9_P-3C,0.999766767,16,0,59,0.213333,0.000000,1.000000
12,A9_P-3C,0.999759853,17,0,58,0.226667,0.000000,1.000000
12,A9_P-3C,0.999753296,18,0,57,0.240000,0.000000,1.000000
12,A9_P-3C,0.999753177,19,0,56,0.253333,0.000000,1.000000
12,A9_P-3C,0.999750316,20,0,55,0.266667,0.000000,1.000000
12,A9_P-3C,0.999749243,21,0,54,0.280000,0.000000,1.000000
12,A9_P-3C,0.999744236,22,0,53,0.293333,0.000000,1.000000
12,A9_P-3C,0.999739945,24,0,51,0.320000,0.000000,1.000000
12,A9_P-3C,0.999737322,25,0,50,0.333333,0.000000,1.000000
12,A9_P-3C,0.999734104,26,0,49,0.346667,0.000000,1.000000
12,A9_P-3C,0.99970454,27,0,48,0.360000,0.000000,1.000000
12,A9_P-3C,0.999660254,28,0,47,0.373333,0.000000,1.000000
12,A9_P-3C,0.999640584,29,0,46,0.386667,0.000000,1.000000
12,A9_P-3C,0.999611199,30,0,45,0.400000,0.000000,1.000000
12,A9_P-3C,0.999567449,31,0,44,0.413333,0.000000,1.000000
12,A9_P-3C,0.999526858,32,0,43,0.426667,0.000000,1.000000
12,A9_P-3C,0.999487877,33,0,42,0.440000,0.000000,1.000000
12,A9_P-3C,0.999478638,34,0,41,0.453333,0.000000,1.000000
12,A9_P-3C,0.999419451,35,0,40,0.466667,0.000000,1.000000
12,A9_P-3C,0.999398828,36,0,39,0.480000,0.000000,1.000000
12,A9_P-3C,0.99938488,37,0,38,0.493333,0.000000,1.000000
12,A9_P-3C,0.999369204,38,0,37,0.506667,0.000000,1.000000
12,A9_P-3C,0.999284208,39,0,36,0.520000,0.000000,1.000000
12,A9_P-3C,0.999244332,40,0,35,0.533333,0.000000,1.000000
12,A9_P-3C,0.999170303,41,0,34,0.546667,0.000000,1.000000
12,A9_P-3C,0.999134839,42,0,33,0.560000,0.000000,1.000000
12,A9_P-3C,0.999113262,43,0,32,0.573333,0.000000,1.000000
12,A9_P-3C,0.999056041,44,0,31,0.586667,0.000000,1.000000
12,A9_P-3C,0.998995245,45,0,30,0.600000,0.000000,1.000000
12,A9_P-3C,0.998971224,46,0,29,0.613333,0.000000,1.000000
12,A9_P-3C,0.998841941,47,0,28,0.626667,0.000000,1.000000
12,A9_P-3C,0.998686135,48,0,27,0.640000,0.000000,1.000000
12,A9_P-3C,0.998232067,49,0,26,0.653333,0.000000,1.000000
12,A9_P-3C,0.997996867,50,0,25,0.666667,0.000000,1.000000
12,A9_P-3C,0.997972071,51,0,24,0.680000,0.000000,1.000000
12,A9_P-3C,0.997945249,52,0,23,0.693333,0.000000,1.000000
12,A9_P-3C,0.997669518,53,0,22,0.706667,0.000000,1.000000
12,A9_P-3C,0.997461081,54,0,21,0.720000,0.000000,1.000000
12,A9_P-3C,0.997079492,55,0,20,0.733333,0.000000,1.000000
12,A9_P-3C,0.996968329,56,0,19,0.746667,0.000000,1.000000
12,A9_P-3C,0.996637583,57,0,18,0.760000,0.000000,1.000000
12,A9_P-3C,0.99634856,58,0,17,0.773333,0.000000,1.000000
12,A9_P-3C,0.996017039,59,0,16,0.786667,0.000000,1.000000
12,A9_P-3C,0.995827615,60,0,15,0.800000,0.000000,1.000000
12,A9_P-3C,0.995610416,61,0,14,0.813333,0.000000,1.000000
12,A9_P-3C,0.995574474,62,0,13,0.826667,0.000000,1.000000
12,A9_P-3C,0.995472729,63,0,12,0.840000,0.000000,1.000000
12,A9_P-3C,0.995075881,64,0,11,0.853333,0.000000,1.000000
12,A9_P-3C,0.994128227,65,0,10,0.866667,0.000000,1.000000
12,A9_P-3C,0.992970884,66,0,9,0.880000,0.000000,1.000000
12,A9_P-3C,0.98806262,67,0,8,0.893333,0.000000,1.000000
12,A9_P-3C,0.987886071,68,0,7,0.906667,0.000000,1.000000
12,A9_P-3C,0.986584365,69,0,6,0.920000,0.000000,1.000000
12,A9_P-3C,0.983428538,70,0,5,0.933333,0.000000,1.000000
12,A9_P-3C,0.981508791,71,0,4,0.946667,0.000000,1.000000
12,A9_P-3C,0.971775353,72,0,3,0.960000,0.000000,1.000000
12,A9_P-3C,0.965641737,73,0,2,0.973333,0.000000,1.000000
12,A9_P-3C,0.940505326,73,1,2,0.973333,0.013514,0.986486
12,A9_P-3C,0.857355416,74,1,1,0.986667,0.013333,0.986667
12,A9_P-3C,0.823854268,74,2,1,0.986667,0.026316,0.973684
12,A9_P-3C,0.604910612,74,3,1,0.986667,0.038961,0.961039
12,A9_P-3C,0.602912962,74,4,1,0.986667,0.051282,0.948718
12,A9_P-3C,0.555589318,75,4,0,1.000000,0.050633,0.949367
12,A9_P-3C,0.382560998,75,5,0,1.000000,0.062500,0.937500
12,A9_P-3C,0.201806396,75,6,0,1.000000,0.074074,0.925926
12,A9_P-3C,0.180530503,75,7,0,1.000000,0.085366,0.914634
12,A9_P-3C,0.162479371,75,8,0,1.000000,0.096386,0.903614
12,A9_P-3C,0.151644483,75,9,0,1.000000,0.107143,0.892857
12,A9_P-3C,0.0810833573,75,10,0,1.000000,0.117647,0.882353
12,A9_P-3C,0.0714511052,75,11,0,1.000000,0.127907,0.872093
12,A9_P-3C,0.0700263157,75,12,0,1.000000,0.137931,0.862069
12,A9_P-3C,0.062699981,75,13,0,1.000000,0.147727,0.852273
12,A9_P-3C,0.0455095433,75,14,0,1.000000,0.157303,0.842697
12,A9_P-3C,0.0450766645,75,15,0,1.000000,0.166667,0.833333
12,A9_P-3C,0.0447435714,75,16,0,1.000000,0.175824,0.824176
12,A9_P-3C,0.0425777361,75,17,0,1.000000,0.184783,0.815217
12,A9_P-3C,0.0397578739,75,18,0,1.000000,0.193548,0.806452
12,A9_P-3C,0.0359045863,75,19,0,1.000000,0.202128,0.797872
12,A9_P-3C,0.0354190022,75,20,0,1.000000,0.210526,0.789474
12,A9_P-3C,0.0342492163,75,21,0,1.000000,0.218750,0.781250
12,A9_P-3C,0.0263367761,75,22,0,1.000000,0.226804,0.773196
12,A9_P-3C,0.0243110787,75,23,0,1.000000,0.234694,0.765306
12,A9_P-3C,0.0235753451,75,24,0,1.000000,0.242424,0.757576
12,A9_P-3C,0.0232370663,75,25,0,1.000000,0.250000,0.750000
12,A9_P-3C,0.0222975519,75,26,0,1.000000,0.257426,0.742574
12,A9_P-3C,0.0202142838,75,27,0,1.000000,0.264706,0.735294
12,A9_P-3C,0.0191772748,75,28,0,1.000000,0.271845,0.728155
12,A9_P-3C,0.0158345252,75,29,0,1.000000,0.278846,0.721154
12,A9_P-3C,0.0154385976,75,30,0,1.000000,0.285714,0.714286
12,A9_P-3C,0.015086445,75,31,0,1.000000,0.292453,0.707547
12,A9_P-3C,0.0150132915,75,32,0,1.000000,0.299065,0.700935
12,A9_P-3C,0.0148599651,75,33,0,1.000000,0.305556,0.694444
12,A9_P-3C,0.0146101946,75,34,0,1.000000,0.311927,0.688073
12,A9_P-3C,0.0143473521,75,35,0,1.000000,0.318182,0.681818
12,A9_P-3C,0.0140217524,75,36,0,1.000000,0.324324,0.675676
12,A9_P-3C,0.0140014617,75,37,0,1.000000,0.330357,0.669643
12,A9_P-3C,0.0134577844,75,38,0,1.000000,0.336283,0.663717
12,A9_P-3C,0.0133761838,75,39,0,1.000000,0.342105,0.657895
12,A9_P-3C,0.0127826296,75,40,0,1.000000,0.347826,0.652174
12,A9_P-3C,0.0115623102,75,41,0,1.000000,0.353448,0.646552
12,A9_P-3C,0.0115021178,75,42,0,1.000000,0.358974,0.641026
12,A9_P-3C,0.0114387386,75,43,0,1.000000,0.364407,0.635593
12,A9_P-3C,0.010284665,75,44,0,1.000000,0.369748,0.630252
12,A9_P-3C,0.0102411602,75,45,0,1.000000,0.375000,0.625000
12,A9_P-3C,0.0100346999,75,46,0,1.000000,0.380165,0.619835
12,A9_P-3C,0.00884900428,75,47,0,1.000000,0.385246,0.614754
12,A9_P-3C,0.00867962744,75,48,0,1.000000,0.390244,0.609756
12,A9_P-3C,0.00845365506,75,49,0,1.000000,0.395161,0.604839
12,A9_P-3C,0.00828902051,75,50,0,1.000000,0.400000,0.600000
12,A9_P-3C,0.00811781548,75,51,0,1.000000,0.404762,0.595238
12,A9_P-3C,0.00800419785,75,52,0,1.000000,0.409449,0.590551
12,A9_P-3C,0.00782831665,75,53,0,1.000000,0.414062,0.585938
12,A9_P-3C,0.00724907173,75,54,0,1.000000,0.418605,0.581395
12,A9_P-3C,0.00684935227,75,55,0,1.000000,0.423077,0.576923
12,A9_P-3C,0.00667595351,75,56,0,1.000000,0.427481,0.572519
12,A9_P-3C,0.00662251841,75,57,0,1.000000,0.431818,0.568182
12,A9_P-3C,0.00649401359,75,58,0,1.000000,0.436090,0.563910
12,A9_P-3C,0.00644364534,75,59,0,1.000000,0.440299,0.559701
12,A9_P-3C,0.00603329111,75,60,0,1.000000,0.444444,0.555556
12,A9_P-3C,0.00598938763,75,61,0,1.000000,0.448529,0.551471
12,A9_P-3C,0.00588627486,75,62,0,1.000000,0.452555,0.547445
12,A9_P-3C,0.00585473375,75,63,0,1.000000,0.456522,0.543478
12,A9_P-3C,0.00577116571,75,64,0,1.000000,0.460432,0.539568
12,A9_P-3C,0.00568892295,75,65,0,1.000000,0.464286,0.535714
12,A9_P-3C,0.00568535738,75,66,0,1.000000,0.468085,0.531915
12,A9_P-3C,0.00563500822,75,67,0,1.000000,0.471831,0.528169
12,A9_P-3C,0.00555915991,75,68,0,1.000000,0.475524,0.524476
12,A9_P-3C,0.00549225975,75,69,0,1.000000,0.479167,0.520833
12,A9_P-3C,0.00540142879,75,70,0,1.000000,0.482759,0.517241
12,A9_P-3C,0.00476253126,75,71,0,1.000000,0.486301,0.513699
12,A9_P-3C,0.00457509793,75,72,0,1.000000,0.489796,0.510204
12,A9_P-3C,0.00456985226,75,73,0,1.000000,0.493243,0.506757
12,A9_P-3C,0.00447520474,75,74,0,1.000000,0.496644,0.503356
12,A9_P-3C,0.00446174061,75,75,0,1.000000,0.500000,0.500000
12,A9_P-3C,0.00436569145,75,76,0,1.000000,0.503311,0.496689
12,A9_P-3C,0.00430535525,75,77,0,1.000000,0.506579,0.493421
12,A9_P-3C,0.00430109957,75,78,0,1.000000,0.509804,0.490196
12,A9_P-3C,0.00429743482,75,79,0,1.000000,0.512987,0.487013
12,A9_P-3C,0.00427581556,75,80,0,1.000000,0.516129,0.483871
12,A9_P-3C,0.00415251078,75,81,0,1.000000,0.519231,0.480769
12,A9_P-3C,0.00415003859,75,82,0,1.000000,0.522293,0.477707
12,A9_P-3C,0.00407234905,75,83,0,1.000000,0.525316,0.474684
12,A9_P-3C,0.00399670377,75,84,0,1.000000,0.528302,0.471698
12,A9_P-3C,0.00393103482,75,85,0,1.000000,0.531250,0.468750
12,A9_P-3C,0.00382261258,75,86,0,1.000000,0.534161,0.465839
12,A9_P-3C,0.00381318317,75,87,0,1.000000,0.537037,0.462963
12,A9_P-3C,0.00378417596,75,88,0,1.000000,0.539877,0.460123
12,A9_P-3C,0.00360201299,75,89,0,1.000000,0.542683,0.457317
12,A9_P-3C,0.00348273595,75,90,0,1.000000,0.545455,0.454545
12,A9_P-3C,0.00336863776,75,91,0,1.000000,0.548193,0.451807
12,A9_P-3C,0.00335533894,75,92,0,1.000000,0.550898,0.449102
12,A9_P-3C,0.00322477333,75,93,0,1.000000,0.553571,0.446429
12,A9_P-3C,0.00321577396,75,94,0,1.000000,0.556213,0.443787
12,A9_P-3C,0.00314089074,75,95,0,1.000000,0.558824,0.441176
12,A9_P-3C,0.00304270769,75,96,0,1.000000,0.561404,0.438596
12,A9_P-3C,0.00302953739,75,97,0,1.000000,0.563953,0.436047
12,A9_P-3C,0.00302880281,75,98,0,1.000000,0.566474,0.433526
12,A9_P-3C,0.00283088745,75,99,0,1.000000,0.568966,0.431034
12,A9_P-3C,0.0027680716,75,100,0,1.000000,0.571429,0.428571
12,A9_P-3C,0.00276028528,75,101,0,1.000000,0.573864,0.426136
12,A9_P-3C,0.00274673197,75,102,0,1.000000,0.576271,0.423729
12,A9_P-3C,0.00274133612,75,103,0,1.000000,0.578652,0.421348
12,A9_P-3C,0.00273477798,75,104,0,1.000000,0.581006,0.418994
12,A9_P-3C,0.00270889001,75,105,0,1.000000,0.583333,0.416667
12,A9_P-3C,0.00268959999,75,106,0,1.000000,0.585635,0.414365
12,A9_P-3C,0.00264407229,75,107,0,1.000000,0.587912,0.412088
12,A9_P-3C,0.00262551778,75,108,0,1.000000,0.590164,0.409836
12,A9_P-3C,0.00260175695,75,109,0,1.000000,0.592391,0.407609
12,A9_P-3C,0.00253201299,75,110,0,1.000000,0.594595,0.405405
12,A9_P-3C,0.00242904178,75,111,0,1.000000,0.596774,0.403226
12,A9_P-3C,0.0024264669,75,112,0,1.000000,0.598930,0.401070
12,A9_P-3C,0.00241488218,75,113,0,1.000000,0.601064,0.398936
12,A9_P-3C,0.0023931372,75,114,0,1.000000,0.603175,0.396825
12,A9_P-3C,0.00238567078,75,115,0,1.000000,0.605263,0.394737
12,A9_P-3C,0.00235538837,75,116,0,1.000000,0.607330,0.392670
12,A9_P-3C,0.00235465611,75,117,0,1.000000,0.609375,0.390625
12,A9_P-3C,0.00235348986,75,118,0,1.000000,0.611399,0.388601
12,A9_P-3C,0.00233794609,75,119,0,1.000000,0.613402,0.386598
12,A9_P-3C,0.00231071585,75,120,0,1.000000,0.615385,0.384615
12,A9_P-3C,0.00225554244,75,121,0,1.000000,0.617347,0.382653
12,A9_P-3C,0.00224429206,75,122,0,1.000000,0.619289,0.380711
12,A9_P-3C,0.00223966013,75,123,0,1.000000,0.621212,0.378788
12,A9_P-3C,0.00222602882,75,124,0,1.000000,0.623116,0.376884
12,A9_P-3C,0.00220262888,75,125,0,1.000000,0.625000,0.375000
12,A9_P-3C,0.0021983725,75,126,0,1.000000,0.626866,0.373134
12,A9_P-3C,0.00218932214,75,127,0,1.000000,0.628713,0.371287
12,A9_P-3C,0.00218726974,75,128,0,1.000000,0.630542,0.369458
12,A9_P-3C,0.00216759043,75,129,0,1.000000,0.632353,0.367647
12,A9_P-3C,0.00211940566,75,130,0,1.000000,0.634146,0.365854
12,A9_P-3C,0.00211748527,75,131,0,1.000000,0.635922,0.364078
12,A9_P-3C,0.00208554626,75,132,0,1.000000,0.637681,0.362319
12,A9_P-3C,0.00207311078,75,133,0,1.000000,0.639423,0.360577
12,A9_P-3C,0.00206990796,75,134,0,1.000000,0.641148,0.358852
12,A9_P-3C,0.00206520269,75,135,0,1.000000,0.642857,0.357143
12,A9_P-3C,0.00206454587,75,136,0,1.000000,0.644550,0.355450
12,A9_P-3C,0.0020572904,75,137,0,1.000000,0.646226,0.353774
12,A9_P-3C,0.0020156661,75,138,0,1.000000,0.647887,0.352113
12,A9_P-3C,0.00200067624,75,139,0,1.000000,0.649533,0.350467
12,A9_P-3C,0.00198515248,75,140,0,1.000000,0.651163,0.348837
12,A9_P-3C,0.0019706653,75,141,0,1.000000,0.652778,0.347222
12,A9_P-3C,0.00195465633,75,142,0,1.000000,0.654378,0.345622
12,A9_P-3C,0.00193975901,75,143,0,1.000000,0.655963,0.344037
12,A9_P-3C,0.0019370903,75,144,0,1.000000,0.657534,0.342466
12,A9_P-3C,0.00192336191,75,145,0,1.000000,0.659091,0.340909
12,A9_P-3C,0.00188655907,75,146,0,1.000000,0.660633,0.339367
12,A9_P-3C,0.00186873786,75,147,0,1.000000,0.662162,0.337838
12,A9_P-3C,0.00185440341,75,148,0,1.000000,0.663677,0.336323
12,A9_P-3C,0.00183970551,75,149,0,1.000000,0.665179,0.334821
12,A9_P-3C,0.0018078885,75,150,0,1.000000,0.666667,0.333333
12,A9_P-3C,0.00178980432,75,151,0,1.000000,0.668142,0.331858
12,A9_P-3C,0.00177394436,75,152,0,1.000000,0.669604,0.330396
12,A9_P-3C,0.00177251606,75,153,0,1.000000,0.671053,0.328947
12,A9_P-3C,0.0017695555,75,154,0,1.000000,0.672489,0.327511
12,A9_P-3C,0.00176797772,75,155,0,1.000000,0.673913,0.326087
12,A9_P-3C,0.00175988802,75,156,0,1.000000,0.675325,0.324675
12,A9_P-3C,0.00171746453,75,157,0,1.000000,0.676724,0.323276
12,A9_P-3C,0.00171434414,75,158,0,1.000000,0.678112,0.321888
12,A9_P-3C,0.00170978589,75,159,0,1.000000,0.679487,0.320513
12,A9_P-3C,0.00166338834,75,160,0,1.000000,0.680851,0.319149
12,A9_P-3C,0.00166218996,75,161,0,1.000000,0.682203,0.317797
12,A9_P-3C,0.00166079344,75,162,0,1.000000,0.683544,0.316456
12,A9_P-3C,0.0016578692,75,163,0,1.000000,0.684874,0.315126
12,A9_P-3C,0.00165518397,75,164,0,1.000000,0.686192,0.313808
12,A9_P-3C,0.00165439618,75,165,0,1.000000,0.687500,0.312500
12,A9_P-3C,0.00164990069,75,166,0,1.000000,0.688797,0.311203
12,A9_P-3C,0.00163747475,75,167,0,1.000000,0.690083,0.309917
12,A9_P-3C,0.00161843724,75,168,0,1.000000,0.691358,0.308642
12,A9_P-3C,0.00159054983,75,169,0,1.000000,0.692623,0.307377
12,A9_P-3C,0.0015571519,75,170,0,1.000000,0.693878,0.306122
12,A9_P-3C,0.001548353,75,171,0,1.000000,0.695122,0.304878
12,A9_P-3C,0.00154253223,75,172,0,1.000000,0.696356,0.303644
12,A9_P-3C,0.0015395009,75,173,0,1.000000,0.697581,0.302419
12,A9_P-3C,0.00153268175,75,174,0,1.000000,0.698795,0.301205
12,A9_P-3C,0.00152713177,75,175,0,1.000000,0.700000,0.300000
12,A9_P-3C,0.00151510059,75,176,0,1.000000,0.701195,0.298805
12,A9_P-3C,0.00151210895,75,177,0,1.000000,0.702381,0.297619
12,A9_P-3C,0.00148127868,75,178,0,1.000000,0.703557,0.296443
12,A9_P-3C,0.00147579808,75,179,0,1.000000,0.704724,0.295276
12,A9_P-3C,0.00147313986,75,180,0,1.000000,0.705882,0.294118
12,A9_P-3C,0.00143815787,75,181,0,1.000000,0.707031,0.292969
12,A9_P-3C,0.00143028249,75,182,0,1.000000,0.708171,0.291829
12,A9_P-3C,0.00142562215,75,183,0,1.000000,0.709302,0.290698
12,A9_P-3C,0.00139781425,75,184,0,1.000000,0.710425,0.289575
12,A9_P-3C,0.00139723194,75,185,0,1.000000,0.711538,0.288462
12,A9_P-3C,0.00139024854,75,186,0,1.000000,0.712644,0.287356
12,A9_P-3C,0.00136939378,75,187,0,1.000000,0.713740,0.286260
12,A9_P-3C,0.0013675245,75,188,0,1.000000,0.714829,0.285171
12,A9_P-3C,0.00135348737,75,189,0,1.000000,0.715909,0.284091
12,A9_P-3C,0.00134030764,75,190,0,1.000000,0.716981,0.283019
12,A9_P-3C,0.00133754977,75,191,0,1.000000,0.718045,0.281955
12,A9_P-3C,0.0013373862,75,192,0,1.000000,0.719101,0.280899
12,A9_P-3C,0.00133175962,75,193,0,1.000000,0.720149,0.279851
12,A9_P-3C,0.00131538219,75,194,0,1.000000,0.721190,0.278810
12,A9_P-3C,0.00130138453,75,195,0,1.000000,0.722222,0.277778
12,A9_P-3C,0.00128764217,75,196,0,1.000000,0.723247,0.276753
12,A9_P-3C,0.00128034281,75,197,0,1.000000,0.724265,0.275735
12,A9_P-3C,0.0012711829,75,198,0,1.000000,0.725275,0.274725
12,A9_P-3C,0.00126864517,75,199,0,1.000000,0.726277,0.273723
12,A9_P-3C,0.0012626932,75,200,0,1.000000,0.727273,0.272727
12,A9_P-3C,0.00125926139,75,201,0,1.000000,0.728261,0.271739
12,A9_P-3C,0.00122861075,75,202,0,1.000000,0.729242,0.270758
12,A9_P-3C,0.00121120235,75,203,0,1.000000,0.730216,0.269784
12,A9_P-3C,0.00120297074,75,204,0,1.000000,0.731183,0.268817
12,A9_P-3C,0.00119668467,75,205,0,1.000000,0.732143,0.267857
12,A9_P-3C,0.00118710531,75,206,0,1.000000,0.733096,0.266904
12,A9_P-3C,0.00118516281,75,207,0,1.000000,0.734043,0.265957
12,A9_P-3C,0.00118134171,75,208,0,1.000000,0.734982,0.265018
12,A9_P-3C,0.00118083344,75,209,0,1.000000,0.735915,0.264085
12,A9_P-3C,0.00114800863,75,210,0,1.000000,0.736842,0.263158
12,A9_P-3C,0.00114039669,75,211,0,1.000000,0.737762,0.262238
12,A9_P-3C,0.00113803963,75,212,0,1.000000,0.738676,0.261324
12,A9_P-3C,0.00112195138,75,213,0,1.000000,0.739583,0.260417
12,A9_P-3C,0.0011156532,75,214,0,1.000000,0.740484,0.259516
12,A9_P-3C,0.00111342745,75,215,0,1.000000,0.741379,0.258621
12,A9_P-3C,0.00111076306,75,216,0,1.000000,0.742268,0.257732
12,A9_P-3C,0.0011053218,75,217,0,1.000000,0.743151,0.256849
12,A9_P-3C,0.00109266012,75,218,0,1.000000,0.744027,0.255973
12,A9_P-3C,0.00109125231,75,219,0,1.000000,0.744898,0.255102
12,A9_P-3C,0.00108954299,75,220,0,1.000000,0.745763,0.254237
12,A9_P-3C,0.00108402234,75,221,0,1.000000,0.746622,0.253378
12,A9_P-3C,0.00107437454,75,222,0,1.000000,0.747475,0.252525
12,A9_P-3C,0.00107277418,75,223,0,1.000000,0.748322,0.251678
12,A9_P-3C,0.00107052026,75,224,0,1.000000,0.749164,0.250836
12,A9_P-3C,0.00106864935,75,225,0,1.000000,0.750000,0.250000
12,A9_P-3C,0.00106387434,75,226,0,1.000000,0.750831,0.249169
12,A9_P-3C,0.00103850919,75,227,0,1.000000,0.751656,0.248344
12,A9_P-3C,0.001036264,75,228,0,1.000000,0.752475,0.247525
12,A9_P-3C,0.00103147281,75,229,0,1.000000,0.753289,0.246711
12,A9_P-3C,0.00101568759,75,230,0,1.000000,0.754098,0.245902
12,A9_P-3C,0.00101275661,75,231,0,1.000000,0.754902,0.245098
12,A9_P-3C,0.00100871536,75,232,0,1.000000,0.755700,0.244300
13,A10_B-1B,0.999932408,0,0,109,0.000000,0.000000,0.000000
13,A10_B-1B,0.999932408,1,0,108,0.009174,0.000000,1.000000
13,A10_B-1B,0.999916315,2,0,107,0.018349,0.000000,1.000000
13,A10_B-1B,0.999911308,3,0,106,0.027523,0.000000,1.000000
13,A10_B-1B,0.999907255,4,0,105,0.036697,0.000000,1.000000
13,A10_B-1B,0.999906898,5,0,104,0.045872,0.000000,1.000000
13,A10_B-1B,0.999899507,6,0,103,0.055046,0.000000,1.000000
13,A10_B-1B,0.999893069,7,0,102,0.064220,0.000000,1.000000
13,A10_B-1B,0.999877214,8,0,101,0.073394,0.000000,1.000000
13,A10_B-1B,0.999871731,9,0,100,0.082569,0.000000,1.000000
13,A10_B-1B,0.999870181,10,0,99,0.091743,0.000000,1.000000
13,A10_B-1B,0.999868751,11,0,98,0.100917,0.000000,1.000000
13,A10_B-1B,0.99985373,12,0,97,0.110092,0.000000,1.000000
13,A10_B-1B,0.999853492,13,0,96,0.119266,0.000000,1.000000
13,A10_B-1B,0.999844313,14,0,95,0.128440,0.000000,1.000000
13,A10_B-1B,0.999844074,15,0,94,0.137615,0.000000,1.000000
13,A10_B-1B,0.999837995,16,0,93,0.146789,0.000000,1.000000
13,A10_B-1B,0.99983573,17,0,92,0.155963,0.000000,1.000000
13,A10_B-1B,0.999835134,18,0,91,0.165138,0.000000,1.000000
13,A10_B-1B,0.99982661,19,0,90,0.174312,0.000000,1.000000
13,A10_B-1B,0.999826372,20,0,89,0.183486,0.000000,1.000000
13,A10_B-1B,0.999823987,21,0,88,0.192661,0.000000,1.000000
13,A10_B-1B,0.99982208,22,0,87,0.201835,0.000000,1.000000
13,A10_B-1B,0.999819219,23,0,86,0.211009,0.000000,1.000000
13,A10_B-1B,0.999815404,24,0,85,0.220183,0.000000,1.000000
13,A10_B-1B,0.999813259,25,0,84,0.229358,0.000000,1.000000
13,A10_B-1B,0.999805033,26,0,83,0.238532,0.000000,1.000000
13,A10_B-1B,0.999804914,27,0,82,0.247706,0.000000,1.000000
13,A10_B-1B,0.999801099,28,0,81,0.256881,0.000000,1.000000
13,A10_B-1B,0.999797761,29,0,80,0.266055,0.000000,1.000000
13,A10_B-1B,0.999788105,30,0,79,0.275229,0.000000,1.000000
13,A10_B-1B,0.999783218,31,0,78,0.284404,0.000000,1.000000
13,A10_B-1B,0.99977988,32,0,77,0.293578,0.000000,1.000000
13,A10_B-1B,0.999777138,33,0,76,0.302752,0.000000,1.000000
13,A10_B-1B,0.999775589,34,0,75,0.311927,0.000000,1.000000
13,A10_B-1B,0.999765694,35,0,74,0.321101,0.000000,1.000000
13,A10_B-1B,0.999764979,36,0,73,0.330275,0.000000,1.000000
13,A10_B-1B,0.999763072,37,0,72,0.339450,0.000000,1.000000
13,A10_B-1B,0.999762952,38,0,71,0.348624,0.000000,1.000000
13,A10_B-1B,0.999762237,39,0,70,0.357798,0.000000,1.000000
13,A10_B-1B,0.999754369,40,0,69,0.366972,0.000000,1.000000
13,A10_B-1B,0.999751985,41,0,68,0.376147,0.000000,1.000000
13,A10_B-1B,0.999745548,42,0,67,0.385321,0.000000,1.000000
13,A10_B-1B,0.999744117,43,0,66,0.394495,0.000000,1.000000
13,A10_B-1B,0.999743402,44,0,65,0.403670,0.000000,1.000000
13,A10_B-1B,0.99974221,45,0,64,0.412844,0.000000,1.000000
13,A10_B-1B,0.999738991,46,0,63,0.422018,0.000000,1.000000
13,A10_B-1B,0.999737561,47,0,62,0.431193,0.000000,1.000000
13,A10_B-1B,0.999732792,48,0,61,0.440367,0.000000,1.000000
13,A10_B-1B,0.999731004,49,0,60,0.449541,0.000000,1.000000
13,A10_B-1B,0.999729455,50,0,59,0.458716,0.000000,1.000000
13,A10_B-1B,0.999729335,51,0,58,0.467890,0.000000,1.000000
13,A10_B-1B,0.999729216,52,0,57,0.477064,0.000000,1.000000
13,A10_B-1B,0.999723852,53,0,56,0.486239,0.000000,1.000000
13,A10_B-1B,0.999720633,54,0,55,0.495413,0.000000,1.000000
13,A10_B-1B,0.999716103,55,0,54,0.504587,0.000000,1.000000
13,A10_B-1B,0.999712765,56,0,53,0.513761,0.000000,1.000000
13,A10_B-1B,0.999701023,57,0,52,0.522936,0.000000,1.000000
13,A10_B-1B,0.999700189,58,0,51,0.532110,0.000000,1.000000
13,A10_B-1B,0.999699831,59,0,50,0.541284,0.000000,1.000000
13,A10_B-1B,0.99969399,60,0,49,0.550459,0.000000,1.000000
13,A10_B-1B,0.999693632,61,0,48,0.559633,0.000000,1.000000
13,A10_B-1B,0.999690533,62,0,47,0.568807,0.000000,1.000000
13,A10_B-1B,0.999679565,63,0,46,0.577982,0.000000,1.000000
13,A10_B-1B,0.999678135,64,0,45,0.587156,0.000000,1.000000
13,A10_B-1B,0.999657512,65,0,44,0.596330,0.000000,1.000000
13,A10_B-1B,0.999631047,66,0,43,0.605505,0.000000,1.000000
13,A10_B-1B,0.999625683,67,0,42,0.614679,0.000000,1.000000
13,A10_B-1B,0.999624133,68,0,41,0.623853,0.000000,1.000000
13,A10_B-1B,0.999618649,69,0,40,0.633028,0.000000,1.000000
13,A10_B-1B,0.999612033,70,0,39,0.642202,0.000000,1.000000
13,A10_B-1B,0.999605477,71,0,38,0.651376,0.000000,1.000000
13,A10_B-1B,0.999600232,72,0,37,0.660550,0.000000,1.000000
13,A10_B-1B,0.999594152,73,0,36,0.669725,0.000000,1.000000
13,A10_B-1B,0.999590456,74,0,35,0.678899,0.000000,1.000000
13,A10_B-1B,0.999583542,75,0,34,0.688073,0.000000,1.000000
13,A10_B-1B,0.999561727,76,0,33,0.697248,0.000000,1.000000
13,A10_B-1B,0.999556243,77,0,32,0.706422,0.000000,1.000000
13,A10_B-1B,0.999541283,78,0,31,0.715596,0.000000,1.000000
13,A10_B-1B,0.999528289,79,0,30,0.724771,0.000000,1.000000
13,A10_B-1B,0.999522924,80,0,29,0.733945,0.000000,1.000000
13,A10_B-1B,0.999512553,81,0,28,0.743119,0.000000,1.000000
13,A10_B-1B,0.99949801,82,0,27,0.752294,0.000000,1.000000
13,A10_B-1B,0.999474585,83,0,26,0.761468,0.000000,1.000000
13,A10_B-1B,0.999468744,84,0,25,0.770642,0.000000,1.000000
13,A10_B-1B,0.999430239,85,0,24,0.779817,0.000000,1.000000
13,A10_B-1B,0.999402285,86,0,23,0.788991,0.000000,1.000000
13,A10_B-1B,0.999395132,87,0,22,0.798165,0.000000,1.000000
13,A10_B-1B,0.99934262,88,0,21,0.807339,0.000000,1.000000
13,A10_B-1B,0.999339998,89,0,20,0.816514,0.000000,1.000000
13,A10_B-1B,0.999304891,90,0,19,0.825688,0.000000,1.000000
13,A10_B-1B,0.999185741,91,0,18,0.834862,0.000000,1.000000
13,A10_B-1B,0.999184787,92,0,17,0.844037,0.000000,1.000000
13,A10_B-1B,0.99916935,93,0,16,0.853211,0.000000,1.000000
13,A10_B-1B,0.998945534,94,0,15,0.862385,0.000000,1.000000
13,A10_B-1B,0.998857617,95,0,14,0.871560,0.000000,1.000000
13,A10_B-1B,0.998596489,96,0,13,0.880734,0.000000,1.000000
13,A10_B-1B,0.998593271,97,0,12,0.889908,0.000000,1.000000
13,A10_B-1B,0.998566926,98,0,11,0.899083,0.000000,1.000000
13,A10_B-1B,0.998381138,99,0,10,0.908257,0.000000,1.000000
13,A10_B-1B,0.998336017,100,0,9,0.917431,0.000000,1.000000
13,A10_B-1B,0.998332202,101,0,8,0.926606,0.000000,1.000000
13,A10_B-1B,0.998199165,102,0,7,0.935780,0.000000,1.000000
13,A10_B-1B,0.998180032,103,0,6,0.944954,0.000000,1.000000
13,A10_B-1B,0.997878313,104,0,5,0.954128,0.000000,1.000000
13,A10_B-1B,0.997007906,105,0,4,0.963303,0.000000,1.000000
13,A10_B-1B,0.996786237,106,0,3,0.972477,0.000000,1.000000
13,A10_B-1B,0.996412456,107,0,2,0.981651,0.000000,1.000000
13,A10_B-1B,0.989619792,108,0,1,0.990826,0.000000,1.000000
13,A10_B-1B,0.987652659,109,0,0,1.000000,0.000000,1.000000
13,A10_B-1B,0.417574286,109,1,0,1.000000,0.009091,0.990909
13,A10_B-1B,0.364017546,109,2,0,1.000000,0.018018,0.981982
13,A10_B-1B,0.356018513,109,3,0,1.000000,0.026786,0.973214
13,A10_B-1B,0.308320343,109,4,0,1.000000,0.035398,0.964602
13,A10_B-1B,0.256755084,109,5,0,1.000000,0.043860,0.956140
13,A10_B-1B,0.227214754,109,6,0,1.000000,0.052174,0.947826
13,A10_B-1B,0.18116428,109,7,0,1.000000,0.060345,0.939655
13,A10_B-1B,0.0773269683,109,8,0,1.000000,0.068376,0.931624
13,A10_B-1B,0.0481814444,109,9,0,1.000000,0.076271,0.923729
13,A10_B-1B,0.0462832078,109,10,0,1.000000,0.084034,0.915966
13,A10_B-1B,0.0415224135,109,11,0,1.000000,0.091667,0.908333
13,A10_B-1B,0.0323663428,109,12,0,1.000000,0.099174,0.900826
13,A10_B-1B,0.0299539194,109,13,0,1.000000,0.106557,0.893443
13,A10_B-1B,0.0249961484,109,14,0,1.000000,0.113821,0.886179
13,A10_B-1B,0.0228669308,109,15,0,1.000000,0.120968,0.879032
13,A10_B-1B,0.0210344512,109,16,0,1.000000,0.128000,0.872000
13,A10_B-1B,0.019323064,109,17,0,1.000000,0.134921,0.865079
13,A10_B-1B,0.0187337566,109,18,0,1.000000,0.141732,0.858268
13,A10_B-1B,0.0183579661,109,19,0,1.000000,0.148438,0.851562
13,A10_B-1B,0.0176623855,109,20,0,1.000000,0.155039,0.844961
13,A10_B-1B,0.0174899008,109,21,0,1.000000,0.161538,0.838462
13,A10_B-1B,0.0166162588,109,22,0,1.000000,0.167939,0.832061
13,A10_B-1B,0.00852150004,109,23,0,1.000000,0.174242,0.825758
13,A10_B-1B,0.00816448685,109,24,0,1.000000,0.180451,0.819549
13,A10_B-1B,0.00799434539,109,25,0,1.000000,0.186567,0.813433
13,A10_B-1B,0.0078160353,109,26,0,1.000000,0.192593,0.807407
13,A10_B-1B,0.00697943429,109,27,0,1.000000,0.198529,0.801471
13,A10_B-1B,0.006712873,109,28,0,1.000000,0.204380,0.795620
13,A10_B-1B,0.00655318843,109,29,0,1.000000,0.210145,0.789855
13,A10_B-1B,0.00610069837,109,30,0,1.000000,0.215827,0.784173
13,A10_B-1B,0.00586670963,109,31,0,1.000000,0.221429,0.778571
13,A10_B-1B,0.00533757079,109,32,0,1.000000,0.226950,0.773050
13,A10_B-1B,0.00520734908,109,33,0,1.000000,0.232394,0.767606
13,A10_B-1B,0.00513479393,109,34,0,1.000000,0.237762,0.762238
13,A10_B-1B,0.0050798459,109,35,0,1.000000,0.243056,0.756944
13,A10_B-1B,0.00505771954,109,36,0,1.000000,0.248276,0.751724
13,A10_B-1B,0.00502152182,109,37,0,1.000000,0.253425,0.746575
13,A10_B-1B,0.00491030933,109,38,0,1.000000,0.258503,0.741497
13,A10_B-1B,0.00479389075,109,39,0,1.000000,0.263514,0.736486
13,A10_B-1B,0.00448409375,109,40,0,1.000000,0.268456,0.731544
13,A10_B-1B,0.00441415142,109,41,0,1.000000,0.273333,0.726667
13,A10_B-1B,0.00427795155,109,42,0,1.000000,0.278146,0.721854
13,A10_B-1B,0.00422508968,109,43,0,1.000000,0.282895,0.717105
13,A10_B-1B,0.00418908009,109,44,0,1.000000,0.287582,0.712418
13,A10_B-1B,0.00416427478,109,45,0,1.000000,0.292208,0.707792
13,A10_B-1B,0.00390975876,109,46,0,1.000000,0.296774,0.703226
13,A10_B-1B,0.00381394033,109,47,0,1.000000,0.301282,0.698718
13,A10_B-1B,0.00376903149,109,48,0,1.000000,0.305732,0.694268
13,A10_B-1B,0.00369894342,109,49,0,1.000000,0.310127,0.689873
13,A10_B-1B,0.00364238676,109,50,0,1.000000,0.314465,0.685535
13,A10_B-1B,0.00355147594,109,51,0,1.000000,0.318750,0.681250
13,A10_B-1B,0.0035355764,109,52,0,1.000000,0.322981,0.677019
13,A10_B-1B,0.0035352686,109,53,0,1.000000,0.327160,0.672840
13,A10_B-1B,0.00331724272,109,54,0,1.000000,0.331288,0.668712
13,A10_B-1B,0.00328148366,109,55,0,1.000000,0.335366,0.664634
13,A10_B-1B,0.00326087722,109,56,0,1.000000,0.339394,0.660606
13,A10_B-1B,0.00324198068,109,57,0,1.000000,0.343373,0.656627
13,A10_B-1B,0.0032057846,109,58,0,1.000000,0.347305,0.652695
13,A10_B-1B,0.00311959581,109,59,0,1.000000,0.351190,0.648810
13,A10_B-1B,0.00310192956,109,60,0,1.000000,0.355030,0.644970
13,A10_B-1B,0.00306145148,109,61,0,1.000000,0.358824,0.641176
13,A10_B-1B,0.00305319624,109,62,0,1.000000,0.362573,0.637427
13,A10_B-1B,0.00304713636,109,63,0,1.000000,0.366279,0.633721
13,A10_B-1B,0.00301227765,109,64,0,1.000000,0.369942,0.630058
13,A10_B-1B,0.00293854089,109,65,0,1.000000,0.373563,0.626437
13,A10_B-1B,0.00292654289,109,66,0,1.000000,0.377143,0.622857
13,A10_B-1B,0.0029178448,109,67,0,1.000000,0.380682,0.619318
13,A10_B-1B,0.00289642671,109,68,0,1.000000,0.384181,0.615819
13,A10_B-1B,0.00287582888,109,69,0,1.000000,0.387640,0.612360
13,A10_B-1B,0.00286638224,109,70,0,1.000000,0.391061,0.608939
13,A10_B-1B,0.00276975776,109,71,0,1.000000,0.394444,0.605556
13,A10_B-1B,0.00273275608,109,72,0,1.000000,0.397790,0.602210
13,A10_B-1B,0.00263949623,109,73,0,1.000000,0.401099,0.598901
13,A10_B-1B,0.00251069013,109,74,0,1.000000,0.404372,0.595628
13,A10_B-1B,0.00248132483,109,75,0,1.000000,0.407609,0.592391
13,A10_B-1B,0.00245576049,109,76,0,1.000000,0.410811,0.589189
13,A10_B-1B,0.0024458312,109,77,0,1.000000,0.413978,0.586022
13,A10_B-1B,0.00239611068,109,78,0,1.000000,0.417112,0.582888
13,A10_B-1B,0.00232440187,109,79,0,1.000000,0.420213,0.579787
13,A10_B-1B,0.00232260441,109,80,0,1.000000,0.423280,0.576720
13,A10_B-1B,0.00231008697,109,81,0,1.000000,0.426316,0.573684
13,A10_B-1B,0.00225627283,109,82,0,1.000000,0.429319,0.570681
13,A10_B-1B,0.00224898872,109,83,0,1.000000,0.432292,0.567708
13,A10_B-1B,0.00215967535,109,84,0,1.000000,0.435233,0.564767
13,A10_B-1B,0.0021545249,109,85,0,1.000000,0.438144,0.561856
13,A10_B-1B,0.00213112938,109,86,0,1.000000,0.441026,0.558974
13,A10_B-1B,0.00210050354,109,87,0,1.000000,0.443878,0.556122
13,A10_B-1B,0.00209574774,109,88,0,1.000000,0.446701,0.553299
13,A10_B-1B,0.00204798579,109,89,0,1.000000,0.449495,0.550505
13,A10_B-1B,0.00202769809,109,90,0,1.000000,0.452261,0.547739
13,A10_B-1B,0.00202111597,109,91,0,1.000000,0.455000,0.545000
13,A10_B-1B,0.00200941414,109,92,0,1.000000,0.457711,0.542289
13,A10_B-1B,0.00198373897,109,93,0,1.000000,0.460396,0.539604
13,A10_B-1B,0.0019824123,109,94,0,1.000000,0.463054,0.536946
13,A10_B-1B,0.00197255006,109,95,0,1.000000,0.465686,0.534314
13,A10_B-1B,0.00196621148,109,96,0,1.000000,0.468293,0.531707
13,A10_B-1B,0.00192808441,109,97,0,1.000000,0.470874,0.529126
13,A10_B-1B,0.00188087544,109,98,0,1.000000,0.473430,0.526570
13,A10_B-1B,0.00187949406,109,99,0,1.000000,0.475962,0.524038
13,A10_B-1B,0.00183106551,109,100,0,1.000000,0.478469,0.521531
13,A10_B-1B,0.00182471669,109,101,0,1.000000,0.480952,0.519048
13,A10_B-1B,0.00179806759,109,102,0,1.000000,0.483412,0.516588
13,A10_B-1B,0.00174961251,109,103,0,1.000000,0.485849,0.514151
13,A10_B-1B,0.00168735441,109,104,0,1.000000,0.488263,0.511737
13,A10_B-1B,0.00161517598,109,105,0,1.000000,0.490654,0.509346
13,A10_B-1B,0.00160475972,109,106,0,1.000000,0.493023,0.506977
13,A10_B-1B,0.00157119916,109,107,0,1.000000,0.495370,0.504630
13,A10_B-1B,0.00155765086,109,108,0,1.000000,0.497696,0.502304
13,A10_B-1B,0.00151158858,109,109,0,1.000000,0.500000,0.500000
13,A10_B-1B,0.00150440086,109,110,0,1.000000,0.502283,0.497717
13,A10_B-1B,0.00148936315,109,111,0,1.000000,0.504545,0.495455
13,A10_B-1B,0.00148518838,109,112,0,1.000000,0.506787,0.493213
13,A10_B-1B,0.00148274179,109,113,0,1.000000,0.509009,0.490991
13,A10_B-1B,0.00142044085,109,114,0,1.000000,0.511211,0.488789
13,A10_B-1B,0.001413077,109,115,0,1.000000,0.513393,0.486607
13,A10_B-1B,0.00140921061,109,116,0,1.000000,0.515556,0.484444
13,A10_B-1B,0.00140092894,109,117,0,1.000000,0.517699,0.482301
13,A10_B-1B,0.00138036394,109,118,0,1.000000,0.519824,0.480176
13,A10_B-1B,0.00137538626,109,119,0,1.000000,0.521930,0.478070
13,A10_B-1B,0.001373671,109,120,0,1.000000,0.524017,0.475983
13,A10_B-1B,0.00136213528,109,121,0,1.000000,0.526087,0.473913
13,A10_B-1B,0.00135215581,109,122,0,1.000000,0.528139,0.471861
13,A10_B-1B,0.00134718989,109,123,0,1.000000,0.530172,0.469828
13,A10_B-1B,0.00133226195,109,124,0,1.000000,0.532189,0.467811
13,A10_B-1B,0.00132876937,109,125,0,1.000000,0.534188,0.465812
13,A10_B-1B,0.00132065453,109,126,0,1.000000,0.536170,0.463830
13,A10_B-1B,0.00131096039,109,127,0,1.000000,0.538136,0.461864
13,A10_B-1B,0.00128500571,109,128,0,1.000000,0.540084,0.459916
13,A10_B-1B,0.0012842922,109,129,0,1.000000,0.542017,0.457983
13,A10_B-1B,0.0012625003,109,130,0,1.000000,0.543933,0.456067
13,A10_B-1B,0.00124786503,109,131,0,1.000000,0.545833,0.454167
13,A10_B-1B,0.00124466303,109,132,0,1.000000,0.547718,0.452282
13,A10_B-1B,0.00123673596,109,133,0,1.000000,0.549587,0.450413
13,A10_B-1B,0.00122576766,109,134,0,1.000000,0.551440,0.448560
13,A10_B-1B,0.00121479901,109,135,0,1.000000,0.553279,0.446721
13,A10_B-1B,0.00120952353,109,136,0,1.000000,0.555102,0.444898
13,A10_B-1B,0.00120207539,109,137,0,1.000000,0.556911,0.443089
13,A10_B-1B,0.00117546297,109,138,0,1.000000,0.558704,0.441296
13,A10_B-1B,0.0011726286,109,139,0,1.000000,0.560484,0.439516
13,A10_B-1B,0.00117221801,109,140,0,1.000000,0.562249,0.437751
13,A10_B-1B,0.00115318783,109,141,0,1.000000,0.564000,0.436000
13,A10_B-1B,0.00114865659,109,142,0,1.000000,0.565737,0.434263
13,A10_B-1B,0.00112840731,109,143,0,1.000000,0.567460,0.432540
13,A10_B-1B,0.00112356211,109,144,0,1.000000,0.569170,0.430830
13,A10_B-1B,0.00112230016,109,145,0,1.000000,0.570866,0.429134
13,A10_B-1B,0.00111885369,109,146,0,1.000000,0.572549,0.427451
13,A10_B-1B,0.00111797359,109,147,0,1.000000,0.574219,0.425781
13,A10_B-1B,0.00110842357,109,148,0,1.000000,0.575875,0.424125
13,A10_B-1B,0.00110757293,109,149,0,1.000000,0.577519,0.422481
13,A10_B-1B,0.00110523892,109,150,0,1.000000,0.579151,0.420849
13,A10_B-1B,0.00110034051,109,151,0,1.000000,0.580769,0.419231
13,A10_B-1B,0.00106939848,109,152,0,1.000000,0.582375,0.417625
13,A10_B-1B,0.0010650903,109,153,0,1.000000,0.583969,0.416031
13,A10_B-1B,0.0010642478,109,154,0,1.000000,0.585551,0.414449
13,A10_B-1B,0.00106102682,109,155,0,1.000000,0.587121,0.412879
13,A10_B-1B,0.00105157751,109,156,0,1.000000,0.588679,0.411321
13,A10_B-1B,0.00104660843,109,157,0,1.000000,0.590226,0.409774
13,A10_B-1B,0.00101344916,109,158,0,1.000000,0.591760,0.408240
13,A10_B-1B,0.00101122388,109,159,0,1.000000,0.593284,0.406716
13,A10_B-1B,0.0010093546,109,160,0,1.000000,0.594796,0.405204
14,A11_E-8,0.99983871,0,0,64,0.000000,0.000000,0.000000
14,A11_E-8,0.99983871,1,0,63,0.015625,0.000000,1.000000
14,A11_E-8,0.999781787,2,0,62,0.031250,0.000000,1.000000
14,A11_E-8,0.999762237,3,0,61,0.046875,0.000000,1.000000
14,A11_E-8,0.999733627,4,0,60,0.062500,0.000000,1.000000
14,A11_E-8,0.99969542,5,0,59,0.078125,0.000000,1.000000
14,A11_E-8,0.999605238,6,0,58,0.093750,0.000000,1.000000
14,A11_E-8,0.999600112,7,0,57,0.109375,0.000000,1.000000
14,A11_E-8,0.999588788,8,0,56,0.125000,0.000000,1.000000
14,A11_E-8,0.999584138,9,0,55,0.140625,0.000000,1.000000
14,A11_E-8,0.999580801,10,0,54,0.156250,0.000000,1.000000
14,A11_E-8,0.999562681,11,0,53,0.171875,0.000000,1.000000
14,A11_E-8,0.999518633,12,0,52,0.187500,0.000000,1.000000
14,A11_E-8,0.999463499,13,0,51,0.203125,0.000000,1.000000
14,A11_E-8,0.999456465,14,0,50,0.218750,0.000000,1.000000
14,A11_E-8,0.999366224,15,0,49,0.234375,0.000000,1.000000
14,A11_E-8,0.999301434,16,0,48,0.250000,0.000000,1.000000
14,A11_E-8,0.999298453,17,0,47,0.265625,0.000000,1.000000
14,A11_E-8,0.999262989,18,0,46,0.281250,0.000000,1.000000
14,A11_E-8,0.999237061,19,0,45,0.296875,0.000000,1.000000
14,A11_E-8,0.999177396,20,0,44,0.312500,0.000000,1.000000
14,A11_E-8,0.998722017,21,0,43,0.328125,0.000000,1.000000
14,A11_E-8,0.998592198,22,0,42,0.343750,0.000000,1.000000
14,A11_E-8,0.998530507,23,0,41,0.359375,0.000000,1.000000
14,A11_E-8,0.998453498,24,0,40,0.375000,0.000000,1.000000
14,A11_E-8,0.998377681,25,0,39,0.390625,0.000000,1.000000
14,A11_E-8,0.998239875,26,0,38,0.406250,0.000000,1.000000
14,A11_E-8,0.99822551,27,0,37,0.421875,0.000000,1.000000
14,A11_E-8,0.998069584,28,0,36,0.437500,0.000000,1.000000
14,A11_E-8,0.997987151,29,0,35,0.453125,0.000000,1.000000
14,A11_E-8,0.997902632,30,0,34,0.468750,0.000000,1.000000
14,A11_E-8,0.997726262,31,0,33,0.484375,0.000000,1.000000
14,A11_E-8,0.997113466,32,0,32,0.500000,0.000000,1.000000
14,A11_E-8,0.99654752,33,0,31,0.515625,0.000000,1.000000
14,A11_E-8,0.995592654,34,0,30,0.531250,0.000000,1.000000
14,A11_E-8,0.995447457,35,0,29,0.546875,0.000000,1.000000
14,A11_E-8,0.99397099,36,0,28,0.562500,0.000000,1.000000
14,A11_E-8,0.993562102,37,0,27,0.578125,0.000000,1.000000
14,A11_E-8,0.991987109,38,0,26,0.593750,0.000000,1.000000
14,A11_E-8,0.989281893,39,0,25,0.609375,0.000000,1.000000
14,A11_E-8,0.981987178,40,0,24,0.625000,0.000000,1.000000
14,A11_E-8,0.974137962,41,0,23,0.640625,0.000000,1.000000
14,A11_E-8,0.973724902,42,0,22,0.656250,0.000000,1.000000
14,A11_E-8,0.961968541,43,0,21,0.671875,0.000000,1.000000
14,A11_E-8,0.956830084,44,0,20,0.687500,0.000000,1.000000
14,A11_E-8,0.956686616,45,0,19,0.703125,0.000000,1.000000
14,A11_E-8,0.954606771,46,0,18,0.718750,0.000000,1.000000
14,A11_E-8,0.949216425,47,0,17,0.734375,0.000000,1.000000
14,A11_E-8,0.893596947,48,0,16,0.750000,0.000000,1.000000
14,A11_E-8,0.881465435,49,0,15,0.765625,0.000000,1.000000
14,A11_E-8,0.825224936,49,1,15,0.765625,0.020000,0.980000
14,A11_E-8,0.80641067,50,1,14,0.781250,0.019608,0.980392
14,A11_E-8,0.732986212,51,1,13,0.796875,0.019231,0.980769
14,A11_E-8,0.703137457,51,2,13,0.796875,0.037736,0.962264
14,A11_E-8,0.640173793,51,3,13,0.796875,0.055556,0.944444
14,A11_E-8,0.552465916,51,4,13,0.796875,0.072727,0.927273
14,A11_E-8,0.535831809,51,5,13,0.796875,0.089286,0.910714
14,A11_E-8,0.423615068,52,5,12,0.812500,0.087719,0.912281
14,A11_E-8,0.391761035,53,5,11,0.828125,0.086207,0.913793
14,A11_E-8,0.379928172,54,5,10,0.843750,0.084746,0.915254
14,A11_E-8,0.357961386,54,6,10,0.843750,0.100000,0.900000
14,A11_E-8,0.332705051,54,7,10,0.843750,0.114754,0.885246
14,A11_E-8,0.258114874,55,7,9,0.859375,0.112903,0.887097
14,A11_E-8,0.246667117,56,7,8,0.875000,0.111111,0.888889
14,A11_E-8,0.21558851,56,8,8,0.875000,0.125000,0.875000
14,A11_E-8,0.162874818,57,8,7,0.890625,0.123077,0.876923
14,A11_E-8,0.157539323,57,9,7,0.890625,0.136364,0.863636
14,A11_E-8,0.138614133,57,10,7,0.890625,0.149254,0.850746
14,A11_E-8,0.12318752,57,11,7,0.890625,0.161765,0.838235
14,A11_E-8,0.0876294598,57,12,7,0.890625,0.173913,0.826087
14,A11_E-8,0.0795314983,57,13,7,0.890625,0.185714,0.814286
14,A11_E-8,0.0785764158,57,14,7,0.890625,0.197183,0.802817
14,A11_E-8,0.0720868185,57,15,7,0.890625,0.208333,0.791667
14,A11_E-8,0.0649707615,57,16,7,0.890625,0.219178,0.780822
14,A11_E-8,0.0626969337,57,17,7,0.890625,0.229730,0.770270
14,A11_E-8,0.0506411828,57,18,7,0.890625,0.240000,0.760000
14,A11_E-8,0.0430905707,57,19,7,0.890625,0.250000,0.750000
14,A11_E-8,0.0429806598,57,20,7,0.890625,0.259740,0.740260
14,A11_E-8,0.0374963507,57,21,7,0.890625,0.269231,0.730769
14,A11_E-8,0.0366986468,57,22,7,0.890625,0.278481,0.721519
14,A11_E-8,0.0348360129,58,22,6,0.906250,0.275000,0.725000
14,A11_E-8,0.0347450487,58,23,6,0.906250,0.283951,0.716049
14,A11_E-8,0.034539476,58,24,6,0.906250,0.292683,0.707317
14,A11_E-8,0.0310208648,58,25,6,0.906250,0.301205,0.698795
14,A11_E-8,0.0295938551,58,26,6,0.906250,0.309524,0.690476
14,A11_E-8,0.0285275336,59,26,5,0.921875,0.305882,0.694118
14,A11_E-8,0.0284665786,59,27,5,0.921875,0.313953,0.686047
14,A11_E-8,0.0276073515,59,28,5,0.921875,0.321839,0.678161
14,A11_E-8,0.0274865199,59,29,5,0.921875,0.329545,0.670455
14,A11_E-8,0.0262452085,60,29,4,0.937500,0.325843,0.674157
14,A11_E-8,0.0253678225,60,30,4,0.937500,0.333333,0.666667
14,A11_E-8,0.0235597212,60,31,4,0.937500,0.340659,0.659341
14,A11_E-8,0.0227217227,60,32,4,0.937500,0.347826,0.652174
14,A11_E-8,0.0223633423,60,33,4,0.937500,0.354839,0.645161
14,A11_E-8,0.020269759,60,34,4,0.937500,0.361702,0.638298
14,A11_E-8,0.0194512978,60,35,4,0.937500,0.368421,0.631579
14,A11_E-8,0.0183071569,60,36,4,0.937500,0.375000,0.625000
14,A11_E-8,0.017280465,60,37,4,0.937500,0.381443,0.618557
14,A11_E-8,0.0166099966,61,37,3,0.953125,0.377551,0.622449
14,A11_E-8,0.0161836538,61,38,3,0.953125,0.383838,0.616162
14,A11_E-8,0.0159453303,61,39,3,0.953125,0.390000,0.610000
14,A11_E-8,0.0150025738,62,39,2,0.968750,0.386139,0.613861
14,A11_E-8,0.0147124277,62,40,2,0.968750,0.392157,0.607843
14,A11_E-8,0.0144097051,62,41,2,0.968750,0.398058,0.601942
14,A11_E-8,0.0141517268,62,42,2,0.968750,0.403846,0.596154
14,A11_E-8,0.0137254354,62,43,2,0.968750,0.409524,0.590476
14,A11_E-8,0.0132566337,62,44,2,0.968750,0.415094,0.584906
14,A11_E-8,0.0121765053,62,45,2,0.968750,0.420561,0.579439
14,A11_E-8,0.0121504683,62,46,2,0.968750,0.425926,0.574074
14,A11_E-8,0.0118891932,62,47,2,0.968750,0.431193,0.568807
14,A11_E-8,0.0117764696,62,48,2,0.968750,0.436364,0.563636
14,A11_E-8,0.0115565304,62,49,2,0.968750,0.441441,0.558559
14,A11_E-8,0.0112265106,62,50,2,0.968750,0.446429,0.553571
14,A11_E-8,0.0109428726,62,51,2,0.968750,0.451327,0.548673
14,A11_E-8,0.0102643678,62,52,2,0.968750,0.456140,0.543860
14,A11_E-8,0.00977640599,62,53,2,0.968750,0.460870,0.539130
14,A11_E-8,0.00955686625,62,54,2,0.968750,0.465517,0.534483
14,A11_E-8,0.00923311897,62,55,2,0.968750,0.470085,0.529915
14,A11_E-8,0.00907752849,62,56,2,0.968750,0.474576,0.525424
14,A11_E-8,0.00870095193,62,57,2,0.968750,0.478992,0.521008
14,A11_E-8,0.00858700927,62,58,2,0.968750,0.483333,0.516667
14,A11_E-8,0.00850526523,62,59,2,0.968750,0.487603,0.512397
14,A11_E-8,0.0083837565,62,60,2,0.968750,0.491803,0.508197
14,A11_E-8,0.00754994247,62,61,2,0.968750,0.495935,0.504065
14,A11_E-8,0.00734194275,62,62,2,0.968750,0.500000,0.500000
14,A11_E-8,0.00702461135,62,63,2,0.968750,0.504000,0.496000
14,A11_E-8,0.00643073488,62,64,2,0.968750,0.507937,0.492063
14,A11_E-8,0.00627926318,62,65,2,0.968750,0.511811,0.488189
14,A11_E-8,0.00621133251,62,66,2,0.968750,0.515625,0.484375
14,A11_E-8,0.00620938931,62,67,2,0.968750,0.519380,0.480620
14,A11_E-8,0.00612216676,62,68,2,0.968750,0.523077,0.476923
14,A11_E-8,0.00601375056,62,69,2,0.968750,0.526718,0.473282
14,A11_E-8,0.00598877622,62,70,2,0.968750,0.530303,0.469697
14,A11_E-8,0.00592773128,62,71,2,0.968750,0.533835,0.466165
14,A11_E-8,0.00590211991,62,72,2,0.968750,0.537313,0.462687
14,A11_E-8,0.00589809613,62,73,2,0.968750,0.540741,0.459259
14,A11_E-8,0.00588486856,62,74,2,0.968750,0.544118,0.455882
14,A11_E-8,0.00572414557,62,75,2,0.968750,0.547445,0.452555
14,A11_E-8,0.00559670944,62,76,2,0.968750,0.550725,0.449275
14,A11_E-8,0.00549767585,62,77,2,0.968750,0.553957,0.446043
14,A11_E-8,0.00538938493,62,78,2,0.968750,0.557143,0.442857
14,A11_E-8,0.00537908869,62,79,2,0.968750,0.560284,0.439716
14,A11_E-8,0.00528909871,62,80,2,0.968750,0.563380,0.436620
14,A11_E-8,0.0052331714,62,81,2,0.968750,0.566434,0.433566
14,A11_E-8,0.00520809507,62,82,2,0.968750,0.569444,0.430556
14,A11_E-8,0.00511755189,62,83,2,0.968750,0.572414,0.427586
14,A11_E-8,0.00509926723,62,84,2,0.968750,0.575342,0.424658
14,A11_E-8,0.00508461334,62,85,2,0.968750,0.578231,0.421769
14,A11_E-8,0.00502727786,62,86,2,0.968750,0.581081,0.418919
14,A11_E-8,0.0050046239,62,87,2,0.968750,0.583893,0.416107
14,A11_E-8,0.00493053906,62,88,2,0.968750,0.586667,0.413333
14,A11_E-8,0.00467868289,62,89,2,0.968750,0.589404,0.410596
14,A11_E-8,0.00466470048,62,90,2,0.968750,0.592105,0.407895
14,A11_E-8,0.00459640613,62,91,2,0.968750,0.594771,0.405229
14,A11_E-8,0.00449345401,62,92,2,0.968750,0.597403,0.402597
14,A11_E-8,0.00444816891,62,93,2,0.968750,0.600000,0.400000
14,A11_E-8,0.00443684729,62,94,2,0.968750,0.602564,0.397436
14,A11_E-8,0.00437110756,62,95,2,0.968750,0.605096,0.394904
14,A11_E-8,0.00435496029,62,96,2,0.968750,0.607595,0.392405
14,A11_E-8,0.00431769155,62,97,2,0.968750,0.610063,0.389937
14,A11_E-8,0.00418968452,62,98,2,0.968750,0.612500,0.387500
14,A11_E-8,0.00413627271,62,99,2,0.968750,0.614907,0.385093
14,A11_E-8,0.00411511399,62,100,2,0.968750,0.617284,0.382716
14,A11_E-8,0.00402910262,62,101,2,0.968750,0.619632,0.380368
14,A11_E-8,0.00393419806,62,102,2,0.968750,0.621951,0.378049
14,A11_E-8,0.00384351378,62,103,2,0.968750,0.624242,0.375758
14,A11_E-8,0.00372727937,63,103,1,0.984375,0.620482,0.379518
14,A11_E-8,0.00353589188,63,104,1,0.984375,0.622754,0.377246
14,A11_E-8,0.00336108659,63,105,1,0.984375,0.625000,0.375000
14,A11_E-8,0.00328714889,63,106,1,0.984375,0.627219,0.372781
14,A11_E-8,0.00320855598,63,107,1,0.984375,0.629412,0.370588
14,A11_E-8,0.00317618903,63,108,1,0.984375,0.631579,0.368421
14,A11_E-8,0.00317182578,63,109,1,0.984375,0.633721,0.366279
14,A11_E-8,0.00316413795,63,110,1,0.984375,0.635838,0.364162
14,A11_E-8,0.00312789227,63,111,1,0.984375,0.637931,0.362069
14,A11_E-8,0.00312025053,63,112,1,0.984375,0.640000,0.360000
14,A11_E-8,0.0031187674,63,113,1,0.984375,0.642045,0.357955
14,A11_E-8,0.00305381301,63,114,1,0.984375,0.644068,0.355932
14,A11_E-8,0.00303792325,63,115,1,0.984375,0.646067,0.353933
14,A11_E-8,0.00294864224,63,116,1,0.984375,0.648045,0.351955
14,A11_E-8,0.00293669617,63,117,1,0.984375,0.650000,0.350000
14,A11_E-8,0.00292695034,63,118,1,0.984375,0.651934,0.348066
14,A11_E-8,0.00283341086,63,119,1,0.984375,0.653846,0.346154
14,A11_E-8,0.00279867882,63,120,1,0.984375,0.655738,0.344262
14,A11_E-8,0.00277224532,63,121,1,0.984375,0.657609,0.342391
14,A11_E-8,0.00276451651,63,122,1,0.984375,0.659459,0.340541
14,A11_E-8,0.00274897367,63,123,1,0.984375,0.661290,0.338710
14,A11_E-8,0.00274429633,63,124,1,0.984375,0.663102,0.336898
14,A11_E-8,0.00273517682,63,125,1,0.984375,0.664894,0.335106
14,A11_E-8,0.00271049282,63,126,1,0.984375,0.666667,0.333333
14,A11_E-8,0.00267552235,63,127,1,0.984375,0.668421,0.331579
14,A11_E-8,0.00267145014,63,128,1,0.984375,0.670157,0.329843
14,A11_E-8,0.00257796398,63,129,1,0.984375,0.671875,0.328125
14,A11_E-8,0.0025731842,63,130,1,0.984375,0.673575,0.326425
14,A11_E-8,0.00257139863,63,131,1,0.984375,0.675258,0.324742
14,A11_E-8,0.00256094709,63,132,1,0.984375,0.676923,0.323077
14,A11_E-8,0.00254457444,63,133,1,0.984375,0.678571,0.321429
14,A11_E-8,0.00254373834,63,134,1,0.984375,0.680203,0.319797
14,A11_E-8,0.00254032668,63,135,1,0.984375,0.681818,0.318182
14,A11_E-8,0.00252350466,63,136,1,0.984375,0.683417,0.316583
14,A11_E-8,0.00251860963,63,137,1,0.984375,0.685000,0.315000
14,A11_E-8,0.00248204777,63,138,1,0.984375,0.686567,0.313433
14,A11_E-8,0.00246976921,63,139,1,0.984375,0.688119,0.311881
14,A11_E-8,0.00245697703,63,140,1,0.984375,0.689655,0.310345
14,A11_E-8,0.00240061036,63,141,1,0.984375,0.691176,0.308824
14,A11_E-8,0.00238437671,63,142,1,0.984375,0.692683,0.307317
14,A11_E-8,0.00238269148,63,143,1,0.984375,0.694175,0.305825
14,A11_E-8,0.00237839879,63,144,1,0.984375,0.695652,0.304348
14,A11_E-8,0.00235124561,63,145,1,0.984375,0.697115,0.302885
14,A11_E-8,0.00232113083,63,146,1,0.984375,0.698565,0.301435
14,A11_E-8,0.00231925538,63,147,1,0.984375,0.700000,0.300000
14,A11_E-8,0.00229049986,63,148,1,0.984375,0.701422,0.298578
14,A11_E-8,0.00225762511,63,149,1,0.984375,0.702830,0.297170
14,A11_E-8,0.00225749379,63,150,1,0.984375,0.704225,0.295775
14,A11_E-8,0.0022401195,63,151,1,0.984375,0.705607,0.294393
14,A11_E-8,0.00222862535,63,152,1,0.984375,0.706977,0.293023
14,A11_E-8,0.00220204331,63,153,1,0.984375,0.708333,0.291667
14,A11_E-8,0.00216041598,63,154,1,0.984375,0.709677,0.290323
14,A11_E-8,0.00214776327,63,155,1,0.984375,0.711009,0.288991
14,A11_E-8,0.0021206066,63,156,1,0.984375,0.712329,0.287671
14,A11_E-8,0.00210501021,63,157,1,0.984375,0.713636,0.286364
14,A11_E-8,0.00202976447,63,158,1,0.984375,0.714932,0.285068
14,A11_E-8,0.00200867211,63,159,1,0.984375,0.716216,0.283784
14,A11_E-8,0.00200778758,63,160,1,0.984375,0.717489,0.282511
14,A11_E-8,0.00200072257,63,161,1,0.984375,0.718750,0.281250
14,A11_E-8,0.00197614334,63,162,1,0.984375,0.720000,0.280000
14,A11_E-8,0.00197088695,63,163,1,0.984375,0.721239,0.278761
14,A11_E-8,0.00196471228,63,164,1,0.984375,0.722467,0.277533
14,A11_E-8,0.00194436044,63,165,1,0.984375,0.723684,0.276316
14,A11_E-8,0.00194021093,63,166,1,0.984375,0.724891,0.275109
14,A11_E-8,0.00192332151,63,167,1,0.984375,0.726087,0.273913
14,A11_E-8,0.00188491133,63,168,1,0.984375,0.727273,0.272727
14,A11_E-8,0.00187899743,63,169,1,0.984375,0.728448,0.271552
14,A11_E-8,0.00185793499,63,170,1,0.984375,0.729614,0.270386
14,A11_E-8,0.00185470574,63,171,1,0.984375,0.730769,0.269231
14,A11_E-8,0.00184839533,63,172,1,0.984375,0.731915,0.268085
14,A11_E-8,0.0018270798,63,173,1,0.984375,0.733051,0.266949
14,A11_E-8,0.00181950955,63,174,1,0.984375,0.734177,0.265823
14,A11_E-8,0.00177770946,63,175,1,0.984375,0.735294,0.264706
14,A11_E-8,0.001753374,63,176,1,0.984375,0.736402,0.263598
14,A11_E-8,0.00173662312,63,177,1,0.984375,0.737500,0.262500
14,A11_E-8,0.00169868965,63,178,1,0.984375,0.738589,0.261411
14,A11_E-8,0.0016879692,63,179,1,0.984375,0.739669,0.260331
14,A11_E-8,0.00167539495,63,180,1,0.984375,0.740741,0.259259
14,A11_E-8,0.00167314056,63,181,1,0.984375,0.741803,0.258197
14,A11_E-8,0.00167098653,63,182,1,0.984375,0.742857,0.257143
14,A11_E-8,0.00166544889,63,183,1,0.984375,0.743902,0.256098
14,A11_E-8,0.00165670156,63,184,1,0.984375,0.744939,0.255061
14,A11_E-8,0.00161542569,63,185,1,0.984375,0.745968,0.254032
14,A11_E-8,0.00159128383,63,186,1,0.984375,0.746988,0.253012
14,A11_E-8,0.00156871066,63,187,1,0.984375,0.748000,0.252000
14,A11_E-8,0.00155838777,63,188,1,0.984375,0.749004,0.250996
14,A11_E-8,0.0015572235,63,189,1,0.984375,0.750000,0.250000
14,A11_E-8,0.00155262358,63,190,1,0.984375,0.750988,0.249012
14,A11_E-8,0.00154039019,63,191,1,0.984375,0.751969,0.248031
14,A11_E-8,0.00153474812,63,192,1,0.984375,0.752941,0.247059
14,A11_E-8,0.00151143153,63,193,1,0.984375,0.753906,0.246094
14,A11_E-8,0.00150964328,63,194,1,0.984375,0.754864,0.245136
14,A11_E-8,0.00147493463,63,195,1,0.984375,0.755814,0.244186
14,A11_E-8,0.00146687473,63,196,1,0.984375,0.756757,0.243243
14,A11_E-8,0.0014663398,63,197,1,0.984375,0.757692,0.242308
14,A11_E-8,0.00146176212,63,198,1,0.984375,0.758621,0.241379
14,A11_E-8,0.00145719387,63,199,1,0.984375,0.759542,0.240458
14,A11_E-8,0.00144669064,63,200,1,0.984375,0.760456,0.239544
14,A11_E-8,0.00144055078,63,201,1,0.984375,0.761364,0.238636
14,A11_E-8,0.00143299496,63,202,1,0.984375,0.762264,0.237736
14,A11_E-8,0.00142333563,63,203,1,0.984375,0.763158,0.236842
14,A11_E-8,0.00139959413,63,204,1,0.984375,0.764045,0.235955
14,A11_E-8,0.00139228173,63,205,1,0.984375,0.764925,0.235075
14,A11_E-8,0.00139105332,63,206,1,0.984375,0.765799,0.234201
14,A11_E-8,0.00137032184,64,206,0,1.000000,0.762963,0.237037
14,A11_E-8,0.001309757,64,207,0,1.000000,0.763838,0.236162
14,A11_E-8,0.00129918649,64,208,0,1.000000,0.764706,0.235294
14,A11_E-8,0.00128259382,64,209,0,1.000000,0.765568,0.234432
14,A11_E-8,0.00126906752,64,210,0,1.000000,0.766423,0.233577
14,A11_E-8,0.0012653562,64,211,0,1.000000,0.767273,0.232727
14,A11_E-8,0.0012502817,64,212,0,1.000000,0.768116,0.231884
14,A11_E-8,0.00123780034,64,213,0,1.000000,0.768953,0.231047
14,A11_E-8,0.00122768094,64,214,0,1.000000,0.769784,0.230216
14,A11_E-8,0.0012247127,64,215,0,1.000000,0.770609,0.229391
14,A11_E-8,0.0012240581,64,216,0,1.000000,0.771429,0.228571
14,A11_E-8,0.00122184784,64,217,0,1.000000,0.772242,0.227758
14,A11_E-8,0.001210919,64,218,0,1.000000,0.773050,0.226950
14,A11_E-8,0.00120321033,64,219,0,1.000000,0.773852,0.226148
14,A11_E-8,0.00120037864,64,220,0,1.000000,0.774648,0.225352
14,A11_E-8,0.0011959899,64,221,0,1.000000,0.775439,0.224561
14,A11_E-8,0.00118755968,64,222,0,1.000000,0.776224,0.223776
14,A11_E-8,0.0011797793,64,223,0,1.000000,0.777003,0.222997
14,A11_E-8,0.00116683822,64,224,0,1.000000,0.777778,0.222222
14,A11_E-8,0.00115910568,64,225,0,1.000000,0.778547,0.221453
14,A11_E-8,0.00115710578,64,226,0,1.000000,0.779310,0.220690
14,A11_E-8,0.00114897289,64,227,0,1.000000,0.780069,0.219931
14,A11_E-8,0.00114511396,64,228,0,1.000000,0.780822,0.219178
14,A11_E-8,0.00114468706,64,229,0,1.000000,0.781570,0.218430
14,A11_E-8,0.00113080174,64,230,0,1.000000,0.782313,0.217687
14,A11_E-8,0.00112198805,64,231,0,1.000000,0.783051,0.216949
14,A11_E-8,0.00111603364,64,232,0,1.000000,0.783784,0.216216
14,A11_E-8,0.00111473887,64,233,0,1.000000,0.784512,0.215488
14,A11_E-8,0.0011100315,64,234,0,1.000000,0.785235,0.214765
14,A11_E-8,0.00110839563,64,235,0,1.000000,0.785953,0.214047
14,A11_E-8,0.00109599449,64,236,0,1.000000,0.786667,0.213333
14,A11_E-8,0.00109584944,64,237,0,1.000000,0.787375,0.212625
14,A11_E-8,0.0010801279,64,238,0,1.000000,0.788079,0.211921
14,A11_E-8,0.00107738073,64,239,0,1.000000,0.788779,0.211221
14,A11_E-8,0.00106511521,64,240,0,1.000000,0.789474,0.210526
14,A11_E-8,0.00106426759,64,241,0,1.000000,0.790164,0.209836
14,A11_E-8,0.00106295838,64,242,0,1.000000,0.790850,0.209150
14,A11_E-8,0.00105912087,64,243,0,1.000000,0.791531,0.208469
14,A11_E-8,0.00105626928,64,244,0,1.000000,0.792208,0.207792
14,A11_E-8,0.00104747911,64,245,0,1.000000,0.792880,0.207120
14,A11_E-8,0.00103859068,64,246,0,1.000000,0.793548,0.206452
14,A11_E-8,0.00103327446,64,247,0,1.000000,0.794212,0.205788
14,A11_E-8,0.00103066745,64,248,0,1.000000,0.794872,0.205128
14,A11_E-8,0.00101342797,64,249,0,1.000000,0.795527,0.204473
14,A11_E-8,0.00100731815,64,250,0,1.000000,0.796178,0.203822
14,A11_E-8,0.00100616144,64,251,0,1.000000,0.796825,0.203175
14,A11_E-8,0.00100170437,64,252,0,1.000000,0.797468,0.202532
15,A12_TU-22,0.999868631,0,0,98,0.000000,0.000000,0.000000
15,A12_TU-22,0.999868631,1,0,97,0.010204,0.000000,1.000000
15,A12_TU-22,0.99985218,2,0,96,0.020408,0.000000,1.000000
15,A12_TU-22,0.999837518,3,0,95,0.030612,0.000000,1.000000
15,A12_TU-22,0.999832869,4,0,94,0.040816,0.000000,1.000000
15,A12_TU-22,0.999825656,5,0,93,0.051020,0.000000,1.000000
15,A12_TU-22,0.999811709,6,0,92,0.061224,0.000000,1.000000
15,A12_TU-22,0.999810636,7,0,91,0.071429,0.000000,1.000000
15,A12_TU-22,0.999803245,8,0,90,0.081633,0.000000,1.000000
15,A12_TU-22,0.999790847,9,0,89,0.091837,0.000000,1.000000
15,A12_TU-22,0.999789417,10,0,88,0.102041,0.000000,1.000000
15,A12_TU-22,0.999782503,11,0,87,0.112245,0.000000,1.000000
15,A12_TU-22,0.999780238,12,0,86,0.122449,0.000000,1.000000
15,A12_TU-22,0.999761522,13,0,85,0.132653,0.000000,1.000000
15,A12_TU-22,0.999752104,14,0,84,0.142857,0.000000,1.000000
15,A12_TU-22,0.999751508,15,0,83,0.153061,0.000000,1.000000
15,A12_TU-22,0.999734938,16,0,82,0.163265,0.000000,1.000000
15,A12_TU-22,0.999728501,17,0,81,0.173469,0.000000,1.000000
15,A12_TU-22,0.999724686,18,0,80,0.183673,0.000000,1.000000
15,A12_TU-22,0.999708354,19,0,79,0.193878,0.000000,1.000000
15,A12_TU-22,0.999703944,20,0,78,0.204082,0.000000,1.000000
15,A12_TU-22,0.999694824,21,0,77,0.214286,0.000000,1.000000
15,A12_TU-22,0.99968648,22,0,76,0.224490,0.000000,1.000000
15,A12_TU-22,0.999660373,23,0,75,0.234694,0.000000,1.000000
15,A12_TU-22,0.99965024,24,0,74,0.244898,0.000000,1.000000
15,A12_TU-22,0.999646783,25,0,73,0.255102,0.000000,1.000000
15,A12_TU-22,0.999642372,26,0,72,0.265306,0.000000,1.000000
15,A12_TU-22,0.999601066,27,0,71,0.275510,0.000000,1.000000
15,A12_TU-22,0.999590218,28,0,70,0.285714,0.000000,1.000000
15,A12_TU-22,0.999578893,29,0,69,0.295918,0.000000,1.000000
15,A12_TU-22,0.999571621,30,0,68,0.306122,0.000000,1.000000
15,A12_TU-22,0.999555171,31,0,67,0.316327,0.000000,1.000000
15,A12_TU-22,0.99953115,32,0,66,0.326531,0.000000,1.000000
15,A12_TU-22,0.999530315,33,0,65,0.336735,0.000000,1.000000
15,A12_TU-22,0.999521375,34,0,64,0.346939,0.000000,1.000000
15,A12_TU-22,0.999517679,35,0,63,0.357143,0.000000,1.000000
15,A12_TU-22,0.999511838,36,0,62,0.367347,0.000000,1.000000
15,A12_TU-22,0.99950707,37,0,61,0.377551,0.000000,1.000000
15,A12_TU-22,0.999495387,38,0,60,0.387755,0.000000,1.000000
15,A12_TU-22,0.999469221,39,0,59,0.397959,0.000000,1.000000
15,A12_TU-22,0.999448717,40,0,58,0.408163,0.000000,1.000000
15,A12_TU-22,0.999447286,41,0,57,0.418367,0.000000,1.000000
15,A12_TU-22,0.99943918,42,0,56,0.428571,0.000000,1.000000
15,A12_TU-22,0.999432385,43,0,55,0.438776,0.000000,1.000000
15,A12_TU-22,0.99940455,44,0,54,0.448980,0.000000,1.000000
15,A12_TU-22,0.999354661,45,0,53,0.459184,0.000000,1.000000
15,A12_TU-22,0.999347031,46,0,52,0.469388,0.000000,1.000000
15,A12_TU-22,0.999308467,47,0,51,0.479592,0.000000,1.000000
15,A12_TU-22,0.999290228,48,0,50,0.489796,0.000000,1.000000
15,A12_TU-22,0.999262393,49,0,49,0.500000,0.000000,1.000000
15,A12_TU-22,0.999254048,50,0,48,0.510204,0.000000,1.000000
15,A12_TU-22,0.999251068,51,0,47,0.520408,0.000000,1.000000
15,A12_TU-22,0.999189436,52,0,46,0.530612,0.000000,1.000000
15,A12_TU-22,0.999134004,53,0,45,0.540816,0.000000,1.000000
15,A12_TU-22,0.999124706,54,0,44,0.551020,0.000000,1.000000
15,A12_TU-22,0.999092221,55,0,43,0.561224,0.000000,1.000000
15,A12_TU-22,0.999029994,56,0,42,0.571429,0.000000,1.000000
15,A12_TU-22,0.998940051,57,0,41,0.581633,0.000000,1.000000
15,A12_TU-22,0.998918056,58,0,40,0.591837,0.000000,1.000000
15,A12_TU-22,0.998896241,59,0,39,0.602041,0.000000,1.000000
15,A12_TU-22,0.998889267,60,0,38,0.612245,0.000000,1.000000
15,A12_TU-22,0.998829067,61,0,37,0.622449,0.000000,1.000000
15,A12_TU-22,0.998823345,62,0,36,0.632653,0.000000,1.000000
15,A12_TU-22,0.998782814,63,0,35,0.642857,0.000000,1.000000
15,A12_TU-22,0.99875927,64,0,34,0.653061,0.000000,1.000000
15,A12_TU-22,0.998647988,65,0,33,0.663265,0.000000,1.000000
15,A12_TU-22,0.998646438,66,0,32,0.673469,0.000000,1.000000
15,A12_TU-22,0.99851495,67,0,31,0.683673,0.000000,1.000000
15,A12_TU-22,0.998378515,68,0,30,0.693878,0.000000,1.000000
15,A12_TU-22,0.998281837,69,0,29,0.704082,0.000000,1.000000
15,A12_TU-22,0.99805212,70,0,28,0.714286,0.000000,1.000000
15,A12_TU-22,0.998046756,71,0,27,0.724490,0.000000,1.000000
15,A12_TU-22,0.997777402,72,0,26,0.734694,0.000000,1.000000
15,A12_TU-22,0.997604191,73,0,25,0.744898,0.000000,1.000000
15,A12_TU-22,0.997446775,74,0,24,0.755102,0.000000,1.000000
15,A12_TU-22,0.99728477,75,0,23,0.765306,0.000000,1.000000
15,A12_TU-22,0.996633947,76,0,22,0.775510,0.000000,1.000000
15,A12_TU-22,0.996547043,77,0,21,0.785714,0.000000,1.000000
15,A12_TU-22,0.996365786,78,0,20,0.795918,0.000000,1.000000
15,A12_TU-22,0.995728552,79,0,19,0.806122,0.000000,1.000000
15,A12_TU-22,0.995450318,80,0,18,0.816327,0.000000,1.000000
15,A12_TU-22,0.995253086,81,0,17,0.826531,0.000000,1.000000
15,A12_TU-22,0.995214939,82,0,16,0.836735,0.000000,1.000000
15,A12_TU-22,0.995168447,83,0,15,0.846939,0.000000,1.000000
15,A12_TU-22,0.994820356,84,0,14,0.857143,0.000000,1.000000
15,A12_TU-22,0.994663119,85,0,13,0.867347,0.000000,1.000000
15,A12_TU-22,0.994588256,86,0,12,0.877551,0.000000,1.000000
15,A12_TU-22,0.993917286,87,0,11,0.887755,0.000000,1.000000
15,A12_TU-22,0.993486226,88,0,10,0.897959,0.000000,1.000000
15,A12_TU-22,0.993256927,89,0,9,0.908163,0.000000,1.000000
15,A12_TU-22,0.992893159,90,0,8,0.918367,0.000000,1.000000
15,A12_TU-22,0.992851138,91,0,7,0.928571,0.000000,1.000000
15,A12_TU-22,0.987219572,92,0,6,0.938776,0.000000,1.000000
15,A12_TU-22,0.983916223,93,0,5,0.948980,0.000000,1.000000
15,A12_TU-22,0.977305532,94,0,4,0.959184,0.000000,1.000000
15,A12_TU-22,0.963661969,95,0,3,0.969388,0.000000,1.000000
15,A12_TU-22,0.958312452,96,0,2,0.979592,0.000000,1.000000
15,A12_TU-22,0.95775342,97,0,1,0.989796,0.000000,1.000000
15,A12_TU-22,0.816857219,98,0,0,1.000000,0.000000,1.000000
15,A12_TU-22,0.338230848,98,1,0,1.000000,0.010101,0.989899
15,A12_TU-22,0.241175041,98,2,0,1.000000,0.020000,0.980000
15,A12_TU-22,0.237663746,98,3,0,1.000000,0.029703,0.970297
15,A12_TU-22,0.219891012,98,4,0,1.000000,0.039216,0.960784
15,A12_TU-22,0.20323509,98,5,0,1.000000,0.048544,0.951456
15,A12_TU-22,0.14929305,98,6,0,1.000000,0.057692,0.942308
15,A12_TU-22,0.139567927,98,7,0,1.000000,0.066667,0.933333
15,A12_TU-22,0.135245174,98,8,0,1.000000,0.075472,0.924528
15,A12_TU-22,0.114221282,98,9,0,1.000000,0.084112,0.915888
15,A12_TU-22,0.108426936,98,10,0,1.000000,0.092593,0.907407
15,A12_TU-22,0.104219697,98,11,0,1.000000,0.100917,0.899083
15,A12_TU-22,0.0887889937,98,12,0,1.000000,0.109091,0.890909
15,A12_TU-22,0.0881608725,98,13,0,1.000000,0.117117,0.882883
15,A12_TU-22,0.0855234414,98,14,0,1.000000,0.125000,0.875000
15,A12_TU-22,0.0788891464,98,15,0,1.000000,0.132743,0.867257
15,A12_TU-22,0.0660907701,98,16,0,1.000000,0.140351,0.859649
15,A12_TU-22,0.0549858548,98,17,0,1.000000,0.147826,0.852174
15,A12_TU-22,0.0498968437,98,18,0,1.000000,0.155172,0.844828
15,A12_TU-22,0.0448122136,98,19,0,1.000000,0.162393,0.837607
15,A12_TU-22,0.0408860072,98,20,0,1.000000,0.169492,0.830508
15,A12_TU-22,0.0328268148,98,21,0,1.000000,0.176471,0.823529
15,A12_TU-22,0.0304070916,98,22,0,1.000000,0.183333,0.816667
15,A12_TU-22,0.02729683,98,23,0,1.000000,0.190083,0.809917
15,A12_TU-22,0.0268626343,98,24,0,1.000000,0.196721,0.803279
15,A12_TU-22,0.0267202575,98,25,0,1.000000,0.203252,0.796748
15,A12_TU-22,0.025390245,98,26,0,1.000000,0.209677,0.790323
15,A12_TU-22,0.0250078086,98,27,0,1.000000,0.216000,0.784000
15,A12_TU-22,0.0237946082,98,28,0,1.000000,0.222222,0.777778
15,A12_TU-22,0.0219063088,98,29,0,1.000000,0.228346,0.771654
15,A12_TU-22,0.0213727728,98,30,0,1.000000,0.234375,0.765625
15,A12_TU-22,0.02006457,98,31,0,1.000000,0.240310,0.759690
15,A12_TU-22,0.0196292084,98,32,0,1.000000,0.246154,0.753846
15,A12_TU-22,0.0190837011,98,33,0,1.000000,0.251908,0.748092
15,A12_TU-22,0.0176356565,98,34,0,1.000000,0.257576,0.742424
15,A12_TU-22,0.017498944,98,35,0,1.000000,0.263158,0.736842
15,A12_TU-22,0.0169980936,98,36,0,1.000000,0.268657,0.731343
15,A12_TU-22,0.0164073091,98,37,0,1.000000,0.274074,0.725926
15,A12_TU-22,0.0156706832,98,38,0,1.000000,0.279412,0.720588
15,A12_TU-22,0.0144373514,98,39,0,1.000000,0.284672,0.715328
15,A12_TU-22,0.0141117638,98,40,0,1.000000,0.289855,0.710145
15,A12_TU-22,0.0139127411,98,41,0,1.000000,0.294964,0.705036
15,A12_TU-22,0.0131402425,98,42,0,1.000000,0.300000,0.700000
15,A12_TU-22,0.0126100825,98,43,0,1.000000,0.304965,0.695035
15,A12_TU-22,0.0124829737,98,44,0,1.000000,0.309859,0.690141
15,A12_TU-22,0.0116882464,98,45,0,1.000000,0.314685,0.685315
15,A12_TU-22,0.0116761271,98,46,0,1.000000,0.319444,0.680556
15,A12_TU-22,0.0116411587,98,47,0,1.000000,0.324138,0.675862
15,A12_TU-22,0.0112127122,98,48,0,1.000000,0.328767,0.671233
15,A12_TU-22,0.0111564053,98,49,0,1.000000,0.333333,0.666667
15,A12_TU-22,0.0104902331,98,50,0,1.000000,0.337838,0.662162
15,A12_TU-22,0.0103013879,98,51,0,1.000000,0.342282,0.657718
15,A12_TU-22,0.00978695042,98,52,0,1.000000,0.346667,0.653333
15,A12_TU-22,0.00915799197,98,53,0,1.000000,0.350993,0.649007
15,A12_TU-22,0.00905166939,98,54,0,1.000000,0.355263,0.644737
15,A12_TU-22,0.00886179321,98,55,0,1.000000,0.359477,0.640523
15,A12_TU-22,0.00868842565,98,56,0,1.000000,0.363636,0.636364
15,A12_TU-22,0.00811596494,98,57,0,1.000000,0.367742,0.632258
15,A12_TU-22,0.00785642304,98,58,0,1.000000,0.371795,0.628205
15,A12_TU-22,0.00783733651,98,59,0,1.000000,0.375796,0.624204
15,A12_TU-22,0.00762791838,98,60,0,1.000000,0.379747,0.620253
15,A12_TU-22,0.00753576495,98,61,0,1.000000,0.383648,0.616352
15,A12_TU-22,0.00733690429,98,62,0,1.000000,0.387500,0.612500
15,A12_TU-22,0.00729613472,98,63,0,1.000000,0.391304,0.608696
15,A12_TU-22,0.00705612497,98,64,0,1.000000,0.395062,0.604938
15,A12_TU-22,0.00703909062,98,65,0,1.000000,0.398773,0.601227
15,A12_TU-22,0.00678209681,98,66,0,1.000000,0.402439,0.597561
15,A12_TU-22,0.00649493793,98,67,0,1.000000,0.406061,0.593939
15,A12_TU-22,0.00642966386,98,68,0,1.000000,0.409639,0.590361
15,A12_TU-22,0.00640740199,98,69,0,1.000000,0.413174,0.586826
15,A12_TU-22,0.00621438585,98,70,0,1.000000,0.416667,0.583333
15,A12_TU-22,0.00588521454,98,71,0,1.000000,0.420118,0.579882
15,A12_TU-22,0.00585558731,98,72,0,1.000000,0.423529,0.576471
15,A12_TU-22,0.00582431629,98,73,0,1.000000,0.426901,0.573099
15,A12_TU-22,0.00579837803,98,74,0,1.000000,0.430233,0.569767
15,A12_TU-22,0.00575033482,98,75,0,1.000000,0.433526,0.566474
15,A12_TU-22,0.00571870152,98,76,0,1.000000,0.436782,0.563218
15,A12_TU-22,0.00561662856,98,77,0,1.000000,0.440000,0.560000
15,A12_TU-22,0.00541758677,98,78,0,1.000000,0.443182,0.556818
15,A12_TU-22,0.00540875364,98,79,0,1.000000,0.446328,0.553672
15,A12_TU-22,0.00539728114,98,80,0,1.000000,0.449438,0.550562
15,A12_TU-22,0.00537047815,98,81,0,1.000000,0.452514,0.547486
15,A12_TU-22,0.00536644971,98,82,0,1.000000,0.455556,0.544444
15,A12_TU-22,0.00533305621,98,83,0,1.000000,0.458564,0.541436
15,A12_TU-22,0.0053204163,98,84,0,1.000000,0.461538,0.538462
15,A12_TU-22,0.0051882118,98,85,0,1.000000,0.464481,0.535519
15,A12_TU-22,0.00501347333,98,86,0,1.000000,0.467391,0.532609
15,A12_TU-22,0.00498060416,98,87,0,1.000000,0.470270,0.529730
15,A12_TU-22,0.00485270098,98,88,0,1.000000,0.473118,0.526882
15,A12_TU-22,0.00477628503,98,89,0,1.000000,0.475936,0.524064
15,A12_TU-22,0.00474629784,98,90,0,1.000000,0.478723,0.521277
15,A12_TU-22,0.00455544051,98,91,0,1.000000,0.481481,0.518519
15,A12_TU-22,0.00451281993,98,92,0,1.000000,0.484211,0.515789
15,A12_TU-22,0.00450065732,98,93,0,1.000000,0.486911,0.513089
15,A12_TU-22,0.00443920819,98,94,0,1.000000,0.489583,0.510417
15,A12_TU-22,0.00415566983,98,95,0,1.000000,0.492228,0.507772
15,A12_TU-22,0.00412309729,98,96,0,1.000000,0.494845,0.505155
15,A12_TU-22,0.00407640729,98,97,0,1.000000,0.497436,0.502564
15,A12_TU-22,0.00403418159,98,98,0,1.000000,0.500000,0.500000
15,A12_TU-22,0.00403233524,98,99,0,1.000000,0.502538,0.497462
15,A12_TU-22,0.00399522111,98,100,0,1.000000,0.505051,0.494949
15,A12_TU-22,0.00386506249,98,101,0,1.000000,0.507538,0.492462
15,A12_TU-22,0.00381989614,98,102,0,1.000000,0.510000,0.490000
15,A12_TU-22,0.00359558943,98,103,0,1.000000,0.512438,0.487562
15,A12_TU-22,0.00357871572,98,104,0,1.000000,0.514851,0.485149
15,A12_TU-22,0.00356902555,98,105,0,1.000000,0.517241,0.482759
15,A12_TU-22,0.00354122231,98,106,0,1.000000,0.519608,0.480392
15,A12_TU-22,0.00353291305,98,107,0,1.000000,0.521951,0.478049
15,A12_TU-22,0.00350075238,98,108,0,1.000000,0.524272,0.475728
15,A12_TU-22,0.00349705131,98,109,0,1.000000,0.526570,0.473430
15,A12_TU-22,0.00347136357,98,110,0,1.000000,0.528846,0.471154
15,A12_TU-22,0.00341433822,98,111,0,1.000000,0.531100,0.468900
15,A12_TU-22,0.00335191679,98,112,0,1.000000,0.533333,0.466667
15,A12_TU-22,0.00335147767,98,113,0,1.000000,0.535545,0.464455
15,A12_TU-22,0.00331148552,98,114,0,1.000000,0.537736,0.462264
15,A12_TU-22,0.00325253117,98,115,0,1.000000,0.539906,0.460094
15,A12_TU-22,0.00323093962,98,116,0,1.000000,0.542056,0.457944
15,A12_TU-22,0.00321971439,98,117,0,1.000000,0.544186,0.455814
15,A12_TU-22,0.0031434393,98,118,0,1.000000,0.546296,0.453704
15,A12_TU-22,0.00314239273,98,119,0,1.000000,0.548387,0.451613
15,A12_TU-22,0.00309863337,98,120,0,1.000000,0.550459,0.449541
15,A12_TU-22,0.00305632455,98,121,0,1.000000,0.552511,0.447489
15,A12_TU-22,0.00304607442,98,122,0,1.000000,0.554545,0.445455
15,A12_TU-22,0.00302474806,98,123,0,1.000000,0.556561,0.443439
15,A12_TU-22,0.00300754374,98,124,0,1.000000,0.558559,0.441441
15,A12_TU-22,0.00299892039,98,125,0,1.000000,0.560538,0.439462
15,A12_TU-22,0.00295834849,98,126,0,1.000000,0.562500,0.437500
15,A12_TU-22,0.00293195504,98,127,0,1.000000,0.564444,0.435556
15,A12_TU-22,0.00290784612,98,128,0,1.000000,0.566372,0.433628
15,A12_TU-22,0.00285324827,98,129,0,1.000000,0.568282,0.431718
15,A12_TU-22,0.00282597146,98,130,0,1.000000,0.570175,0.429825
15,A12_TU-22,0.00282436097,98,131,0,1.000000,0.572052,0.427948
15,A12_TU-22,0.00279078493,98,132,0,1.000000,0.573913,0.426087
15,A12_TU-22,0.00278440258,98,133,0,1.000000,0.575758,0.424242
15,A12_TU-22,0.00278273108,98,134,0,1.000000,0.577586,0.422414
15,A12_TU-22,0.00273880432,98,135,0,1.000000,0.579399,0.420601
15,A12_TU-22,0.00271185464,98,136,0,1.000000,0.581197,0.418803
15,A12_TU-22,0.00269581168,98,137,0,1.000000,0.582979,0.417021
15,A12_TU-22,0.00268430565,98,138,0,1.000000,0.584746,0.415254
15,A12_TU-22,0.00267409929,98,139,0,1.000000,0.586498,0.413502
15,A12_TU-22,0.00266174809,98,140,0,1.000000,0.588235,0.411765
15,A12_TU-22,0.00265487237,98,141,0,1.000000,0.589958,0.410042
15,A12_TU-22,0.00262567378,98,142,0,1.000000,0.591667,0.408333
15,A12_TU-22,0.00262295455,98,143,0,1.000000,0.593361,0.406639
15,A12_TU-22,0.00254136091,98,144,0,1.000000,0.595041,0.404959
15,A12_TU-22,0.00249240338,98,145,0,1.000000,0.596708,0.403292
15,A12_TU-22,0.00246439641,98,146,0,1.000000,0.598361,0.401639
15,A12_TU-22,0.00245372392,98,147,0,1.000000,0.600000,0.400000
15,A12_TU-22,0.0024297121,98,148,0,1.000000,0.601626,0.398374
15,A12_TU-22,0.00242145732,98,149,0,1.000000,0.603239,0.396761
15,A12_TU-22,0.00237592962,98,150,0,1.000000,0.604839,0.395161
15,A12_TU-22,0.00235640188,98,151,0,1.000000,0.606426,0.393574
15,A12_TU-22,0.00231964909,98,152,0,1.000000,0.608000,0.392000
15,A12_TU-22,0.00231504929,98,153,0,1.000000,0.609562,0.390438
15,A12_TU-22,0.00228845095,98,154,0,1.000000,0.611111,0.388889
15,A12_TU-22,0.00228468725,98,155,0,1.000000,0.612648,0.387352
15,A12_TU-22,0.00227094279,98,156,0,1.000000,0.614173,0.385827
15,A12_TU-22,0.0022342212,98,157,0,1.000000,0.615686,0.384314
15,A12_TU-22,0.00219941046,98,158,0,1.000000,0.617188,0.382812
15,A12_TU-22,0.0021705043,98,159,0,1.000000,0.618677,0.381323
15,A12_TU-22,0.00215359265,98,160,0,1.000000,0.620155,0.379845
15,A12_TU-22,0.00211818935,98,161,0,1.000000,0.621622,0.378378
15,A12_TU-22,0.0020969538,98,162,0,1.000000,0.623077,0.376923
15,A12_TU-22,0.00206816476,98,163,0,1.000000,0.624521,0.375479
15,A12_TU-22,0.00206776196,98,164,0,1.000000,0.625954,0.374046
15,A12_TU-22,0.00205710647,98,165,0,1.000000,0.627376,0.372624
15,A12_TU-22,0.00204682513,98,166,0,1.000000,0.628788,0.371212
15,A12_TU-22,0.00204148609,98,167,0,1.000000,0.630189,0.369811
15,A12_TU-22,0.00190038758,98,168,0,1.000000,0.631579,0.368421
15,A12_TU-22,0.00189834356,98,169,0,1.000000,0.632959,0.367041
15,A12_TU-22,0.00186609512,98,170,0,1.000000,0.634328,0.365672
15,A12_TU-22,0.00186201709,98,171,0,1.000000,0.635688,0.364312
15,A12_TU-22,0.00183992251,98,172,0,1.000000,0.637037,0.362963
15,A12_TU-22,0.00180263782,98,173,0,1.000000,0.638376,0.361624
15,A12_TU-22,0.00180142117,98,174,0,1.000000,0.639706,0.360294
15,A12_TU-22,0.00178705843,98,175,0,1.000000,0.641026,0.358974
15,A12_TU-22,0.00176993769,98,176,0,1.000000,0.642336,0.357664
15,A12_TU-22,0.00175532093,98,177,0,1.000000,0.643636,0.356364
15,A12_TU-22,0.00175397471,98,178,0,1.000000,0.644928,0.355072
15,A12_TU-22,0.00175372371,98,179,0,1.000000,0.646209,0.353791
15,A12_TU-22,0.00174566486,98,180,0,1.000000,0.647482,0.352518
15,A12_TU-22,0.001729568,98,181,0,1.000000,0.648746,0.351254
15,A12_TU-22,0.00172298425,98,182,0,1.000000,0.650000,0.350000
15,A12_TU-22,0.00168213819,98,183,0,1.000000,0.651246,0.348754
15,A12_TU-22,0.00167574431,98,184,0,1.000000,0.652482,0.347518
15,A12_TU-22,0.00166959292,98,185,0,1.000000,0.653710,0.346290
15,A12_TU-22,0.00165913592,98,186,0,1.000000,0.654930,0.345070
15,A12_TU-22,0.00164750498,98,187,0,1.000000,0.656140,0.343860
15,A12_TU-22,0.00163858279,98,188,0,1.000000,0.657343,0.342657
15,A12_TU-22,0.00159975432,98,189,0,1.000000,0.658537,0.341463
15,A12_TU-22,0.00159467722,98,190,0,1.000000,0.659722,0.340278
15,A12_TU-22,0.00159344403,98,191,0,1.000000,0.660900,0.339100
15,A12_TU-22,0.00158173079,98,192,0,1.000000,0.662069,0.337931
15,A12_TU-22,0.00157202431,98,193,0,1.000000,0.663230,0.336770
15,A12_TU-22,0.0015689471,98,194,0,1.000000,0.664384,0.335616
15,A12_TU-22,0.0015687861,98,195,0,1.000000,0.665529,0.334471
15,A12_TU-22,0.00156110653,98,196,0,1.000000,0.666667,0.333333
15,A12_TU-22,0.0015590305,98,197,0,1.000000,0.667797,0.332203
15,A12_TU-22,0.00154808082,98,198,0,1.000000,0.668919,0.331081
15,A12_TU-22,0.00154130696,98,199,0,1.000000,0.670034,0.329966
15,A12_TU-22,0.00153210061,98,200,0,1.000000,0.671141,0.328859
15,A12_TU-22,0.00151692296,98,201,0,1.000000,0.672241,0.327759
15,A12_TU-22,0.00150901952,98,202,0,1.000000,0.673333,0.326667
15,A12_TU-22,0.00150745793,98,203,0,1.000000,0.674419,0.325581
15,A12_TU-22,0.00149486249,98,204,0,1.000000,0.675497,0.324503
15,A12_TU-22,0.00146248261,98,205,0,1.000000,0.676568,0.323432
15,A12_TU-22,0.00142217625,98,206,0,1.000000,0.677632,0.322368
15,A12_TU-22,0.00140451547,98,207,0,1.000000,0.678689,0.321311
15,A12_TU-22,0.00138113799,98,208,0,1.000000,0.679739,0.320261
15,A12_TU-22,0.00137831946,98,209,0,1.000000,0.680782,0.319218
15,A12_TU-22,0.00137623365,98,210,0,1.000000,0.681818,0.318182
15,A12_TU-22,0.00134654518,98,211,0,1.000000,0.682848,0.317152
15,A12_TU-22,0.00133683684,98,212,0,1.000000,0.683871,0.316129
15,A12_TU-22,0.00133018533,98,213,0,1.000000,0.684887,0.315113
15,A12_TU-22,0.00132386049,98,214,0,1.000000,0.685897,0.314103
15,A12_TU-22,0.00132161344,98,215,0,1.000000,0.686901,0.313099
15,A12_TU-22,0.00131373038,98,216,0,1.000000,0.687898,0.312102
15,A12_TU-22,0.00130825222,98,217,0,1.000000,0.688889,0.311111
15,A12_TU-22,0.00130589504,98,218,0,1.000000,0.689873,0.310127
15,A12_TU-22,0.00129707495,98,219,0,1.000000,0.690852,0.309148
15,A12_TU-22,0.00129645236,98,220,0,1.000000,0.691824,0.308176
15,A12_TU-22,0.00129581173,98,221,0,1.000000,0.692790,0.307210
15,A12_TU-22,0.00128587324,98,222,0,1.000000,0.693750,0.306250
15,A12_TU-22,0.00128288905,98,223,0,1.000000,0.694704,0.305296
15,A12_TU-22,0.00127572613,98,224,0,1.000000,0.695652,0.304348
15,A12_TU-22,0.00126464397,98,225,0,1.000000,0.696594,0.303406
15,A12_TU-22,0.00125238299,98,226,0,1.000000,0.697531,0.302469
15,A12_TU-22,0.00124955189,98,227,0,1.000000,0.698462,0.301538
15,A12_TU-22,0.00124374824,98,228,0,1.000000,0.699387,0.300613
15,A12_TU-22,0.00122155144,98,229,0,1.000000,0.700306,0.299694
15,A12_TU-22,0.00122044736,98,230,0,1.000000,0.701220,0.298780
15,A12_TU-22,0.0012168939,98,231,0,1.000000,0.702128,0.297872
15,A12_TU-22,0.00118741265,98,232,0,1.000000,0.703030,0.296970
15,A12_TU-22,0.00118347944,98,233,0,1.000000,0.703927,0.296073
15,A12_TU-22,0.00118297176,98,234,0,1.000000,0.704819,0.295181
15,A12_TU-22,0.00117974263,98,235,0,1.000000,0.705706,0.294294
15,A12_TU-22,0.00116733904,98,236,0,1.000000,0.706587,0.293413
15,A12_TU-22,0.00115560519,98,237,0,1.000000,0.707463,0.292537
15,A12_TU-22,0.00112999463,98,238,0,1.000000,0.708333,0.291667
15,A12_TU-22,0.00110673776,98,239,0,1.000000,0.709199,0.290801
15,A12_TU-22,0.00109649787,98,240,0,1.000000,0.710059,0.289941
15,A12_TU-22,0.00109434244,98,241,0,1.000000,0.710914,0.289086
15,A12_TU-22,0.00108716136,98,242,0,1.000000,0.711765,0.288235
15,A12_TU-22,0.00108089438,98,243,0,1.000000,0.712610,0.287390
15,A12_TU-22,0.00107917143,98,244,0,1.000000,0.713450,0.286550
15,A12_TU-22,0.00107441505,98,245,0,1.000000,0.714286,0.285714
15,A12_TU-22,0.00106711464,98,246,0,1.000000,0.715116,0.284884
15,A12_TU-22,0.00105970923,98,247,0,1.000000,0.715942,0.284058
15,A12_TU-22,0.00105737662,98,248,0,1.000000,0.716763,0.283237
15,A12_TU-22,0.00105183653,98,249,0,1.000000,0.717579,0.282421
15,A12_TU-22,0.00104520144,98,250,0,1.000000,0.718391,0.281609
15,A12_TU-22,0.00103848299,98,251,0,1.000000,0.719198,0.280802
15,A12_TU-22,0.00103206222,98,252,0,1.000000,0.720000,0.280000
15,A12_TU-22,0.00102830958,98,253,0,1.000000,0.720798,0.279202
15,A12_TU-22,0.00102637929,98,254,0,1.000000,0.721591,0.278409
15,A12_TU-22,0.00102016062,98,255,0,1.000000,0.722380,0.277620
15,A12_TU-22,0.00100333604,98,256,0,1.000000,0.723164,0.276836
16,A13_F-15,0.999937534,0,0,165,0.000000,0.000000,0.000000
16,A13_F-15,0.999937534,1,0,164,0.006061,0.000000,1.000000
16,A13_F-15,0.999928713,2,0,163,0.012121,0.000000,1.000000
16,A13_F-15,0.999925375,3,0,162,0.018182,0.000000,1.000000
16,A13_F-15,0.99991405,4,0,161,0.024242,0.000000,1.000000
16,A13_F-15,0.999898076,5,0,160,0.030303,0.000000,1.000000
16,A13_F-15,0.999897361,6,0,159,0.036364,0.000000,1.000000
16,A13_F-15,0.999893785,7,0,158,0.042424,0.000000,1.000000
16,A13_F-15,0.99988997,8,0,157,0.048485,0.000000,1.000000
16,A13_F-15,0.999877214,9,0,156,0.054545,0.000000,1.000000
16,A13_F-15,0.999872327,10,0,155,0.060606,0.000000,1.000000
16,A13_F-15,0.999871016,11,0,154,0.066667,0.000000,1.000000
16,A13_F-15,0.999870181,12,0,153,0.072727,0.000000,1.000000
16,A13_F-15,0.999863029,13,0,152,0.078788,0.000000,1.000000
16,A13_F-15,0.999860883,14,0,151,0.084848,0.000000,1.000000
16,A13_F-15,0.999859571,15,0,150,0.090909,0.000000,1.000000
16,A13_F-15,0.999859333,16,0,149,0.096970,0.000000,1.000000
16,A13_F-15,0.999857664,17,0,148,0.103030,0.000000,1.000000
16,A13_F-15,0.999856949,18,0,147,0.109091,0.000000,1.000000
16,A13_F-15,0.99985671,19,0,146,0.115152,0.000000,1.000000
16,A13_F-15,0.999853134,20,0,145,0.121212,0.000000,1.000000
16,A13_F-15,0.999845624,21,0,144,0.127273,0.000000,1.000000
16,A13_F-15,0.999840736,22,0,143,0.133333,0.000000,1.000000
16,A13_F-15,0.999839306,23,0,142,0.139394,0.000000,1.000000
16,A13_F-15,0.999837875,24,0,141,0.145455,0.000000,1.000000
16,A13_F-15,0.999835134,25,0,140,0.151515,0.000000,1.000000
16,A13_F-15,0.999832273,26,0,139,0.157576,0.000000,1.000000
16,A13_F-15,0.999829888,27,0,138,0.163636,0.000000,1.000000
16,A13_F-15,0.999828339,28,0,137,0.169697,0.000000,1.000000
16,A13_F-15,0.999827981,29,0,136,0.175758,0.000000,1.000000
16,A13_F-15,0.999827206,30,0,135,0.181818,0.000000,1.000000
16,A13_F-15,0.999825895,31,0,134,0.187879,0.000000,1.000000
16,A13_F-15,0.999823987,32,0,133,0.193939,0.000000,1.000000
16,A13_F-15,0.99981755,33,0,132,0.200000,0.000000,1.000000
16,A13_F-15,0.999815524,34,0,131,0.206061,0.000000,1.000000
16,A13_F-15,0.999810517,35,0,130,0.212121,0.000000,1.000000
16,A13_F-15,0.999806225,36,0,129,0.218182,0.000000,1.000000
16,A13_F-15,0.999805629,37,0,128,0.224242,0.000000,1.000000
16,A13_F-15,0.99980396,38,0,127,0.230303,0.000000,1.000000
16,A13_F-15,0.999803603,39,0,126,0.236364,0.000000,1.000000
16,A13_F-15,0.999800146,40,0,125,0.242424,0.000000,1.000000
16,A13_F-15,0.99979955,41,0,124,0.248485,0.000000,1.000000
16,A13_F-15,0.999798,42,0,123,0.254545,0.000000,1.000000
16,A13_F-15,0.999793589,43,0,122,0.260606,0.000000,1.000000
16,A13_F-15,0.999786675,44,0,121,0.266667,0.000000,1.000000
16,A13_F-15,0.999785006,45,0,120,0.272727,0.000000,1.000000
16,A13_F-15,0.999781907,46,0,119,0.278788,0.000000,1.000000
16,A13_F-15,0.999780595,47,0,118,0.284848,0.000000,1.000000
16,A13_F-15,0.999771297,48,0,117,0.290909,0.000000,1.000000
16,A13_F-15,0.999770224,49,0,116,0.296970,0.000000,1.000000
16,A13_F-15,0.999768198,50,0,115,0.303030,0.000000,1.000000
16,A13_F-15,0.999763429,51,0,114,0.309091,0.000000,1.000000
16,A13_F-15,0.99976331,52,0,113,0.315152,0.000000,1.000000
16,A13_F-15,0.999759495,53,0,112,0.321212,0.000000,1.000000
16,A13_F-15,0.999758542,54,0,111,0.327273,0.000000,1.000000
16,A13_F-15,0.999757707,55,0,110,0.333333,0.000000,1.000000
16,A13_F-15,0.999751985,56,0,109,0.339394,0.000000,1.000000
16,A13_F-15,0.999751151,57,0,108,0.345455,0.000000,1.000000
16,A13_F-15,0.999743879,58,0,107,0.351515,0.000000,1.000000
16,A13_F-15,0.999742568,59,0,106,0.357576,0.000000,1.000000
16,A13_F-15,0.999739349,60,0,105,0.363636,0.000000,1.000000
16,A13_F-15,0.999738276,61,0,104,0.369697,0.000000,1.000000
16,A13_F-15,0.999731719,62,0,103,0.375758,0.000000,1.000000
16,A13_F-15,0.999719918,63,0,102,0.381818,0.000000,1.000000
16,A13_F-15,0.999715388,64,0,101,0.387879,0.000000,1.000000
16,A13_F-15,0.999713242,65,0,100,0.393939,0.000000,1.000000
16,A13_F-15,0.999711692,66,0,99,0.400000,0.000000,1.000000
16,A13_F-15,0.999708951,67,0,98,0.406061,0.000000,1.000000
16,A13_F-15,0.999698043,68,0,97,0.412121,0.000000,1.000000
16,A13_F-15,0.99969089,69,0,96,0.418182,0.000000,1.000000
16,A13_F-15,0.999689221,70,0,95,0.424242,0.000000,1.000000
16,A13_F-15,0.999682546,71,0,94,0.430303,0.000000,1.000000
16,A13_F-15,0.999663949,72,0,93,0.436364,0.000000,1.000000
16,A13_F-15,0.99965322,73,0,92,0.442424,0.000000,1.000000
16,A13_F-15,0.999652505,74,0,91,0.448485,0.000000,1.000000
16,A13_F-15,0.999626994,75,0,90,0.454545,0.000000,1.000000
16,A13_F-15,0.999621987,76,0,89,0.460606,0.000000,1.000000
16,A13_F-15,0.999621391,77,0,88,0.466667,0.000000,1.000000
16,A13_F-15,0.999620318,78,0,87,0.472727,0.000000,1.000000
16,A13_F-15,0.999619961,79,0,86,0.478788,0.000000,1.000000
16,A13_F-15,0.999616861,80,0,85,0.484848,0.000000,1.000000
16,A13_F-15,0.999611199,81,0,84,0.490909,0.000000,1.000000
16,A13_F-15,0.999606669,82,0,83,0.496970,0.000000,1.000000
16,A13_F-15,0.999598801,83,0,82,0.503030,0.000000,1.000000
16,A13_F-15,0.999593794,84,0,81,0.509091,0.000000,1.000000
16,A13_F-15,0.999593556,85,0,80,0.515152,0.000000,1.000000
16,A13_F-15,0.999585927,86,0,79,0.521212,0.000000,1.000000
16,A13_F-15,0.999584496,87,0,78,0.527273,0.000000,1.000000
16,A13_F-15,0.999571741,88,0,77,0.533333,0.000000,1.000000
16,A13_F-15,0.999568522,89,0,76,0.539394,0.000000,1.000000
16,A13_F-15,0.999558628,90,0,75,0.545455,0.000000,1.000000
16,A13_F-15,0.999554932,91,0,74,0.551515,0.000000,1.000000
16,A13_F-15,0.99955374,92,0,73,0.557576,0.000000,1.000000
16,A13_F-15,0.999549448,93,0,72,0.563636,0.000000,1.000000
16,A13_F-15,0.999548137,94,0,71,0.569697,0.000000,1.000000
16,A13_F-15,0.999540687,95,0,70,0.575758,0.000000,1.000000
16,A13_F-15,0.999533057,96,0,69,0.581818,0.000000,1.000000
16,A13_F-15,0.999512076,97,0,68,0.587879,0.000000,1.000000
16,A13_F-15,0.999510169,98,0,67,0.593939,0.000000,1.000000
16,A13_F-15,0.99948895,99,0,66,0.600000,0.000000,1.000000
16,A13_F-15,0.999488473,100,0,65,0.606061,0.000000,1.000000
16,A13_F-15,0.999479115,101,0,64,0.612121,0.000000,1.000000
16,A13_F-15,0.999473989,102,0,63,0.618182,0.000000,1.000000
16,A13_F-15,0.999450624,103,0,62,0.624242,0.000000,1.000000
16,A13_F-15,0.999446213,104,0,61,0.630303,0.000000,1.000000
16,A13_F-15,0.999383092,105,0,60,0.636364,0.000000,1.000000
16,A13_F-15,0.9993729,106,0,59,0.642424,0.000000,1.000000
16,A13_F-15,0.999332368,107,0,58,0.648485,0.000000,1.000000
16,A13_F-15,0.999294281,108,0,57,0.654545,0.000000,1.000000
16,A13_F-15,0.999242663,109,0,56,0.660606,0.000000,1.000000
16,A13_F-15,0.999231696,110,0,55,0.666667,0.000000,1.000000
16,A13_F-15,0.999229431,111,0,54,0.672727,0.000000,1.000000
16,A13_F-15,0.999211431,112,0,53,0.678788,0.000000,1.000000
16,A13_F-15,0.999205649,113,0,52,0.684848,0.000000,1.000000
16,A13_F-15,0.999186456,114,0,51,0.690909,0.000000,1.000000
16,A13_F-15,0.999171376,115,0,50,0.696970,0.000000,1.000000
16,A13_F-15,0.999162197,116,0,49,0.703030,0.000000,1.000000
16,A13_F-15,0.999015927,117,0,48,0.709091,0.000000,1.000000
16,A13_F-15,0.998851776,118,0,47,0.715152,0.000000,1.000000
16,A13_F-15,0.998688757,119,0,46,0.721212,0.000000,1.000000
16,A13_F-15,0.99868387,120,0,45,0.727273,0.000000,1.000000
16,A13_F-15,0.998505592,121,0,44,0.733333,0.000000,1.000000
16,A13_F-15,0.998405993,122,0,43,0.739394,0.000000,1.000000
16,A13_F-15,0.998237967,122,1,43,0.739394,0.008130,0.991870
16,A13_F-15,0.998145938,123,1,42,0.745455,0.008065,0.991935
16,A13_F-15,0.998021126,124,1,41,0.751515,0.008000,0.992000
16,A13_F-15,0.997931123,125,1,40,0.757576,0.007937,0.992063
16,A13_F-15,0.997912824,126,1,39,0.763636,0.007874,0.992126
16,A13_F-15,0.997476041,127,1,38,0.769697,0.007812,0.992188
16,A13_F-15,0.997458518,128,1,37,0.775758,0.007752,0.992248
16,A13_F-15,0.997424841,129,1,36,0.781818,0.007692,0.992308
16,A13_F-15,0.99739033,130,1,35,0.787879,0.007634,0.992366
16,A13_F-15,0.997385204,130,2,35,0.787879,0.015152,0.984848
16,A13_F-15,0.997253597,131,2,34,0.793939,0.015038,0.984962
16,A13_F-15,0.997064173,132,2,33,0.800000,0.014925,0.985075
16,A13_F-15,0.996702969,133,2,32,0.806061,0.014815,0.985185
16,A13_F-15,0.996578157,134,2,31,0.812121,0.014706,0.985294
16,A13_F-15,0.996462166,135,2,30,0.818182,0.014599,0.985401
16,A13_F-15,0.996440232,136,2,29,0.824242,0.014493,0.985507
16,A13_F-15,0.995885074,137,2,28,0.830303,0.014388,0.985612
16,A13_F-15,0.995597303,138,2,27,0.836364,0.014286,0.985714
16,A13_F-15,0.994952798,139,2,26,0.842424,0.014184,0.985816
16,A13_F-15,0.993000627,140,2,25,0.848485,0.014085,0.985915
16,A13_F-15,0.991325557,141,2,24,0.854545,0.013986,0.986014
16,A13_F-15,0.990667999,142,2,23,0.860606,0.013889,0.986111
16,A13_F-15,0.986831903,143,2,22,0.866667,0.013793,0.986207
16,A13_F-15,0.982981086,144,2,21,0.872727,0.013699,0.986301
16,A13_F-15,0.981577575,145,2,20,0.878788,0.013605,0.986395
16,A13_F-15,0.980682492,146,2,19,0.884848,0.013514,0.986486
16,A13_F-15,0.979913235,147,2,18,0.890909,0.013423,0.986577
16,A13_F-15,0.979795098,148,2,17,0.896970,0.013333,0.986667
16,A13_F-15,0.975841403,148,3,17,0.896970,0.019868,0.980132
16,A13_F-15,0.973519921,149,3,16,0.903030,0.019737,0.980263
16,A13_F-15,0.961839676,150,3,15,0.909091,0.019608,0.980392
16,A13_F-15,0.943526983,151,3,14,0.915152,0.019481,0.980519
16,A13_F-15,0.817843854,151,4,14,0.915152,0.025806,0.974194
16,A13_F-15,0.811214209,152,4,13,0.921212,0.025641,0.974359
16,A13_F-15,0.792815804,152,5,13,0.921212,0.031847,0.968153
16,A13_F-15,0.776127994,153,5,12,0.927273,0.031646,0.968354
16,A13_F-15,0.764836669,153,6,12,0.927273,0.037736,0.962264
16,A13_F-15,0.724550366,153,7,12,0.927273,0.043750,0.956250
16,A13_F-15,0.717493474,154,7,11,0.933333,0.043478,0.956522
16,A13_F-15,0.668944299,155,7,10,0.939394,0.043210,0.956790
16,A13_F-15,0.65359503,155,8,10,0.939394,0.049080,0.950920
16,A13_F-15,0.642303288,155,9,10,0.939394,0.054878,0.945122
16,A13_F-15,0.566202164,155,10,10,0.939394,0.060606,0.939394
16,A13_F-15,0.492097497,155,11,10,0.939394,0.066265,0.933735
16,A13_F-15,0.460308969,156,11,9,0.945455,0.065868,0.934132
16,A13_F-15,0.457472146,156,12,9,0.945455,0.071429,0.928571
16,A13_F-15,0.40687561,156,13,9,0.945455,0.076923,0.923077
16,A13_F-15,0.393060267,157,13,8,0.951515,0.076471,0.923529
16,A13_F-15,0.381754905,157,14,8,0.951515,0.081871,0.918129
16,A13_F-15,0.368274808,157,15,8,0.951515,0.087209,0.912791
16,A13_F-15,0.352201283,157,16,8,0.951515,0.092486,0.907514
16,A13_F-15,0.282000184,157,17,8,0.951515,0.097701,0.902299
16,A13_F-15,0.265342325,157,18,8,0.951515,0.102857,0.897143
16,A13_F-15,0.207237437,157,19,8,0.951515,0.107955,0.892045
16,A13_F-15,0.161894768,158,19,7,0.957576,0.107345,0.892655
16,A13_F-15,0.15832822,158,20,7,0.957576,0.112360,0.887640
16,A13_F-15,0.145161271,158,21,7,0.957576,0.117318,0.882682
16,A13_F-15,0.136825174,158,22,7,0.957576,0.122222,0.877778
16,A13_F-15,0.130434602,158,23,7,0.957576,0.127072,0.872928
16,A13_F-15,0.124015264,158,24,7,0.957576,0.131868,0.868132
16,A13_F-15,0.114324369,158,25,7,0.957576,0.136612,0.863388
16,A13_F-15,0.106933072,159,25,6,0.963636,0.135870,0.864130
16,A13_F-15,0.0941237286,159,26,6,0.963636,0.140541,0.859459
16,A13_F-15,0.0906103551,159,27,6,0.963636,0.145161,0.854839
16,A13_F-15,0.0811174735,159,28,6,0.963636,0.149733,0.850267
16,A13_F-15,0.0788424462,159,29,6,0.963636,0.154255,0.845745
16,A13_F-15,0.0754205436,159,30,6,0.963636,0.158730,0.841270
16,A13_F-15,0.0727869272,159,31,6,0.963636,0.163158,0.836842
16,A13_F-15,0.0716248304,159,32,6,0.963636,0.167539,0.832461
16,A13_F-15,0.0688996837,159,33,6,0.963636,0.171875,0.828125
16,A13_F-15,0.0685584471,159,34,6,0.963636,0.176166,0.823834
16,A13_F-15,0.0658269897,159,35,6,0.963636,0.180412,0.819588
16,A13_F-15,0.063958101,159,36,6,0.963636,0.184615,0.815385
16,A13_F-15,0.0556371324,160,36,5,0.969697,0.183673,0.816327
16,A13_F-15,0.0543720052,160,37,5,0.969697,0.187817,0.812183
16,A13_F-15,0.0504220203,160,38,5,0.969697,0.191919,0.808081
16,A13_F-15,0.0484515093,160,39,5,0.969697,0.195980,0.804020
16,A13_F-15,0.0452297218,160,40,5,0.969697,0.200000,0.800000
16,A13_F-15,0.0444375537,160,41,5,0.969697,0.203980,0.796020
16,A13_F-15,0.0427955799,160,42,5,0.969697,0.207921,0.792079
16,A13_F-15,0.0326234549,161,42,4,0.975758,0.206897,0.793103
16,A13_F-15,0.0318185799,161,43,4,0.975758,0.210784,0.789216
16,A13_F-15,0.0292824786,161,44,4,0.975758,0.214634,0.785366
16,A13_F-15,0.0287176501,161,45,4,0.975758,0.218447,0.781553
16,A13_F-15,0.0272687394,161,46,4,0.975758,0.222222,0.777778
16,A13_F-15,0.0269167349,161,47,4,0.975758,0.225962,0.774038
16,A13_F-15,0.0264580455,161,48,4,0.975758,0.229665,0.770335
16,A13_F-15,0.025817927,161,49,4,0.975758,0.233333,0.766667
16,A13_F-15,0.0251836218,161,50,4,0.975758,0.236967,0.763033
16,A13_F-15,0.0243155472,161,51,4,0.975758,0.240566,0.759434
16,A13_F-15,0.0219251644,161,52,4,0.975758,0.244131,0.755869
16,A13_F-15,0.021344943,161,53,4,0.975758,0.247664,0.752336
16,A13_F-15,0.0197803956,161,54,4,0.975758,0.251163,0.748837
16,A13_F-15,0.0186330415,161,55,4,0.975758,0.254630,0.745370
16,A13_F-15,0.0185528547,161,56,4,0.975758,0.258065,0.741935
16,A13_F-15,0.0177259725,161,57,4,0.975758,0.261468,0.738532
16,A13_F-15,0.0169880707,161,58,4,0.975758,0.264840,0.735160
16,A13_F-15,0.0169370268,161,59,4,0.975758,0.268182,0.731818
16,A13_F-15,0.0165698063,161,60,4,0.975758,0.271493,0.728507
16,A13_F-15,0.0161298309,161,61,4,0.975758,0.274775,0.725225
16,A13_F-15,0.0158571266,161,62,4,0.975758,0.278027,0.721973
16,A13_F-15,0.015159063,161,63,4,0.975758,0.281250,0.718750
16,A13_F-15,0.0142027261,161,64,4,0.975758,0.284444,0.715556
16,A13_F-15,0.0137861874,161,65,4,0.975758,0.287611,0.712389
16,A13_F-15,0.0129461531,161,66,4,0.975758,0.290749,0.709251
16,A13_F-15,0.0128083443,161,67,4,0.975758,0.293860,0.706140
16,A13_F-15,0.0126364762,161,68,4,0.975758,0.296943,0.703057
16,A13_F-15,0.0123288985,161,69,4,0.975758,0.300000,0.700000
16,A13_F-15,0.0121571608,161,70,4,0.975758,0.303030,0.696970
16,A13_F-15,0.0112583665,161,71,4,0.975758,0.306034,0.693966
16,A13_F-15,0.0111000212,161,72,4,0.975758,0.309013,0.690987
16,A13_F-15,0.0107678091,161,73,4,0.975758,0.311966,0.688034
16,A13_F-15,0.0107180262,161,74,4,0.975758,0.314894,0.685106
16,A13_F-15,0.0105759669,161,75,4,0.975758,0.317797,0.682203
16,A13_F-15,0.0105574895,161,76,4,0.975758,0.320675,0.679325
16,A13_F-15,0.0102698943,161,77,4,0.975758,0.323529,0.676471
16,A13_F-15,0.00957867038,161,78,4,0.975758,0.326360,0.673640
16,A13_F-15,0.00868596602,161,79,4,0.975758,0.329167,0.670833
16,A13_F-15,0.00854963716,161,80,4,0.975758,0.331950,0.668050
16,A13_F-15,0.00834153686,161,81,4,0.975758,0.334711,0.665289
16,A13_F-15,0.00831132941,161,82,4,0.975758,0.337449,0.662551
16,A13_F-15,0.00816663355,161,83,4,0.975758,0.340164,0.659836
16,A13_F-15,0.00806844886,161,84,4,0.975758,0.342857,0.657143
16,A13_F-15,0.00783195812,161,85,4,0.975758,0.345528,0.654472
16,A13_F-15,0.00734548271,161,86,4,0.975758,0.348178,0.651822
16,A13_F-15,0.00710596005,161,87,4,0.975758,0.350806,0.649194
16,A13_F-15,0.0070816814,161,88,4,0.975758,0.353414,0.646586
16,A13_F-15,0.00697693462,161,89,4,0.975758,0.356000,0.644000
16,A13_F-15,0.00695742946,161,90,4,0.975758,0.358566,0.641434
16,A13_F-15,0.00694866292,161,91,4,0.975758,0.361111,0.638889
16,A13_F-15,0.00679378817,161,92,4,0.975758,0.363636,0.636364
16,A13_F-15,0.00678482978,161,93,4,0.975758,0.366142,0.633858
16,A13_F-15,0.00671023363,161,94,4,0.975758,0.368627,0.631373
16,A13_F-15,0.00664118212,161,95,4,0.975758,0.371094,0.628906
16,A13_F-15,0.00640626391,161,96,4,0.975758,0.373541,0.626459
16,A13_F-15,0.00634797011,161,97,4,0.975758,0.375969,0.624031
16,A13_F-15,0.00599149335,161,98,4,0.975758,0.378378,0.621622
16,A13_F-15,0.00596961379,161,99,4,0.975758,0.380769,0.619231
16,A13_F-15,0.00571142789,161,100,4,0.975758,0.383142,0.616858
16,A13_F-15,0.00570924487,161,101,4,0.975758,0.385496,0.614504
16,A13_F-15,0.00560087338,161,102,4,0.975758,0.387833,0.612167
16,A13_F-15,0.00542580895,162,102,3,0.981818,0.386364,0.613636
16,A13_F-15,0.00511101633,162,103,3,0.981818,0.388679,0.611321
16,A13_F-15,0.00490855053,162,104,3,0.981818,0.390977,0.609023
16,A13_F-15,0.00476778578,162,105,3,0.981818,0.393258,0.606742
16,A13_F-15,0.0047550532,162,106,3,0.981818,0.395522,0.604478
16,A13_F-15,0.00475305878,162,107,3,0.981818,0.397770,0.602230
16,A13_F-15,0.00467225164,162,108,3,0.981818,0.400000,0.600000
16,A13_F-15,0.0045805471,162,109,3,0.981818,0.402214,0.597786
16,A13_F-15,0.00456717703,162,110,3,0.981818,0.404412,0.595588
16,A13_F-15,0.00452731177,162,111,3,0.981818,0.406593,0.593407
16,A13_F-15,0.00437674299,162,112,3,0.981818,0.408759,0.591241
16,A13_F-15,0.0043152892,162,113,3,0.981818,0.410909,0.589091
16,A13_F-15,0.00424107583,162,114,3,0.981818,0.413043,0.586957
16,A13_F-15,0.00407295581,162,115,3,0.981818,0.415162,0.584838
16,A13_F-15,0.00406379346,162,116,3,0.981818,0.417266,0.582734
16,A13_F-15,0.00396643393,162,117,3,0.981818,0.419355,0.580645
16,A13_F-15,0.00396026392,162,118,3,0.981818,0.421429,0.578571
16,A13_F-15,0.00382005423,162,119,3,0.981818,0.423488,0.576512
16,A13_F-15,0.00378070888,162,120,3,0.981818,0.425532,0.574468
16,A13_F-15,0.00376173458,162,121,3,0.981818,0.427562,0.572438
16,A13_F-15,0.00375694456,162,122,3,0.981818,0.429577,0.570423
16,A13_F-15,0.0037072252,162,123,3,0.981818,0.431579,0.568421
16,A13_F-15,0.00369412894,162,124,3,0.981818,0.433566,0.566434
16,A13_F-15,0.00365384948,162,125,3,0.981818,0.435540,0.564460
16,A13_F-15,0.00362948398,162,126,3,0.981818,0.437500,0.562500
16,A13_F-15,0.00348911132,162,127,3,0.981818,0.439446,0.560554
16,A13_F-15,0.00345894741,162,128,3,0.981818,0.441379,0.558621
16,A13_F-15,0.00331152347,162,129,3,0.981818,0.443299,0.556701
16,A13_F-15,0.00329540321,162,130,3,0.981818,0.445205,0.554795
16,A13_F-15,0.00327330129,162,131,3,0.981818,0.447099,0.552901
16,A13_F-15,0.00325775309,162,132,3,0.981818,0.448980,0.551020
16,A13_F-15,0.00322249113,162,133,3,0.981818,0.450847,0.549153
16,A13_F-15,0.0031784568,162,134,3,0.981818,0.452703,0.547297
16,A13_F-15,0.00317653571,162,135,3,0.981818,0.454545,0.545455
16,A13_F-15,0.00313134841,162,136,3,0.981818,0.456376,0.543624
16,A13_F-15,0.00292477757,162,137,3,0.981818,0.458194,0.541806
16,A13_F-15,0.00291446364,162,138,3,0.981818,0.460000,0.540000
16,A13_F-15,0.00291149179,162,139,3,0.981818,0.461794,0.538206
16,A13_F-15,0.00289864885,162,140,3,0.981818,0.463576,0.536424
16,A13_F-15,0.00284844451,162,141,3,0.981818,0.465347,0.534653
16,A13_F-15,0.0028065634,162,142,3,0.981818,0.467105,0.532895
16,A13_F-15,0.00277734292,162,143,3,0.981818,0.468852,0.531148
16,A13_F-15,0.00277420646,162,144,3,0.981818,0.470588,0.529412
16,A13_F-15,0.00273911119,162,145,3,0.981818,0.472313,0.527687
16,A13_F-15,0.00264462759,162,146,3,0.981818,0.474026,0.525974
16,A13_F-15,0.00262499601,162,147,3,0.981818,0.475728,0.524272
16,A13_F-15,0.00256961072,162,148,3,0.981818,0.477419,0.522581
16,A13_F-15,0.00256494689,162,149,3,0.981818,0.479100,0.520900
16,A13_F-15,0.00256046234,162,150,3,0.981818,0.480769,0.519231
16,A13_F-15,0.00253564026,162,151,3,0.981818,0.482428,0.517572
16,A13_F-15,0.00252214144,162,152,3,0.981818,0.484076,0.515924
16,A13_F-15,0.00249626487,162,153,3,0.981818,0.485714,0.514286
16,A13_F-15,0.00249154237,163,153,2,0.987879,0.484177,0.515823
16,A13_F-15,0.00248405128,163,154,2,0.987879,0.485804,0.514196
16,A13_F-15,0.00241702329,163,155,2,0.987879,0.487421,0.512579
16,A13_F-15,0.0023841064,163,156,2,0.987879,0.489028,0.510972
16,A13_F-15,0.00237703789,163,157,2,0.987879,0.490625,0.509375
16,A13_F-15,0.00236965367,163,158,2,0.987879,0.492212,0.507788
16,A13_F-15,0.00236485596,163,159,2,0.987879,0.493789,0.506211
16,A13_F-15,0.00235239859,163,160,2,0.987879,0.495356,0.504644
16,A13_F-15,0.00233177072,163,161,2,0.987879,0.496914,0.503086
16,A13_F-15,0.00228699693,163,162,2,0.987879,0.498462,0.501538
16,A13_F-15,0.00227940711,163,163,2,0.987879,0.500000,0.500000
16,A13_F-15,0.00223603542,163,164,2,0.987879,0.501529,0.498471
16,A13_F-15,0.0022150802,163,165,2,0.987879,0.503049,0.496951
16,A13_F-15,0.0022136129,163,166,2,0.987879,0.504559,0.495441
16,A13_F-15,0.00211682031,163,167,2,0.987879,0.506061,0.493939
16,A13_F-15,0.00209231745,163,168,2,0.987879,0.507553,0.492447
16,A13_F-15,0.00204275665,163,169,2,0.987879,0.509036,0.490964
16,A13_F-15,0.00200492819,163,170,2,0.987879,0.510511,0.489489
16,A13_F-15,0.00198037922,163,171,2,0.987879,0.511976,0.488024
16,A13_F-15,0.00192436937,163,172,2,0.987879,0.513433,0.486567
16,A13_F-15,0.00191682694,163,173,2,0.987879,0.514881,0.485119
16,A13_F-15,0.00188923965,163,174,2,0.987879,0.516320,0.483680
16,A13_F-15,0.00187521626,163,175,2,0.987879,0.517751,0.482249
16,A13_F-15,0.00186447753,163,176,2,0.987879,0.519174,0.480826
16,A13_F-15,0.00185436511,163,177,2,0.987879,0.520588,0.479412
16,A13_F-15,0.00182234193,163,178,2,0.987879,0.521994,0.478006
16,A13_F-15,0.00181281834,163,179,2,0.987879,0.523392,0.476608
16,A13_F-15,0.00176381122,163,180,2,0.987879,0.524781,0.475219
16,A13_F-15,0.00172529276,163,181,2,0.987879,0.526163,0.473837
16,A13_F-15,0.00172378297,163,182,2,0.987879,0.527536,0.472464
16,A13_F-15,0.00167439529,163,183,2,0.987879,0.528902,0.471098
16,A13_F-15,0.0016740259,163,184,2,0.987879,0.530259,0.469741
16,A13_F-15,0.00167134288,163,185,2,0.987879,0.531609,0.468391
16,A13_F-15,0.00165027054,163,186,2,0.987879,0.532951,0.467049
16,A13_F-15,0.00162164203,163,187,2,0.987879,0.534286,0.465714
16,A13_F-15,0.00161873118,163,188,2,0.987879,0.535613,0.464387
16,A13_F-15,0.00160119368,163,189,2,0.987879,0.536932,0.463068
16,A13_F-15,0.00158973271,163,190,2,0.987879,0.538244,0.461756
16,A13_F-15,0.00158057397,163,191,2,0.987879,0.539548,0.460452
16,A13_F-15,0.00155497529,163,192,2,0.987879,0.540845,0.459155
16,A13_F-15,0.00154933857,163,193,2,0.987879,0.542135,0.457865
16,A13_F-15,0.00153477839,163,194,2,0.987879,0.543417,0.456583
16,A13_F-15,0.00150038034,163,195,2,0.987879,0.544693,0.455307
16,A13_F-15,0.00149625307,163,196,2,0.987879,0.545961,0.454039
16,A13_F-15,0.00147107884,163,197,2,0.987879,0.547222,0.452778
16,A13_F-15,0.0014707509,163,198,2,0.987879,0.548476,0.451524
16,A13_F-15,0.0014546857,163,199,2,0.987879,0.549724,0.450276
16,A13_F-15,0.00142505975,163,200,2,0.987879,0.550964,0.449036
16,A13_F-15,0.0014239127,163,201,2,0.987879,0.552198,0.447802
16,A13_F-15,0.0013875711,163,202,2,0.987879,0.553425,0.446575
16,A13_F-15,0.0013831734,163,203,2,0.987879,0.554645,0.445355
16,A13_F-15,0.00137489685,163,204,2,0.987879,0.555858,0.444142
16,A13_F-15,0.00136551703,163,205,2,0.987879,0.557065,0.442935
16,A13_F-15,0.00135531742,163,206,2,0.987879,0.558266,0.441734
16,A13_F-15,0.00134495995,163,207,2,0.987879,0.559459,0.440541
16,A13_F-15,0.00134200358,163,208,2,0.987879,0.560647,0.439353
16,A13_F-15,0.00132426759,163,209,2,0.987879,0.561828,0.438172
16,A13_F-15,0.00130208081,163,210,2,0.987879,0.563003,0.436997
16,A13_F-15,0.00129712501,163,211,2,0.987879,0.564171,0.435829
16,A13_F-15,0.00129501859,163,212,2,0.987879,0.565333,0.434667
16,A13_F-15,0.00129160332,163,213,2,0.987879,0.566489,0.433511
16,A13_F-15,0.00126722921,163,214,2,0.987879,0.567639,0.432361
16,A13_F-15,0.00126233557,163,215,2,0.987879,0.568783,0.431217
16,A13_F-15,0.0012571743,163,216,2,0.987879,0.569921,0.430079
16,A13_F-15,0.00125223445,163,217,2,0.987879,0.571053,0.428947
16,A13_F-15,0.00123187329,163,218,2,0.987879,0.572178,0.427822
16,A13_F-15,0.00122124574,163,219,2,0.987879,0.573298,0.426702
16,A13_F-15,0.00120957475,163,220,2,0.987879,0.574413,0.425587
16,A13_F-15,0.00120558881,163,221,2,0.987879,0.575521,0.424479
16,A13_F-15,0.00119128206,163,222,2,0.987879,0.576623,0.423377
16,A13_F-15,0.00118208432,163,223,2,0.987879,0.577720,0.422280
16,A13_F-15,0.00118092482,163,224,2,0.987879,0.578811,0.421189
16,A13_F-15,0.00117878453,163,225,2,0.987879,0.579897,0.420103
16,A13_F-15,0.00117264793,163,226,2,0.987879,0.580977,0.419023
16,A13_F-15,0.0011668423,163,227,2,0.987879,0.582051,0.417949
16,A13_F-15,0.00115166849,163,228,2,0.987879,0.583120,0.416880
16,A13_F-15,0.00114867534,163,229,2,0.987879,0.584184,0.415816
16,A13_F-15,0.00114424317,163,230,2,0.987879,0.585242,0.414758
16,A13_F-15,0.00112667424,163,231,2,0.987879,0.586294,0.413706
16,A13_F-15,0.00112445559,163,232,2,0.987879,0.587342,0.412658
16,A13_F-15,0.00110502436,163,233,2,0.987879,0.588384,0.411616
16,A13_F-15,0.00110009359,163,234,2,0.987879,0.589421,0.410579
16,A13_F-15,0.0010949244,163,235,2,0.987879,0.590452,0.409548
16,A13_F-15,0.00109456165,163,236,2,0.987879,0.591479,0.408521
16,A13_F-15,0.00109362626,163,237,2,0.987879,0.592500,0.407500
16,A13_F-15,0.00108482153,163,238,2,0.987879,0.593516,0.406484
16,A13_F-15,0.00106617541,163,239,2,0.987879,0.594527,0.405473
16,A13_F-15,0.00106351194,163,240,2,0.987879,0.595533,0.404467
16,A13_F-15,0.00105517346,163,241,2,0.987879,0.596535,0.403465
16,A13_F-15,0.00105250708,163,242,2,0.987879,0.597531,0.402469
16,A13_F-15,0.00104783452,163,243,2,0.987879,0.598522,0.401478
16,A13_F-15,0.00103768415,163,244,2,0.987879,0.599509,0.400491
16,A13_F-15,0.00103415386,163,245,2,0.987879,0.600490,0.399510
16,A13_F-15,0.00103351183,163,246,2,0.987879,0.601467,0.398533
16,A13_F-15,0.00103314512,163,247,2,0.987879,0.602439,0.397561
16,A13_F-15,0.00103236025,163,248,2,0.987879,0.603406,0.396594
16,A13_F-15,0.0010186031,163,249,2,0.987879,0.604369,0.395631
16,A13_F-15,0.00100737088,163,250,2,0.987879,0.605327,0.394673
17,A14_KC-135,0.999944448,0,0,213,0.000000,0.000000,0.000000
17,A14_KC-135,0.999944448,1,0,212,0.004695,0.000000,1.000000
17,A14_KC-135,0.999936581,2,0,211,0.009390,0.000000,1.000000
17,A14_KC-135,0.999930501,3,0,210,0.014085,0.000000,1.000000
17,A14_KC-135,0.999925256,4,0,209,0.018779,0.000000,1.000000
17,A14_KC-135,0.999924421,5,0,208,0.023474,0.000000,1.000000
17,A14_KC-135,0.999923944,6,0,207,0.028169,0.000000,1.000000
17,A14_KC-135,0.999920011,7,0,206,0.032864,0.000000,1.000000
17,A14_KC-135,0.999917865,8,0,205,0.037559,0.000000,1.000000
17,A14_KC-135,0.999917746,9,0,204,0.042254,0.000000,1.000000
17,A14_KC-135,0.999913573,10,0,203,0.046948,0.000000,1.000000
17,A14_KC-135,0.999907851,11,0,202,0.051643,0.000000,1.000000
17,A14_KC-135,0.999905825,12,0,201,0.056338,0.000000,1.000000
17,A14_KC-135,0.999903798,13,0,200,0.061033,0.000000,1.000000
17,A14_KC-135,0.99990344,14,0,199,0.065728,0.000000,1.000000
17,A14_KC-135,0.999900222,15,0,198,0.070423,0.000000,1.000000
17,A14_KC-135,0.999896049,16,0,197,0.075117,0.000000,1.000000
17,A14_KC-135,0.9998945,17,0,196,0.079812,0.000000,1.000000
17,A14_KC-135,0.999892712,18,0,195,0.084507,0.000000,1.000000
17,A14_KC-135,0.999891996,19,0,194,0.089202,0.000000,1.000000
17,A14_KC-135,0.99988842,20,0,193,0.093897,0.000000,1.000000
17,A14_KC-135,0.999884248,21,0,192,0.098592,0.000000,1.000000
17,A14_KC-135,0.999881864,22,0,191,0.103286,0.000000,1.000000
17,A14_KC-135,0.999878049,23,0,190,0.107981,0.000000,1.000000
17,A14_KC-135,0.999874592,24,0,189,0.112676,0.000000,1.000000
17,A14_KC-135,0.999871016,25,0,188,0.117371,0.000000,1.000000
17,A14_KC-135,0.999867558,26,0,187,0.122066,0.000000,1.000000
17,A14_KC-135,0.999866605,27,0,186,0.126761,0.000000,1.000000
17,A14_KC-135,0.99986577,28,0,185,0.131455,0.000000,1.000000
17,A14_KC-135,0.999863982,29,0,184,0.136150,0.000000,1.000000
17,A14_KC-135,0.99986279,30,0,183,0.140845,0.000000,1.000000
17,A14_KC-135,0.999860168,31,0,182,0.145540,0.000000,1.000000
17,A14_KC-135,0.999854684,32,0,181,0.150235,0.000000,1.000000
17,A14_KC-135,0.999850273,33,0,180,0.154930,0.000000,1.000000
17,A14_KC-135,0.999850154,34,0,179,0.159624,0.000000,1.000000
17,A14_KC-135,0.999848366,35,0,178,0.164319,0.000000,1.000000
17,A14_KC-135,0.999848247,36,0,177,0.169014,0.000000,1.000000
17,A14_KC-135,0.999847054,37,0,176,0.173709,0.000000,1.000000
17,A14_KC-135,0.999845743,38,0,175,0.178404,0.000000,1.000000
17,A14_KC-135,0.999845386,39,0,174,0.183099,0.000000,1.000000
17,A14_KC-135,0.999843001,40,0,173,0.187793,0.000000,1.000000
17,A14_KC-135,0.999839664,41,0,172,0.192488,0.000000,1.000000
17,A14_KC-135,0.999833345,42,0,171,0.197183,0.000000,1.000000
17,A14_KC-135,0.999827862,43,0,170,0.201878,0.000000,1.000000
17,A14_KC-135,0.999826372,44,0,169,0.206573,0.000000,1.000000
17,A14_KC-135,0.999825299,45,0,168,0.211268,0.000000,1.000000
17,A14_KC-135,0.999824464,46,0,167,0.215962,0.000000,1.000000
17,A14_KC-135,0.999821365,47,0,166,0.220657,0.000000,1.000000
17,A14_KC-135,0.999816716,48,0,165,0.225352,0.000000,1.000000
17,A14_KC-135,0.999816239,49,0,164,0.230047,0.000000,1.000000
17,A14_KC-135,0.999815762,50,0,163,0.234742,0.000000,1.000000
17,A14_KC-135,0.999812067,51,0,162,0.239437,0.000000,1.000000
17,A14_KC-135,0.999810636,52,0,161,0.244131,0.000000,1.000000
17,A14_KC-135,0.999810398,53,0,160,0.248826,0.000000,1.000000
17,A14_KC-135,0.999808848,54,0,159,0.253521,0.000000,1.000000
17,A14_KC-135,0.999802172,55,0,158,0.258216,0.000000,1.000000
17,A14_KC-135,0.999791682,56,0,157,0.262911,0.000000,1.000000
17,A14_KC-135,0.999791086,57,0,156,0.267606,0.000000,1.000000
17,A14_KC-135,0.999790609,58,0,155,0.272300,0.000000,1.000000
17,A14_KC-135,0.999789774,59,0,154,0.276995,0.000000,1.000000
17,A14_KC-135,0.999784291,60,0,153,0.281690,0.000000,1.000000
17,A14_KC-135,0.999780953,61,0,152,0.286385,0.000000,1.000000
17,A14_KC-135,0.999779403,62,0,151,0.291080,0.000000,1.000000
17,A14_KC-135,0.999775589,63,0,150,0.295775,0.000000,1.000000
17,A14_KC-135,0.999773085,64,0,149,0.300469,0.000000,1.000000
17,A14_KC-135,0.999770582,65,0,148,0.305164,0.000000,1.000000
17,A14_KC-135,0.999769866,66,0,147,0.309859,0.000000,1.000000
17,A14_KC-135,0.999769509,67,0,146,0.314554,0.000000,1.000000
17,A14_KC-135,0.999757707,69,0,144,0.323944,0.000000,1.000000
17,A14_KC-135,0.999756038,70,0,143,0.328638,0.000000,1.000000
17,A14_KC-135,0.999751627,71,0,142,0.333333,0.000000,1.000000
17,A14_KC-135,0.999744475,72,0,141,0.338028,0.000000,1.000000
17,A14_KC-135,0.99974376,73,0,140,0.342723,0.000000,1.000000
17,A14_KC-135,0.999739587,74,0,139,0.347418,0.000000,1.000000
17,A14_KC-135,0.9997347,75,0,138,0.352113,0.000000,1.000000
17,A14_KC-135,0.999731243,76,0,137,0.356808,0.000000,1.000000
17,A14_KC-135,0.999731004,77,0,136,0.361502,0.000000,1.000000
17,A14_KC-135,0.999730885,78,0,135,0.366197,0.000000,1.000000
17,A14_KC-135,0.999730766,79,0,134,0.370892,0.000000,1.000000
17,A14_KC-135,0.999728739,80,0,133,0.375587,0.000000,1.000000
17,A14_KC-135,0.999726832,81,0,132,0.380282,0.000000,1.000000
17,A14_KC-135,0.999726474,82,0,131,0.384977,0.000000,1.000000
17,A14_KC-135,0.99972254,83,0,130,0.389671,0.000000,1.000000
17,A14_KC-135,0.999714673,84,0,129,0.394366,0.000000,1.000000
17,A14_KC-135,0.99971348,85,0,128,0.399061,0.000000,1.000000
17,A14_KC-135,0.999710143,86,0,127,0.403756,0.000000,1.000000
17,A14_KC-135,0.999707878,87,0,126,0.408451,0.000000,1.000000
17,A14_KC-135,0.999704182,88,0,125,0.413146,0.000000,1.000000
17,A14_KC-135,0.999700308,89,0,124,0.417840,0.000000,1.000000
17,A14_KC-135,0.999697328,90,0,123,0.422535,0.000000,1.000000
17,A14_KC-135,0.99969697,91,0,122,0.427230,0.000000,1.000000
17,A14_KC-135,0.999695778,92,0,121,0.431925,0.000000,1.000000
17,A14_KC-135,0.999694824,93,0,120,0.436620,0.000000,1.000000
17,A14_KC-135,0.999694228,94,0,119,0.441315,0.000000,1.000000
17,A14_KC-135,0.999693871,95,0,118,0.446009,0.000000,1.000000
17,A14_KC-135,0.999693394,96,0,117,0.450704,0.000000,1.000000
17,A14_KC-135,0.999693036,97,0,116,0.455399,0.000000,1.000000
17,A14_KC-135,0.999692202,98,0,115,0.460094,0.000000,1.000000
17,A14_KC-135,0.999691367,99,0,114,0.464789,0.000000,1.000000
17,A14_KC-135,0.999689341,100,0,113,0.469484,0.000000,1.000000
17,A14_KC-135,0.999681473,101,0,112,0.474178,0.000000,1.000000
17,A14_KC-135,0.999678016,102,0,111,0.478873,0.000000,1.000000
17,A14_KC-135,0.999674082,102,1,111,0.478873,0.009709,0.990291
17,A14_KC-135,0.99966538,103,1,110,0.483568,0.009615,0.990385
17,A14_KC-135,0.999663472,104,1,109,0.488263,0.009524,0.990476
17,A14_KC-135,0.999641061,105,1,108,0.492958,0.009434,0.990566
17,A14_KC-135,0.99963975,106,1,107,0.497653,0.009346,0.990654
17,A14_KC-135,0.999633431,107,1,106,0.502347,0.009259,0.990741
17,A14_KC-135,0.999632359,108,1,105,0.507042,0.009174,0.990826
17,A14_KC-135,0.999626994,109,1,104,0.511737,0.009091,0.990909
17,A14_KC-135,0.999624252,110,1,103,0.516432,0.009009,0.990991
17,A14_KC-135,0.999620676,111,1,102,0.521127,0.008929,0.991071
17,A14_KC-135,0.999616146,112,1,101,0.525822,0.008850,0.991150
17,A14_KC-135,0.999614239,113,1,100,0.530516,0.008772,0.991228
17,A14_KC-135,0.99960655,114,1,99,0.535211,0.008696,0.991304
17,A14_KC-135,0.999605715,115,1,98,0.539906,0.008621,0.991379
17,A14_KC-135,0.999604642,116,1,97,0.544601,0.008547,0.991453
17,A14_KC-135,0.999603212,117,1,96,0.549296,0.008475,0.991525
17,A14_KC-135,0.999601305,118,1,95,0.553991,0.008403,0.991597
17,A14_KC-135,0.99958998,119,1,94,0.558685,0.008333,0.991667
17,A14_KC-135,0.999572814,120,1,93,0.563380,0.008264,0.991736
17,A14_KC-135,0.999563038,121,1,92,0.568075,0.008197,0.991803
17,A14_KC-135,0.999547899,122,1,91,0.572770,0.008130,0.991870
17,A14_KC-135,0.999536395,123,1,90,0.577465,0.008065,0.991935
17,A14_KC-135,0.999534369,124,1,89,0.582160,0.008000,0.992000
17,A14_KC-135,0.99952209,125,1,88,0.586854,0.007937,0.992063
17,A14_KC-135,0.999509096,126,1,87,0.591549,0.007874,0.992126
17,A14_KC-135,0.999507189,127,1,86,0.596244,0.007812,0.992188
17,A14_KC-135,0.999506116,128,1,85,0.600939,0.007752,0.992248
17,A14_KC-135,0.999502063,129,1,84,0.605634,0.007692,0.992308
17,A14_KC-135,0.999500394,130,1,83,0.610329,0.007634,0.992366
17,A14_KC-135,0.999500275,131,1,82,0.615023,0.007576,0.992424
17,A14_KC-135,0.999485254,132,1,81,0.619718,0.007519,0.992481
17,A14_KC-135,0.999467194,133,1,80,0.624413,0.007463,0.992537
17,A14_KC-135,0.999462426,134,1,79,0.629108,0.007407,0.992593
17,A14_KC-135,0.999458849,135,1,78,0.633803,0.007353,0.992647
17,A14_KC-135,0.999449432,136,1,77,0.638498,0.007299,0.992701
17,A14_KC-135,0.999445379,137,1,76,0.643192,0.007246,0.992754
17,A14_KC-135,0.999443829,138,1,75,0.647887,0.007194,0.992806
17,A14_KC-135,0.999443471,139,1,74,0.652582,0.007143,0.992857
17,A14_KC-135,0.99944061,140,1,73,0.657277,0.007092,0.992908
17,A14_KC-135,0.999439299,141,1,72,0.661972,0.007042,0.992958
17,A14_KC-135,0.999438107,142,1,71,0.666667,0.006993,0.993007
17,A14_KC-135,0.999341667,143,1,70,0.671362,0.006944,0.993056
17,A14_KC-135,0.999313235,144,1,69,0.676056,0.006897,0.993103
17,A14_KC-135,0.99930799,145,1,68,0.680751,0.006849,0.993151
17,A14_KC-135,0.999296427,146,1,67,0.685446,0.006803,0.993197
17,A14_KC-135,0.999283016,147,1,66,0.690141,0.006757,0.993243
17,A14_KC-135,0.999281824,148,1,65,0.694836,0.006711,0.993289
17,A14_KC-135,0.999276698,149,1,64,0.699531,0.006667,0.993333
17,A14_KC-135,0.999273479,150,1,63,0.704225,0.006623,0.993377
17,A14_KC-135,0.999268353,151,1,62,0.708920,0.006579,0.993421
17,A14_KC-135,0.999245167,152,1,61,0.713615,0.006536,0.993464
17,A14_KC-135,0.99923563,153,1,60,0.718310,0.006494,0.993506
17,A14_KC-135,0.999170542,154,1,59,0.723005,0.006452,0.993548
17,A14_KC-135,0.999166131,155,1,58,0.727700,0.006410,0.993590
17,A14_KC-135,0.999122322,156,1,57,0.732394,0.006369,0.993631
17,A14_KC-135,0.99910742,157,1,56,0.737089,0.006329,0.993671
17,A14_KC-135,0.999044597,158,1,55,0.741784,0.006289,0.993711
17,A14_KC-135,0.999012589,159,1,54,0.746479,0.006250,0.993750
17,A14_KC-135,0.998991907,160,1,53,0.751174,0.006211,0.993789
17,A14_KC-135,0.998949707,161,1,52,0.755869,0.006173,0.993827
17,A14_KC-135,0.998843074,162,1,51,0.760563,0.006135,0.993865
17,A14_KC-135,0.998829782,163,1,50,0.765258,0.006098,0.993902
17,A14_KC-135,0.998726547,163,2,50,0.765258,0.012121,0.987879
17,A14_KC-135,0.998707652,164,2,49,0.769953,0.012048,0.987952
17,A14_KC-135,0.99841392,165,2,48,0.774648,0.011976,0.988024
17,A14_KC-135,0.998272061,166,2,47,0.779343,0.011905,0.988095
17,A14_KC-135,0.998271942,167,2,46,0.784038,0.011834,0.988166
17,A14_KC-135,0.998236656,168,2,45,0.788732,0.011765,0.988235
17,A14_KC-135,0.998164475,169,2,44,0.793427,0.011696,0.988304
17,A14_KC-135,0.998084426,170,2,43,0.798122,0.011628,0.988372
17,A14_KC-135,0.998039186,171,2,42,0.802817,0.011561,0.988439
17,A14_KC-135,0.998038232,172,2,41,0.807512,0.011494,0.988506
17,A14_KC-135,0.998025417,173,2,40,0.812207,0.011429,0.988571
17,A14_KC-135,0.998000085,174,2,39,0.816901,0.011364,0.988636
17,A14_KC-135,0.997883141,175,2,38,0.821596,0.011299,0.988701
17,A14_KC-135,0.997872114,176,2,37,0.826291,0.011236,0.988764
17,A14_KC-135,0.997817636,177,2,36,0.830986,0.011173,0.988827
17,A14_KC-135,0.997694433,178,2,35,0.835681,0.011111,0.988889
17,A14_KC-135,0.997680426,179,2,34,0.840376,0.011050,0.988950
17,A14_KC-135,0.997580528,180,2,33,0.845070,0.010989,0.989011
17,A14_KC-135,0.997436225,181,2,32,0.849765,0.010929,0.989071
17,A14_KC-135,0.997398257,182,2,31,0.854460,0.010870,0.989130
17,A14_KC-135,0.996594608,183,2,30,0.859155,0.010811,0.989189
17,A14_KC-135,0.995586991,184,2,29,0.863850,0.010753,0.989247
17,A14_KC-135,0.995191932,185,2,28,0.868545,0.010695,0.989305
17,A14_KC-135,0.994263589,185,3,28,0.868545,0.015957,0.984043
17,A14_KC-135,0.994066119,186,3,27,0.873239,0.015873,0.984127
17,A14_KC-135,0.994011462,187,3,26,0.877934,0.015789,0.984211
17,A14_KC-135,0.993989468,188,3,25,0.882629,0.015707,0.984293
17,A14_KC-135,0.993708134,189,3,24,0.887324,0.015625,0.984375
17,A14_KC-135,0.993703663,190,3,23,0.892019,0.015544,0.984456
17,A14_KC-135,0.99312216,191,3,22,0.896714,0.015464,0.984536
17,A14_KC-135,0.992545068,191,4,22,0.896714,0.020513,0.979487
17,A14_KC-135,0.991337657,192,4,21,0.901408,0.020408,0.979592
17,A14_KC-135,0.991021335,192,5,21,0.901408,0.025381,0.974619
17,A14_KC-135,0.99060601,193,5,20,0.906103,0.025253,0.974747
17,A14_KC-135,0.988175988,194,5,19,0.910798,0.025126,0.974874
17,A14_KC-135,0.986245751,194,6,19,0.910798,0.030000,0.970000
17,A14_KC-135,0.98569262,195,6,18,0.915493,0.029851,0.970149
17,A14_KC-135,0.982809007,196,6,17,0.920188,0.029703,0.970297
17,A14_KC-135,0.980132937,196,7,17,0.920188,0.034483,0.965517
17,A14_KC-135,0.964912117,197,7,16,0.924883,0.034314,0.965686
17,A14_KC-135,0.940947711,197,8,16,0.924883,0.039024,0.960976
17,A14_KC-135,0.925979972,198,8,15,0.929577,0.038835,0.961165
17,A14_KC-135,0.92190975,198,9,15,0.929577,0.043478,0.956522
17,A14_KC-135,0.921702802,199,9,14,0.934272,0.043269,0.956731
17,A14_KC-135,0.917779088,199,10,14,0.934272,0.047847,0.952153
17,A14_KC-135,0.915909708,199,11,14,0.934272,0.052381,0.947619
17,A14_KC-135,0.900838971,199,12,14,0.934272,0.056872,0.943128
17,A14_KC-135,0.888088822,200,12,13,0.938967,0.056604,0.943396
17,A14_KC-135,0.863103032,200,13,13,0.938967,0.061033,0.938967
17,A14_KC-135,0.854120672,200,14,13,0.938967,0.065421,0.934579
17,A14_KC-135,0.83640343,200,15,13,0.938967,0.069767,0.930233
17,A14_KC-135,0.82296145,200,16,13,0.938967,0.074074,0.925926
17,A14_KC-135,0.801919401,201,16,12,0.943662,0.073733,0.926267
17,A14_KC-135,0.797840297,201,17,12,0.943662,0.077982,0.922018
17,A14_KC-135,0.79099673,202,17,11,0.948357,0.077626,0.922374
17,A14_KC-135,0.773028612,203,17,10,0.953052,0.077273,0.922727
17,A14_KC-135,0.76641655,203,18,10,0.953052,0.081448,0.918552
17,A14_KC-135,0.720720291,203,19,10,0.953052,0.085586,0.914414
17,A14_KC-135,0.715891659,203,20,10,0.953052,0.089686,0.910314
17,A14_KC-135,0.663660765,203,21,10,0.953052,0.093750,0.906250
17,A14_KC-135,0.629559636,203,22,10,0.953052,0.097778,0.902222
17,A14_KC-135,0.607444584,203,23,10,0.953052,0.101770,0.898230
17,A14_KC-135,0.594846189,203,24,10,0.953052,0.105727,0.894273
17,A14_KC-135,0.546029329,203,25,10,0.953052,0.109649,0.890351
17,A14_KC-135,0.543918371,203,26,10,0.953052,0.113537,0.886463
17,A14_KC-135,0.498032182,203,27,10,0.953052,0.117391,0.882609
17,A14_KC-135,0.4178029,203,28,10,0.953052,0.121212,0.878788
17,A14_KC-135,0.379748017,203,29,10,0.953052,0.125000,0.875000
17,A14_KC-135,0.33101055,203,30,10,0.953052,0.128755,0.871245
17,A14_KC-135,0.321443886,203,31,10,0.953052,0.132479,0.867521
17,A14_KC-135,0.305913568,204,31,9,0.957746,0.131915,0.868085
17,A14_KC-135,0.299631983,204,32,9,0.957746,0.135593,0.864407
17,A14_KC-135,0.250449806,204,33,9,0.957746,0.139241,0.860759
17,A14_KC-135,0.242424563,204,34,9,0.957746,0.142857,0.857143
17,A14_KC-135,0.224798813,204,35,9,0.957746,0.146444,0.853556
17,A14_KC-135,0.213943586,204,36,9,0.957746,0.150000,0.850000
17,A14_KC-135,0.191066608,204,37,9,0.957746,0.153527,0.846473
17,A14_KC-135,0.185552418,204,38,9,0.957746,0.157025,0.842975
17,A14_KC-135,0.145257473,204,39,9,0.957746,0.160494,0.839506
17,A14_KC-135,0.141905829,205,39,8,0.962441,0.159836,0.840164
17,A14_KC-135,0.121869482,205,40,8,0.962441,0.163265,0.836735
17,A14_KC-135,0.121864915,205,41,8,0.962441,0.166667,0.833333
17,A14_KC-135,0.116509065,205,42,8,0.962441,0.170040,0.829960
17,A14_KC-135,0.112223841,205,43,8,0.962441,0.173387,0.826613
17,A14_KC-135,0.10975942,205,44,8,0.962441,0.176707,0.823293
17,A14_KC-135,0.0973616093,205,45,8,0.962441,0.180000,0.820000
17,A14_KC-135,0.0923618004,205,46,8,0.962441,0.183267,0.816733
17,A14_KC-135,0.091890581,205,47,8,0.962441,0.186508,0.813492
17,A14_KC-135,0.0897366107,205,48,8,0.962441,0.189723,0.810277
17,A14_KC-135,0.0892391503,205,49,8,0.962441,0.192913,0.807087
17,A14_KC-135,0.0805564821,206,49,7,0.967136,0.192157,0.807843
17,A14_KC-135,0.0801387131,206,50,7,0.967136,0.195312,0.804688
17,A14_KC-135,0.0786452889,206,51,7,0.967136,0.198444,0.801556
17,A14_KC-135,0.0770749524,206,52,7,0.967136,0.201550,0.798450
17,A14_KC-135,0.0699782819,206,53,7,0.967136,0.204633,0.795367
17,A14_KC-135,0.0693963543,206,54,7,0.967136,0.207692,0.792308
17,A14_KC-135,0.0684711337,206,55,7,0.967136,0.210728,0.789272
17,A14_KC-135,0.0683176145,206,56,7,0.967136,0.213740,0.786260
17,A14_KC-135,0.0663529858,206,57,7,0.967136,0.216730,0.783270
17,A14_KC-135,0.0656582341,207,57,6,0.971831,0.215909,0.784091
17,A14_KC-135,0.0556610562,207,58,6,0.971831,0.218868,0.781132
17,A14_KC-135,0.053254839,207,59,6,0.971831,0.221805,0.778195
17,A14_KC-135,0.0531863831,207,60,6,0.971831,0.224719,0.775281
17,A14_KC-135,0.0465786122,207,61,6,0.971831,0.227612,0.772388
17,A14_KC-135,0.0464335755,207,62,6,0.971831,0.230483,0.769517
17,A14_KC-135,0.0458430313,207,63,6,0.971831,0.233333,0.766667
17,A14_KC-135,0.0430406854,207,64,6,0.971831,0.236162,0.763838
17,A14_KC-135,0.0411909819,207,65,6,0.971831,0.238971,0.761029
17,A14_KC-135,0.0373094454,207,66,6,0.971831,0.241758,0.758242
17,A14_KC-135,0.0303964838,207,67,6,0.971831,0.244526,0.755474
17,A14_KC-135,0.0292642694,207,68,6,0.971831,0.247273,0.752727
17,A14_KC-135,0.0241238419,208,68,5,0.976526,0.246377,0.753623
17,A14_KC-135,0.0234629456,208,69,5,0.976526,0.249097,0.750903
17,A14_KC-135,0.0226052944,208,70,5,0.976526,0.251799,0.748201
17,A14_KC-135,0.0221134759,208,71,5,0.976526,0.254480,0.745520
17,A14_KC-135,0.0205781627,208,72,5,0.976526,0.257143,0.742857
17,A14_KC-135,0.0190699957,208,73,5,0.976526,0.259786,0.740214
17,A14_KC-135,0.018887626,208,74,5,0.976526,0.262411,0.737589
17,A14_KC-135,0.0188360475,208,75,5,0.976526,0.265018,0.734982
17,A14_KC-135,0.0171394851,208,76,5,0.976526,0.267606,0.732394
17,A14_KC-135,0.0167599674,208,77,5,0.976526,0.270175,0.729825
17,A14_KC-135,0.0160591956,208,78,5,0.976526,0.272727,0.727273
17,A14_KC-135,0.0134045063,208,79,5,0.976526,0.275261,0.724739
17,A14_KC-135,0.0133709358,208,80,5,0.976526,0.277778,0.722222
17,A14_KC-135,0.0130469669,208,81,5,0.976526,0.280277,0.719723
17,A14_KC-135,0.0130063631,208,82,5,0.976526,0.282759,0.717241
17,A14_KC-135,0.0125548784,208,83,5,0.976526,0.285223,0.714777
17,A14_KC-135,0.0120500633,208,84,5,0.976526,0.287671,0.712329
17,A14_KC-135,0.0107171293,208,85,5,0.976526,0.290102,0.709898
17,A14_KC-135,0.0102184424,208,86,5,0.976526,0.292517,0.707483
17,A14_KC-135,0.00978911854,208,87,5,0.976526,0.294915,0.705085
17,A14_KC-135,0.00945295393,209,87,4,0.981221,0.293919,0.706081
17,A14_KC-135,0.00899472088,209,88,4,0.981221,0.296296,0.703704
17,A14_KC-135,0.00895139575,209,89,4,0.981221,0.298658,0.701342
17,A14_KC-135,0.00882038753,209,90,4,0.981221,0.301003,0.698997
17,A14_KC-135,0.00876115821,209,91,4,0.981221,0.303333,0.696667
17,A14_KC-135,0.00875494909,209,92,4,0.981221,0.305648,0.694352
17,A14_KC-135,0.00857015792,209,93,4,0.981221,0.307947,0.692053
17,A14_KC-135,0.00834863074,209,94,4,0.981221,0.310231,0.689769
17,A14_KC-135,0.00833637267,209,95,4,0.981221,0.312500,0.687500
17,A14_KC-135,0.00827264506,209,96,4,0.981221,0.314754,0.685246
17,A14_KC-135,0.00813583098,209,97,4,0.981221,0.316993,0.683007
17,A14_KC-135,0.00772068696,209,98,4,0.981221,0.319218,0.680782
17,A14_KC-135,0.00761521375,209,99,4,0.981221,0.321429,0.678571
17,A14_KC-135,0.00697745476,209,100,4,0.981221,0.323625,0.676375
17,A14_KC-135,0.00691387942,209,101,4,0.981221,0.325806,0.674194
17,A14_KC-135,0.00684624305,209,102,4,0.981221,0.327974,0.672026
17,A14_KC-135,0.00659869844,209,103,4,0.981221,0.330128,0.669872
17,A14_KC-135,0.00649122102,209,104,4,0.981221,0.332268,0.667732
17,A14_KC-135,0.00626485422,209,105,4,0.981221,0.334395,0.665605
17,A14_KC-135,0.00603450043,209,106,4,0.981221,0.336508,0.663492
17,A14_KC-135,0.00597216049,209,107,4,0.981221,0.338608,0.661392
17,A14_KC-135,0.00589014636,209,108,4,0.981221,0.340694,0.659306
17,A14_KC-135,0.00583165884,209,109,4,0.981221,0.342767,0.657233
17,A14_KC-135,0.00575095695,209,110,4,0.981221,0.344828,0.655172
17,A14_KC-135,0.00572423171,209,111,4,0.981221,0.346875,0.653125
17,A14_KC-135,0.00564352889,209,112,4,0.981221,0.348910,0.651090
17,A14_KC-135,0.00557240564,209,113,4,0.981221,0.350932,0.649068
17,A14_KC-135,0.00539654028,209,114,4,0.981221,0.352941,0.647059
17,A14_KC-135,0.00535075832,209,115,4,0.981221,0.354938,0.645062
17,A14_KC-135,0.00531320088,209,116,4,0.981221,0.356923,0.643077
17,A14_KC-135,0.0052027707,209,117,4,0.981221,0.358896,0.641104
17,A14_KC-135,0.00516085047,209,118,4,0.981221,0.360856,0.639144
17,A14_KC-135,0.00515331933,209,119,4,0.981221,0.362805,0.637195
17,A14_KC-135,0.00514476094,209,120,4,0.981221,0.364742,0.635258
17,A14_KC-135,0.00496237492,209,121,4,0.981221,0.366667,0.633333
17,A14_KC-135,0.00494596828,209,122,4,0.981221,0.368580,0.631420
17,A14_KC-135,0.00489722611,209,123,4,0.981221,0.370482,0.629518
17,A14_KC-135,0.00477925548,209,124,4,0.981221,0.372372,0.627628
17,A14_KC-135,0.00477190875,209,125,4,0.981221,0.374251,0.625749
17,A14_KC-135,0.00474166498,209,126,4,0.981221,0.376119,0.623881
17,A14_KC-135,0.00469398405,209,127,4,0.981221,0.377976,0.622024
17,A14_KC-135,0.00462193554,209,128,4,0.981221,0.379822,0.620178
17,A14_KC-135,0.00461894926,209,129,4,0.981221,0.381657,0.618343
17,A14_KC-135,0.00448949542,209,130,4,0.981221,0.383481,0.616519
17,A14_KC-135,0.00444936287,209,131,4,0.981221,0.385294,0.614706
17,A14_KC-135,0.00442955783,209,132,4,0.981221,0.387097,0.612903
17,A14_KC-135,0.00433456805,209,133,4,0.981221,0.388889,0.611111
17,A14_KC-135,0.004249827,209,134,4,0.981221,0.390671,0.609329
17,A14_KC-135,0.00418337295,209,135,4,0.981221,0.392442,0.607558
17,A14_KC-135,0.00416102493,209,136,4,0.981221,0.394203,0.605797
17,A14_KC-135,0.00412916346,209,137,4,0.981221,0.395954,0.604046
17,A14_KC-135,0.00411795778,209,138,4,0.981221,0.397695,0.602305
17,A14_KC-135,0.00411714287,209,139,4,0.981221,0.399425,0.600575
17,A14_KC-135,0.00396398269,209,140,4,0.981221,0.401146,0.598854
17,A14_KC-135,0.00396268582,209,141,4,0.981221,0.402857,0.597143
17,A14_KC-135,0.00395704992,209,142,4,0.981221,0.404558,0.595442
17,A14_KC-135,0.00394511502,209,143,4,0.981221,0.406250,0.593750
17,A14_KC-135,0.00389374723,209,144,4,0.981221,0.407932,0.592068
17,A14_KC-135,0.00385338301,209,145,4,0.981221,0.409605,0.590395
17,A14_KC-135,0.00383154885,209,146,4,0.981221,0.411268,0.588732
17,A14_KC-135,0.00377976103,209,147,4,0.981221,0.412921,0.587079
17,A14_KC-135,0.0037276505,209,148,4,0.981221,0.414566,0.585434
17,A14_KC-135,0.00365346973,209,149,4,0.981221,0.416201,0.583799
17,A14_KC-135,0.00364382495,209,150,4,0.981221,0.417827,0.582173
17,A14_KC-135,0.00363170682,209,151,4,0.981221,0.419444,0.580556
17,A14_KC-135,0.00357403164,209,152,4,0.981221,0.421053,0.578947
17,A14_KC-135,0.00357110635,209,153,4,0.981221,0.422652,0.577348
17,A14_KC-135,0.00353434472,209,154,4,0.981221,0.424242,0.575758
17,A14_KC-135,0.00348883448,209,155,4,0.981221,0.425824,0.574176
17,A14_KC-135,0.00347179337,209,156,4,0.981221,0.427397,0.572603
17,A14_KC-135,0.00347159128,209,157,4,0.981221,0.428962,0.571038
17,A14_KC-135,0.00342186471,209,158,4,0.981221,0.430518,0.569482
17,A14_KC-135,0.00339375809,209,159,4,0.981221,0.432065,0.567935
17,A14_KC-135,0.00336965779,209,160,4,0.981221,0.433604,0.566396
17,A14_KC-135,0.00336168474,209,161,4,0.981221,0.435135,0.564865
17,A14_KC-135,0.00327219837,209,162,4,0.981221,0.436658,0.563342
17,A14_KC-135,0.00323771592,209,163,4,0.981221,0.438172,0.561828
17,A14_KC-135,0.00322263618,209,164,4,0.981221,0.439678,0.560322
17,A14_KC-135,0.0031990218,209,165,4,0.981221,0.441176,0.558824
17,A14_KC-135,0.00313644996,209,166,4,0.981221,0.442667,0.557333
17,A14_KC-135,0.00309739169,209,167,4,0.981221,0.444149,0.555851
17,A14_KC-135,0.00303816679,209,168,4,0.981221,0.445623,0.554377
17,A14_KC-135,0.00301295146,209,169,4,0.981221,0.447090,0.552910
17,A14_KC-135,0.00298895617,209,170,4,0.981221,0.448549,0.551451
17,A14_KC-135,0.00297445734,209,171,4,0.981221,0.450000,0.550000
17,A14_KC-135,0.00293606753,209,172,4,0.981221,0.451444,0.548556
17,A14_KC-135,0.00293476414,209,173,4,0.981221,0.452880,0.547120
17,A14_KC-135,0.00292951544,209,174,4,0.981221,0.454308,0.545692
17,A14_KC-135,0.0029124422,209,175,4,0.981221,0.455729,0.544271
17,A14_KC-135,0.00286167767,209,176,4,0.981221,0.457143,0.542857
17,A14_KC-135,0.00285999081,209,177,4,0.981221,0.458549,0.541451
17,A14_KC-135,0.00282439496,209,178,4,0.981221,0.459948,0.540052
17,A14_KC-135,0.00280942745,209,179,4,0.981221,0.461340,0.538660
17,A14_KC-135,0.00276836962,209,180,4,0.981221,0.462725,0.537275
17,A14_KC-135,0.00276569137,209,181,4,0.981221,0.464103,0.535897
17,A14_KC-135,0.0027598415,209,182,4,0.981221,0.465473,0.534527
17,A14_KC-135,0.00274759228,209,183,4,0.981221,0.466837,0.533163
17,A14_KC-135,0.00263998751,209,184,4,0.981221,0.468193,0.531807
17,A14_KC-135,0.00261260825,209,185,4,0.981221,0.469543,0.530457
17,A14_KC-135,0.00260085682,209,186,4,0.981221,0.470886,0.529114
17,A14_KC-135,0.00259906799,209,187,4,0.981221,0.472222,0.527778
17,A14_KC-135,0.00258921436,209,188,4,0.981221,0.473552,0.526448
17,A14_KC-135,0.002546289,209,189,4,0.981221,0.474874,0.525126
17,A14_KC-135,0.00253118761,209,190,4,0.981221,0.476190,0.523810
17,A14_KC-135,0.00248188945,209,191,4,0.981221,0.477500,0.522500
17,A14_KC-135,0.00244504609,209,192,4,0.981221,0.478803,0.521197
17,A14_KC-135,0.00236880593,209,193,4,0.981221,0.480100,0.519900
17,A14_KC-135,0.00236795354,209,194,4,0.981221,0.481390,0.518610
17,A14_KC-135,0.00235155784,209,195,4,0.981221,0.482673,0.517327
17,A14_KC-135,0.0023469876,209,196,4,0.981221,0.483951,0.516049
17,A14_KC-135,0.00230114418,209,197,4,0.981221,0.485222,0.514778
17,A14_KC-135,0.00225428049,209,198,4,0.981221,0.486486,0.513514
17,A14_KC-135,0.00223855185,209,199,4,0.981221,0.487745,0.512255
17,A14_KC-135,0.0022358303,209,200,4,0.981221,0.488998,0.511002
17,A14_KC-135,0.00223397627,209,201,4,0.981221,0.490244,0.509756
17,A14_KC-135,0.00222362857,209,202,4,0.981221,0.491484,0.508516
17,A14_KC-135,0.00220304262,209,203,4,0.981221,0.492718,0.507282
17,A14_KC-135,0.00218934542,209,204,4,0.981221,0.493947,0.506053
17,A14_KC-135,0.00218546833,209,205,4,0.981221,0.495169,0.504831
17,A14_KC-135,0.00216850289,209,206,4,0.981221,0.496386,0.503614
17,A14_KC-135,0.00216272613,209,207,4,0.981221,0.497596,0.502404
17,A14_KC-135,0.00212441408,209,208,4,0.981221,0.498801,0.501199
17,A14_KC-135,0.00212252652,209,209,4,0.981221,0.500000,0.500000
17,A14_KC-135,0.0020809432,209,210,4,0.981221,0.501193,0.498807
17,A14_KC-135,0.00207407773,209,211,4,0.981221,0.502381,0.497619
17,A14_KC-135,0.00207246328,209,212,4,0.981221,0.503563,0.496437
17,A14_KC-135,0.00206917711,209,213,4,0.981221,0.504739,0.495261
17,A14_KC-135,0.00206029019,209,214,4,0.981221,0.505910,0.494090
17,A14_KC-135,0.00205770857,209,215,4,0.981221,0.507075,0.492925
17,A14_KC-135,0.002041145,209,216,4,0.981221,0.508235,0.491765
17,A14_KC-135,0.0020407855,209,217,4,0.981221,0.509390,0.490610
17,A14_KC-135,0.00200599968,209,218,4,0.981221,0.510539,0.489461
17,A14_KC-135,0.00200064387,209,219,4,0.981221,0.511682,0.488318
17,A14_KC-135,0.00196378282,209,220,4,0.981221,0.512821,0.487179
17,A14_KC-135,0.00195813971,209,221,4,0.981221,0.513953,0.486047
17,A14_KC-135,0.00194554741,209,222,4,0.981221,0.515081,0.484919
17,A14_KC-135,0.0019433063,209,223,4,0.981221,0.516204,0.483796
17,A14_KC-135,0.00192813296,209,224,4,0.981221,0.517321,0.482679
17,A14_KC-135,0.00191588909,209,225,4,0.981221,0.518433,0.481567
17,A14_KC-135,0.00190464593,209,226,4,0.981221,0.519540,0.480460
17,A14_KC-135,0.00184619578,209,227,4,0.981221,0.520642,0.479358
17,A14_KC-135,0.00183856534,209,228,4,0.981221,0.521739,0.478261
17,A14_KC-135,0.00181057886,209,229,4,0.981221,0.522831,0.477169
17,A14_KC-135,0.0018061396,209,230,4,0.981221,0.523918,0.476082
17,A14_KC-135,0.00179835374,209,231,4,0.981221,0.525000,0.475000
17,A14_KC-135,0.00178860023,209,232,4,0.981221,0.526077,0.473923
17,A14_KC-135,0.00178568007,209,233,4,0.981221,0.527149,0.472851
17,A14_KC-135,0.0017821762,209,234,4,0.981221,0.528217,0.471783
17,A14_KC-135,0.00176975771,209,235,4,0.981221,0.529279,0.470721
17,A14_KC-135,0.0017492515,209,236,4,0.981221,0.530337,0.469663
17,A14_KC-135,0.00173576281,209,237,4,0.981221,0.531390,0.468610
17,A14_KC-135,0.00173273648,209,238,4,0.981221,0.532438,0.467562
17,A14_KC-135,0.00171664986,209,239,4,0.981221,0.533482,0.466518
17,A14_KC-135,0.00171560666,209,240,4,0.981221,0.534521,0.465479
17,A14_KC-135,0.00170958799,209,241,4,0.981221,0.535556,0.464444
17,A14_KC-135,0.00168965489,209,242,4,0.981221,0.536585,0.463415
17,A14_KC-135,0.00167723419,209,243,4,0.981221,0.537611,0.462389
17,A14_KC-135,0.00166712014,209,244,4,0.981221,0.538631,0.461369
17,A14_KC-135,0.00165917864,209,245,4,0.981221,0.539648,0.460352
17,A14_KC-135,0.00165839959,209,246,4,0.981221,0.540659,0.459341
17,A14_KC-135,0.00163608906,209,247,4,0.981221,0.541667,0.458333
17,A14_KC-135,0.00161683571,209,248,4,0.981221,0.542670,0.457330
17,A14_KC-135,0.00160883181,209,249,4,0.981221,0.543668,0.456332
17,A14_KC-135,0.00159954838,209,250,4,0.981221,0.544662,0.455338
17,A14_KC-135,0.00159272435,209,251,4,0.981221,0.545652,0.454348
17,A14_KC-135,0.00159107416,209,252,4,0.981221,0.546638,0.453362
17,A14_KC-135,0.00158725923,209,253,4,0.981221,0.547619,0.452381
17,A14_KC-135,0.00157942413,209,254,4,0.981221,0.548596,0.451404
17,A14_KC-135,0.00156595558,209,255,4,0.981221,0.549569,0.450431
17,A14_KC-135,0.00155044987,209,256,4,0.981221,0.550538,0.449462
17,A14_KC-135,0.00155037863,209,257,4,0.981221,0.551502,0.448498
17,A14_KC-135,0.00153132784,209,258,4,0.981221,0.552463,0.447537
17,A14_KC-135,0.00152371533,209,259,4,0.981221,0.553419,0.446581
17,A14_KC-135,0.00152043381,209,260,4,0.981221,0.554371,0.445629
17,A14_KC-135,0.00150463101,209,261,4,0.981221,0.555319,0.444681
17,A14_KC-135,0.00150213158,209,262,4,0.981221,0.556263,0.443737
17,A14_KC-135,0.0014964788,209,263,4,0.981221,0.557203,0.442797
17,A14_KC-135,0.00148589781,209,264,4,0.981221,0.558140,0.441860
17,A14_KC-135,0.00146812061,209,265,4,0.981221,0.559072,0.440928
17,A14_KC-135,0.00144147198,209,266,4,0.981221,0.560000,0.440000
17,A14_KC-135,0.00143723888,209,267,4,0.981221,0.560924,0.439076
17,A14_KC-135,0.00143618009,209,268,4,0.981221,0.561845,0.438155
17,A14_KC-135,0.00141591311,209,269,4,0.981221,0.562762,0.437238
17,A14_KC-135,0.00141516409,209,270,4,0.981221,0.563674,0.436326
17,A14_KC-135,0.00140072254,209,271,4,0.981221,0.564583,0.435417
17,A14_KC-135,0.00139688526,209,272,4,0.981221,0.565489,0.434511
17,A14_KC-135,0.00136040268,209,273,4,0.981221,0.566390,0.433610
17,A14_KC-135,0.00135511055,209,274,4,0.981221,0.567288,0.432712
17,A14_KC-135,0.00135173067,209,275,4,0.981221,0.568182,0.431818
17,A14_KC-135,0.00135159283,209,276,4,0.981221,0.569072,0.430928
17,A14_KC-135,0.00134693913,209,277,4,0.981221,0.569959,0.430041
17,A14_KC-135,0.0013288029,209,278,4,0.981221,0.570842,0.429158
17,A14_KC-135,0.00130808051,209,279,4,0.981221,0.571721,0.428279
17,A14_KC-135,0.00130726746,209,280,4,0.981221,0.572597,0.427403
17,A14_KC-135,0.00130032655,209,281,4,0.981221,0.573469,0.426531
17,A14_KC-135,0.00129746506,209,282,4,0.981221,0.574338,0.425662
17,A14_KC-135,0.00129602023,209,283,4,0.981221,0.575203,0.424797
17,A14_KC-135,0.00128732284,209,284,4,0.981221,0.576065,0.423935
17,A14_KC-135,0.0012787208,209,285,4,0.981221,0.576923,0.423077
17,A14_KC-135,0.00126277131,209,286,4,0.981221,0.577778,0.422222
17,A14_KC-135,0.00124643208,209,287,4,0.981221,0.578629,0.421371
17,A14_KC-135,0.00124135707,209,288,4,0.981221,0.579477,0.420523
17,A14_KC-135,0.00123582175,209,289,4,0.981221,0.580321,0.419679
17,A14_KC-135,0.00123502442,209,290,4,0.981221,0.581162,0.418838
17,A14_KC-135,0.00123264408,209,291,4,0.981221,0.582000,0.418000
17,A14_KC-135,0.00123250578,209,292,4,0.981221,0.582834,0.417166
17,A14_KC-135,0.00123202452,209,293,4,0.981221,0.583665,0.416335
17,A14_KC-135,0.00122924487,209,294,4,0.981221,0.584493,0.415507
17,A14_KC-135,0.00121200038,209,295,4,0.981221,0.585317,0.414683
17,A14_KC-135,0.0012107318,209,296,4,0.981221,0.586139,0.413861
17,A14_KC-135,0.00120908872,209,297,4,0.981221,0.586957,0.413043
17,A14_KC-135,0.00120694097,209,298,4,0.981221,0.587771,0.412229
17,A14_KC-135,0.00120387587,209,299,4,0.981221,0.588583,0.411417
17,A14_KC-135,0.00120121078,209,300,4,0.981221,0.589391,0.410609
17,A14_KC-135,0.00119255076,209,301,4,0.981221,0.590196,0.409804
17,A14_KC-135,0.00118186837,209,302,4,0.981221,0.590998,0.409002
17,A14_KC-135,0.0011798921,209,303,4,0.981221,0.591797,0.408203
17,A14_KC-135,0.00117982773,209,304,4,0.981221,0.592593,0.407407
17,A14_KC-135,0.00116939633,209,305,4,0.981221,0.593385,0.406615
17,A14_KC-135,0.00116595859,209,306,4,0.981221,0.594175,0.405825
17,A14_KC-135,0.00115127384,209,307,4,0.981221,0.594961,0.405039
17,A14_KC-135,0.00115041446,209,308,4,0.981221,0.595745,0.404255
17,A14_KC-135,0.00113842555,209,309,4,0.981221,0.596525,0.403475
17,A14_KC-135,0.0011283732,209,310,4,0.981221,0.597303,0.402697
17,A14_KC-135,0.00112182507,209,311,4,0.981221,0.598077,0.401923
17,A14_KC-135,0.00110415684,209,312,4,0.981221,0.598848,0.401152
17,A14_KC-135,0.00109164964,209,313,4,0.981221,0.599617,0.400383
17,A14_KC-135,0.00108017318,209,314,4,0.981221,0.600382,0.399618
17,A14_KC-135,0.0010785854,209,315,4,0.981221,0.601145,0.398855
17,A14_KC-135,0.00106752035,209,316,4,0.981221,0.601905,0.398095
17,A14_KC-135,0.00106660556,209,317,4,0.981221,0.602662,0.397338
17,A14_KC-135,0.00105954031,209,318,4,0.981221,0.603416,0.396584
17,A14_KC-135,0.0010571474,209,319,4,0.981221,0.604167,0.395833
17,A14_KC-135,0.00105641235,209,320,4,0.981221,0.604915,0.395085
17,A14_KC-135,0.00105281256,209,321,4,0.981221,0.605660,0.394340
17,A14_KC-135,0.00104859273,209,322,4,0.981221,0.606403,0.393597
17,A14_KC-135,0.0010473571,209,323,4,0.981221,0.607143,0.392857
17,A14_KC-135,0.00104692241,209,324,4,0.981221,0.607880,0.392120
17,A14_KC-135,0.0010368845,209,325,4,0.981221,0.608614,0.391386
17,A14_KC-135,0.00103128364,209,326,4,0.981221,0.609346,0.390654
17,A14_KC-135,0.00102659152,209,327,4,0.981221,0.610075,0.389925
17,A14_KC-135,0.00101669389,209,328,4,0.981221,0.610801,0.389199
17,A14_KC-135,0.00101624196,209,329,4,0.981221,0.611524,0.388476
17,A14_KC-135,0.00101038127,209,330,4,0.981221,0.612245,0.387755
17,A14_KC-135,0.00100152951,209,331,4,0.981221,0.612963,0.387037
17,A14_KC-135,0.00100123521,209,332,4,0.981221,0.613678,0.386322
17,A14_KC-135,0.00100092904,209,333,4,0.981221,0.614391,0.385609
18,A15_F-22,0.999836564,0,0,42,0.000000,0.000000,0.000000
18,A15_F-22,0.999836564,1,0,41,0.023810,0.000000,1.000000
18,A15_F-22,0.999835253,2,0,40,0.047619,0.000000,1.000000
18,A15_F-22,0.999790132,3,0,39,0.071429,0.000000,1.000000
18,A15_F-22,0.999784887,4,0,38,0.095238,0.000000,1.000000
18,A15_F-22,0.999763906,5,0,37,0.119048,0.000000,1.000000
18,A15_F-22,0.999734581,6,0,36,0.142857,0.000000,1.000000
18,A15_F-22,0.999733269,7,0,35,0.166667,0.000000,1.000000
18,A15_F-22,0.999724209,8,0,34,0.190476,0.000000,1.000000
18,A15_F-22,0.99957329,9,0,33,0.214286,0.000000,1.000000
18,A15_F-22,0.999510288,10,0,32,0.238095,0.000000,1.000000
18,A15_F-22,0.999476016,11,0,31,0.261905,0.000000,1.000000
18,A15_F-22,0.999377072,12,0,30,0.285714,0.000000,1.000000
18,A15_F-22,0.999352753,13,0,29,0.309524,0.000000,1.000000
18,A15_F-22,0.999300599,14,0,28,0.333333,0.000000,1.000000
18,A15_F-22,0.999051034,15,0,27,0.357143,0.000000,1.000000
18,A15_F-22,0.999037266,16,0,26,0.380952,0.000000,1.000000
18,A15_F-22,0.999002397,17,0,25,0.404762,0.000000,1.000000
18,A15_F-22,0.998965383,18,0,24,0.428571,0.000000,1.000000
18,A15_F-22,0.998892844,19,0,23,0.452381,0.000000,1.000000
18,A15_F-22,0.998737156,20,0,22,0.476190,0.000000,1.000000
18,A15_F-22,0.998713493,21,0,21,0.500000,0.000000,1.000000
18,A15_F-22,0.998258054,22,0,20,0.523810,0.000000,1.000000
18,A15_F-22,0.998180151,23,0,19,0.547619,0.000000,1.000000
18,A15_F-22,0.997794151,24,0,18,0.571429,0.000000,1.000000
18,A15_F-22,0.996704996,25,0,17,0.595238,0.000000,1.000000
18,A15_F-22,0.996583164,26,0,16,0.619048,0.000000,1.000000
18,A15_F-22,0.99537009,27,0,15,0.642857,0.000000,1.000000
18,A15_F-22,0.99430263,28,0,14,0.666667,0.000000,1.000000
18,A15_F-22,0.990914822,29,0,13,0.690476,0.000000,1.000000
18,A15_F-22,0.978480339,30,0,12,0.714286,0.000000,1.000000
18,A15_F-22,0.975586414,31,0,11,0.738095,0.000000,1.000000
18,A15_F-22,0.969688237,32,0,10,0.761905,0.000000,1.000000
18,A15_F-22,0.950220346,33,0,9,0.785714,0.000000,1.000000
18,A15_F-22,0.857536316,34,0,8,0.809524,0.000000,1.000000
18,A15_F-22,0.740038514,35,0,7,0.833333,0.000000,1.000000
18,A15_F-22,0.45950371,36,0,6,0.857143,0.000000,1.000000
18,A15_F-22,0.404736459,37,0,5,0.880952,0.000000,1.000000
18,A15_F-22,0.397538662,38,0,4,0.904762,0.000000,1.000000
18,A15_F-22,0.333161205,39,0,3,0.928571,0.000000,1.000000
18,A15_F-22,0.197880104,39,1,3,0.928571,0.025000,0.975000
18,A15_F-22,0.102533191,39,2,3,0.928571,0.048780,0.951220
18,A15_F-22,0.0858714804,39,3,3,0.928571,0.071429,0.928571
18,A15_F-22,0.084518902,39,4,3,0.928571,0.093023,0.906977
18,A15_F-22,0.0808545202,39,5,3,0.928571,0.113636,0.886364
18,A15_F-22,0.0739465877,39,6,3,0.928571,0.133333,0.866667
18,A15_F-22,0.0729638338,39,7,3,0.928571,0.152174,0.847826
18,A15_F-22,0.0689167976,39,8,3,0.928571,0.170213,0.829787
18,A15_F-22,0.0528212711,40,8,2,0.952381,0.166667,0.833333
18,A15_F-22,0.0414683148,40,9,2,0.952381,0.183673,0.816327
18,A15_F-22,0.0393672548,40,10,2,0.952381,0.200000,0.800000
18,A15_F-22,0.0372765772,40,11,2,0.952381,0.215686,0.784314
18,A15_F-22,0.0360427685,40,12,2,0.952381,0.230769,0.769231
18,A15_F-22,0.0314162821,40,13,2,0.952381,0.245283,0.754717
18,A15_F-22,0.030935118,40,14,2,0.952381,0.259259,0.740741
18,A15_F-22,0.030844247,40,15,2,0.952381,0.272727,0.727273
18,A15_F-22,0.030838497,40,16,2,0.952381,0.285714,0.714286
18,A15_F-22,0.0305203293,40,17,2,0.952381,0.298246,0.701754
18,A15_F-22,0.0298800673,40,18,2,0.952381,0.310345,0.689655
18,A15_F-22,0.0289456882,40,19,2,0.952381,0.322034,0.677966
18,A15_F-22,0.0254782327,40,20,2,0.952381,0.333333,0.666667
18,A15_F-22,0.022803301,40,21,2,0.952381,0.344262,0.655738
18,A15_F-22,0.0219480041,40,22,2,0.952381,0.354839,0.645161
18,A15_F-22,0.0219034273,40,23,2,0.952381,0.365079,0.634921
18,A15_F-22,0.0186105352,40,24,2,0.952381,0.375000,0.625000
18,A15_F-22,0.0154722994,40,25,2,0.952381,0.384615,0.615385
18,A15_F-22,0.015463721,40,26,2,0.952381,0.393939,0.606061
18,A15_F-22,0.0153175779,40,27,2,0.952381,0.402985,0.597015
18,A15_F-22,0.0151107879,40,28,2,0.952381,0.411765,0.588235
18,A15_F-22,0.0149777634,40,29,2,0.952381,0.420290,0.579710
18,A15_F-22,0.0145520177,40,30,2,0.952381,0.428571,0.571429
18,A15_F-22,0.014165177,40,31,2,0.952381,0.436620,0.563380
18,A15_F-22,0.0140594635,40,32,2,0.952381,0.444444,0.555556
18,A15_F-22,0.0138977952,40,33,2,0.952381,0.452055,0.547945
18,A15_F-22,0.0130184395,40,34,2,0.952381,0.459459,0.540541
18,A15_F-22,0.012655274,40,35,2,0.952381,0.466667,0.533333
18,A15_F-22,0.0122074056,40,36,2,0.952381,0.473684,0.526316
18,A15_F-22,0.0121346163,40,37,2,0.952381,0.480519,0.519481
18,A15_F-22,0.0119555527,40,38,2,0.952381,0.487179,0.512821
18,A15_F-22,0.0115437275,40,39,2,0.952381,0.493671,0.506329
18,A15_F-22,0.0114055471,40,40,2,0.952381,0.500000,0.500000
18,A15_F-22,0.0110942861,40,41,2,0.952381,0.506173,0.493827
18,A15_F-22,0.0102612376,40,42,2,0.952381,0.512195,0.487805
18,A15_F-22,0.0101745473,40,43,2,0.952381,0.518072,0.481928
18,A15_F-22,0.00958793331,40,44,2,0.952381,0.523810,0.476190
18,A15_F-22,0.00885120593,40,45,2,0.952381,0.529412,0.470588
18,A15_F-22,0.00874619093,40,46,2,0.952381,0.534884,0.465116
18,A15_F-22,0.00857232325,40,47,2,0.952381,0.540230,0.459770
18,A15_F-22,0.00813981425,40,48,2,0.952381,0.545455,0.454545
18,A15_F-22,0.00786968134,40,49,2,0.952381,0.550562,0.449438
18,A15_F-22,0.00767309964,40,50,2,0.952381,0.555556,0.444444
18,A15_F-22,0.00755622704,40,51,2,0.952381,0.560440,0.439560
18,A15_F-22,0.00732965069,40,52,2,0.952381,0.565217,0.434783
18,A15_F-22,0.00658850698,40,53,2,0.952381,0.569892,0.430108
18,A15_F-22,0.00656788237,40,54,2,0.952381,0.574468,0.425532
18,A15_F-22,0.00654935511,40,55,2,0.952381,0.578947,0.421053
18,A15_F-22,0.00648737932,40,56,2,0.952381,0.583333,0.416667
18,A15_F-22,0.00630833581,40,57,2,0.952381,0.587629,0.412371
18,A15_F-22,0.00623627659,40,58,2,0.952381,0.591837,0.408163
18,A15_F-22,0.00617849454,40,59,2,0.952381,0.595960,0.404040
18,A15_F-22,0.00607792661,40,60,2,0.952381,0.600000,0.400000
18,A15_F-22,0.00589110097,40,61,2,0.952381,0.603960,0.396040
18,A15_F-22,0.00573435565,40,62,2,0.952381,0.607843,0.392157
18,A15_F-22,0.00568246236,40,63,2,0.952381,0.611650,0.388350
18,A15_F-22,0.00559246866,40,64,2,0.952381,0.615385,0.384615
18,A15_F-22,0.00540014589,40,65,2,0.952381,0.619048,0.380952
18,A15_F-22,0.00509227859,40,66,2,0.952381,0.622642,0.377358
18,A15_F-22,0.00452876044,40,67,2,0.952381,0.626168,0.373832
18,A15_F-22,0.00448291237,40,68,2,0.952381,0.629630,0.370370
18,A15_F-22,0.00442225533,40,69,2,0.952381,0.633028,0.366972
18,A15_F-22,0.00436721696,40,70,2,0.952381,0.636364,0.363636
18,A15_F-22,0.00426409487,40,71,2,0.952381,0.639640,0.360360
18,A15_F-22,0.00424320018,40,72,2,0.952381,0.642857,0.357143
18,A15_F-22,0.00396494288,40,73,2,0.952381,0.646018,0.353982
18,A15_F-22,0.0039064684,40,74,2,0.952381,0.649123,0.350877
18,A15_F-22,0.00379189965,40,75,2,0.952381,0.652174,0.347826
18,A15_F-22,0.00377391069,40,76,2,0.952381,0.655172,0.344828
18,A15_F-22,0.00376705639,40,77,2,0.952381,0.658120,0.341880
18,A15_F-22,0.00372649473,40,78,2,0.952381,0.661017,0.338983
18,A15_F-22,0.00362863811,40,79,2,0.952381,0.663866,0.336134
18,A15_F-22,0.00355267129,40,80,2,0.952381,0.666667,0.333333
18,A15_F-22,0.00326634105,40,81,2,0.952381,0.669421,0.330579
18,A15_F-22,0.00326162437,40,82,2,0.952381,0.672131,0.327869
18,A15_F-22,0.00324263307,40,83,2,0.952381,0.674797,0.325203
18,A15_F-22,0.00314854155,40,84,2,0.952381,0.677419,0.322581
18,A15_F-22,0.00308931503,40,85,2,0.952381,0.680000,0.320000
18,A15_F-22,0.00305424375,40,86,2,0.952381,0.682540,0.317460
18,A15_F-22,0.00303159677,40,87,2,0.952381,0.685039,0.314961
18,A15_F-22,0.00297371647,40,88,2,0.952381,0.687500,0.312500
18,A15_F-22,0.00281402119,40,89,2,0.952381,0.689922,0.310078
18,A15_F-22,0.0027564948,40,90,2,0.952381,0.692308,0.307692
18,A15_F-22,0.00269190338,40,91,2,0.952381,0.694656,0.305344
18,A15_F-22,0.00268572615,40,92,2,0.952381,0.696970,0.303030
18,A15_F-22,0.00268420903,40,93,2,0.952381,0.699248,0.300752
18,A15_F-22,0.00268373056,40,94,2,0.952381,0.701493,0.298507
18,A15_F-22,0.00264790282,40,95,2,0.952381,0.703704,0.296296
18,A15_F-22,0.00251909578,40,96,2,0.952381,0.705882,0.294118
18,A15_F-22,0.00250926684,40,97,2,0.952381,0.708029,0.291971
18,A15_F-22,0.00250033755,41,97,1,0.976190,0.702899,0.297101
18,A15_F-22,0.00249357102,41,98,1,0.976190,0.705036,0.294964
18,A15_F-22,0.00241882261,41,99,1,0.976190,0.707143,0.292857
18,A15_F-22,0.00240019173,41,100,1,0.976190,0.709220,0.290780
18,A15_F-22,0.00236010947,41,101,1,0.976190,0.711268,0.288732
18,A15_F-22,0.00235353736,41,102,1,0.976190,0.713287,0.286713
18,A15_F-22,0.00228762929,41,103,1,0.976190,0.715278,0.284722
18,A15_F-22,0.00224924227,41,104,1,0.976190,0.717241,0.282759
18,A15_F-22,0.00223110849,41,105,1,0.976190,0.719178,0.280822
18,A15_F-22,0.00221980014,41,106,1,0.976190,0.721088,0.278912
18,A15_F-22,0.0021048726,41,107,1,0.976190,0.722973,0.277027
18,A15_F-22,0.00208405056,41,108,1,0.976190,0.724832,0.275168
18,A15_F-22,0.00202557445,41,109,1,0.976190,0.726667,0.273333
18,A15_F-22,0.00200660131,41,110,1,0.976190,0.728477,0.271523
18,A15_F-22,0.00198083231,41,111,1,0.976190,0.730263,0.269737
18,A15_F-22,0.00196591881,42,111,0,1.000000,0.725490,0.274510
18,A15_F-22,0.00195046968,42,112,0,1.000000,0.727273,0.272727
18,A15_F-22,0.00192956405,42,113,0,1.000000,0.729032,0.270968
18,A15_F-22,0.00189159147,42,114,0,1.000000,0.730769,0.269231
18,A15_F-22,0.00189050974,42,115,0,1.000000,0.732484,0.267516
18,A15_F-22,0.0018823141,42,116,0,1.000000,0.734177,0.265823
18,A15_F-22,0.00188189873,42,117,0,1.000000,0.735849,0.264151
18,A15_F-22,0.00187857903,42,118,0,1.000000,0.737500,0.262500
18,A15_F-22,0.00177484448,42,119,0,1.000000,0.739130,0.260870
18,A15_F-22,0.00174585776,42,120,0,1.000000,0.740741,0.259259
18,A15_F-22,0.00173966261,42,121,0,1.000000,0.742331,0.257669
18,A15_F-22,0.00171266869,42,122,0,1.000000,0.743902,0.256098
18,A15_F-22,0.00169354538,42,123,0,1.000000,0.745455,0.254545
18,A15_F-22,0.00168989215,42,124,0,1.000000,0.746988,0.253012
18,A15_F-22,0.0015854222,42,125,0,1.000000,0.748503,0.251497
18,A15_F-22,0.0015852889,42,126,0,1.000000,0.750000,0.250000
18,A15_F-22,0.00154048018,42,127,0,1.000000,0.751479,0.248521
18,A15_F-22,0.0015386903,42,128,0,1.000000,0.752941,0.247059
18,A15_F-22,0.00153252855,42,129,0,1.000000,0.754386,0.245614
18,A15_F-22,0.00152361102,42,130,0,1.000000,0.755814,0.244186
18,A15_F-22,0.00150121853,42,131,0,1.000000,0.757225,0.242775
18,A15_F-22,0.00148385344,42,132,0,1.000000,0.758621,0.241379
18,A15_F-22,0.00145589001,42,133,0,1.000000,0.760000,0.240000
18,A15_F-22,0.00143125444,42,134,0,1.000000,0.761364,0.238636
18,A15_F-22,0.00142428908,42,135,0,1.000000,0.762712,0.237288
18,A15_F-22,0.00142364216,42,136,0,1.000000,0.764045,0.235955
18,A15_F-22,0.00142167031,42,137,0,1.000000,0.765363,0.234637
18,A15_F-22,0.00141476211,42,138,0,1.000000,0.766667,0.233333
18,A15_F-22,0.00141048152,42,139,0,1.000000,0.767956,0.232044
18,A15_F-22,0.0014006386,42,140,0,1.000000,0.769231,0.230769
18,A15_F-22,0.00138282788,42,141,0,1.000000,0.770492,0.229508
18,A15_F-22,0.00137115235,42,142,0,1.000000,0.771739,0.228261
18,A15_F-22,0.00137068646,42,143,0,1.000000,0.772973,0.227027
18,A15_F-22,0.00131252583,42,144,0,1.000000,0.774194,0.225806
18,A15_F-22,0.00130153634,42,145,0,1.000000,0.775401,0.224599
18,A15_F-22,0.00125822122,42,146,0,1.000000,0.776596,0.223404
18,A15_F-22,0.00125623413,42,147,0,1.000000,0.777778,0.222222
18,A15_F-22,0.001240546,42,148,0,1.000000,0.778947,0.221053
18,A15_F-22,0.00120725832,42,149,0,1.000000,0.780105,0.219895
18,A15_F-22,0.00120355794,42,150,0,1.000000,0.781250,0.218750
18,A15_F-22,0.00118475698,42,151,0,1.000000,0.782383,0.217617
18,A15_F-22,0.00116425217,42,152,0,1.000000,0.783505,0.216495
18,A15_F-22,0.00115974096,42,153,0,1.000000,0.784615,0.215385
18,A15_F-22,0.00114435225,42,154,0,1.000000,0.785714,0.214286
18,A15_F-22,0.00113422412,42,155,0,1.000000,0.786802,0.213198
18,A15_F-22,0.0011169049,42,156,0,1.000000,0.787879,0.212121
18,A15_F-22,0.00109265721,42,157,0,1.000000,0.788945,0.211055
18,A15_F-22,0.00106738484,42,158,0,1.000000,0.790000,0.210000
18,A15_F-22,0.001049435,42,159,0,1.000000,0.791045,0.208955
18,A15_F-22,0.00101612636,42,160,0,1.000000,0.792079,0.207921
18,A15_F-22,0.0010156401,42,161,0,1.000000,0.793103,0.206897
18,A15_F-22,0.00100687565,42,162,0,1.000000,0.794118,0.205882
18,A15_F-22,0.00100373174,42,163,0,1.000000,0.795122,0.204878
18,A15_F-22,0.00100127223,42,164,0,1.000000,0.796117,0.203883
19,A16_FA-18,0.999941587,0,0,235,0.000000,0.000000,0.000000
19,A16_FA-18,0.999941587,1,0,234,0.004255,0.000000,1.000000
19,A16_FA-18,0.999928594,2,0,233,0.008511,0.000000,1.000000
19,A16_FA-18,0.999923348,3,0,232,0.012766,0.000000,1.000000
19,A16_FA-18,0.999922633,4,0,231,0.017021,0.000000,1.000000
19,A16_FA-18,0.999921799,5,0,230,0.021277,0.000000,1.000000
19,A16_FA-18,0.999917865,6,0,229,0.025532,0.000000,1.000000
19,A16_FA-18,0.99991405,7,0,228,0.029787,0.000000,1.000000
19,A16_FA-18,0.9999125,8,0,227,0.034043,0.000000,1.000000
19,A16_FA-18,0.999905467,9,0,226,0.038298,0.000000,1.000000
19,A16_FA-18,0.999903202,10,0,225,0.042553,0.000000,1.000000
19,A16_FA-18,0.999901056,11,0,224,0.046809,0.000000,1.000000
19,A16_FA-18,0.999899387,12,0,223,0.051064,0.000000,1.000000
19,A16_FA-18,0.999890685,13,0,222,0.055319,0.000000,1.000000
19,A16_FA-18,0.99988997,14,0,221,0.059574,0.000000,1.000000
19,A16_FA-18,0.999888539,15,0,220,0.063830,0.000000,1.000000
19,A16_FA-18,0.999888301,16,0,219,0.068085,0.000000,1.000000
19,A16_FA-18,0.999885678,17,0,218,0.072340,0.000000,1.000000
19,A16_FA-18,0.99988091,18,0,217,0.076596,0.000000,1.000000
19,A16_FA-18,0.999880791,19,0,216,0.080851,0.000000,1.000000
19,A16_FA-18,0.999879003,20,0,215,0.085106,0.000000,1.000000
19,A16_FA-18,0.999878764,21,0,214,0.089362,0.000000,1.000000
19,A16_FA-18,0.999875426,22,0,213,0.093617,0.000000,1.000000
19,A16_FA-18,0.999873757,23,0,212,0.097872,0.000000,1.000000
19,A16_FA-18,0.999872804,24,0,211,0.102128,0.000000,1.000000
19,A16_FA-18,0.999872208,25,0,210,0.106383,0.000000,1.000000
19,A16_FA-18,0.999869227,26,0,209,0.110638,0.000000,1.000000
19,A16_FA-18,0.999868989,27,0,208,0.114894,0.000000,1.000000
19,A16_FA-18,0.999868393,28,0,207,0.119149,0.000000,1.000000
19,A16_FA-18,0.999859333,29,0,206,0.123404,0.000000,1.000000
19,A16_FA-18,0.999859095,30,0,205,0.127660,0.000000,1.000000
19,A16_FA-18,0.999857664,31,0,204,0.131915,0.000000,1.000000
19,A16_FA-18,0.999855757,32,0,203,0.136170,0.000000,1.000000
19,A16_FA-18,0.999854803,33,0,202,0.140426,0.000000,1.000000
19,A16_FA-18,0.999848843,34,0,201,0.144681,0.000000,1.000000
19,A16_FA-18,0.999846101,35,0,200,0.148936,0.000000,1.000000
19,A16_FA-18,0.999845743,36,0,199,0.153191,0.000000,1.000000
19,A16_FA-18,0.999843121,38,0,197,0.161702,0.000000,1.000000
19,A16_FA-18,0.999842763,39,0,196,0.165957,0.000000,1.000000
19,A16_FA-18,0.999842644,40,0,195,0.170213,0.000000,1.000000
19,A16_FA-18,0.999840975,41,0,194,0.174468,0.000000,1.000000
19,A16_FA-18,0.999837279,42,0,193,0.178723,0.000000,1.000000
19,A16_FA-18,0.999836922,43,0,192,0.182979,0.000000,1.000000
19,A16_FA-18,0.999835968,44,0,191,0.187234,0.000000,1.000000
19,A16_FA-18,0.999834299,45,0,190,0.191489,0.000000,1.000000
19,A16_FA-18,0.999832988,46,0,189,0.195745,0.000000,1.000000
19,A16_FA-18,0.999831796,47,0,188,0.200000,0.000000,1.000000
19,A16_FA-18,0.999831557,48,0,187,0.204255,0.000000,1.000000
19,A16_FA-18,0.999829173,49,0,186,0.208511,0.000000,1.000000
19,A16_FA-18,0.999826491,50,0,185,0.212766,0.000000,1.000000
19,A16_FA-18,0.999826372,51,0,184,0.217021,0.000000,1.000000
19,A16_FA-18,0.99982506,52,0,183,0.221277,0.000000,1.000000
19,A16_FA-18,0.999822915,53,0,182,0.225532,0.000000,1.000000
19,A16_FA-18,0.999822795,54,0,181,0.229787,0.000000,1.000000
19,A16_FA-18,0.999821484,56,0,179,0.238298,0.000000,1.000000
19,A16_FA-18,0.999821365,57,0,178,0.242553,0.000000,1.000000
19,A16_FA-18,0.999821246,58,0,177,0.246809,0.000000,1.000000
19,A16_FA-18,0.999819458,59,0,176,0.251064,0.000000,1.000000
19,A16_FA-18,0.999818742,60,0,175,0.255319,0.000000,1.000000
19,A16_FA-18,0.999817073,61,0,174,0.259574,0.000000,1.000000
19,A16_FA-18,0.999815404,62,0,173,0.263830,0.000000,1.000000
19,A16_FA-18,0.999814808,63,0,172,0.268085,0.000000,1.000000
19,A16_FA-18,0.999810278,64,0,171,0.272340,0.000000,1.000000
19,A16_FA-18,0.999808371,65,0,170,0.276596,0.000000,1.000000
19,A16_FA-18,0.999806225,66,0,169,0.280851,0.000000,1.000000
19,A16_FA-18,0.999805391,67,0,168,0.285106,0.000000,1.000000
19,A16_FA-18,0.999797285,68,0,167,0.289362,0.000000,1.000000
19,A16_FA-18,0.999796927,69,0,166,0.293617,0.000000,1.000000
19,A16_FA-18,0.999796808,70,0,165,0.297872,0.000000,1.000000
19,A16_FA-18,0.999792278,71,0,164,0.302128,0.000000,1.000000
19,A16_FA-18,0.999790967,72,0,163,0.306383,0.000000,1.000000
19,A16_FA-18,0.999789774,73,0,162,0.310638,0.000000,1.000000
19,A16_FA-18,0.999788225,74,0,161,0.314894,0.000000,1.000000
19,A16_FA-18,0.999787509,75,0,160,0.319149,0.000000,1.000000
19,A16_FA-18,0.999786794,76,0,159,0.323404,0.000000,1.000000
19,A16_FA-18,0.999785364,77,0,158,0.327660,0.000000,1.000000
19,A16_FA-18,0.999785006,78,0,157,0.331915,0.000000,1.000000
19,A16_FA-18,0.999784887,79,0,156,0.336170,0.000000,1.000000
19,A16_FA-18,0.99978441,80,0,155,0.340426,0.000000,1.000000
19,A16_FA-18,0.999783456,81,0,154,0.344681,0.000000,1.000000
19,A16_FA-18,0.999779642,82,0,153,0.348936,0.000000,1.000000
19,A16_FA-18,0.99977833,83,0,152,0.353191,0.000000,1.000000
19,A16_FA-18,0.999776542,84,0,151,0.357447,0.000000,1.000000
19,A16_FA-18,0.999775827,85,0,150,0.361702,0.000000,1.000000
19,A16_FA-18,0.999775469,86,0,149,0.365957,0.000000,1.000000
19,A16_FA-18,0.99977535,87,0,148,0.370213,0.000000,1.000000
19,A16_FA-18,0.999775112,88,0,147,0.374468,0.000000,1.000000
19,A16_FA-18,0.999773324,89,0,146,0.378723,0.000000,1.000000
19,A16_FA-18,0.999771774,90,0,145,0.382979,0.000000,1.000000
19,A16_FA-18,0.999771297,91,0,144,0.387234,0.000000,1.000000
19,A16_FA-18,0.999770701,92,0,143,0.391489,0.000000,1.000000
19,A16_FA-18,0.999769866,93,0,142,0.395745,0.000000,1.000000
19,A16_FA-18,0.999769032,94,0,141,0.400000,0.000000,1.000000
19,A16_FA-18,0.999767363,95,0,140,0.404255,0.000000,1.000000
19,A16_FA-18,0.999766409,96,0,139,0.408511,0.000000,1.000000
19,A16_FA-18,0.999764144,97,0,138,0.412766,0.000000,1.000000
19,A16_FA-18,0.999760449,98,0,137,0.417021,0.000000,1.000000
19,A16_FA-18,0.999760211,99,0,136,0.421277,0.000000,1.000000
19,A16_FA-18,0.999755085,100,0,135,0.425532,0.000000,1.000000
19,A16_FA-18,0.999753177,101,0,134,0.429787,0.000000,1.000000
19,A16_FA-18,0.999750555,102,0,133,0.434043,0.000000,1.000000
19,A16_FA-18,0.999750316,103,0,132,0.438298,0.000000,1.000000
19,A16_FA-18,0.999745309,104,0,131,0.442553,0.000000,1.000000
19,A16_FA-18,0.999744475,105,0,130,0.446809,0.000000,1.000000
19,A16_FA-18,0.999739945,106,0,129,0.451064,0.000000,1.000000
19,A16_FA-18,0.99973911,107,0,128,0.455319,0.000000,1.000000
19,A16_FA-18,0.999735892,108,0,127,0.459574,0.000000,1.000000
19,A16_FA-18,0.999735653,109,0,126,0.463830,0.000000,1.000000
19,A16_FA-18,0.999733031,110,0,125,0.468085,0.000000,1.000000
19,A16_FA-18,0.999732196,111,0,124,0.472340,0.000000,1.000000
19,A16_FA-18,0.999731362,112,0,123,0.476596,0.000000,1.000000
19,A16_FA-18,0.999729693,113,0,122,0.480851,0.000000,1.000000
19,A16_FA-18,0.999728501,114,0,121,0.485106,0.000000,1.000000
19,A16_FA-18,0.999726474,115,0,120,0.489362,0.000000,1.000000
19,A16_FA-18,0.999723852,116,0,119,0.493617,0.000000,1.000000
19,A16_FA-18,0.999721229,117,0,118,0.497872,0.000000,1.000000
19,A16_FA-18,0.999720991,118,0,117,0.502128,0.000000,1.000000
19,A16_FA-18,0.999718845,119,0,116,0.506383,0.000000,1.000000
19,A16_FA-18,0.999714792,120,0,115,0.510638,0.000000,1.000000
19,A16_FA-18,0.999714553,121,0,114,0.514894,0.000000,1.000000
19,A16_FA-18,0.999710977,122,0,113,0.519149,0.000000,1.000000
19,A16_FA-18,0.999710143,123,0,112,0.523404,0.000000,1.000000
19,A16_FA-18,0.999708474,125,0,110,0.531915,0.000000,1.000000
19,A16_FA-18,0.999708354,126,0,109,0.536170,0.000000,1.000000
19,A16_FA-18,0.999707758,127,0,108,0.540426,0.000000,1.000000
19,A16_FA-18,0.99970454,128,0,107,0.544681,0.000000,1.000000
19,A16_FA-18,0.999704182,129,0,106,0.548936,0.000000,1.000000
19,A16_FA-18,0.999701798,130,0,105,0.553191,0.000000,1.000000
19,A16_FA-18,0.9996984,131,0,104,0.557447,0.000000,1.000000
19,A16_FA-18,0.999697447,132,0,103,0.561702,0.000000,1.000000
19,A16_FA-18,0.999696136,133,0,102,0.565957,0.000000,1.000000
19,A16_FA-18,0.999689102,134,0,101,0.570213,0.000000,1.000000
19,A16_FA-18,0.999688506,135,0,100,0.574468,0.000000,1.000000
19,A16_FA-18,0.999687552,136,0,99,0.578723,0.000000,1.000000
19,A16_FA-18,0.999684811,137,0,98,0.582979,0.000000,1.000000
19,A16_FA-18,0.99967289,138,0,97,0.587234,0.000000,1.000000
19,A16_FA-18,0.999670148,140,0,95,0.595745,0.000000,1.000000
19,A16_FA-18,0.999669909,141,0,94,0.600000,0.000000,1.000000
19,A16_FA-18,0.999669671,142,0,93,0.604255,0.000000,1.000000
19,A16_FA-18,0.999669552,143,0,92,0.608511,0.000000,1.000000
19,A16_FA-18,0.999664426,144,0,91,0.612766,0.000000,1.000000
19,A16_FA-18,0.999663591,145,0,90,0.617021,0.000000,1.000000
19,A16_FA-18,0.9996593,146,0,89,0.621277,0.000000,1.000000
19,A16_FA-18,0.999657989,147,0,88,0.625532,0.000000,1.000000
19,A16_FA-18,0.999657512,148,0,87,0.629787,0.000000,1.000000
19,A16_FA-18,0.999640346,149,0,86,0.634043,0.000000,1.000000
19,A16_FA-18,0.999639392,150,0,85,0.638298,0.000000,1.000000
19,A16_FA-18,0.999637842,151,0,84,0.642553,0.000000,1.000000
19,A16_FA-18,0.999635458,152,0,83,0.646809,0.000000,1.000000
19,A16_FA-18,0.999634385,153,0,82,0.651064,0.000000,1.000000
19,A16_FA-18,0.999632359,154,0,81,0.655319,0.000000,1.000000
19,A16_FA-18,0.999631166,155,0,80,0.659574,0.000000,1.000000
19,A16_FA-18,0.99963069,156,0,79,0.663830,0.000000,1.000000
19,A16_FA-18,0.999627948,157,0,78,0.668085,0.000000,1.000000
19,A16_FA-18,0.999625087,158,0,77,0.672340,0.000000,1.000000
19,A16_FA-18,0.999622941,159,0,76,0.676596,0.000000,1.000000
19,A16_FA-18,0.999619126,160,0,75,0.680851,0.000000,1.000000
19,A16_FA-18,0.999617815,161,0,74,0.685106,0.000000,1.000000
19,A16_FA-18,0.999615908,163,0,72,0.693617,0.000000,1.000000
19,A16_FA-18,0.999614596,164,0,71,0.697872,0.000000,1.000000
19,A16_FA-18,0.999608457,166,0,69,0.706383,0.000000,1.000000
19,A16_FA-18,0.999604046,167,0,68,0.710638,0.000000,1.000000
19,A16_FA-18,0.999596536,168,0,67,0.714894,0.000000,1.000000
19,A16_FA-18,0.999592602,169,0,66,0.719149,0.000000,1.000000
19,A16_FA-18,0.999591053,169,1,66,0.719149,0.005882,0.994118
19,A16_FA-18,0.99957794,170,1,65,0.723404,0.005848,0.994152
19,A16_FA-18,0.999573886,171,1,64,0.727660,0.005814,0.994186
19,A16_FA-18,0.999568284,172,1,63,0.731915,0.005780,0.994220
19,A16_FA-18,0.999563754,173,1,62,0.736170,0.005747,0.994253
19,A16_FA-18,0.999557197,174,1,61,0.740426,0.005714,0.994286
19,A16_FA-18,0.999553263,175,1,60,0.744681,0.005682,0.994318
19,A16_FA-18,0.999546826,176,1,59,0.748936,0.005650,0.994350
19,A16_FA-18,0.999527931,177,1,58,0.753191,0.005618,0.994382
19,A16_FA-18,0.999517083,178,1,57,0.757447,0.005587,0.994413
19,A16_FA-18,0.9995116,179,1,56,0.761702,0.005556,0.994444
19,A16_FA-18,0.999506474,180,1,55,0.765957,0.005525,0.994475
19,A16_FA-18,0.999478638,181,1,54,0.770213,0.005495,0.994505
19,A16_FA-18,0.999477804,182,1,53,0.774468,0.005464,0.994536
19,A16_FA-18,0.999454796,183,1,52,0.778723,0.005435,0.994565
19,A16_FA-18,0.999410033,184,1,51,0.782979,0.005405,0.994595
19,A16_FA-18,0.999400496,185,1,50,0.787234,0.005376,0.994624
19,A16_FA-18,0.999391913,186,1,49,0.791489,0.005348,0.994652
19,A16_FA-18,0.999323964,187,1,48,0.795745,0.005319,0.994681
19,A16_FA-18,0.999306917,188,1,47,0.800000,0.005291,0.994709
19,A16_FA-18,0.999298334,189,1,46,0.804255,0.005263,0.994737
19,A16_FA-18,0.99926573,190,1,45,0.808511,0.005236,0.994764
19,A16_FA-18,0.999201119,191,1,44,0.812766,0.005208,0.994792
19,A16_FA-18,0.99919349,192,1,43,0.817021,0.005181,0.994819
19,A16_FA-18,0.999127448,193,1,42,0.821277,0.005155,0.994845
19,A16_FA-18,0.999086142,194,1,41,0.825532,0.005128,0.994872
19,A16_FA-18,0.999066889,195,1,40,0.829787,0.005102,0.994898
19,A16_FA-18,0.999065697,196,1,39,0.834043,0.005076,0.994924
19,A16_FA-18,0.99897027,197,1,38,0.838298,0.005051,0.994949
19,A16_FA-18,0.998904467,198,1,37,0.842553,0.005025,0.994975
19,A16_FA-18,0.998830616,199,1,36,0.846809,0.005000,0.995000
19,A16_FA-18,0.998705626,200,1,35,0.851064,0.004975,0.995025
19,A16_FA-18,0.998482645,201,1,34,0.855319,0.004950,0.995050
19,A16_FA-18,0.998234034,202,1,33,0.859574,0.004926,0.995074
19,A16_FA-18,0.998079419,203,1,32,0.863830,0.004902,0.995098
19,A16_FA-18,0.997433245,204,1,31,0.868085,0.004878,0.995122
19,A16_FA-18,0.996819496,205,1,30,0.872340,0.004854,0.995146
19,A16_FA-18,0.992891908,206,1,29,0.876596,0.004831,0.995169
19,A16_FA-18,0.991519272,207,1,28,0.880851,0.004808,0.995192
19,A16_FA-18,0.990612864,208,1,27,0.885106,0.004785,0.995215
19,A16_FA-18,0.990371943,209,1,26,0.889362,0.004762,0.995238
19,A16_FA-18,0.989311218,210,1,25,0.893617,0.004739,0.995261
19,A16_FA-18,0.985261142,211,1,24,0.897872,0.004717,0.995283
19,A16_FA-18,0.979658365,212,1,23,0.902128,0.004695,0.995305
19,A16_FA-18,0.97801286,213,1,22,0.906383,0.004673,0.995327
19,A16_FA-18,0.977877736,214,1,21,0.910638,0.004651,0.995349
19,A16_FA-18,0.974077702,215,1,20,0.914894,0.004630,0.995370
19,A16_FA-18,0.971460283,216,1,19,0.919149,0.004608,0.995392
19,A16_FA-18,0.970799565,217,1,18,0.923404,0.004587,0.995413
19,A16_FA-18,0.964713037,218,1,17,0.927660,0.004566,0.995434
19,A16_FA-18,0.948402107,219,1,16,0.931915,0.004545,0.995455
19,A16_FA-18,0.940977573,220,1,15,0.936170,0.004525,0.995475
19,A16_FA-18,0.930159569,221,1,14,0.940426,0.004505,0.995495
19,A16_FA-18,0.919824004,222,1,13,0.944681,0.004484,0.995516
19,A16_FA-18,0.778267741,222,2,13,0.944681,0.008929,0.991071
19,A16_FA-18,0.75034672,223,2,12,0.948936,0.008889,0.991111
19,A16_FA-18,0.712846875,224,2,11,0.953191,0.008850,0.991150
19,A16_FA-18,0.704353869,225,2,10,0.957447,0.008811,0.991189
19,A16_FA-18,0.684628606,225,3,10,0.957447,0.013158,0.986842
19,A16_FA-18,0.648913026,225,4,10,0.957447,0.017467,0.982533
19,A16_FA-18,0.617515922,225,5,10,0.957447,0.021739,0.978261
19,A16_FA-18,0.558306694,225,6,10,0.957447,0.025974,0.974026
19,A16_FA-18,0.549558699,226,6,9,0.961702,0.025862,0.974138
19,A16_FA-18,0.492192209,226,7,9,0.961702,0.030043,0.969957
19,A16_FA-18,0.466504633,226,8,9,0.961702,0.034188,0.965812
19,A16_FA-18,0.45568952,226,9,9,0.961702,0.038298,0.961702
19,A16_FA-18,0.408446074,227,9,8,0.965957,0.038136,0.961864
19,A16_FA-18,0.364107192,228,9,7,0.970213,0.037975,0.962025
19,A16_FA-18,0.304359555,229,9,6,0.974468,0.037815,0.962185
19,A16_FA-18,0.2534118,229,10,6,0.974468,0.041841,0.958159
19,A16_FA-18,0.243442431,229,11,6,0.974468,0.045833,0.954167
19,A16_FA-18,0.20469068,230,11,5,0.978723,0.045643,0.954357
19,A16_FA-18,0.201834038,230,12,5,0.978723,0.049587,0.950413
19,A16_FA-18,0.19404301,231,12,4,0.982979,0.049383,0.950617
19,A16_FA-18,0.136600539,231,13,4,0.982979,0.053279,0.946721
19,A16_FA-18,0.073720634,231,14,4,0.982979,0.057143,0.942857
19,A16_FA-18,0.0610409565,231,15,4,0.982979,0.060976,0.939024
19,A16_FA-18,0.0539494231,232,15,3,0.987234,0.060729,0.939271
19,A16_FA-18,0.0465022698,232,16,3,0.987234,0.064516,0.935484
19,A16_FA-18,0.0455316417,233,16,2,0.991489,0.064257,0.935743
19,A16_FA-18,0.0451089107,233,17,2,0.991489,0.068000,0.932000
19,A16_FA-18,0.0442720056,233,18,2,0.991489,0.071713,0.928287
19,A16_FA-18,0.0396171436,233,19,2,0.991489,0.075397,0.924603
19,A16_FA-18,0.0366163924,233,20,2,0.991489,0.079051,0.920949
19,A16_FA-18,0.0355862156,233,21,2,0.991489,0.082677,0.917323
19,A16_FA-18,0.0352752209,233,22,2,0.991489,0.086275,0.913725
19,A16_FA-18,0.0327789374,233,23,2,0.991489,0.089844,0.910156
19,A16_FA-18,0.0315157399,233,24,2,0.991489,0.093385,0.906615
19,A16_FA-18,0.0280329213,233,25,2,0.991489,0.096899,0.903101
19,A16_FA-18,0.020249106,233,26,2,0.991489,0.100386,0.899614
19,A16_FA-18,0.0199673586,233,27,2,0.991489,0.103846,0.896154
19,A16_FA-18,0.0194210634,233,28,2,0.991489,0.107280,0.892720
19,A16_FA-18,0.0192066226,233,29,2,0.991489,0.110687,0.889313
19,A16_FA-18,0.0178302824,233,30,2,0.991489,0.114068,0.885932
19,A16_FA-18,0.0172859915,233,31,2,0.991489,0.117424,0.882576
19,A16_FA-18,0.0172781553,233,32,2,0.991489,0.120755,0.879245
19,A16_FA-18,0.0166143905,233,33,2,0.991489,0.124060,0.875940
19,A16_FA-18,0.0162874144,233,34,2,0.991489,0.127341,0.872659
19,A16_FA-18,0.0156476125,233,35,2,0.991489,0.130597,0.869403
19,A16_FA-18,0.0148884896,233,36,2,0.991489,0.133829,0.866171
19,A16_FA-18,0.0140714739,233,37,2,0.991489,0.137037,0.862963
19,A16_FA-18,0.0139786657,233,38,2,0.991489,0.140221,0.859779
19,A16_FA-18,0.0135932025,233,39,2,0.991489,0.143382,0.856618
19,A16_FA-18,0.0135888429,233,40,2,0.991489,0.146520,0.853480
19,A16_FA-18,0.0132345706,233,41,2,0.991489,0.149635,0.850365
19,A16_FA-18,0.0126963109,233,42,2,0.991489,0.152727,0.847273
19,A16_FA-18,0.0126702283,233,43,2,0.991489,0.155797,0.844203
19,A16_FA-18,0.0116825206,233,44,2,0.991489,0.158845,0.841155
19,A16_FA-18,0.0106076607,233,45,2,0.991489,0.161871,0.838129
19,A16_FA-18,0.0102780582,233,46,2,0.991489,0.164875,0.835125
19,A16_FA-18,0.010149464,233,47,2,0.991489,0.167857,0.832143
19,A16_FA-18,0.00980678853,233,48,2,0.991489,0.170819,0.829181
19,A16_FA-18,0.00972484238,233,49,2,0.991489,0.173759,0.826241
19,A16_FA-18,0.00967006665,233,50,2,0.991489,0.176678,0.823322
19,A16_FA-18,0.0093679158,233,51,2,0.991489,0.179577,0.820423
19,A16_FA-18,0.00919991918,233,52,2,0.991489,0.182456,0.817544
19,A16_FA-18,0.00906620827,233,53,2,0.991489,0.185315,0.814685
19,A16_FA-18,0.00888523925,233,54,2,0.991489,0.188153,0.811847
19,A16_FA-18,0.00887931883,233,55,2,0.991489,0.190972,0.809028
19,A16_FA-18,0.00846912246,233,56,2,0.991489,0.193772,0.806228
19,A16_FA-18,0.00843091402,233,57,2,0.991489,0.196552,0.803448
19,A16_FA-18,0.00835275929,233,58,2,0.991489,0.199313,0.800687
19,A16_FA-18,0.00778009277,233,59,2,0.991489,0.202055,0.797945
19,A16_FA-18,0.00760277966,233,60,2,0.991489,0.204778,0.795222
19,A16_FA-18,0.0075480435,233,61,2,0.991489,0.207483,0.792517
19,A16_FA-18,0.00752274785,233,62,2,0.991489,0.210169,0.789831
19,A16_FA-18,0.00751531171,233,63,2,0.991489,0.212838,0.787162
19,A16_FA-18,0.00749679888,233,64,2,0.991489,0.215488,0.784512
19,A16_FA-18,0.00740571925,233,65,2,0.991489,0.218121,0.781879
19,A16_FA-18,0.00718119554,233,66,2,0.991489,0.220736,0.779264
19,A16_FA-18,0.00716038328,233,67,2,0.991489,0.223333,0.776667
19,A16_FA-18,0.00710066734,233,68,2,0.991489,0.225914,0.774086
19,A16_FA-18,0.00709380023,233,69,2,0.991489,0.228477,0.771523
19,A16_FA-18,0.00707106758,233,70,2,0.991489,0.231023,0.768977
19,A16_FA-18,0.00706964079,233,71,2,0.991489,0.233553,0.766447
19,A16_FA-18,0.00704719732,233,72,2,0.991489,0.236066,0.763934
19,A16_FA-18,0.0070377863,233,73,2,0.991489,0.238562,0.761438
19,A16_FA-18,0.00700716581,233,74,2,0.991489,0.241042,0.758958
19,A16_FA-18,0.00680612354,233,75,2,0.991489,0.243506,0.756494
19,A16_FA-18,0.0067818542,233,76,2,0.991489,0.245955,0.754045
19,A16_FA-18,0.00588462641,233,77,2,0.991489,0.248387,0.751613
19,A16_FA-18,0.00579446182,233,78,2,0.991489,0.250804,0.749196
19,A16_FA-18,0.00577185722,233,79,2,0.991489,0.253205,0.746795
19,A16_FA-18,0.00574924797,233,80,2,0.991489,0.255591,0.744409
19,A16_FA-18,0.00572600216,233,81,2,0.991489,0.257962,0.742038
19,A16_FA-18,0.00565982983,233,82,2,0.991489,0.260317,0.739683
19,A16_FA-18,0.00563038979,233,83,2,0.991489,0.262658,0.737342
19,A16_FA-18,0.0052719675,233,84,2,0.991489,0.264984,0.735016
19,A16_FA-18,0.00521674519,233,85,2,0.991489,0.267296,0.732704
19,A16_FA-18,0.005073654,233,86,2,0.991489,0.269592,0.730408
19,A16_FA-18,0.00506898016,233,87,2,0.991489,0.271875,0.728125
19,A16_FA-18,0.00504143769,233,88,2,0.991489,0.274143,0.725857
19,A16_FA-18,0.00491407141,233,89,2,0.991489,0.276398,0.723602
19,A16_FA-18,0.00490829488,233,90,2,0.991489,0.278638,0.721362
19,A16_FA-18,0.00490545575,233,91,2,0.991489,0.280864,0.719136
19,A16_FA-18,0.00487911468,233,92,2,0.991489,0.283077,0.716923
19,A16_FA-18,0.00475076772,233,93,2,0.991489,0.285276,0.714724
19,A16_FA-18,0.00474199187,233,94,2,0.991489,0.287462,0.712538
19,A16_FA-18,0.00464418577,233,95,2,0.991489,0.289634,0.710366
19,A16_FA-18,0.0046063303,233,96,2,0.991489,0.291793,0.708207
19,A16_FA-18,0.00455964683,233,97,2,0.991489,0.293939,0.706061
19,A16_FA-18,0.00446941145,233,98,2,0.991489,0.296073,0.703927
19,A16_FA-18,0.00446213502,233,99,2,0.991489,0.298193,0.701807
19,A16_FA-18,0.00434689177,233,100,2,0.991489,0.300300,0.699700
19,A16_FA-18,0.00431554485,233,101,2,0.991489,0.302395,0.697605
19,A16_FA-18,0.00430572452,233,102,2,0.991489,0.304478,0.695522
19,A16_FA-18,0.00428680144,233,103,2,0.991489,0.306548,0.693452
19,A16_FA-18,0.0042462186,233,104,2,0.991489,0.308605,0.691395
19,A16_FA-18,0.0042124819,233,105,2,0.991489,0.310651,0.689349
19,A16_FA-18,0.00419333018,233,106,2,0.991489,0.312684,0.687316
19,A16_FA-18,0.00414622296,233,107,2,0.991489,0.314706,0.685294
19,A16_FA-18,0.0041416306,233,108,2,0.991489,0.316716,0.683284
19,A16_FA-18,0.00401625689,233,109,2,0.991489,0.318713,0.681287
19,A16_FA-18,0.00400043977,233,110,2,0.991489,0.320700,0.679300
19,A16_FA-18,0.00399823347,233,111,2,0.991489,0.322674,0.677326
19,A16_FA-18,0.00397732155,233,112,2,0.991489,0.324638,0.675362
19,A16_FA-18,0.00395867648,233,113,2,0.991489,0.326590,0.673410
19,A16_FA-18,0.00395686738,233,114,2,0.991489,0.328530,0.671470
19,A16_FA-18,0.00392310601,233,115,2,0.991489,0.330460,0.669540
19,A16_FA-18,0.00385869248,233,116,2,0.991489,0.332378,0.667622
19,A16_FA-18,0.00385092827,233,117,2,0.991489,0.334286,0.665714
19,A16_FA-18,0.00381216733,233,118,2,0.991489,0.336182,0.663818
19,A16_FA-18,0.00379091501,233,119,2,0.991489,0.338068,0.661932
19,A16_FA-18,0.0037821955,233,120,2,0.991489,0.339943,0.660057
19,A16_FA-18,0.00376788038,233,121,2,0.991489,0.341808,0.658192
19,A16_FA-18,0.00373692228,233,122,2,0.991489,0.343662,0.656338
19,A16_FA-18,0.00369221065,233,123,2,0.991489,0.345506,0.654494
19,A16_FA-18,0.00359337335,233,124,2,0.991489,0.347339,0.652661
19,A16_FA-18,0.00350525649,233,125,2,0.991489,0.349162,0.650838
19,A16_FA-18,0.00345211895,233,126,2,0.991489,0.350975,0.649025
19,A16_FA-18,0.0033905562,233,127,2,0.991489,0.352778,0.647222
19,A16_FA-18,0.00337333442,233,128,2,0.991489,0.354571,0.645429
19,A16_FA-18,0.00336506008,233,129,2,0.991489,0.356354,0.643646
19,A16_FA-18,0.00334492582,233,130,2,0.991489,0.358127,0.641873
19,A16_FA-18,0.00326083438,233,131,2,0.991489,0.359890,0.640110
19,A16_FA-18,0.00323666981,233,132,2,0.991489,0.361644,0.638356
19,A16_FA-18,0.00323544396,233,133,2,0.991489,0.363388,0.636612
19,A16_FA-18,0.00316725764,233,134,2,0.991489,0.365123,0.634877
19,A16_FA-18,0.00316575123,233,135,2,0.991489,0.366848,0.633152
19,A16_FA-18,0.00316131464,233,136,2,0.991489,0.368564,0.631436
19,A16_FA-18,0.00312203285,233,137,2,0.991489,0.370270,0.629730
19,A16_FA-18,0.00310126017,233,138,2,0.991489,0.371968,0.628032
19,A16_FA-18,0.00306410273,233,139,2,0.991489,0.373656,0.626344
19,A16_FA-18,0.00306214928,233,140,2,0.991489,0.375335,0.624665
19,A16_FA-18,0.00306053902,233,141,2,0.991489,0.377005,0.622995
19,A16_FA-18,0.00304122898,233,142,2,0.991489,0.378667,0.621333
19,A16_FA-18,0.00299183815,233,143,2,0.991489,0.380319,0.619681
19,A16_FA-18,0.00289691193,233,144,2,0.991489,0.381963,0.618037
19,A16_FA-18,0.00289608235,233,145,2,0.991489,0.383598,0.616402
19,A16_FA-18,0.00287111686,233,146,2,0.991489,0.385224,0.614776
19,A16_FA-18,0.00286166323,233,147,2,0.991489,0.386842,0.613158
19,A16_FA-18,0.00281065819,233,148,2,0.991489,0.388451,0.611549
19,A16_FA-18,0.00279575959,233,149,2,0.991489,0.390052,0.609948
19,A16_FA-18,0.00272936141,233,150,2,0.991489,0.391645,0.608355
19,A16_FA-18,0.00269201095,233,151,2,0.991489,0.393229,0.606771
19,A16_FA-18,0.00267597497,233,152,2,0.991489,0.394805,0.605195
19,A16_FA-18,0.00262873899,233,153,2,0.991489,0.396373,0.603627
19,A16_FA-18,0.00259226398,233,154,2,0.991489,0.397933,0.602067
19,A16_FA-18,0.00259182113,233,155,2,0.991489,0.399485,0.600515
19,A16_FA-18,0.00257366127,233,156,2,0.991489,0.401028,0.598972
19,A16_FA-18,0.00256095757,233,157,2,0.991489,0.402564,0.597436
19,A16_FA-18,0.00251253066,233,158,2,0.991489,0.404092,0.595908
19,A16_FA-18,0.00249210862,233,159,2,0.991489,0.405612,0.594388
19,A16_FA-18,0.00248892978,233,160,2,0.991489,0.407125,0.592875
19,A16_FA-18,0.00248595397,233,161,2,0.991489,0.408629,0.591371
19,A16_FA-18,0.00247296412,233,162,2,0.991489,0.410127,0.589873
19,A16_FA-18,0.00243646395,233,163,2,0.991489,0.411616,0.588384
19,A16_FA-18,0.00239000819,233,164,2,0.991489,0.413098,0.586902
19,A16_FA-18,0.00238461117,233,165,2,0.991489,0.414573,0.585427
19,A16_FA-18,0.00237469724,233,166,2,0.991489,0.416040,0.583960
19,A16_FA-18,0.00236604456,233,167,2,0.991489,0.417500,0.582500
19,A16_FA-18,0.00236234511,233,168,2,0.991489,0.418953,0.581047
19,A16_FA-18,0.0023618862,233,169,2,0.991489,0.420398,0.579602
19,A16_FA-18,0.00233788253,233,170,2,0.991489,0.421836,0.578164
19,A16_FA-18,0.00233703549,233,171,2,0.991489,0.423267,0.576733
19,A16_FA-18,0.00231035752,233,172,2,0.991489,0.424691,0.575309
19,A16_FA-18,0.0023048711,233,173,2,0.991489,0.426108,0.573892
19,A16_FA-18,0.00230482547,233,174,2,0.991489,0.427518,0.572482
19,A16_FA-18,0.00228367886,233,175,2,0.991489,0.428922,0.571078
19,A16_FA-18,0.00227977661,233,176,2,0.991489,0.430318,0.569682
19,A16_FA-18,0.00225791475,233,177,2,0.991489,0.431707,0.568293
19,A16_FA-18,0.00225713756,233,178,2,0.991489,0.433090,0.566910
19,A16_FA-18,0.00221522991,233,179,2,0.991489,0.434466,0.565534
19,A16_FA-18,0.00219620322,233,180,2,0.991489,0.435835,0.564165
19,A16_FA-18,0.00215356867,233,181,2,0.991489,0.437198,0.562802
19,A16_FA-18,0.00214252109,233,182,2,0.991489,0.438554,0.561446
19,A16_FA-18,0.00213396526,233,183,2,0.991489,0.439904,0.560096
19,A16_FA-18,0.00211199466,233,184,2,0.991489,0.441247,0.558753
19,A16_FA-18,0.0021112836,233,185,2,0.991489,0.442584,0.557416
19,A16_FA-18,0.00208168733,233,186,2,0.991489,0.443914,0.556086
19,A16_FA-18,0.0020688728,233,187,2,0.991489,0.445238,0.554762
19,A16_FA-18,0.00206259754,233,188,2,0.991489,0.446556,0.553444
19,A16_FA-18,0.00205478817,233,189,2,0.991489,0.447867,0.552133
19,A16_FA-18,0.00204770267,233,190,2,0.991489,0.449173,0.550827
19,A16_FA-18,0.0020298236,233,191,2,0.991489,0.450472,0.549528
19,A16_FA-18,0.00202046079,233,192,2,0.991489,0.451765,0.548235
19,A16_FA-18,0.0020182149,233,193,2,0.991489,0.453052,0.546948
19,A16_FA-18,0.00201335642,233,194,2,0.991489,0.454333,0.545667
19,A16_FA-18,0.0020093217,233,195,2,0.991489,0.455607,0.544393
19,A16_FA-18,0.00199262612,233,196,2,0.991489,0.456876,0.543124
19,A16_FA-18,0.00195999583,233,197,2,0.991489,0.458140,0.541860
19,A16_FA-18,0.00195997022,233,198,2,0.991489,0.459397,0.540603
19,A16_FA-18,0.00195933902,233,199,2,0.991489,0.460648,0.539352
19,A16_FA-18,0.00194607594,233,200,2,0.991489,0.461894,0.538106
19,A16_FA-18,0.00193930045,233,201,2,0.991489,0.463134,0.536866
19,A16_FA-18,0.00193372765,233,202,2,0.991489,0.464368,0.535632
19,A16_FA-18,0.00193291577,233,203,2,0.991489,0.465596,0.534404
19,A16_FA-18,0.00190675072,233,204,2,0.991489,0.466819,0.533181
19,A16_FA-18,0.00190048688,233,205,2,0.991489,0.468037,0.531963
19,A16_FA-18,0.00189335691,233,206,2,0.991489,0.469248,0.530752
19,A16_FA-18,0.00188139617,233,207,2,0.991489,0.470455,0.529545
19,A16_FA-18,0.00186996814,233,208,2,0.991489,0.471655,0.528345
19,A16_FA-18,0.00186162058,233,209,2,0.991489,0.472851,0.527149
19,A16_FA-18,0.00185639481,233,210,2,0.991489,0.474041,0.525959
19,A16_FA-18,0.00185616408,233,211,2,0.991489,0.475225,0.524775
19,A16_FA-18,0.00185100641,233,212,2,0.991489,0.476404,0.523596
19,A16_FA-18,0.00184833421,233,213,2,0.991489,0.477578,0.522422
19,A16_FA-18,0.00181893969,233,214,2,0.991489,0.478747,0.521253
19,A16_FA-18,0.0018009491,233,215,2,0.991489,0.479911,0.520089
19,A16_FA-18,0.00178123824,233,216,2,0.991489,0.481069,0.518931
19,A16_FA-18,0.00177944126,233,217,2,0.991489,0.482222,0.517778
19,A16_FA-18,0.00177675742,233,218,2,0.991489,0.483370,0.516630
19,A16_FA-18,0.00177604449,233,219,2,0.991489,0.484513,0.515487
19,A16_FA-18,0.00177305134,233,220,2,0.991489,0.485651,0.514349
19,A16_FA-18,0.00176745991,233,221,2,0.991489,0.486784,0.513216
19,A16_FA-18,0.00174688769,233,222,2,0.991489,0.487912,0.512088
19,A16_FA-18,0.00173757121,233,223,2,0.991489,0.489035,0.510965
19,A16_FA-18,0.00173585315,233,224,2,0.991489,0.490153,0.509847
19,A16_FA-18,0.00173433986,233,225,2,0.991489,0.491266,0.508734
19,A16_FA-18,0.00173144345,233,226,2,0.991489,0.492375,0.507625
19,A16_FA-18,0.00173023168,233,227,2,0.991489,0.493478,0.506522
19,A16_FA-18,0.00172884145,233,228,2,0.991489,0.494577,0.505423
19,A16_FA-18,0.00171051023,233,229,2,0.991489,0.495671,0.504329
19,A16_FA-18,0.00170813187,233,230,2,0.991489,0.496760,0.503240
19,A16_FA-18,0.00169348205,233,231,2,0.991489,0.497845,0.502155
19,A16_FA-18,0.00168711809,233,232,2,0.991489,0.498925,0.501075
19,A16_FA-18,0.00168218731,233,233,2,0.991489,0.500000,0.500000
19,A16_FA-18,0.00165920495,233,234,2,0.991489,0.501071,0.498929
19,A16_FA-18,0.00165503216,233,235,2,0.991489,0.502137,0.497863
19,A16_FA-18,0.00164538226,233,236,2,0.991489,0.503198,0.496802
19,A16_FA-18,0.00162749062,233,237,2,0.991489,0.504255,0.495745
19,A16_FA-18,0.00162254658,233,238,2,0.991489,0.505308,0.494692
19,A16_FA-18,0.00159750518,233,239,2,0.991489,0.506356,0.493644
19,A16_FA-18,0.00159499689,233,240,2,0.991489,0.507400,0.492600
19,A16_FA-18,0.00159089046,233,241,2,0.991489,0.508439,0.491561
19,A16_FA-18,0.00158295245,233,242,2,0.991489,0.509474,0.490526
19,A16_FA-18,0.00158290786,233,243,2,0.991489,0.510504,0.489496
19,A16_FA-18,0.00157246739,233,244,2,0.991489,0.511530,0.488470
19,A16_FA-18,0.00157088693,233,245,2,0.991489,0.512552,0.487448
19,A16_FA-18,0.00155414559,233,246,2,0.991489,0.513570,0.486430
19,A16_FA-18,0.00155229215,233,247,2,0.991489,0.514583,0.485417
19,A16_FA-18,0.0015498281,233,248,2,0.991489,0.515593,0.484407
19,A16_FA-18,0.00154172443,233,249,2,0.991489,0.516598,0.483402
19,A16_FA-18,0.00153784093,233,250,2,0.991489,0.517598,0.482402
19,A16_FA-18,0.00153486314,233,251,2,0.991489,0.518595,0.481405
19,A16_FA-18,0.0015336381,233,252,2,0.991489,0.519588,0.480412
19,A16_FA-18,0.00152736378,233,253,2,0.991489,0.520576,0.479424
19,A16_FA-18,0.00152142532,233,254,2,0.991489,0.521561,0.478439
19,A16_FA-18,0.00152121077,233,255,2,0.991489,0.522541,0.477459
19,A16_FA-18,0.00149948488,233,256,2,0.991489,0.523517,0.476483
19,A16_FA-18,0.00149637391,233,257,2,0.991489,0.524490,0.475510
19,A16_FA-18,0.0014957519,233,258,2,0.991489,0.525458,0.474542
19,A16_FA-18,0.0014908266,233,259,2,0.991489,0.526423,0.473577
19,A16_FA-18,0.00148963311,233,260,2,0.991489,0.527383,0.472617
19,A16_FA-18,0.00148587371,233,261,2,0.991489,0.528340,0.471660
19,A16_FA-18,0.00147743931,233,262,2,0.991489,0.529293,0.470707
19,A16_FA-18,0.0014722303,233,263,2,0.991489,0.530242,0.469758
19,A16_FA-18,0.00147019874,233,264,2,0.991489,0.531187,0.468813
19,A16_FA-18,0.00146398973,233,265,2,0.991489,0.532129,0.467871
19,A16_FA-18,0.00145214202,233,266,2,0.991489,0.533066,0.466934
19,A16_FA-18,0.00143560499,233,267,2,0.991489,0.534000,0.466000
19,A16_FA-18,0.0014327867,233,268,2,0.991489,0.534930,0.465070
19,A16_FA-18,0.00142838666,233,269,2,0.991489,0.535857,0.464143
19,A16_FA-18,0.00142802682,233,270,2,0.991489,0.536779,0.463221
19,A16_FA-18,0.00141089631,233,271,2,0.991489,0.537698,0.462302
19,A16_FA-18,0.00140639301,233,272,2,0.991489,0.538614,0.461386
19,A16_FA-18,0.00140225247,233,273,2,0.991489,0.539526,0.460474
19,A16_FA-18,0.00140044349,233,274,2,0.991489,0.540434,0.459566
19,A16_FA-18,0.00139206927,233,275,2,0.991489,0.541339,0.458661
19,A16_FA-18,0.00138640543,233,276,2,0.991489,0.542240,0.457760
19,A16_FA-18,0.00138326699,233,277,2,0.991489,0.543137,0.456863
19,A16_FA-18,0.00138204114,233,278,2,0.991489,0.544031,0.455969
19,A16_FA-18,0.00138187013,233,279,2,0.991489,0.544922,0.455078
19,A16_FA-18,0.00137370883,233,280,2,0.991489,0.545809,0.454191
19,A16_FA-18,0.00136723649,233,281,2,0.991489,0.546693,0.453307
19,A16_FA-18,0.00135495677,233,282,2,0.991489,0.547573,0.452427
19,A16_FA-18,0.00134611828,233,283,2,0.991489,0.548450,0.451550
19,A16_FA-18,0.00133750134,233,284,2,0.991489,0.549323,0.450677
19,A16_FA-18,0.00133733707,233,285,2,0.991489,0.550193,0.449807
19,A16_FA-18,0.00133573916,233,286,2,0.991489,0.551060,0.448940
19,A16_FA-18,0.00131889852,233,287,2,0.991489,0.551923,0.448077
19,A16_FA-18,0.00131084747,233,288,2,0.991489,0.552783,0.447217
19,A16_FA-18,0.0013096194,233,289,2,0.991489,0.553640,0.446360
19,A16_FA-18,0.00130873872,233,290,2,0.991489,0.554493,0.445507
19,A16_FA-18,0.00130495219,233,291,2,0.991489,0.555344,0.444656
19,A16_FA-18,0.00130067533,233,292,2,0.991489,0.556190,0.443810
19,A16_FA-18,0.00130000676,233,293,2,0.991489,0.557034,0.442966
19,A16_FA-18,0.00129791093,233,294,2,0.991489,0.557875,0.442125
19,A16_FA-18,0.00128647464,233,295,2,0.991489,0.558712,0.441288
19,A16_FA-18,0.00128517393,233,296,2,0.991489,0.559546,0.440454
19,A16_FA-18,0.00127661938,233,297,2,0.991489,0.560377,0.439623
19,A16_FA-18,0.00127608841,233,298,2,0.991489,0.561205,0.438795
19,A16_FA-18,0.00127125892,233,299,2,0.991489,0.562030,0.437970
19,A16_FA-18,0.00126947742,233,300,2,0.991489,0.562852,0.437148
19,A16_FA-18,0.001263313,233,301,2,0.991489,0.563670,0.436330
19,A16_FA-18,0.00126041181,233,302,2,0.991489,0.564486,0.435514
19,A16_FA-18,0.00125984568,233,303,2,0.991489,0.565299,0.434701
19,A16_FA-18,0.00125768618,233,304,2,0.991489,0.566108,0.433892
19,A16_FA-18,0.00125158252,233,305,2,0.991489,0.566914,0.433086
19,A16_FA-18,0.0012508916,233,306,2,0.991489,0.567718,0.432282
19,A16_FA-18,0.00124069978,233,307,2,0.991489,0.568519,0.431481
19,A16_FA-18,0.00123756425,233,308,2,0.991489,0.569316,0.430684
19,A16_FA-18,0.00123677927,233,309,2,0.991489,0.570111,0.429889
19,A16_FA-18,0.00123435119,233,310,2,0.991489,0.570902,0.429098
19,A16_FA-18,0.00122763321,233,311,2,0.991489,0.571691,0.428309
19,A16_FA-18,0.00121965876,233,312,2,0.991489,0.572477,0.427523
19,A16_FA-18,0.00121910532,233,313,2,0.991489,0.573260,0.426740
19,A16_FA-18,0.00121773675,233,314,2,0.991489,0.574040,0.425960
19,A16_FA-18,0.00121335406,233,315,2,0.991489,0.574818,0.425182
19,A16_FA-18,0.00120807206,233,316,2,0.991489,0.575592,0.424408
19,A16_FA-18,0.0011854436,233,317,2,0.991489,0.576364,0.423636
19,A16_FA-18,0.001178807,233,318,2,0.991489,0.577132,0.422868
19,A16_FA-18,0.00117389148,233,319,2,0.991489,0.577899,0.422101
19,A16_FA-18,0.00117220788,233,320,2,0.991489,0.578662,0.421338
19,A16_FA-18,0.0011628794,233,321,2,0.991489,0.579422,0.420578
19,A16_FA-18,0.00116212911,233,322,2,0.991489,0.580180,0.419820
19,A16_FA-18,0.00115741102,233,323,2,0.991489,0.580935,0.419065
19,A16_FA-18,0.00115503452,233,324,2,0.991489,0.581688,0.418312
19,A16_FA-18,0.00114217005,233,325,2,0.991489,0.582437,0.417563
19,A16_FA-18,0.00113987946,233,326,2,0.991489,0.583184,0.416816
19,A16_FA-18,0.00112938485,233,327,2,0.991489,0.583929,0.416071
19,A16_FA-18,0.00112564408,233,328,2,0.991489,0.584670,0.415330
19,A16_FA-18,0.0011179375,233,329,2,0.991489,0.585409,0.414591
19,A16_FA-18,0.00111665751,233,330,2,0.991489,0.586146,0.413854
19,A16_FA-18,0.00111473119,233,331,2,0.991489,0.586879,0.413121
19,A16_FA-18,0.00110510108,233,332,2,0.991489,0.587611,0.412389
19,A16_FA-18,0.00110267219,233,333,2,0.991489,0.588339,0.411661
19,A16_FA-18,0.00110063655,233,334,2,0.991489,0.589065,0.410935
19,A16_FA-18,0.00109269971,233,335,2,0.991489,0.589789,0.410211
19,A16_FA-18,0.00109182997,233,336,2,0.991489,0.590510,0.409490
19,A16_FA-18,0.00108759652,233,337,2,0.991489,0.591228,0.408772
19,A16_FA-18,0.00108138402,233,338,2,0.991489,0.591944,0.408056
19,A16_FA-18,0.00107920414,233,339,2,0.991489,0.592657,0.407343
19,A16_FA-18,0.0010687199,233,340,2,0.991489,0.593368,0.406632
19,A16_FA-18,0.00105849374,233,341,2,0.991489,0.594077,0.405923
19,A16_FA-18,0.00105680933,233,342,2,0.991489,0.594783,0.405217
19,A16_FA-18,0.00104901229,233,343,2,0.991489,0.595486,0.404514
19,A16_FA-18,0.00104845443,233,344,2,0.991489,0.596187,0.403813
19,A16_FA-18,0.0010479372,233,345,2,0.991489,0.596886,0.403114
19,A16_FA-18,0.00104550808,233,346,2,0.991489,0.597582,0.402418
19,A16_FA-18,0.00104130514,233,347,2,0.991489,0.598276,0.401724
19,A16_FA-18,0.00103077735,233,348,2,0.991489,0.598967,0.401033
19,A16_FA-18,0.00102549314,233,349,2,0.991489,0.599656,0.400344
19,A16_FA-18,0.00102344458,233,350,2,0.991489,0.600343,0.399657
19,A16_FA-18,0.00102145097,233,351,2,0.991489,0.601027,0.398973
19,A16_FA-18,0.00100989023,233,352,2,0.991489,0.601709,0.398291
19,A16_FA-18,0.00100465829,233,353,2,0.991489,0.602389,0.397611
20,A17_TU-95,0.999978304,0,0,166,0.000000,0.000000,0.000000
20,A17_TU-95,0.999978304,1,0,165,0.006024,0.000000,1.000000
20,A17_TU-95,0.999971867,2,0,164,0.012048,0.000000,1.000000
20,A17_TU-95,0.999963045,3,0,163,0.018072,0.000000,1.000000
20,A17_TU-95,0.999960184,4,0,162,0.024096,0.000000,1.000000
20,A17_TU-95,0.99995625,5,0,161,0.030120,0.000000,1.000000
20,A17_TU-95,0.99995172,6,0,160,0.036145,0.000000,1.000000
20,A17_TU-95,0.999944091,7,0,159,0.042169,0.000000,1.000000
20,A17_TU-95,0.99994123,9,0,157,0.054217,0.000000,1.000000
20,A17_TU-95,0.999938607,10,0,156,0.060241,0.000000,1.000000
20,A17_TU-95,0.999937773,11,0,155,0.066265,0.000000,1.000000
20,A17_TU-95,0.999935508,12,0,154,0.072289,0.000000,1.000000
20,A17_TU-95,0.999934912,13,0,153,0.078313,0.000000,1.000000
20,A17_TU-95,0.999933481,14,0,152,0.084337,0.000000,1.000000
20,A17_TU-95,0.99992907,15,0,151,0.090361,0.000000,1.000000
20,A17_TU-95,0.999927163,16,0,150,0.096386,0.000000,1.000000
20,A17_TU-95,0.999919415,18,0,148,0.108434,0.000000,1.000000
20,A17_TU-95,0.99991715,19,0,147,0.114458,0.000000,1.000000
20,A17_TU-95,0.999916196,20,0,146,0.120482,0.000000,1.000000
20,A17_TU-95,0.999909759,21,0,145,0.126506,0.000000,1.000000
20,A17_TU-95,0.99990952,22,0,144,0.132530,0.000000,1.000000
20,A17_TU-95,0.999904394,23,0,143,0.138554,0.000000,1.000000
20,A17_TU-95,0.999903083,24,0,142,0.144578,0.000000,1.000000
20,A17_TU-95,0.999902248,25,0,141,0.150602,0.000000,1.000000
20,A17_TU-95,0.999901414,26,0,140,0.156627,0.000000,1.000000
20,A17_TU-95,0.999901175,27,0,139,0.162651,0.000000,1.000000
20,A17_TU-95,0.999901056,28,0,138,0.168675,0.000000,1.000000
20,A17_TU-95,0.999900579,29,0,137,0.174699,0.000000,1.000000
20,A17_TU-95,0.999900222,30,0,136,0.180723,0.000000,1.000000
20,A17_TU-95,0.999900103,31,0,135,0.186747,0.000000,1.000000
20,A17_TU-95,0.999899387,32,0,134,0.192771,0.000000,1.000000
20,A17_TU-95,0.999898195,33,0,133,0.198795,0.000000,1.000000
20,A17_TU-95,0.999894857,34,0,132,0.204819,0.000000,1.000000
20,A17_TU-95,0.999894381,35,0,131,0.210843,0.000000,1.000000
20,A17_TU-95,0.999894142,36,0,130,0.216867,0.000000,1.000000
20,A17_TU-95,0.999893904,37,0,129,0.222892,0.000000,1.000000
20,A17_TU-95,0.999892831,38,0,128,0.228916,0.000000,1.000000
20,A17_TU-95,0.999890089,39,0,127,0.234940,0.000000,1.000000
20,A17_TU-95,0.999888062,40,0,126,0.240964,0.000000,1.000000
20,A17_TU-95,0.999884963,41,0,125,0.246988,0.000000,1.000000
20,A17_TU-95,0.999883056,42,0,124,0.253012,0.000000,1.000000
20,A17_TU-95,0.999881983,43,0,123,0.259036,0.000000,1.000000
20,A17_TU-95,0.999880791,44,0,122,0.265060,0.000000,1.000000
20,A17_TU-95,0.999879599,45,0,121,0.271084,0.000000,1.000000
20,A17_TU-95,0.999878049,46,0,120,0.277108,0.000000,1.000000
20,A17_TU-95,0.999875903,47,0,119,0.283133,0.000000,1.000000
20,A17_TU-95,0.999874711,48,0,118,0.289157,0.000000,1.000000
20,A17_TU-95,0.999874353,49,0,117,0.295181,0.000000,1.000000
20,A17_TU-95,0.999874115,50,0,116,0.301205,0.000000,1.000000
20,A17_TU-95,0.999873877,51,0,115,0.307229,0.000000,1.000000
20,A17_TU-95,0.999873757,52,0,114,0.313253,0.000000,1.000000
20,A17_TU-95,0.99987185,53,0,113,0.319277,0.000000,1.000000
20,A17_TU-95,0.999871731,54,0,112,0.325301,0.000000,1.000000
20,A17_TU-95,0.999870539,55,0,111,0.331325,0.000000,1.000000
20,A17_TU-95,0.999868393,56,0,110,0.337349,0.000000,1.000000
20,A17_TU-95,0.99986136,57,0,109,0.343373,0.000000,1.000000
20,A17_TU-95,0.999860287,58,0,108,0.349398,0.000000,1.000000
20,A17_TU-95,0.999857545,59,0,107,0.355422,0.000000,1.000000
20,A17_TU-95,0.999856591,60,0,106,0.361446,0.000000,1.000000
20,A17_TU-95,0.999856472,61,0,105,0.367470,0.000000,1.000000
20,A17_TU-95,0.99985528,62,0,104,0.373494,0.000000,1.000000
20,A17_TU-95,0.999854207,63,0,103,0.379518,0.000000,1.000000
20,A17_TU-95,0.999851584,64,0,102,0.385542,0.000000,1.000000
20,A17_TU-95,0.999850392,65,0,101,0.391566,0.000000,1.000000
20,A17_TU-95,0.999848366,66,0,100,0.397590,0.000000,1.000000
20,A17_TU-95,0.999845386,67,0,99,0.403614,0.000000,1.000000
20,A17_TU-95,0.999844432,68,0,98,0.409639,0.000000,1.000000
20,A17_TU-95,0.999843359,69,0,97,0.415663,0.000000,1.000000
20,A17_TU-95,0.999840856,70,0,96,0.421687,0.000000,1.000000
20,A17_TU-95,0.999838233,71,0,95,0.427711,0.000000,1.000000
20,A17_TU-95,0.999837995,72,0,94,0.433735,0.000000,1.000000
20,A17_TU-95,0.999836922,73,0,93,0.439759,0.000000,1.000000
20,A17_TU-95,0.999826968,74,0,92,0.445783,0.000000,1.000000
20,A17_TU-95,0.999825776,75,0,91,0.451807,0.000000,1.000000
20,A17_TU-95,0.999823749,76,0,90,0.457831,0.000000,1.000000
20,A17_TU-95,0.999822795,77,0,89,0.463855,0.000000,1.000000
20,A17_TU-95,0.999818027,78,0,88,0.469880,0.000000,1.000000
20,A17_TU-95,0.999817431,79,0,87,0.475904,0.000000,1.000000
20,A17_TU-95,0.999815404,80,0,86,0.481928,0.000000,1.000000
20,A17_TU-95,0.999814808,81,0,85,0.487952,0.000000,1.000000
20,A17_TU-95,0.99981457,82,0,84,0.493976,0.000000,1.000000
20,A17_TU-95,0.999808729,83,0,83,0.500000,0.000000,1.000000
20,A17_TU-95,0.999807656,84,0,82,0.506024,0.000000,1.000000
20,A17_TU-95,0.999807298,85,0,81,0.512048,0.000000,1.000000
20,A17_TU-95,0.999806941,86,0,80,0.518072,0.000000,1.000000
20,A17_TU-95,0.999805868,87,0,79,0.524096,0.000000,1.000000
20,A17_TU-95,0.999799192,88,0,78,0.530120,0.000000,1.000000
20,A17_TU-95,0.999794781,89,0,77,0.536145,0.000000,1.000000
20,A17_TU-95,0.999793828,90,0,76,0.542169,0.000000,1.000000
20,A17_TU-95,0.999788702,91,0,75,0.548193,0.000000,1.000000
20,A17_TU-95,0.999786198,92,0,74,0.554217,0.000000,1.000000
20,A17_TU-95,0.999785483,93,0,73,0.560241,0.000000,1.000000
20,A17_TU-95,0.999779999,94,0,72,0.566265,0.000000,1.000000
20,A17_TU-95,0.99977988,95,0,71,0.572289,0.000000,1.000000
20,A17_TU-95,0.999772131,96,0,70,0.578313,0.000000,1.000000
20,A17_TU-95,0.999771893,97,0,69,0.584337,0.000000,1.000000
20,A17_TU-95,0.999767721,98,0,68,0.590361,0.000000,1.000000
20,A17_TU-95,0.99976629,99,0,67,0.596386,0.000000,1.000000
20,A17_TU-95,0.999765813,100,0,66,0.602410,0.000000,1.000000
20,A17_TU-95,0.999764383,101,0,65,0.608434,0.000000,1.000000
20,A17_TU-95,0.999762714,102,0,64,0.614458,0.000000,1.000000
20,A17_TU-95,0.999759972,103,0,63,0.620482,0.000000,1.000000
20,A17_TU-95,0.999758542,104,0,62,0.626506,0.000000,1.000000
20,A17_TU-95,0.999754846,105,0,61,0.632530,0.000000,1.000000
20,A17_TU-95,0.999751627,106,0,60,0.638554,0.000000,1.000000
20,A17_TU-95,0.999751031,107,0,59,0.644578,0.000000,1.000000
20,A17_TU-95,0.999746621,108,0,58,0.650602,0.000000,1.000000
20,A17_TU-95,0.99974519,109,0,57,0.656627,0.000000,1.000000
20,A17_TU-95,0.999737203,110,0,56,0.662651,0.000000,1.000000
20,A17_TU-95,0.999723017,111,0,55,0.668675,0.000000,1.000000
20,A17_TU-95,0.999721944,112,0,54,0.674699,0.000000,1.000000
20,A17_TU-95,0.999714911,113,0,53,0.680723,0.000000,1.000000
20,A17_TU-95,0.999697089,114,0,52,0.686747,0.000000,1.000000
20,A17_TU-95,0.999696851,115,0,51,0.692771,0.000000,1.000000
20,A17_TU-95,0.999686241,116,0,50,0.698795,0.000000,1.000000
20,A17_TU-95,0.99967289,117,0,49,0.704819,0.000000,1.000000
20,A17_TU-95,0.999668241,118,0,48,0.710843,0.000000,1.000000
20,A17_TU-95,0.999666452,119,0,47,0.716867,0.000000,1.000000
20,A17_TU-95,0.999664783,120,0,46,0.722892,0.000000,1.000000
20,A17_TU-95,0.999664664,121,0,45,0.728916,0.000000,1.000000
20,A17_TU-95,0.999647856,122,0,44,0.734940,0.000000,1.000000
20,A17_TU-95,0.999646187,123,0,43,0.740964,0.000000,1.000000
20,A17_TU-95,0.999619007,124,0,42,0.746988,0.000000,1.000000
20,A17_TU-95,0.999613225,125,0,41,0.753012,0.000000,1.000000
20,A17_TU-95,0.999612629,126,0,40,0.759036,0.000000,1.000000
20,A17_TU-95,0.999584973,127,0,39,0.765060,0.000000,1.000000
20,A17_TU-95,0.999573767,128,0,38,0.771084,0.000000,1.000000
20,A17_TU-95,0.999560773,129,0,37,0.777108,0.000000,1.000000
20,A17_TU-95,0.999552548,130,0,36,0.783133,0.000000,1.000000
20,A17_TU-95,0.999542952,131,0,35,0.789157,0.000000,1.000000
20,A17_TU-95,0.999528646,132,0,34,0.795181,0.000000,1.000000
20,A17_TU-95,0.999519944,133,0,33,0.801205,0.000000,1.000000
20,A17_TU-95,0.999497056,134,0,32,0.807229,0.000000,1.000000
20,A17_TU-95,0.999477565,135,0,31,0.813253,0.000000,1.000000
20,A17_TU-95,0.999472797,136,0,30,0.819277,0.000000,1.000000
20,A17_TU-95,0.999435723,137,0,29,0.825301,0.000000,1.000000
20,A17_TU-95,0.999432623,138,0,28,0.831325,0.000000,1.000000
20,A17_TU-95,0.999372542,139,0,27,0.837349,0.000000,1.000000
20,A17_TU-95,0.9991979,140,0,26,0.843373,0.000000,1.000000
20,A17_TU-95,0.999190629,141,0,25,0.849398,0.000000,1.000000
20,A17_TU-95,0.999180973,142,0,24,0.855422,0.000000,1.000000
20,A17_TU-95,0.999098778,143,0,23,0.861446,0.000000,1.000000
20,A17_TU-95,0.998958349,144,0,22,0.867470,0.000000,1.000000
20,A17_TU-95,0.998850346,145,0,21,0.873494,0.000000,1.000000
20,A17_TU-95,0.998787463,146,0,20,0.879518,0.000000,1.000000
20,A17_TU-95,0.998587489,147,0,19,0.885542,0.000000,1.000000
20,A17_TU-95,0.998526454,148,0,18,0.891566,0.000000,1.000000
20,A17_TU-95,0.998524725,149,0,17,0.897590,0.000000,1.000000
20,A17_TU-95,0.997769952,150,0,16,0.903614,0.000000,1.000000
20,A17_TU-95,0.996614754,151,0,15,0.909639,0.000000,1.000000
20,A17_TU-95,0.994458795,152,0,14,0.915663,0.000000,1.000000
20,A17_TU-95,0.994151056,153,0,13,0.921687,0.000000,1.000000
20,A17_TU-95,0.992600501,154,0,12,0.927711,0.000000,1.000000
20,A17_TU-95,0.99050051,155,0,11,0.933735,0.000000,1.000000
20,A17_TU-95,0.988841653,156,0,10,0.939759,0.000000,1.000000
20,A17_TU-95,0.988096595,157,0,9,0.945783,0.000000,1.000000
20,A17_TU-95,0.986440718,158,0,8,0.951807,0.000000,1.000000
20,A17_TU-95,0.985139787,159,0,7,0.957831,0.000000,1.000000
20,A17_TU-95,0.984107375,160,0,6,0.963855,0.000000,1.000000
20,A17_TU-95,0.979783654,161,0,5,0.969880,0.000000,1.000000
20,A17_TU-95,0.970770001,162,0,4,0.975904,0.000000,1.000000
20,A17_TU-95,0.940378964,163,0,3,0.981928,0.000000,1.000000
20,A17_TU-95,0.922807813,164,0,2,0.987952,0.000000,1.000000
20,A17_TU-95,0.872438133,165,0,1,0.993976,0.000000,1.000000
20,A17_TU-95,0.617779613,165,1,1,0.993976,0.006024,0.993976
20,A17_TU-95,0.614195466,165,2,1,0.993976,0.011976,0.988024
20,A17_TU-95,0.4285312,165,3,1,0.993976,0.017857,0.982143
20,A17_TU-95,0.355985254,165,4,1,0.993976,0.023669,0.976331
20,A17_TU-95,0.236906752,166,4,0,1.000000,0.023529,0.976471
20,A17_TU-95,0.12021821,166,5,0,1.000000,0.029240,0.970760
20,A17_TU-95,0.0980603024,166,6,0,1.000000,0.034884,0.965116
20,A17_TU-95,0.0589645132,166,7,0,1.000000,0.040462,0.959538
20,A17_TU-95,0.0503712334,166,8,0,1.000000,0.045977,0.954023
20,A17_TU-95,0.0411373675,166,9,0,1.000000,0.051429,0.948571
20,A17_TU-95,0.036844857,166,10,0,1.000000,0.056818,0.943182
20,A17_TU-95,0.031018585,166,11,0,1.000000,0.062147,0.937853
20,A17_TU-95,0.0258419849,166,12,0,1.000000,0.067416,0.932584
20,A17_TU-95,0.0256850272,166,13,0,1.000000,0.072626,0.927374
20,A17_TU-95,0.0228883326,166,14,0,1.000000,0.077778,0.922222
20,A17_TU-95,0.0217211619,166,15,0,1.000000,0.082873,0.917127
20,A17_TU-95,0.0195062812,166,16,0,1.000000,0.087912,0.912088
20,A17_TU-95,0.0194826666,166,17,0,1.000000,0.092896,0.907104
20,A17_TU-95,0.0185387116,166,18,0,1.000000,0.097826,0.902174
20,A17_TU-95,0.0159516558,166,19,0,1.000000,0.102703,0.897297
20,A17_TU-95,0.0157581903,166,20,0,1.000000,0.107527,0.892473
20,A17_TU-95,0.0154183004,166,21,0,1.000000,0.112299,0.887701
20,A17_TU-95,0.0150268814,166,22,0,1.000000,0.117021,0.882979
20,A17_TU-95,0.0111736218,166,23,0,1.000000,0.121693,0.878307
20,A17_TU-95,0.0106873419,166,24,0,1.000000,0.126316,0.873684
20,A17_TU-95,0.010264921,166,25,0,1.000000,0.130890,0.869110
20,A17_TU-95,0.0085331928,166,26,0,1.000000,0.135417,0.864583
20,A17_TU-95,0.00833205506,166,27,0,1.000000,0.139896,0.860104
20,A17_TU-95,0.00779048866,166,28,0,1.000000,0.144330,0.855670
20,A17_TU-95,0.00757929217,166,29,0,1.000000,0.148718,0.851282
20,A17_TU-95,0.00712020416,166,30,0,1.000000,0.153061,0.846939
20,A17_TU-95,0.00705314288,166,31,0,1.000000,0.157360,0.842640
20,A17_TU-95,0.00689949561,166,32,0,1.000000,0.161616,0.838384
20,A17_TU-95,0.00648024026,166,33,0,1.000000,0.165829,0.834171
20,A17_TU-95,0.00638789544,166,34,0,1.000000,0.170000,0.830000
20,A17_TU-95,0.00618735235,166,35,0,1.000000,0.174129,0.825871
20,A17_TU-95,0.00616201665,166,36,0,1.000000,0.178218,0.821782
20,A17_TU-95,0.00613223342,166,37,0,1.000000,0.182266,0.817734
20,A17_TU-95,0.00604712917,166,38,0,1.000000,0.186275,0.813725
20,A17_TU-95,0.00543810101,166,39,0,1.000000,0.190244,0.809756
20,A17_TU-95,0.00519151846,166,40,0,1.000000,0.194175,0.805825
20,A17_TU-95,0.0049351342,166,41,0,1.000000,0.198068,0.801932
20,A17_TU-95,0.00491030235,166,42,0,1.000000,0.201923,0.798077
20,A17_TU-95,0.00485892035,166,43,0,1.000000,0.205742,0.794258
20,A17_TU-95,0.00481515564,166,44,0,1.000000,0.209524,0.790476
20,A17_TU-95,0.00474332692,166,45,0,1.000000,0.213270,0.786730
20,A17_TU-95,0.00468947133,166,46,0,1.000000,0.216981,0.783019
20,A17_TU-95,0.00468126312,166,47,0,1.000000,0.220657,0.779343
20,A17_TU-95,0.00462864619,166,48,0,1.000000,0.224299,0.775701
20,A17_TU-95,0.00452302303,166,49,0,1.000000,0.227907,0.772093
20,A17_TU-95,0.00446343608,166,50,0,1.000000,0.231481,0.768519
20,A17_TU-95,0.00362630608,166,51,0,1.000000,0.235023,0.764977
20,A17_TU-95,0.00359667977,166,52,0,1.000000,0.238532,0.761468
20,A17_TU-95,0.00341334869,166,53,0,1.000000,0.242009,0.757991
20,A17_TU-95,0.00324240956,166,54,0,1.000000,0.245455,0.754545
20,A17_TU-95,0.00323481229,166,55,0,1.000000,0.248869,0.751131
20,A17_TU-95,0.00317851594,166,56,0,1.000000,0.252252,0.747748
20,A17_TU-95,0.00309060677,166,57,0,1.000000,0.255605,0.744395
20,A17_TU-95,0.00303655048,166,58,0,1.000000,0.258929,0.741071
20,A17_TU-95,0.00299560511,166,59,0,1.000000,0.262222,0.737778
20,A17_TU-95,0.00299311429,166,60,0,1.000000,0.265487,0.734513
20,A17_TU-95,0.00297848997,166,61,0,1.000000,0.268722,0.731278
20,A17_TU-95,0.00292244484,166,62,0,1.000000,0.271930,0.728070
20,A17_TU-95,0.0028751276,166,63,0,1.000000,0.275109,0.724891
20,A17_TU-95,0.00285194698,166,64,0,1.000000,0.278261,0.721739
20,A17_TU-95,0.00282787834,166,65,0,1.000000,0.281385,0.718615
20,A17_TU-95,0.00279107736,166,66,0,1.000000,0.284483,0.715517
20,A17_TU-95,0.00278058299,166,67,0,1.000000,0.287554,0.712446
20,A17_TU-95,0.00275304867,166,68,0,1.000000,0.290598,0.709402
20,A17_TU-95,0.00274171401,166,69,0,1.000000,0.293617,0.706383
20,A17_TU-95,0.00266595581,166,70,0,1.000000,0.296610,0.703390
20,A17_TU-95,0.002605594,166,71,0,1.000000,0.299578,0.700422
20,A17_TU-95,0.00252272631,166,72,0,1.000000,0.302521,0.697479
20,A17_TU-95,0.00246728351,166,73,0,1.000000,0.305439,0.694561
20,A17_TU-95,0.00246022316,166,74,0,1.000000,0.308333,0.691667
20,A17_TU-95,0.00245269202,166,75,0,1.000000,0.311203,0.688797
20,A17_TU-95,0.0024223011,166,76,0,1.000000,0.314050,0.685950
20,A17_TU-95,0.00240746932,166,77,0,1.000000,0.316872,0.683128
20,A17_TU-95,0.00233403151,166,78,0,1.000000,0.319672,0.680328
20,A17_TU-95,0.00232935138,166,79,0,1.000000,0.322449,0.677551
20,A17_TU-95,0.00225348538,166,80,0,1.000000,0.325203,0.674797
20,A17_TU-95,0.00224353792,166,81,0,1.000000,0.327935,0.672065
20,A17_TU-95,0.00218580221,166,82,0,1.000000,0.330645,0.669355
20,A17_TU-95,0.00218555331,166,83,0,1.000000,0.333333,0.666667
20,A17_TU-95,0.00215682713,166,84,0,1.000000,0.336000,0.664000
20,A17_TU-95,0.00214630528,166,85,0,1.000000,0.338645,0.661355
20,A17_TU-95,0.0020049382,166,86,0,1.000000,0.341270,0.658730
20,A17_TU-95,0.00199505105,166,87,0,1.000000,0.343874,0.656126
20,A17_TU-95,0.00198813365,166,88,0,1.000000,0.346457,0.653543
20,A17_TU-95,0.00197232841,166,89,0,1.000000,0.349020,0.650980
20,A17_TU-95,0.00195673015,166,90,0,1.000000,0.351562,0.648438
20,A17_TU-95,0.00193873991,166,91,0,1.000000,0.354086,0.645914
20,A17_TU-95,0.00193488121,166,92,0,1.000000,0.356589,0.643411
20,A17_TU-95,0.00191961648,166,93,0,1.000000,0.359073,0.640927
20,A17_TU-95,0.0019194443,166,94,0,1.000000,0.361538,0.638462
20,A17_TU-95,0.00188303168,166,95,0,1.000000,0.363985,0.636015
20,A17_TU-95,0.00188016344,166,96,0,1.000000,0.366412,0.633588
20,A17_TU-95,0.0018716082,166,97,0,1.000000,0.368821,0.631179
20,A17_TU-95,0.00182474544,166,98,0,1.000000,0.371212,0.628788
20,A17_TU-95,0.00181486655,166,99,0,1.000000,0.373585,0.626415
20,A17_TU-95,0.001808765,166,100,0,1.000000,0.375940,0.624060
20,A17_TU-95,0.00180770503,166,101,0,1.000000,0.378277,0.621723
20,A17_TU-95,0.00180766615,166,102,0,1.000000,0.380597,0.619403
20,A17_TU-95,0.0018049404,166,103,0,1.000000,0.382900,0.617100
20,A17_TU-95,0.00176965131,166,104,0,1.000000,0.385185,0.614815
20,A17_TU-95,0.00176042982,166,105,0,1.000000,0.387454,0.612546
20,A17_TU-95,0.00173137465,166,106,0,1.000000,0.389706,0.610294
20,A17_TU-95,0.00172303047,166,107,0,1.000000,0.391941,0.608059
20,A17_TU-95,0.0017145985,166,108,0,1.000000,0.394161,0.605839
20,A17_TU-95,0.00164846249,166,109,0,1.000000,0.396364,0.603636
20,A17_TU-95,0.00162954198,166,110,0,1.000000,0.398551,0.601449
20,A17_TU-95,0.00160369743,166,111,0,1.000000,0.400722,0.599278
20,A17_TU-95,0.00159832952,166,112,0,1.000000,0.402878,0.597122
20,A17_TU-95,0.00156570878,166,113,0,1.000000,0.405018,0.594982
20,A17_TU-95,0.00156462158,166,114,0,1.000000,0.407143,0.592857
20,A17_TU-95,0.00153785676,166,115,0,1.000000,0.409253,0.590747
20,A17_TU-95,0.00152271159,166,116,0,1.000000,0.411348,0.588652
20,A17_TU-95,0.001513561,166,117,0,1.000000,0.413428,0.586572
20,A17_TU-95,0.0015105824,166,118,0,1.000000,0.415493,0.584507
20,A17_TU-95,0.00150871789,166,119,0,1.000000,0.417544,0.582456
20,A17_TU-95,0.00150349934,166,120,0,1.000000,0.419580,0.580420
20,A17_TU-95,0.00148588314,166,121,0,1.000000,0.421603,0.578397
20,A17_TU-95,0.00147376442,166,122,0,1.000000,0.423611,0.576389
20,A17_TU-95,0.00146356539,166,123,0,1.000000,0.425606,0.574394
20,A17_TU-95,0.00141941349,166,124,0,1.000000,0.427586,0.572414
20,A17_TU-95,0.0013933481,166,125,0,1.000000,0.429553,0.570447
20,A17_TU-95,0.00139248511,166,126,0,1.000000,0.431507,0.568493
20,A17_TU-95,0.00137765158,166,127,0,1.000000,0.433447,0.566553
20,A17_TU-95,0.00137356925,166,128,0,1.000000,0.435374,0.564626
20,A17_TU-95,0.00135684386,166,129,0,1.000000,0.437288,0.562712
20,A17_TU-95,0.00135293114,166,130,0,1.000000,0.439189,0.560811
20,A17_TU-95,0.00134852109,166,131,0,1.000000,0.441077,0.558923
20,A17_TU-95,0.00130898424,166,132,0,1.000000,0.442953,0.557047
20,A17_TU-95,0.00130186544,166,133,0,1.000000,0.444816,0.555184
20,A17_TU-95,0.00129380787,166,134,0,1.000000,0.446667,0.553333
20,A17_TU-95,0.00128643273,166,135,0,1.000000,0.448505,0.551495
20,A17_TU-95,0.00125483051,166,136,0,1.000000,0.450331,0.549669
20,A17_TU-95,0.00125026726,166,137,0,1.000000,0.452145,0.547855
20,A17_TU-95,0.00124079583,166,138,0,1.000000,0.453947,0.546053
20,A17_TU-95,0.00122514914,166,139,0,1.000000,0.455738,0.544262
20,A17_TU-95,0.00120434654,166,140,0,1.000000,0.457516,0.542484
20,A17_TU-95,0.00118276093,166,141,0,1.000000,0.459283,0.540717
20,A17_TU-95,0.00118204672,166,142,0,1.000000,0.461039,0.538961
20,A17_TU-95,0.0011740122,166,143,0,1.000000,0.462783,0.537217
20,A17_TU-95,0.00115639577,166,144,0,1.000000,0.464516,0.535484
20,A17_TU-95,0.00114892167,166,145,0,1.000000,0.466238,0.533762
20,A17_TU-95,0.00114668568,166,146,0,1.000000,0.467949,0.532051
20,A17_TU-95,0.00113993348,166,147,0,1.000000,0.469649,0.530351
20,A17_TU-95,0.00113174238,166,148,0,1.000000,0.471338,0.528662
20,A17_TU-95,0.00111580873,166,149,0,1.000000,0.473016,0.526984
20,A17_TU-95,0.00111314352,166,150,0,1.000000,0.474684,0.525316
20,A17_TU-95,0.00111280137,166,151,0,1.000000,0.476341,0.523659
20,A17_TU-95,0.00109958916,166,152,0,1.000000,0.477987,0.522013
20,A17_TU-95,0.00109879638,166,153,0,1.000000,0.479624,0.520376
20,A17_TU-95,0.0010974966,166,154,0,1.000000,0.481250,0.518750
20,A17_TU-95,0.0010661917,166,155,0,1.000000,0.482866,0.517134
20,A17_TU-95,0.00106283266,166,156,0,1.000000,0.484472,0.515528
20,A17_TU-95,0.00105485693,166,157,0,1.000000,0.486068,0.513932
20,A17_TU-95,0.0010461401,166,158,0,1.000000,0.487654,0.512346
20,A17_TU-95,0.00103760255,166,159,0,1.000000,0.489231,0.510769
20,A17_TU-95,0.00103710056,166,160,0,1.000000,0.490798,0.509202
20,A17_TU-95,0.00103637564,166,161,0,1.000000,0.492355,0.507645
20,A17_TU-95,0.00101661624,166,162,0,1.000000,0.493902,0.506098
20,A17_TU-95,0.00100538239,166,163,0,1.000000,0.495441,0.504559
20,A17_TU-95,0.00100236002,166,164,0,1.000000,0.496970,0.503030
21,A18_KC-10,0.999517083,0,0,51,0.000000,0.000000,0.000000
21,A18_KC-10,0.999517083,1,0,50,0.019608,0.000000,1.000000
21,A18_KC-10,0.999503732,2,0,49,0.039216,0.000000,1.000000
21,A18_KC-10,0.999486923,3,0,48,0.058824,0.000000,1.000000
21,A18_KC-10,0.999478042,4,0,47,0.078431,0.000000,1.000000
21,A18_KC-10,0.99942565,5,0,46,0.098039,0.000000,1.000000
21,A18_KC-10,0.999263108,6,0,45,0.117647,0.000000,1.000000
21,A18_KC-10,0.999259889,7,0,44,0.137255,0.000000,1.000000
21,A18_KC-10,0.999162793,8,0,43,0.156863,0.000000,1.000000
21,A18_KC-10,0.999080062,9,0,42,0.176471,0.000000,1.000000
21,A18_KC-10,0.998902321,10,0,41,0.196078,0.000000,1.000000
21,A18_KC-10,0.998898983,11,0,40,0.215686,0.000000,1.000000
21,A18_KC-10,0.998849154,12,0,39,0.235294,0.000000,1.000000
21,A18_KC-10,0.998592079,13,0,38,0.254902,0.000000,1.000000
21,A18_KC-10,0.998590052,14,0,37,0.274510,0.000000,1.000000
21,A18_KC-10,0.99857223,15,0,36,0.294118,0.000000,1.000000
21,A18_KC-10,0.998534441,16,0,35,0.313725,0.000000,1.000000
21,A18_KC-10,0.998425007,17,0,34,0.333333,0.000000,1.000000
21,A18_KC-10,0.997877598,18,0,33,0.352941,0.000000,1.000000
21,A18_KC-10,0.997724235,19,0,32,0.372549,0.000000,1.000000
21,A18_KC-10,0.997347116,20,0,31,0.392157,0.000000,1.000000
21,A18_KC-10,0.997101963,21,0,30,0.411765,0.000000,1.000000
21,A18_KC-10,0.99664247,22,0,29,0.431373,0.000000,1.000000
21,A18_KC-10,0.995746553,23,0,28,0.450980,0.000000,1.000000
21,A18_KC-10,0.994641781,24,0,27,0.470588,0.000000,1.000000
21,A18_KC-10,0.992308617,25,0,26,0.490196,0.000000,1.000000
21,A18_KC-10,0.991978526,26,0,25,0.509804,0.000000,1.000000
21,A18_KC-10,0.981777549,27,0,24,0.529412,0.000000,1.000000
21,A18_KC-10,0.92679882,28,0,23,0.549020,0.000000,1.000000
21,A18_KC-10,0.879448295,29,0,22,0.568627,0.000000,1.000000
21,A18_KC-10,0.855009735,30,0,21,0.588235,0.000000,1.000000
21,A18_KC-10,0.849878609,31,0,20,0.607843,0.000000,1.000000
21,A18_KC-10,0.637843549,32,0,19,0.627451,0.000000,1.000000
21,A18_KC-10,0.614049196,33,0,18,0.647059,0.000000,1.000000
21,A18_KC-10,0.613299668,34,0,17,0.666667,0.000000,1.000000
21,A18_KC-10,0.566599786,35,0,16,0.686275,0.000000,1.000000
21,A18_KC-10,0.544422805,36,0,15,0.705882,0.000000,1.000000
21,A18_KC-10,0.506339431,37,0,14,0.725490,0.000000,1.000000
21,A18_KC-10,0.468160063,38,0,13,0.745098,0.000000,1.000000
21,A18_KC-10,0.307624787,39,0,12,0.764706,0.000000,1.000000
21,A18_KC-10,0.262397796,40,0,11,0.784314,0.000000,1.000000
21,A18_KC-10,0.245806843,41,0,10,0.803922,0.000000,1.000000
21,A18_KC-10,0.24501738,42,0,9,0.823529,0.000000,1.000000
21,A18_KC-10,0.240766853,42,1,9,0.823529,0.023256,0.976744
21,A18_KC-10,0.202698484,43,1,8,0.843137,0.022727,0.977273
21,A18_KC-10,0.133638993,44,1,7,0.862745,0.022222,0.977778
21,A18_KC-10,0.117680945,45,1,6,0.882353,0.021739,0.978261
21,A18_KC-10,0.114280887,46,1,5,0.901961,0.021277,0.978723
21,A18_KC-10,0.07539507,46,2,5,0.901961,0.041667,0.958333
21,A18_KC-10,0.0748583376,47,2,4,0.921569,0.040816,0.959184
21,A18_KC-10,0.0666818917,48,2,3,0.941176,0.040000,0.960000
21,A18_KC-10,0.0615361594,48,3,3,0.941176,0.058824,0.941176
21,A18_KC-10,0.0567287616,49,3,2,0.960784,0.057692,0.942308
21,A18_KC-10,0.0330852978,49,4,2,0.960784,0.075472,0.924528
21,A18_KC-10,0.0265809633,50,4,1,0.980392,0.074074,0.925926
21,A18_KC-10,0.0258832611,50,5,1,0.980392,0.090909,0.909091
21,A18_KC-10,0.025378447,50,6,1,0.980392,0.107143,0.892857
21,A18_KC-10,0.0248088334,50,7,1,0.980392,0.122807,0.877193
21,A18_KC-10,0.0231197085,50,8,1,0.980392,0.137931,0.862069
21,A18_KC-10,0.0214010831,50,9,1,0.980392,0.152542,0.847458
21,A18_KC-10,0.0193033293,50,10,1,0.980392,0.166667,0.833333
21,A18_KC-10,0.0150809577,50,11,1,0.980392,0.180328,0.819672
21,A18_KC-10,0.0144683365,50,12,1,0.980392,0.193548,0.806452
21,A18_KC-10,0.0136751719,50,13,1,0.980392,0.206349,0.793651
21,A18_KC-10,0.0125185233,50,14,1,0.980392,0.218750,0.781250
21,A18_KC-10,0.0118576335,50,15,1,0.980392,0.230769,0.769231
21,A18_KC-10,0.0118098781,50,16,1,0.980392,0.242424,0.757576
21,A18_KC-10,0.0116783138,50,17,1,0.980392,0.253731,0.746269
21,A18_KC-10,0.0113480343,50,18,1,0.980392,0.264706,0.735294
21,A18_KC-10,0.0109209009,50,19,1,0.980392,0.275362,0.724638
21,A18_KC-10,0.00991071947,50,20,1,0.980392,0.285714,0.714286
21,A18_KC-10,0.0098522827,50,21,1,0.980392,0.295775,0.704225
21,A18_KC-10,0.00973554887,50,22,1,0.980392,0.305556,0.694444
21,A18_KC-10,0.00954017974,50,23,1,0.980392,0.315068,0.684932
21,A18_KC-10,0.00924109295,50,24,1,0.980392,0.324324,0.675676
21,A18_KC-10,0.00845439453,50,25,1,0.980392,0.333333,0.666667
21,A18_KC-10,0.00806476548,50,26,1,0.980392,0.342105,0.657895
21,A18_KC-10,0.00748434616,50,27,1,0.980392,0.350649,0.649351
21,A18_KC-10,0.00747955637,50,28,1,0.980392,0.358974,0.641026
21,A18_KC-10,0.00734606152,50,29,1,0.980392,0.367089,0.632911
21,A18_KC-10,0.00734429294,50,30,1,0.980392,0.375000,0.625000
21,A18_KC-10,0.00716992514,50,31,1,0.980392,0.382716,0.617284
21,A18_KC-10,0.00714061363,50,32,1,0.980392,0.390244,0.609756
21,A18_KC-10,0.00704114046,50,33,1,0.980392,0.397590,0.602410
21,A18_KC-10,0.00702103972,50,34,1,0.980392,0.404762,0.595238
21,A18_KC-10,0.00691321073,50,35,1,0.980392,0.411765,0.588235
21,A18_KC-10,0.00628130231,50,36,1,0.980392,0.418605,0.581395
21,A18_KC-10,0.00618971931,50,37,1,0.980392,0.425287,0.574713
21,A18_KC-10,0.00597880641,50,38,1,0.980392,0.431818,0.568182
21,A18_KC-10,0.00565228285,50,39,1,0.980392,0.438202,0.561798
21,A18_KC-10,0.00556318508,50,40,1,0.980392,0.444444,0.555556
21,A18_KC-10,0.00553521095,50,41,1,0.980392,0.450549,0.549451
21,A18_KC-10,0.00551289367,50,42,1,0.980392,0.456522,0.543478
21,A18_KC-10,0.0054289517,50,43,1,0.980392,0.462366,0.537634
21,A18_KC-10,0.0053444365,50,44,1,0.980392,0.468085,0.531915
21,A18_KC-10,0.00532418396,50,45,1,0.980392,0.473684,0.526316
21,A18_KC-10,0.00507932901,50,46,1,0.980392,0.479167,0.520833
21,A18_KC-10,0.00478967978,50,47,1,0.980392,0.484536,0.515464
21,A18_KC-10,0.00467487238,50,48,1,0.980392,0.489796,0.510204
21,A18_KC-10,0.0046075061,50,49,1,0.980392,0.494949,0.505051
21,A18_KC-10,0.00428618351,50,50,1,0.980392,0.500000,0.500000
21,A18_KC-10,0.00428037345,50,51,1,0.980392,0.504950,0.495050
21,A18_KC-10,0.00423597544,50,52,1,0.980392,0.509804,0.490196
21,A18_KC-10,0.00419297302,50,53,1,0.980392,0.514563,0.485437
21,A18_KC-10,0.00419051806,50,54,1,0.980392,0.519231,0.480769
21,A18_KC-10,0.00418514386,50,55,1,0.980392,0.523810,0.476190
21,A18_KC-10,0.00403068727,50,56,1,0.980392,0.528302,0.471698
21,A18_KC-10,0.00381507771,50,57,1,0.980392,0.532710,0.467290
21,A18_KC-10,0.0036658051,50,58,1,0.980392,0.537037,0.462963
21,A18_KC-10,0.00356934941,50,59,1,0.980392,0.541284,0.458716
21,A18_KC-10,0.00353659736,50,60,1,0.980392,0.545455,0.454545
21,A18_KC-10,0.00343967765,50,61,1,0.980392,0.549550,0.450450
21,A18_KC-10,0.00334963389,50,62,1,0.980392,0.553571,0.446429
21,A18_KC-10,0.00327444775,50,63,1,0.980392,0.557522,0.442478
21,A18_KC-10,0.00320691848,50,64,1,0.980392,0.561404,0.438596
21,A18_KC-10,0.00313152117,50,65,1,0.980392,0.565217,0.434783
21,A18_KC-10,0.0030677286,50,66,1,0.980392,0.568966,0.431034
21,A18_KC-10,0.00300212414,50,67,1,0.980392,0.572650,0.427350
21,A18_KC-10,0.00297840592,50,68,1,0.980392,0.576271,0.423729
21,A18_KC-10,0.00295867724,50,69,1,0.980392,0.579832,0.420168
21,A18_KC-10,0.00295298127,50,70,1,0.980392,0.583333,0.416667
21,A18_KC-10,0.00292577874,50,71,1,0.980392,0.586777,0.413223
21,A18_KC-10,0.00289997156,50,72,1,0.980392,0.590164,0.409836
21,A18_KC-10,0.00287937699,51,72,0,1.000000,0.585366,0.414634
21,A18_KC-10,0.00285195047,51,73,0,1.000000,0.588710,0.411290
21,A18_KC-10,0.00275416439,51,74,0,1.000000,0.592000,0.408000
21,A18_KC-10,0.00274321949,51,75,0,1.000000,0.595238,0.404762
21,A18_KC-10,0.00273781386,51,76,0,1.000000,0.598425,0.401575
21,A18_KC-10,0.00273023616,51,77,0,1.000000,0.601562,0.398438
21,A18_KC-10,0.00265184767,51,78,0,1.000000,0.604651,0.395349
21,A18_KC-10,0.00263192714,51,79,0,1.000000,0.607692,0.392308
21,A18_KC-10,0.00262047886,51,80,0,1.000000,0.610687,0.389313
21,A18_KC-10,0.00259884587,51,81,0,1.000000,0.613636,0.386364
21,A18_KC-10,0.00244486146,51,82,0,1.000000,0.616541,0.383459
21,A18_KC-10,0.00239509507,51,83,0,1.000000,0.619403,0.380597
21,A18_KC-10,0.00234476523,51,84,0,1.000000,0.622222,0.377778
21,A18_KC-10,0.00234145252,51,85,0,1.000000,0.625000,0.375000
21,A18_KC-10,0.00233106664,51,86,0,1.000000,0.627737,0.372263
21,A18_KC-10,0.002307049,51,87,0,1.000000,0.630435,0.369565
21,A18_KC-10,0.00229663146,51,88,0,1.000000,0.633094,0.366906
21,A18_KC-10,0.00229219766,51,89,0,1.000000,0.635714,0.364286
21,A18_KC-10,0.00228513498,51,90,0,1.000000,0.638298,0.361702
21,A18_KC-10,0.00227847905,51,91,0,1.000000,0.640845,0.359155
21,A18_KC-10,0.00220835162,51,92,0,1.000000,0.643357,0.356643
21,A18_KC-10,0.00215178239,51,93,0,1.000000,0.645833,0.354167
21,A18_KC-10,0.00212222291,51,94,0,1.000000,0.648276,0.351724
21,A18_KC-10,0.00212220894,51,95,0,1.000000,0.650685,0.349315
21,A18_KC-10,0.00211943034,51,96,0,1.000000,0.653061,0.346939
21,A18_KC-10,0.00208644941,51,97,0,1.000000,0.655405,0.344595
21,A18_KC-10,0.00207529962,51,98,0,1.000000,0.657718,0.342282
21,A18_KC-10,0.00206946023,51,99,0,1.000000,0.660000,0.340000
21,A18_KC-10,0.00206806441,51,100,0,1.000000,0.662252,0.337748
21,A18_KC-10,0.00203050626,51,101,0,1.000000,0.664474,0.335526
21,A18_KC-10,0.00197650585,51,102,0,1.000000,0.666667,0.333333
21,A18_KC-10,0.00194875814,51,103,0,1.000000,0.668831,0.331169
21,A18_KC-10,0.00194484566,51,104,0,1.000000,0.670968,0.329032
21,A18_KC-10,0.00193475001,51,105,0,1.000000,0.673077,0.326923
21,A18_KC-10,0.00189997698,51,106,0,1.000000,0.675159,0.324841
21,A18_KC-10,0.00187512883,51,107,0,1.000000,0.677215,0.322785
21,A18_KC-10,0.00185865653,51,108,0,1.000000,0.679245,0.320755
21,A18_KC-10,0.0018554728,51,109,0,1.000000,0.681250,0.318750
21,A18_KC-10,0.00184210273,51,110,0,1.000000,0.683230,0.316770
21,A18_KC-10,0.00184015755,51,111,0,1.000000,0.685185,0.314815
21,A18_KC-10,0.00182177359,51,112,0,1.000000,0.687117,0.312883
21,A18_KC-10,0.00181584305,51,113,0,1.000000,0.689024,0.310976
21,A18_KC-10,0.00181449938,51,114,0,1.000000,0.690909,0.309091
21,A18_KC-10,0.00178098574,51,115,0,1.000000,0.692771,0.307229
21,A18_KC-10,0.00177699723,51,116,0,1.000000,0.694611,0.305389
21,A18_KC-10,0.00175892026,51,117,0,1.000000,0.696429,0.303571
21,A18_KC-10,0.00175819278,51,118,0,1.000000,0.698225,0.301775
21,A18_KC-10,0.00174632494,51,119,0,1.000000,0.700000,0.300000
21,A18_KC-10,0.0017169948,51,120,0,1.000000,0.701754,0.298246
21,A18_KC-10,0.00171221804,51,121,0,1.000000,0.703488,0.296512
21,A18_KC-10,0.00169429614,51,122,0,1.000000,0.705202,0.294798
21,A18_KC-10,0.00169208506,51,123,0,1.000000,0.706897,0.293103
21,A18_KC-10,0.00166079134,51,124,0,1.000000,0.708571,0.291429
21,A18_KC-10,0.00165079604,51,125,0,1.000000,0.710227,0.289773
21,A18_KC-10,0.00164176652,51,126,0,1.000000,0.711864,0.288136
21,A18_KC-10,0.00163021137,51,127,0,1.000000,0.713483,0.286517
21,A18_KC-10,0.00162497605,51,128,0,1.000000,0.715084,0.284916
21,A18_KC-10,0.00159490493,51,129,0,1.000000,0.716667,0.283333
21,A18_KC-10,0.00159140595,51,130,0,1.000000,0.718232,0.281768
21,A18_KC-10,0.00157058367,51,131,0,1.000000,0.719780,0.280220
21,A18_KC-10,0.00156855595,51,132,0,1.000000,0.721311,0.278689
21,A18_KC-10,0.00156191306,51,133,0,1.000000,0.722826,0.277174
21,A18_KC-10,0.00155855506,51,134,0,1.000000,0.724324,0.275676
21,A18_KC-10,0.00155172846,51,135,0,1.000000,0.725806,0.274194
21,A18_KC-10,0.00153577782,51,136,0,1.000000,0.727273,0.272727
21,A18_KC-10,0.00151980971,51,137,0,1.000000,0.728723,0.271277
21,A18_KC-10,0.00150029967,51,138,0,1.000000,0.730159,0.269841
21,A18_KC-10,0.00149359368,51,139,0,1.000000,0.731579,0.268421
21,A18_KC-10,0.00147592335,51,140,0,1.000000,0.732984,0.267016
21,A18_KC-10,0.001461896,51,141,0,1.000000,0.734375,0.265625
21,A18_KC-10,0.00144807179,51,142,0,1.000000,0.735751,0.264249
21,A18_KC-10,0.00144652778,51,143,0,1.000000,0.737113,0.262887
21,A18_KC-10,0.00144579518,51,144,0,1.000000,0.738462,0.261538
21,A18_KC-10,0.00144539354,51,145,0,1.000000,0.739796,0.260204
21,A18_KC-10,0.00142215297,51,146,0,1.000000,0.741117,0.258883
21,A18_KC-10,0.00141578238,51,147,0,1.000000,0.742424,0.257576
21,A18_KC-10,0.00141321251,51,148,0,1.000000,0.743719,0.256281
21,A18_KC-10,0.00137600431,51,149,0,1.000000,0.745000,0.255000
21,A18_KC-10,0.00135596399,51,150,0,1.000000,0.746269,0.253731
21,A18_KC-10,0.00134013768,51,151,0,1.000000,0.747525,0.252475
21,A18_KC-10,0.00133629947,51,152,0,1.000000,0.748768,0.251232
21,A18_KC-10,0.00132632442,51,153,0,1.000000,0.750000,0.250000
21,A18_KC-10,0.00132125115,51,154,0,1.000000,0.751220,0.248780
21,A18_KC-10,0.00131994451,51,155,0,1.000000,0.752427,0.247573
21,A18_KC-10,0.00131851132,51,156,0,1.000000,0.753623,0.246377
21,A18_KC-10,0.00131622632,51,157,0,1.000000,0.754808,0.245192
21,A18_KC-10,0.00131565798,51,158,0,1.000000,0.755981,0.244019
21,A18_KC-10,0.00131134398,51,159,0,1.000000,0.757143,0.242857
21,A18_KC-10,0.0013101293,51,160,0,1.000000,0.758294,0.241706
21,A18_KC-10,0.00130910927,51,161,0,1.000000,0.759434,0.240566
21,A18_KC-10,0.00130717107,51,162,0,1.000000,0.760563,0.239437
21,A18_KC-10,0.00130091445,51,163,0,1.000000,0.761682,0.238318
21,A18_KC-10,0.00129154639,51,164,0,1.000000,0.762791,0.237209
21,A18_KC-10,0.00129024789,51,165,0,1.000000,0.763889,0.236111
21,A18_KC-10,0.00128945929,51,166,0,1.000000,0.764977,0.235023
21,A18_KC-10,0.00128731958,51,167,0,1.000000,0.766055,0.233945
21,A18_KC-10,0.00128157076,51,168,0,1.000000,0.767123,0.232877
21,A18_KC-10,0.00126316864,51,169,0,1.000000,0.768182,0.231818
21,A18_KC-10,0.00125798315,51,170,0,1.000000,0.769231,0.230769
21,A18_KC-10,0.00124944898,51,171,0,1.000000,0.770270,0.229730
21,A18_KC-10,0.00124768878,51,172,0,1.000000,0.771300,0.228700
21,A18_KC-10,0.001237627,51,173,0,1.000000,0.772321,0.227679
21,A18_KC-10,0.00123291498,51,174,0,1.000000,0.773333,0.226667
21,A18_KC-10,0.00122492225,51,175,0,1.000000,0.774336,0.225664
21,A18_KC-10,0.00122000079,51,176,0,1.000000,0.775330,0.224670
21,A18_KC-10,0.00121161365,51,177,0,1.000000,0.776316,0.223684
21,A18_KC-10,0.00121111446,51,178,0,1.000000,0.777293,0.222707
21,A18_KC-10,0.00120824436,51,179,0,1.000000,0.778261,0.221739
21,A18_KC-10,0.00120280986,51,180,0,1.000000,0.779221,0.220779
21,A18_KC-10,0.00119633996,51,181,0,1.000000,0.780172,0.219828
21,A18_KC-10,0.00119361945,51,182,0,1.000000,0.781116,0.218884
21,A18_KC-10,0.00119208777,51,183,0,1.000000,0.782051,0.217949
21,A18_KC-10,0.00119197241,51,184,0,1.000000,0.782979,0.217021
21,A18_KC-10,0.0011813856,51,185,0,1.000000,0.783898,0.216102
21,A18_KC-10,0.00117982039,51,186,0,1.000000,0.784810,0.215190
21,A18_KC-10,0.0011765447,51,187,0,1.000000,0.785714,0.214286
21,A18_KC-10,0.00117544853,51,188,0,1.000000,0.786611,0.213389
21,A18_KC-10,0.00117384363,51,189,0,1.000000,0.787500,0.212500
21,A18_KC-10,0.0011566981,51,190,0,1.000000,0.788382,0.211618
21,A18_KC-10,0.00114862446,51,191,0,1.000000,0.789256,0.210744
21,A18_KC-10,0.00114523573,51,192,0,1.000000,0.790123,0.209877
21,A18_KC-10,0.00112701615,51,193,0,1.000000,0.790984,0.209016
21,A18_KC-10,0.00112329808,51,194,0,1.000000,0.791837,0.208163
21,A18_KC-10,0.00112050527,51,195,0,1.000000,0.792683,0.207317
21,A18_KC-10,0.00110762077,51,196,0,1.000000,0.793522,0.206478
21,A18_KC-10,0.00110715267,51,197,0,1.000000,0.794355,0.205645
21,A18_KC-10,0.00110280432,51,198,0,1.000000,0.795181,0.204819
21,A18_KC-10,0.00109623757,51,199,0,1.000000,0.796000,0.204000
21,A18_KC-10,0.00108790037,51,200,0,1.000000,0.796813,0.203187
21,A18_KC-10,0.0010822952,51,201,0,1.000000,0.797619,0.202381
21,A18_KC-10,0.0010819782,51,202,0,1.000000,0.798419,0.201581
21,A18_KC-10,0.00108010694,51,203,0,1.000000,0.799213,0.200787
21,A18_KC-10,0.00107314973,51,204,0,1.000000,0.800000,0.200000
21,A18_KC-10,0.00105152873,51,205,0,1.000000,0.800781,0.199219
21,A18_KC-10,0.00104605698,51,206,0,1.000000,0.801556,0.198444
21,A18_KC-10,0.00104342832,51,207,0,1.000000,0.802326,0.197674
21,A18_KC-10,0.0010433055,51,208,0,1.000000,0.803089,0.196911
21,A18_KC-10,0.0010364328,51,209,0,1.000000,0.803846,0.196154
21,A18_KC-10,0.00103354023,51,210,0,1.000000,0.804598,0.195402
21,A18_KC-10,0.00103094464,51,211,0,1.000000,0.805344,0.194656
21,A18_KC-10,0.00102628709,51,212,0,1.000000,0.806084,0.193916
21,A18_KC-10,0.00102161197,51,213,0,1.000000,0.806818,0.193182
21,A18_KC-10,0.00102036912,51,214,0,1.000000,0.807547,0.192453
21,A18_KC-10,0.00101888983,51,215,0,1.000000,0.808271,0.191729
21,A18_KC-10,0.0010169443,51,216,0,1.000000,0.808989,0.191011
21,A18_KC-10,0.001016672,51,217,0,1.000000,0.809701,0.190299
21,A18_KC-10,0.00101315649,51,218,0,1.000000,0.810409,0.189591
21,A18_KC-10,0.00100820186,51,219,0,1.000000,0.811111,0.188889
21,A18_KC-10,0.00100580754,51,220,0,1.000000,0.811808,0.188192
21,A18_KC-10,0.00100414094,51,221,0,1.000000,0.812500,0.187500
22,A19_SU-34,0.999936819,0,0,168,0.000000,0.000000,0.000000
22,A19_SU-34,0.999936819,1,0,167,0.005952,0.000000,1.000000
22,A19_SU-34,0.999924064,2,0,166,0.011905,0.000000,1.000000
22,A19_SU-34,0.999921203,3,0,165,0.017857,0.000000,1.000000
22,A19_SU-34,0.999918818,4,0,164,0.023810,0.000000,1.000000
22,A19_SU-34,0.999908328,5,0,163,0.029762,0.000000,1.000000
22,A19_SU-34,0.999901652,6,0,162,0.035714,0.000000,1.000000
22,A19_SU-34,0.999893904,7,0,161,0.041667,0.000000,1.000000
22,A19_SU-34,0.999893427,9,0,159,0.053571,0.000000,1.000000
22,A19_SU-34,0.999883175,10,0,158,0.059524,0.000000,1.000000
22,A19_SU-34,0.999879241,11,0,157,0.065476,0.000000,1.000000
22,A19_SU-34,0.999878049,12,0,156,0.071429,0.000000,1.000000
22,A19_SU-34,0.999873996,13,0,155,0.077381,0.000000,1.000000
22,A19_SU-34,0.999873161,14,0,154,0.083333,0.000000,1.000000
22,A19_SU-34,0.999872923,15,0,153,0.089286,0.000000,1.000000
22,A19_SU-34,0.999871969,16,0,152,0.095238,0.000000,1.000000
22,A19_SU-34,0.999871731,17,0,151,0.101190,0.000000,1.000000
22,A19_SU-34,0.999870896,18,0,150,0.107143,0.000000,1.000000
22,A19_SU-34,0.999869823,19,0,149,0.113095,0.000000,1.000000
22,A19_SU-34,0.999860406,20,0,148,0.119048,0.000000,1.000000
22,A19_SU-34,0.99985826,21,0,147,0.125000,0.000000,1.000000
22,A19_SU-34,0.999857545,22,0,146,0.130952,0.000000,1.000000
22,A19_SU-34,0.999855995,23,0,145,0.136905,0.000000,1.000000
22,A19_SU-34,0.999853849,24,0,144,0.142857,0.000000,1.000000
22,A19_SU-34,0.999853253,25,0,143,0.148810,0.000000,1.000000
22,A19_SU-34,0.999852538,26,0,142,0.154762,0.000000,1.000000
22,A19_SU-34,0.999852061,27,0,141,0.160714,0.000000,1.000000
22,A19_SU-34,0.999850154,28,0,140,0.166667,0.000000,1.000000
22,A19_SU-34,0.999848604,29,0,139,0.172619,0.000000,1.000000
22,A19_SU-34,0.999847054,30,0,138,0.178571,0.000000,1.000000
22,A19_SU-34,0.999846935,31,0,137,0.184524,0.000000,1.000000
22,A19_SU-34,0.999834538,32,0,136,0.190476,0.000000,1.000000
22,A19_SU-34,0.999830723,33,0,135,0.196429,0.000000,1.000000
22,A19_SU-34,0.999827206,34,0,134,0.202381,0.000000,1.000000
22,A19_SU-34,0.999826491,35,0,133,0.208333,0.000000,1.000000
22,A19_SU-34,0.999825895,36,0,132,0.214286,0.000000,1.000000
22,A19_SU-34,0.99982363,37,0,131,0.220238,0.000000,1.000000
22,A19_SU-34,0.999823511,38,0,130,0.226190,0.000000,1.000000
22,A19_SU-34,0.999819577,39,0,129,0.232143,0.000000,1.000000
22,A19_SU-34,0.999819458,40,0,128,0.238095,0.000000,1.000000
22,A19_SU-34,0.999818623,41,0,127,0.244048,0.000000,1.000000
22,A19_SU-34,0.999810517,42,0,126,0.250000,0.000000,1.000000
22,A19_SU-34,0.999797881,43,0,125,0.255952,0.000000,1.000000
22,A19_SU-34,0.999794304,44,0,124,0.261905,0.000000,1.000000
22,A19_SU-34,0.999791086,45,0,123,0.267857,0.000000,1.000000
22,A19_SU-34,0.999782264,46,0,122,0.273810,0.000000,1.000000
22,A19_SU-34,0.99977845,47,0,121,0.279762,0.000000,1.000000
22,A19_SU-34,0.999775946,48,0,120,0.285714,0.000000,1.000000
22,A19_SU-34,0.999775112,49,0,119,0.291667,0.000000,1.000000
22,A19_SU-34,0.999772012,50,0,118,0.297619,0.000000,1.000000
22,A19_SU-34,0.999769986,52,0,116,0.309524,0.000000,1.000000
22,A19_SU-34,0.999768317,53,0,115,0.315476,0.000000,1.000000
22,A19_SU-34,0.999766886,54,0,114,0.321429,0.000000,1.000000
22,A19_SU-34,0.99976486,55,0,113,0.327381,0.000000,1.000000
22,A19_SU-34,0.999752939,56,0,112,0.333333,0.000000,1.000000
22,A19_SU-34,0.999749362,57,0,111,0.339286,0.000000,1.000000
22,A19_SU-34,0.999746978,58,0,110,0.345238,0.000000,1.000000
22,A19_SU-34,0.999738753,59,0,109,0.351190,0.000000,1.000000
22,A19_SU-34,0.999735534,60,0,108,0.357143,0.000000,1.000000
22,A19_SU-34,0.999734938,61,0,107,0.363095,0.000000,1.000000
22,A19_SU-34,0.999730885,62,0,106,0.369048,0.000000,1.000000
22,A19_SU-34,0.999725997,63,0,105,0.375000,0.000000,1.000000
22,A19_SU-34,0.999715745,64,0,104,0.380952,0.000000,1.000000
22,A19_SU-34,0.999706566,65,0,103,0.386905,0.000000,1.000000
22,A19_SU-34,0.999699473,66,0,102,0.392857,0.000000,1.000000
22,A19_SU-34,0.999696255,67,0,101,0.398810,0.000000,1.000000
22,A19_SU-34,0.99969542,68,0,100,0.404762,0.000000,1.000000
22,A19_SU-34,0.999692559,69,0,99,0.410714,0.000000,1.000000
22,A19_SU-34,0.999691129,70,0,98,0.416667,0.000000,1.000000
22,A19_SU-34,0.999690771,71,0,97,0.422619,0.000000,1.000000
22,A19_SU-34,0.999689221,72,0,96,0.428571,0.000000,1.000000
22,A19_SU-34,0.999667048,73,0,95,0.434524,0.000000,1.000000
22,A19_SU-34,0.999654531,74,0,94,0.440476,0.000000,1.000000
22,A19_SU-34,0.999651074,75,0,93,0.446429,0.000000,1.000000
22,A19_SU-34,0.999646068,76,0,92,0.452381,0.000000,1.000000
22,A19_SU-34,0.999645948,77,0,91,0.458333,0.000000,1.000000
22,A19_SU-34,0.999642491,78,0,90,0.464286,0.000000,1.000000
22,A19_SU-34,0.999642015,79,0,89,0.470238,0.000000,1.000000
22,A19_SU-34,0.999628544,80,0,88,0.476190,0.000000,1.000000
22,A19_SU-34,0.999616027,81,0,87,0.482143,0.000000,1.000000
22,A19_SU-34,0.999614239,82,0,86,0.488095,0.000000,1.000000
22,A19_SU-34,0.999612033,83,0,85,0.494048,0.000000,1.000000
22,A19_SU-34,0.999607742,84,0,84,0.500000,0.000000,1.000000
22,A19_SU-34,0.999605596,85,0,83,0.505952,0.000000,1.000000
22,A19_SU-34,0.999590218,86,0,82,0.511905,0.000000,1.000000
22,A19_SU-34,0.999570429,87,0,81,0.517857,0.000000,1.000000
22,A19_SU-34,0.999546587,88,0,80,0.523810,0.000000,1.000000
22,A19_SU-34,0.99951601,89,0,79,0.529762,0.000000,1.000000
22,A19_SU-34,0.999471962,90,0,78,0.535714,0.000000,1.000000
22,A19_SU-34,0.999464691,91,0,77,0.541667,0.000000,1.000000
22,A19_SU-34,0.999461234,92,0,76,0.547619,0.000000,1.000000
22,A19_SU-34,0.999450028,93,0,75,0.553571,0.000000,1.000000
22,A19_SU-34,0.999445736,94,0,74,0.559524,0.000000,1.000000
22,A19_SU-34,0.999444187,95,0,73,0.565476,0.000000,1.000000
22,A19_SU-34,0.999408126,96,0,72,0.571429,0.000000,1.000000
22,A19_SU-34,0.999387622,97,0,71,0.577381,0.000000,1.000000
22,A19_SU-34,0.999378681,98,0,70,0.583333,0.000000,1.000000
22,A19_SU-34,0.999330759,99,0,69,0.589286,0.000000,1.000000
22,A19_SU-34,0.999298453,100,0,68,0.595238,0.000000,1.000000
22,A19_SU-34,0.999268949,101,0,67,0.601190,0.000000,1.000000
22,A19_SU-34,0.999221563,102,0,66,0.607143,0.000000,1.000000
22,A19_SU-34,0.999208391,103,0,65,0.613095,0.000000,1.000000
22,A19_SU-34,0.999180138,104,0,64,0.619048,0.000000,1.000000
22,A19_SU-34,0.999160528,105,0,63,0.625000,0.000000,1.000000
22,A19_SU-34,0.999151826,106,0,62,0.630952,0.000000,1.000000
22,A19_SU-34,0.99912113,107,0,61,0.636905,0.000000,1.000000
22,A19_SU-34,0.998803973,108,0,60,0.642857,0.000000,1.000000
22,A19_SU-34,0.998767495,109,0,59,0.648810,0.000000,1.000000
22,A19_SU-34,0.998708248,110,0,58,0.654762,0.000000,1.000000
22,A19_SU-34,0.998649061,111,0,57,0.660714,0.000000,1.000000
22,A19_SU-34,0.998637617,112,0,56,0.666667,0.000000,1.000000
22,A19_SU-34,0.998514593,113,0,55,0.672619,0.000000,1.000000
22,A19_SU-34,0.998286545,114,0,54,0.678571,0.000000,1.000000
22,A19_SU-34,0.99819535,115,0,53,0.684524,0.000000,1.000000
22,A19_SU-34,0.998103023,116,0,52,0.690476,0.000000,1.000000
22,A19_SU-34,0.997984171,117,0,51,0.696429,0.000000,1.000000
22,A19_SU-34,0.997697651,118,0,50,0.702381,0.000000,1.000000
22,A19_SU-34,0.997514844,119,0,49,0.708333,0.000000,1.000000
22,A19_SU-34,0.997457445,120,0,48,0.714286,0.000000,1.000000
22,A19_SU-34,0.997359574,121,0,47,0.720238,0.000000,1.000000
22,A19_SU-34,0.996684015,122,0,46,0.726190,0.000000,1.000000
22,A19_SU-34,0.99643904,123,0,45,0.732143,0.000000,1.000000
22,A19_SU-34,0.996031106,124,0,44,0.738095,0.000000,1.000000
22,A19_SU-34,0.99603039,125,0,43,0.744048,0.000000,1.000000
22,A19_SU-34,0.995968819,126,0,42,0.750000,0.000000,1.000000
22,A19_SU-34,0.994495451,127,0,41,0.755952,0.000000,1.000000
22,A19_SU-34,0.994221389,128,0,40,0.761905,0.000000,1.000000
22,A19_SU-34,0.989628434,129,0,39,0.767857,0.000000,1.000000
22,A19_SU-34,0.978324592,130,0,38,0.773810,0.000000,1.000000
22,A19_SU-34,0.974111736,131,0,37,0.779762,0.000000,1.000000
22,A19_SU-34,0.974102437,132,0,36,0.785714,0.000000,1.000000
22,A19_SU-34,0.973518133,133,0,35,0.791667,0.000000,1.000000
22,A19_SU-34,0.97303921,133,1,35,0.791667,0.007463,0.992537
22,A19_SU-34,0.970811367,134,1,34,0.797619,0.007407,0.992593
22,A19_SU-34,0.966178358,135,1,33,0.803571,0.007353,0.992647
22,A19_SU-34,0.96424371,136,1,32,0.809524,0.007299,0.992701
22,A19_SU-34,0.949989855,137,1,31,0.815476,0.007246,0.992754
22,A19_SU-34,0.94361192,138,1,30,0.821429,0.007194,0.992806
22,A19_SU-34,0.941586673,139,1,29,0.827381,0.007143,0.992857
22,A19_SU-34,0.932574749,140,1,28,0.833333,0.007092,0.992908
22,A19_SU-34,0.929239988,141,1,27,0.839286,0.007042,0.992958
22,A19_SU-34,0.920046628,141,2,27,0.839286,0.013986,0.986014
22,A19_SU-34,0.916647494,142,2,26,0.845238,0.013889,0.986111
22,A19_SU-34,0.915952682,143,2,25,0.851190,0.013793,0.986207
22,A19_SU-34,0.89887017,144,2,24,0.857143,0.013699,0.986301
22,A19_SU-34,0.858426392,145,2,23,0.863095,0.013605,0.986395
22,A19_SU-34,0.855869591,146,2,22,0.869048,0.013514,0.986486
22,A19_SU-34,0.830428541,147,2,21,0.875000,0.013423,0.986577
22,A19_SU-34,0.805087864,148,2,20,0.880952,0.013333,0.986667
22,A19_SU-34,0.790004194,149,2,19,0.886905,0.013245,0.986755
22,A19_SU-34,0.778728545,150,2,18,0.892857,0.013158,0.986842
22,A19_SU-34,0.771090984,151,2,17,0.898810,0.013072,0.986928
22,A19_SU-34,0.764838457,151,3,17,0.898810,0.019481,0.980519
22,A19_SU-34,0.691593051,152,3,16,0.904762,0.019355,0.980645
22,A19_SU-34,0.675213099,153,3,15,0.910714,0.019231,0.980769
22,A19_SU-34,0.661645532,153,4,15,0.910714,0.025478,0.974522
22,A19_SU-34,0.660959721,153,5,15,0.910714,0.031646,0.968354
22,A19_SU-34,0.636677921,154,5,14,0.916667,0.031447,0.968553
22,A19_SU-34,0.52452296,154,6,14,0.916667,0.037500,0.962500
22,A19_SU-34,0.500169635,154,7,14,0.916667,0.043478,0.956522
22,A19_SU-34,0.414855361,155,7,13,0.922619,0.043210,0.956790
22,A19_SU-34,0.302240223,156,7,12,0.928571,0.042945,0.957055
22,A19_SU-34,0.296954721,156,8,12,0.928571,0.048780,0.951220
22,A19_SU-34,0.284364045,156,9,12,0.928571,0.054545,0.945455
22,A19_SU-34,0.276779681,156,10,12,0.928571,0.060241,0.939759
22,A19_SU-34,0.22696434,156,11,12,0.928571,0.065868,0.934132
22,A19_SU-34,0.209645644,156,12,12,0.928571,0.071429,0.928571
22,A19_SU-34,0.176722974,156,13,12,0.928571,0.076923,0.923077
22,A19_SU-34,0.165195897,156,14,12,0.928571,0.082353,0.917647
22,A19_SU-34,0.141164318,157,14,11,0.934524,0.081871,0.918129
22,A19_SU-34,0.128581211,157,15,11,0.934524,0.087209,0.912791
22,A19_SU-34,0.121279642,157,16,11,0.934524,0.092486,0.907514
22,A19_SU-34,0.111874357,158,16,10,0.940476,0.091954,0.908046
22,A19_SU-34,0.0907652676,159,16,9,0.946429,0.091429,0.908571
22,A19_SU-34,0.0861387998,160,16,8,0.952381,0.090909,0.909091
22,A19_SU-34,0.0669771135,160,17,8,0.952381,0.096045,0.903955
22,A19_SU-34,0.0662172139,160,18,8,0.952381,0.101124,0.898876
22,A19_SU-34,0.0606864467,160,19,8,0.952381,0.106145,0.893855
22,A19_SU-34,0.0579943359,160,20,8,0.952381,0.111111,0.888889
22,A19_SU-34,0.0567689985,161,20,7,0.958333,0.110497,0.889503
22,A19_SU-34,0.0531002246,161,21,7,0.958333,0.115385,0.884615
22,A19_SU-34,0.0509750433,161,22,7,0.958333,0.120219,0.879781
22,A19_SU-34,0.0479019843,161,23,7,0.958333,0.125000,0.875000
22,A19_SU-34,0.0432584733,161,24,7,0.958333,0.129730,0.870270
22,A19_SU-34,0.0403575748,161,25,7,0.958333,0.134409,0.865591
22,A19_SU-34,0.0337376967,161,26,7,0.958333,0.139037,0.860963
22,A19_SU-34,0.0330156796,162,26,6,0.964286,0.138298,0.861702
22,A19_SU-34,0.0328519046,162,27,6,0.964286,0.142857,0.857143
22,A19_SU-34,0.031694036,162,28,6,0.964286,0.147368,0.852632
22,A19_SU-34,0.0301773492,162,29,6,0.964286,0.151832,0.848168
22,A19_SU-34,0.0292298626,163,29,5,0.970238,0.151042,0.848958
22,A19_SU-34,0.0282469615,163,30,5,0.970238,0.155440,0.844560
22,A19_SU-34,0.0260278285,163,31,5,0.970238,0.159794,0.840206
22,A19_SU-34,0.0235913657,163,32,5,0.970238,0.164103,0.835897
22,A19_SU-34,0.0234969556,163,33,5,0.970238,0.168367,0.831633
22,A19_SU-34,0.0227701291,163,34,5,0.970238,0.172589,0.827411
22,A19_SU-34,0.0218511205,163,35,5,0.970238,0.176768,0.823232
22,A19_SU-34,0.0153330723,163,36,5,0.970238,0.180905,0.819095
22,A19_SU-34,0.0151601024,163,37,5,0.970238,0.185000,0.815000
22,A19_SU-34,0.0147708915,163,38,5,0.970238,0.189055,0.810945
22,A19_SU-34,0.0139722796,163,39,5,0.970238,0.193069,0.806931
22,A19_SU-34,0.0132074719,163,40,5,0.970238,0.197044,0.802956
22,A19_SU-34,0.012280832,163,41,5,0.970238,0.200980,0.799020
22,A19_SU-34,0.0120327799,163,42,5,0.970238,0.204878,0.795122
22,A19_SU-34,0.0119424583,163,43,5,0.970238,0.208738,0.791262
22,A19_SU-34,0.0114328517,163,44,5,0.970238,0.212560,0.787440
22,A19_SU-34,0.0110532474,163,45,5,0.970238,0.216346,0.783654
22,A19_SU-34,0.0107062329,163,46,5,0.970238,0.220096,0.779904
22,A19_SU-34,0.00994767155,163,47,5,0.970238,0.223810,0.776190
22,A19_SU-34,0.00955505762,163,48,5,0.970238,0.227488,0.772512
22,A19_SU-34,0.00895174779,163,49,5,0.970238,0.231132,0.768868
22,A19_SU-34,0.00865998678,163,50,5,0.970238,0.234742,0.765258
22,A19_SU-34,0.00799931027,163,51,5,0.970238,0.238318,0.761682
22,A19_SU-34,0.0074264775,163,52,5,0.970238,0.241860,0.758140
22,A19_SU-34,0.00742431823,163,53,5,0.970238,0.245370,0.754630
22,A19_SU-34,0.00738152908,163,54,5,0.970238,0.248848,0.751152
22,A19_SU-34,0.00721370848,163,55,5,0.970238,0.252294,0.747706
22,A19_SU-34,0.00701272953,163,56,5,0.970238,0.255708,0.744292
22,A19_SU-34,0.00652448228,163,57,5,0.970238,0.259091,0.740909
22,A19_SU-34,0.00635492336,163,58,5,0.970238,0.262443,0.737557
22,A19_SU-34,0.00635005534,163,59,5,0.970238,0.265766,0.734234
22,A19_SU-34,0.00628824905,163,60,5,0.970238,0.269058,0.730942
22,A19_SU-34,0.00625301944,163,61,5,0.970238,0.272321,0.727679
22,A19_SU-34,0.00608960586,163,62,5,0.970238,0.275556,0.724444
22,A19_SU-34,0.00592676084,163,63,5,0.970238,0.278761,0.721239
22,A19_SU-34,0.00566868018,163,64,5,0.970238,0.281938,0.718062
22,A19_SU-34,0.0053963447,163,65,5,0.970238,0.285088,0.714912
22,A19_SU-34,0.00535542844,163,66,5,0.970238,0.288210,0.711790
22,A19_SU-34,0.00509622134,163,67,5,0.970238,0.291304,0.708696
22,A19_SU-34,0.00495685544,163,68,5,0.970238,0.294372,0.705628
22,A19_SU-34,0.00487996545,163,69,5,0.970238,0.297414,0.702586
22,A19_SU-34,0.00486520678,163,70,5,0.970238,0.300429,0.699571
22,A19_SU-34,0.00482778344,163,71,5,0.970238,0.303419,0.696581
22,A19_SU-34,0.004577321,163,72,5,0.970238,0.306383,0.693617
22,A19_SU-34,0.0045481124,163,73,5,0.970238,0.309322,0.690678
22,A19_SU-34,0.00453889975,163,74,5,0.970238,0.312236,0.687764
22,A19_SU-34,0.00453060586,163,75,5,0.970238,0.315126,0.684874
22,A19_SU-34,0.00449679326,163,76,5,0.970238,0.317992,0.682008
22,A19_SU-34,0.00444299169,164,76,4,0.976190,0.316667,0.683333
22,A19_SU-34,0.00438715285,164,77,4,0.976190,0.319502,0.680498
22,A19_SU-34,0.00416058954,164,78,4,0.976190,0.322314,0.677686
22,A19_SU-34,0.00415539509,164,79,4,0.976190,0.325103,0.674897
22,A19_SU-34,0.00409699045,164,80,4,0.976190,0.327869,0.672131
22,A19_SU-34,0.00405538687,164,81,4,0.976190,0.330612,0.669388
22,A19_SU-34,0.00399604673,164,82,4,0.976190,0.333333,0.666667
22,A19_SU-34,0.00396645907,164,83,4,0.976190,0.336032,0.663968
22,A19_SU-34,0.00392119959,164,84,4,0.976190,0.338710,0.661290
22,A19_SU-34,0.00372098084,164,85,4,0.976190,0.341365,0.658635
22,A19_SU-34,0.00369840884,164,86,4,0.976190,0.344000,0.656000
22,A19_SU-34,0.00367062725,165,86,3,0.982143,0.342629,0.657371
22,A19_SU-34,0.0036381809,165,87,3,0.982143,0.345238,0.654762
22,A19_SU-34,0.00360327563,165,88,3,0.982143,0.347826,0.652174
22,A19_SU-34,0.00359756965,165,89,3,0.982143,0.350394,0.649606
22,A19_SU-34,0.00356044318,165,90,3,0.982143,0.352941,0.647059
22,A19_SU-34,0.00352160563,166,90,2,0.988095,0.351562,0.648438
22,A19_SU-34,0.00340290321,166,91,2,0.988095,0.354086,0.645914
22,A19_SU-34,0.00339876837,166,92,2,0.988095,0.356589,0.643411
22,A19_SU-34,0.00324461772,166,93,2,0.988095,0.359073,0.640927
22,A19_SU-34,0.00319252443,166,94,2,0.988095,0.361538,0.638462
22,A19_SU-34,0.00303656259,166,95,2,0.988095,0.363985,0.636015
22,A19_SU-34,0.00284637976,166,96,2,0.988095,0.366412,0.633588
22,A19_SU-34,0.00280680554,166,97,2,0.988095,0.368821,0.631179
22,A19_SU-34,0.00279228901,166,98,2,0.988095,0.371212,0.628788
22,A19_SU-34,0.00271084765,167,98,1,0.994048,0.369811,0.630189
22,A19_SU-34,0.00268362579,167,99,1,0.994048,0.372180,0.627820
22,A19_SU-34,0.00265772408,167,100,1,0.994048,0.374532,0.625468
22,A19_SU-34,0.00262206467,167,101,1,0.994048,0.376866,0.623134
22,A19_SU-34,0.00253984146,167,102,1,0.994048,0.379182,0.620818
22,A19_SU-34,0.00252287555,167,103,1,0.994048,0.381481,0.618519
22,A19_SU-34,0.00247928523,167,104,1,0.994048,0.383764,0.616236
22,A19_SU-34,0.00243064226,167,105,1,0.994048,0.386029,0.613971
22,A19_SU-34,0.00240057847,167,106,1,0.994048,0.388278,0.611722
22,A19_SU-34,0.00238036062,167,107,1,0.994048,0.390511,0.609489
22,A19_SU-34,0.00237426325,167,108,1,0.994048,0.392727,0.607273
22,A19_SU-34,0.00234938669,167,109,1,0.994048,0.394928,0.605072
22,A19_SU-34,0.00233186432,167,110,1,0.994048,0.397112,0.602888
22,A19_SU-34,0.00229315576,167,111,1,0.994048,0.399281,0.600719
22,A19_SU-34,0.00224967441,167,112,1,0.994048,0.401434,0.598566
22,A19_SU-34,0.00224189111,167,113,1,0.994048,0.403571,0.596429
22,A19_SU-34,0.00222430192,167,114,1,0.994048,0.405694,0.594306
22,A19_SU-34,0.00222146045,167,115,1,0.994048,0.407801,0.592199
22,A19_SU-34,0.00218415377,167,116,1,0.994048,0.409894,0.590106
22,A19_SU-34,0.00218220241,167,117,1,0.994048,0.411972,0.588028
22,A19_SU-34,0.00211813091,167,118,1,0.994048,0.414035,0.585965
22,A19_SU-34,0.00211179233,167,119,1,0.994048,0.416084,0.583916
22,A19_SU-34,0.00209856639,167,120,1,0.994048,0.418118,0.581882
22,A19_SU-34,0.00208880519,167,121,1,0.994048,0.420139,0.579861
22,A19_SU-34,0.002079695,167,122,1,0.994048,0.422145,0.577855
22,A19_SU-34,0.00206251955,167,123,1,0.994048,0.424138,0.575862
22,A19_SU-34,0.00205106311,167,124,1,0.994048,0.426117,0.573883
22,A19_SU-34,0.00204617903,167,125,1,0.994048,0.428082,0.571918
22,A19_SU-34,0.00197923253,167,126,1,0.994048,0.430034,0.569966
22,A19_SU-34,0.00194248057,167,127,1,0.994048,0.431973,0.568027
22,A19_SU-34,0.00193070876,167,128,1,0.994048,0.433898,0.566102
22,A19_SU-34,0.00192654796,167,129,1,0.994048,0.435811,0.564189
22,A19_SU-34,0.00190041331,167,130,1,0.994048,0.437710,0.562290
22,A19_SU-34,0.00187503092,167,131,1,0.994048,0.439597,0.560403
22,A19_SU-34,0.00185287348,167,132,1,0.994048,0.441472,0.558528
22,A19_SU-34,0.00184736145,167,133,1,0.994048,0.443333,0.556667
22,A19_SU-34,0.00183607184,167,134,1,0.994048,0.445183,0.554817
22,A19_SU-34,0.0018131698,167,135,1,0.994048,0.447020,0.552980
22,A19_SU-34,0.00178841129,167,136,1,0.994048,0.448845,0.551155
22,A19_SU-34,0.00178347866,167,137,1,0.994048,0.450658,0.549342
22,A19_SU-34,0.00173226895,167,138,1,0.994048,0.452459,0.547541
22,A19_SU-34,0.00172626495,167,139,1,0.994048,0.454248,0.545752
22,A19_SU-34,0.00170438702,167,140,1,0.994048,0.456026,0.543974
22,A19_SU-34,0.00169221777,167,141,1,0.994048,0.457792,0.542208
22,A19_SU-34,0.00169036537,167,142,1,0.994048,0.459547,0.540453
22,A19_SU-34,0.00167108281,167,143,1,0.994048,0.461290,0.538710
22,A19_SU-34,0.00160575542,167,144,1,0.994048,0.463023,0.536977
22,A19_SU-34,0.00159351178,167,145,1,0.994048,0.464744,0.535256
22,A19_SU-34,0.00158489379,167,146,1,0.994048,0.466454,0.533546
22,A19_SU-34,0.00156846759,167,147,1,0.994048,0.468153,0.531847
22,A19_SU-34,0.00155138236,167,148,1,0.994048,0.469841,0.530159
22,A19_SU-34,0.00154806394,167,149,1,0.994048,0.471519,0.528481
22,A19_SU-34,0.00150606956,167,150,1,0.994048,0.473186,0.526814
22,A19_SU-34,0.00150443206,167,151,1,0.994048,0.474843,0.525157
22,A19_SU-34,0.00149783236,167,152,1,0.994048,0.476489,0.523511
22,A19_SU-34,0.00149683538,167,153,1,0.994048,0.478125,0.521875
22,A19_SU-34,0.00148823415,167,154,1,0.994048,0.479751,0.520249
22,A19_SU-34,0.0014870395,167,155,1,0.994048,0.481366,0.518634
22,A19_SU-34,0.001473243,167,156,1,0.994048,0.482972,0.517028
22,A19_SU-34,0.00146108342,167,157,1,0.994048,0.484568,0.515432
22,A19_SU-34,0.00144943292,167,158,1,0.994048,0.486154,0.513846
22,A19_SU-34,0.00142650749,167,159,1,0.994048,0.487730,0.512270
22,A19_SU-34,0.00141212961,167,160,1,0.994048,0.489297,0.510703
22,A19_SU-34,0.00139370642,167,161,1,0.994048,0.490854,0.509146
22,A19_SU-34,0.00138529553,167,162,1,0.994048,0.492401,0.507599
22,A19_SU-34,0.00138474861,167,163,1,0.994048,0.493939,0.506061
22,A19_SU-34,0.00137910247,167,164,1,0.994048,0.495468,0.504532
22,A19_SU-34,0.00137271627,167,165,1,0.994048,0.496988,0.503012
22,A19_SU-34,0.00136378314,167,166,1,0.994048,0.498498,0.501502
22,A19_SU-34,0.00132308132,167,167,1,0.994048,0.500000,0.500000
22,A19_SU-34,0.00131478661,167,168,1,0.994048,0.501493,0.498507
22,A19_SU-34,0.00131398812,167,169,1,0.994048,0.502976,0.497024
22,A19_SU-34,0.00131294841,167,170,1,0.994048,0.504451,0.495549
22,A19_SU-34,0.00130185706,167,171,1,0.994048,0.505917,0.494083
22,A19_SU-34,0.00130071887,167,172,1,0.994048,0.507375,0.492625
22,A19_SU-34,0.00129796716,167,173,1,0.994048,0.508824,0.491176
22,A19_SU-34,0.00127145543,167,174,1,0.994048,0.510264,0.489736
22,A19_SU-34,0.001270312,167,175,1,0.994048,0.511696,0.488304
22,A19_SU-34,0.00125864404,167,176,1,0.994048,0.513120,0.486880
22,A19_SU-34,0.0012279111,167,177,1,0.994048,0.514535,0.485465
22,A19_SU-34,0.00120387517,167,178,1,0.994048,0.515942,0.484058
22,A19_SU-34,0.00119915488,167,179,1,0.994048,0.517341,0.482659
22,A19_SU-34,0.00118953281,167,180,1,0.994048,0.518732,0.481268
22,A19_SU-34,0.00116948364,167,181,1,0.994048,0.520115,0.479885
22,A19_SU-34,0.00116106251,167,182,1,0.994048,0.521490,0.478510
22,A19_SU-34,0.00112034252,167,183,1,0.994048,0.522857,0.477143
22,A19_SU-34,0.00111874274,167,184,1,0.994048,0.524217,0.475783
22,A19_SU-34,0.00111751189,167,185,1,0.994048,0.525568,0.474432
22,A19_SU-34,0.00111063325,167,186,1,0.994048,0.526912,0.473088
22,A19_SU-34,0.00110762485,167,187,1,0.994048,0.528249,0.471751
22,A19_SU-34,0.00108881423,167,188,1,0.994048,0.529577,0.470423
22,A19_SU-34,0.00108091824,167,189,1,0.994048,0.530899,0.469101
22,A19_SU-34,0.00107655802,167,190,1,0.994048,0.532213,0.467787
22,A19_SU-34,0.00107408594,167,191,1,0.994048,0.533520,0.466480
22,A19_SU-34,0.00106958335,167,192,1,0.994048,0.534819,0.465181
22,A19_SU-34,0.00104193203,167,193,1,0.994048,0.536111,0.463889
22,A19_SU-34,0.00103754783,167,194,1,0.994048,0.537396,0.462604
22,A19_SU-34,0.00103285443,168,194,0,1.000000,0.535912,0.464088
22,A19_SU-34,0.00101690087,168,195,0,1.000000,0.537190,0.462810
22,A19_SU-34,0.00101242797,168,196,0,1.000000,0.538462,0.461538
22,A19_SU-34,0.0010106992,168,197,0,1.000000,0.539726,0.460274
22,A19_SU-34,0.00100306037,168,198,0,1.000000,0.540984,0.459016
22,A19_SU-34,0.0010026521,168,199,0,1.000000,0.542234,0.457766
23,A20_SU-24,0.999938846,0,0,103,0.000000,0.000000,0.000000
23,A20_SU-24,0.999938846,1,0,102,0.009709,0.000000,1.000000
23,A20_SU-24,0.999925256,2,0,101,0.019417,0.000000,1.000000
23,A20_SU-24,0.999922991,3,0,100,0.029126,0.000000,1.000000
23,A20_SU-24,0.999911189,4,0,99,0.038835,0.000000,1.000000
23,A20_SU-24,0.999903083,5,0,98,0.048544,0.000000,1.000000
23,A20_SU-24,0.999902844,6,0,97,0.058252,0.000000,1.000000
23,A20_SU-24,0.999896526,7,0,96,0.067961,0.000000,1.000000
23,A20_SU-24,0.999893308,8,0,95,0.077670,0.000000,1.000000
23,A20_SU-24,0.999891639,9,0,94,0.087379,0.000000,1.000000
23,A20_SU-24,0.999879003,10,0,93,0.097087,0.000000,1.000000
23,A20_SU-24,0.9998734,11,0,92,0.106796,0.000000,1.000000
23,A20_SU-24,0.999869943,13,0,90,0.126214,0.000000,1.000000
23,A20_SU-24,0.999869108,14,0,89,0.135922,0.000000,1.000000
23,A20_SU-24,0.99986887,15,0,88,0.145631,0.000000,1.000000
23,A20_SU-24,0.999859571,16,0,87,0.155340,0.000000,1.000000
23,A20_SU-24,0.999859452,17,0,86,0.165049,0.000000,1.000000
23,A20_SU-24,0.999843836,18,0,85,0.174757,0.000000,1.000000
23,A20_SU-24,0.999830008,19,0,84,0.184466,0.000000,1.000000
23,A20_SU-24,0.999823511,20,0,83,0.194175,0.000000,1.000000
23,A20_SU-24,0.999822676,21,0,82,0.203883,0.000000,1.000000
23,A20_SU-24,0.999821126,22,0,81,0.213592,0.000000,1.000000
23,A20_SU-24,0.999818742,23,0,80,0.223301,0.000000,1.000000
23,A20_SU-24,0.999810517,24,0,79,0.233010,0.000000,1.000000
23,A20_SU-24,0.999809206,25,0,78,0.242718,0.000000,1.000000
23,A20_SU-24,0.999805629,26,0,77,0.252427,0.000000,1.000000
23,A20_SU-24,0.999800026,27,0,76,0.262136,0.000000,1.000000
23,A20_SU-24,0.999796212,28,0,75,0.271845,0.000000,1.000000
23,A20_SU-24,0.99979049,29,0,74,0.281553,0.000000,1.000000
23,A20_SU-24,0.999789059,30,0,73,0.291262,0.000000,1.000000
23,A20_SU-24,0.999765813,31,0,72,0.300971,0.000000,1.000000
23,A20_SU-24,0.999759495,32,0,71,0.310680,0.000000,1.000000
23,A20_SU-24,0.999758422,33,0,70,0.320388,0.000000,1.000000
23,A20_SU-24,0.999757946,34,0,69,0.330097,0.000000,1.000000
23,A20_SU-24,0.999753416,35,0,68,0.339806,0.000000,1.000000
23,A20_SU-24,0.99974519,36,0,67,0.349515,0.000000,1.000000
23,A20_SU-24,0.999744236,37,0,66,0.359223,0.000000,1.000000
23,A20_SU-24,0.99972707,38,0,65,0.368932,0.000000,1.000000
23,A20_SU-24,0.999721467,39,0,64,0.378641,0.000000,1.000000
23,A20_SU-24,0.999720037,40,0,63,0.388350,0.000000,1.000000
23,A20_SU-24,0.999719322,41,0,62,0.398058,0.000000,1.000000
23,A20_SU-24,0.999708712,42,0,61,0.407767,0.000000,1.000000
23,A20_SU-24,0.999695539,43,0,60,0.417476,0.000000,1.000000
23,A20_SU-24,0.999692202,44,0,59,0.427184,0.000000,1.000000
23,A20_SU-24,0.999665499,45,0,58,0.436893,0.000000,1.000000
23,A20_SU-24,0.99966073,46,0,57,0.446602,0.000000,1.000000
23,A20_SU-24,0.999658823,47,0,56,0.456311,0.000000,1.000000
23,A20_SU-24,0.999655962,48,0,55,0.466019,0.000000,1.000000
23,A20_SU-24,0.999649048,49,0,54,0.475728,0.000000,1.000000
23,A20_SU-24,0.999619603,50,0,53,0.485437,0.000000,1.000000
23,A20_SU-24,0.999618053,51,0,52,0.495146,0.000000,1.000000
23,A20_SU-24,0.999617815,52,0,51,0.504854,0.000000,1.000000
23,A20_SU-24,0.999597609,53,0,50,0.514563,0.000000,1.000000
23,A20_SU-24,0.999588788,54,0,49,0.524272,0.000000,1.000000
23,A20_SU-24,0.999582827,55,0,48,0.533981,0.000000,1.000000
23,A20_SU-24,0.999559462,56,0,47,0.543689,0.000000,1.000000
23,A20_SU-24,0.999556363,57,0,46,0.553398,0.000000,1.000000
23,A20_SU-24,0.999540806,58,0,45,0.563107,0.000000,1.000000
23,A20_SU-24,0.99953568,59,0,44,0.572816,0.000000,1.000000
23,A20_SU-24,0.999502301,60,0,43,0.582524,0.000000,1.000000
23,A20_SU-24,0.999480307,61,0,42,0.592233,0.000000,1.000000
23,A20_SU-24,0.999447763,62,0,41,0.601942,0.000000,1.000000
23,A20_SU-24,0.999405742,63,0,40,0.611650,0.000000,1.000000
23,A20_SU-24,0.999391556,64,0,39,0.621359,0.000000,1.000000
23,A20_SU-24,0.999343216,65,0,38,0.631068,0.000000,1.000000
23,A20_SU-24,0.999303818,66,0,37,0.640777,0.000000,1.000000
23,A20_SU-24,0.999296546,67,0,36,0.650485,0.000000,1.000000
23,A20_SU-24,0.999284327,68,0,35,0.660194,0.000000,1.000000
23,A20_SU-24,0.99915278,69,0,34,0.669903,0.000000,1.000000
23,A20_SU-24,0.999144077,70,0,33,0.679612,0.000000,1.000000
23,A20_SU-24,0.999120533,71,0,32,0.689320,0.000000,1.000000
23,A20_SU-24,0.999060571,72,0,31,0.699029,0.000000,1.000000
23,A20_SU-24,0.99892056,73,0,30,0.708738,0.000000,1.000000
23,A20_SU-24,0.998889625,74,0,29,0.718447,0.000000,1.000000
23,A20_SU-24,0.998855114,75,0,28,0.728155,0.000000,1.000000
23,A20_SU-24,0.998796701,76,0,27,0.737864,0.000000,1.000000
23,A20_SU-24,0.998764157,77,0,26,0.747573,0.000000,1.000000
23,A20_SU-24,0.998179793,78,0,25,0.757282,0.000000,1.000000
23,A20_SU-24,0.998136282,79,0,24,0.766990,0.000000,1.000000
23,A20_SU-24,0.998078227,80,0,23,0.776699,0.000000,1.000000
23,A20_SU-24,0.997760773,81,0,22,0.786408,0.000000,1.000000
23,A20_SU-24,0.997671187,82,0,21,0.796117,0.000000,1.000000
23,A20_SU-24,0.997149885,83,0,20,0.805825,0.000000,1.000000
23,A20_SU-24,0.997079015,84,0,19,0.815534,0.000000,1.000000
23,A20_SU-24,0.995420277,85,0,18,0.825243,0.000000,1.000000
23,A20_SU-24,0.994877577,86,0,17,0.834951,0.000000,1.000000
23,A20_SU-24,0.992781341,87,0,16,0.844660,0.000000,1.000000
23,A20_SU-24,0.991736352,88,0,15,0.854369,0.000000,1.000000
23,A20_SU-24,0.990512669,89,0,14,0.864078,0.000000,1.000000
23,A20_SU-24,0.988787234,90,0,13,0.873786,0.000000,1.000000
23,A20_SU-24,0.983507872,91,0,12,0.883495,0.000000,1.000000
23,A20_SU-24,0.964805126,92,0,11,0.893204,0.000000,1.000000
23,A20_SU-24,0.963869214,93,0,10,0.902913,0.000000,1.000000
23,A20_SU-24,0.896360338,94,0,9,0.912621,0.000000,1.000000
23,A20_SU-24,0.880381882,95,0,8,0.922330,0.000000,1.000000
23,A20_SU-24,0.853980243,96,0,7,0.932039,0.000000,1.000000
23,A20_SU-24,0.834095836,97,0,6,0.941748,0.000000,1.000000
23,A20_SU-24,0.796467841,98,0,5,0.951456,0.000000,1.000000
23,A20_SU-24,0.524058402,98,1,5,0.951456,0.010101,0.989899
23,A20_SU-24,0.514421403,99,1,4,0.961165,0.010000,0.990000
23,A20_SU-24,0.157158703,99,2,4,0.961165,0.019802,0.980198
23,A20_SU-24,0.069983758,99,3,4,0.961165,0.029412,0.970588
23,A20_SU-24,0.0630852953,99,4,4,0.961165,0.038835,0.961165
23,A20_SU-24,0.0512425192,99,5,4,0.961165,0.048077,0.951923
23,A20_SU-24,0.0434797108,99,6,4,0.961165,0.057143,0.942857
23,A20_SU-24,0.0327885859,99,7,4,0.961165,0.066038,0.933962
23,A20_SU-24,0.0314641595,99,8,4,0.961165,0.074766,0.925234
23,A20_SU-24,0.0304480307,99,9,4,0.961165,0.083333,0.916667
23,A20_SU-24,0.025418587,99,10,4,0.961165,0.091743,0.908257
23,A20_SU-24,0.0246700495,99,11,4,0.961165,0.100000,0.900000
23,A20_SU-24,0.0239861216,99,12,4,0.961165,0.108108,0.891892
23,A20_SU-24,0.0200796258,99,13,4,0.961165,0.116071,0.883929
23,A20_SU-24,0.0193306506,99,14,4,0.961165,0.123894,0.876106
23,A20_SU-24,0.0178193338,99,15,4,0.961165,0.131579,0.868421
23,A20_SU-24,0.0174746811,99,16,4,0.961165,0.139130,0.860870
23,A20_SU-24,0.0172484349,99,17,4,0.961165,0.146552,0.853448
23,A20_SU-24,0.0164794698,99,18,4,0.961165,0.153846,0.846154
23,A20_SU-24,0.0162571054,99,19,4,0.961165,0.161017,0.838983
23,A20_SU-24,0.0149789397,99,20,4,0.961165,0.168067,0.831933
23,A20_SU-24,0.0134491669,99,21,4,0.961165,0.175000,0.825000
23,A20_SU-24,0.0128557142,99,22,4,0.961165,0.181818,0.818182
23,A20_SU-24,0.0122396238,99,23,4,0.961165,0.188525,0.811475
23,A20_SU-24,0.0121567817,99,24,4,0.961165,0.195122,0.804878
23,A20_SU-24,0.0120883146,99,25,4,0.961165,0.201613,0.798387
23,A20_SU-24,0.0112665426,99,26,4,0.961165,0.208000,0.792000
23,A20_SU-24,0.011245288,99,27,4,0.961165,0.214286,0.785714
23,A20_SU-24,0.0110893035,99,28,4,0.961165,0.220472,0.779528
23,A20_SU-24,0.011067153,99,29,4,0.961165,0.226562,0.773438
23,A20_SU-24,0.0110086007,99,30,4,0.961165,0.232558,0.767442
23,A20_SU-24,0.0104899826,99,31,4,0.961165,0.238462,0.761538
23,A20_SU-24,0.0103939306,99,32,4,0.961165,0.244275,0.755725
23,A20_SU-24,0.00967412908,99,33,4,0.961165,0.250000,0.750000
23,A20_SU-24,0.00918276515,99,34,4,0.961165,0.255639,0.744361
23,A20_SU-24,0.00906959176,99,35,4,0.961165,0.261194,0.738806
23,A20_SU-24,0.00875047408,99,36,4,0.961165,0.266667,0.733333
23,A20_SU-24,0.00854396913,99,37,4,0.961165,0.272059,0.727941
23,A20_SU-24,0.00835568551,99,38,4,0.961165,0.277372,0.722628
23,A20_SU-24,0.00809581764,99,39,4,0.961165,0.282609,0.717391
23,A20_SU-24,0.00803202391,99,40,4,0.961165,0.287770,0.712230
23,A20_SU-24,0.00798773021,99,41,4,0.961165,0.292857,0.707143
23,A20_SU-24,0.00780459074,99,42,4,0.961165,0.297872,0.702128
23,A20_SU-24,0.00749022793,99,43,4,0.961165,0.302817,0.697183
23,A20_SU-24,0.00745646888,99,44,4,0.961165,0.307692,0.692308
23,A20_SU-24,0.00742541021,99,45,4,0.961165,0.312500,0.687500
23,A20_SU-24,0.00730671175,99,46,4,0.961165,0.317241,0.682759
23,A20_SU-24,0.00714359479,99,47,4,0.961165,0.321918,0.678082
23,A20_SU-24,0.00643822644,99,48,4,0.961165,0.326531,0.673469
23,A20_SU-24,0.00639735721,99,49,4,0.961165,0.331081,0.668919
23,A20_SU-24,0.00630411692,99,50,4,0.961165,0.335570,0.664430
23,A20_SU-24,0.00628042081,99,51,4,0.961165,0.340000,0.660000
23,A20_SU-24,0.00621372927,99,52,4,0.961165,0.344371,0.655629
23,A20_SU-24,0.00608772505,99,53,4,0.961165,0.348684,0.651316
23,A20_SU-24,0.00606342731,99,54,4,0.961165,0.352941,0.647059
23,A20_SU-24,0.00593751995,99,55,4,0.961165,0.357143,0.642857
23,A20_SU-24,0.00583125697,99,56,4,0.961165,0.361290,0.638710
23,A20_SU-24,0.00581317954,99,57,4,0.961165,0.365385,0.634615
23,A20_SU-24,0.00577525329,99,58,4,0.961165,0.369427,0.630573
23,A20_SU-24,0.00550899841,99,59,4,0.961165,0.373418,0.626582
23,A20_SU-24,0.00544044236,99,60,4,0.961165,0.377358,0.622642
23,A20_SU-24,0.00538271898,99,61,4,0.961165,0.381250,0.618750
23,A20_SU-24,0.00526272552,99,62,4,0.961165,0.385093,0.614907
23,A20_SU-24,0.0051826709,99,63,4,0.961165,0.388889,0.611111
23,A20_SU-24,0.00515637128,99,64,4,0.961165,0.392638,0.607362
23,A20_SU-24,0.00503473636,99,65,4,0.961165,0.396341,0.603659
23,A20_SU-24,0.00494904304,99,66,4,0.961165,0.400000,0.600000
23,A20_SU-24,0.00494303415,99,67,4,0.961165,0.403614,0.596386
23,A20_SU-24,0.00488166977,99,68,4,0.961165,0.407186,0.592814
23,A20_SU-24,0.00472470187,99,69,4,0.961165,0.410714,0.589286
23,A20_SU-24,0.00471405499,99,70,4,0.961165,0.414201,0.585799
23,A20_SU-24,0.00462927576,99,71,4,0.961165,0.417647,0.582353
23,A20_SU-24,0.00460879318,99,72,4,0.961165,0.421053,0.578947
23,A20_SU-24,0.0045641386,99,73,4,0.961165,0.424419,0.575581
23,A20_SU-24,0.00453092856,99,74,4,0.961165,0.427746,0.572254
23,A20_SU-24,0.00451654289,99,75,4,0.961165,0.431034,0.568966
23,A20_SU-24,0.00446951995,99,76,4,0.961165,0.434286,0.565714
23,A20_SU-24,0.00442232518,99,77,4,0.961165,0.437500,0.562500
23,A20_SU-24,0.0043809819,99,78,4,0.961165,0.440678,0.559322
23,A20_SU-24,0.00428318419,99,79,4,0.961165,0.443820,0.556180
23,A20_SU-24,0.00424602581,99,80,4,0.961165,0.446927,0.553073
23,A20_SU-24,0.00424448634,99,81,4,0.961165,0.450000,0.550000
23,A20_SU-24,0.00422777794,99,82,4,0.961165,0.453039,0.546961
23,A20_SU-24,0.00411675591,99,83,4,0.961165,0.456044,0.543956
23,A20_SU-24,0.00410188967,99,84,4,0.961165,0.459016,0.540984
23,A20_SU-24,0.00409293128,99,85,4,0.961165,0.461957,0.538043
23,A20_SU-24,0.00407416839,99,86,4,0.961165,0.464865,0.535135
23,A20_SU-24,0.00406205561,99,87,4,0.961165,0.467742,0.532258
23,A20_SU-24,0.00394758675,99,88,4,0.961165,0.470588,0.529412
23,A20_SU-24,0.00383500149,99,89,4,0.961165,0.473404,0.526596
23,A20_SU-24,0.00379977096,99,90,4,0.961165,0.476190,0.523810
23,A20_SU-24,0.00369864306,99,91,4,0.961165,0.478947,0.521053
23,A20_SU-24,0.00366932061,99,92,4,0.961165,0.481675,0.518325
23,A20_SU-24,0.00364357419,99,93,4,0.961165,0.484375,0.515625
23,A20_SU-24,0.00359350303,99,94,4,0.961165,0.487047,0.512953
23,A20_SU-24,0.00355883711,99,95,4,0.961165,0.489691,0.510309
23,A20_SU-24,0.00350946328,99,96,4,0.961165,0.492308,0.507692
23,A20_SU-24,0.00348204118,99,97,4,0.961165,0.494898,0.505102
23,A20_SU-24,0.00346311135,99,98,4,0.961165,0.497462,0.502538
23,A20_SU-24,0.00345551688,99,99,4,0.961165,0.500000,0.500000
23,A20_SU-24,0.00344133796,99,100,4,0.961165,0.502513,0.497487
23,A20_SU-24,0.00343447272,99,101,4,0.961165,0.505000,0.495000
23,A20_SU-24,0.00336258812,99,102,4,0.961165,0.507463,0.492537
23,A20_SU-24,0.00335959275,99,103,4,0.961165,0.509901,0.490099
23,A20_SU-24,0.00335319247,99,104,4,0.961165,0.512315,0.487685
23,A20_SU-24,0.00333980517,99,105,4,0.961165,0.514706,0.485294
23,A20_SU-24,0.00328279636,99,106,4,0.961165,0.517073,0.482927
23,A20_SU-24,0.00321130292,99,107,4,0.961165,0.519417,0.480583
23,A20_SU-24,0.00317801652,99,108,4,0.961165,0.521739,0.478261
23,A20_SU-24,0.00312248664,99,109,4,0.961165,0.524038,0.475962
23,A20_SU-24,0.00298392191,99,110,4,0.961165,0.526316,0.473684
23,A20_SU-24,0.00291838474,99,111,4,0.961165,0.528571,0.471429
23,A20_SU-24,0.00287477602,99,112,4,0.961165,0.530806,0.469194
23,A20_SU-24,0.00286963396,99,113,4,0.961165,0.533019,0.466981
23,A20_SU-24,0.00280988682,99,114,4,0.961165,0.535211,0.464789
23,A20_SU-24,0.00278196158,99,115,4,0.961165,0.537383,0.462617
23,A20_SU-24,0.00268778391,99,116,4,0.961165,0.539535,0.460465
23,A20_SU-24,0.0026199792,99,117,4,0.961165,0.541667,0.458333
23,A20_SU-24,0.00261582574,99,118,4,0.961165,0.543779,0.456221
23,A20_SU-24,0.00261438964,99,119,4,0.961165,0.545872,0.454128
23,A20_SU-24,0.00258943485,99,120,4,0.961165,0.547945,0.452055
23,A20_SU-24,0.0025778336,99,121,4,0.961165,0.550000,0.450000
23,A20_SU-24,0.00255711912,99,122,4,0.961165,0.552036,0.447964
23,A20_SU-24,0.0025516483,99,123,4,0.961165,0.554054,0.445946
23,A20_SU-24,0.00250217691,99,124,4,0.961165,0.556054,0.443946
23,A20_SU-24,0.00246651517,99,125,4,0.961165,0.558036,0.441964
23,A20_SU-24,0.00244663679,99,126,4,0.961165,0.560000,0.440000
23,A20_SU-24,0.00243862299,99,127,4,0.961165,0.561947,0.438053
23,A20_SU-24,0.00239992468,99,128,4,0.961165,0.563877,0.436123
23,A20_SU-24,0.00238960842,99,129,4,0.961165,0.565789,0.434211
23,A20_SU-24,0.00234137592,99,130,4,0.961165,0.567686,0.432314
23,A20_SU-24,0.00233799033,99,131,4,0.961165,0.569565,0.430435
23,A20_SU-24,0.00233446178,99,132,4,0.961165,0.571429,0.428571
23,A20_SU-24,0.00232638069,99,133,4,0.961165,0.573276,0.426724
23,A20_SU-24,0.00223332434,99,134,4,0.961165,0.575107,0.424893
23,A20_SU-24,0.00222441903,99,135,4,0.961165,0.576923,0.423077
23,A20_SU-24,0.00219172798,99,136,4,0.961165,0.578723,0.421277
23,A20_SU-24,0.00217380282,99,137,4,0.961165,0.580508,0.419492
23,A20_SU-24,0.00211721775,99,138,4,0.961165,0.582278,0.417722
23,A20_SU-24,0.00201447937,99,139,4,0.961165,0.584034,0.415966
23,A20_SU-24,0.00199844944,99,140,4,0.961165,0.585774,0.414226
23,A20_SU-24,0.00198855996,99,141,4,0.961165,0.587500,0.412500
23,A20_SU-24,0.00197544741,99,142,4,0.961165,0.589212,0.410788
23,A20_SU-24,0.00196128362,99,143,4,0.961165,0.590909,0.409091
23,A20_SU-24,0.00196123729,99,144,4,0.961165,0.592593,0.407407
23,A20_SU-24,0.00189910259,99,145,4,0.961165,0.594262,0.405738
23,A20_SU-24,0.00186313712,99,146,4,0.961165,0.595918,0.404082
23,A20_SU-24,0.00182571996,99,147,4,0.961165,0.597561,0.402439
23,A20_SU-24,0.00181612733,99,148,4,0.961165,0.599190,0.400810
23,A20_SU-24,0.00179032411,99,149,4,0.961165,0.600806,0.399194
23,A20_SU-24,0.00178025034,99,150,4,0.961165,0.602410,0.397590
23,A20_SU-24,0.00177984452,99,151,4,0.961165,0.604000,0.396000
23,A20_SU-24,0.00176754431,99,152,4,0.961165,0.605578,0.394422
23,A20_SU-24,0.00173400564,99,153,4,0.961165,0.607143,0.392857
23,A20_SU-24,0.00172488531,99,154,4,0.961165,0.608696,0.391304
23,A20_SU-24,0.00171493925,99,155,4,0.961165,0.610236,0.389764
23,A20_SU-24,0.0017051826,99,156,4,0.961165,0.611765,0.388235
23,A20_SU-24,0.00170058722,99,157,4,0.961165,0.613281,0.386719
23,A20_SU-24,0.00166341348,99,158,4,0.961165,0.614786,0.385214
23,A20_SU-24,0.00166100112,99,159,4,0.961165,0.616279,0.383721
23,A20_SU-24,0.00164422567,99,160,4,0.961165,0.617761,0.382239
23,A20_SU-24,0.0016331909,99,161,4,0.961165,0.619231,0.380769
23,A20_SU-24,0.00161490659,99,162,4,0.961165,0.620690,0.379310
23,A20_SU-24,0.00159889262,99,163,4,0.961165,0.622137,0.377863
23,A20_SU-24,0.0015848683,99,164,4,0.961165,0.623574,0.376426
23,A20_SU-24,0.00158285664,99,165,4,0.961165,0.625000,0.375000
23,A20_SU-24,0.00153297221,99,166,4,0.961165,0.626415,0.373585
23,A20_SU-24,0.00153262715,99,167,4,0.961165,0.627820,0.372180
23,A20_SU-24,0.00151249953,99,168,4,0.961165,0.629213,0.370787
23,A20_SU-24,0.00150512741,99,169,4,0.961165,0.630597,0.369403
23,A20_SU-24,0.00150382239,99,170,4,0.961165,0.631970,0.368030
23,A20_SU-24,0.00150369271,99,171,4,0.961165,0.633333,0.366667
23,A20_SU-24,0.00147902628,99,172,4,0.961165,0.634686,0.365314
23,A20_SU-24,0.00147412659,99,173,4,0.961165,0.636029,0.363971
23,A20_SU-24,0.00146505598,99,174,4,0.961165,0.637363,0.362637
23,A20_SU-24,0.00144016673,99,175,4,0.961165,0.638686,0.361314
23,A20_SU-24,0.00143497461,99,176,4,0.961165,0.640000,0.360000
23,A20_SU-24,0.00143352826,99,177,4,0.961165,0.641304,0.358696
23,A20_SU-24,0.00141522544,99,178,4,0.961165,0.642599,0.357401
23,A20_SU-24,0.00140853005,99,179,4,0.961165,0.643885,0.356115
23,A20_SU-24,0.00139128848,99,180,4,0.961165,0.645161,0.354839
23,A20_SU-24,0.00134202791,99,181,4,0.961165,0.646429,0.353571
23,A20_SU-24,0.0013391024,99,182,4,0.961165,0.647687,0.352313
23,A20_SU-24,0.0013371266,99,183,4,0.961165,0.648936,0.351064
23,A20_SU-24,0.00133496849,99,184,4,0.961165,0.650177,0.349823
23,A20_SU-24,0.0013203643,99,185,4,0.961165,0.651408,0.348592
23,A20_SU-24,0.0013053742,99,186,4,0.961165,0.652632,0.347368
23,A20_SU-24,0.00130335195,99,187,4,0.961165,0.653846,0.346154
23,A20_SU-24,0.00129360054,99,188,4,0.961165,0.655052,0.344948
23,A20_SU-24,0.00128272444,99,189,4,0.961165,0.656250,0.343750
23,A20_SU-24,0.00128164014,99,190,4,0.961165,0.657439,0.342561
23,A20_SU-24,0.00127650436,99,191,4,0.961165,0.658621,0.341379
23,A20_SU-24,0.00126589637,99,192,4,0.961165,0.659794,0.340206
23,A20_SU-24,0.00126296969,99,193,4,0.961165,0.660959,0.339041
23,A20_SU-24,0.00124863768,99,194,4,0.961165,0.662116,0.337884
23,A20_SU-24,0.0012365469,99,195,4,0.961165,0.663265,0.336735
23,A20_SU-24,0.00122563529,99,196,4,0.961165,0.664407,0.335593
23,A20_SU-24,0.00121721067,99,197,4,0.961165,0.665541,0.334459
23,A20_SU-24,0.00120958034,99,198,4,0.961165,0.666667,0.333333
23,A20_SU-24,0.00119340967,99,199,4,0.961165,0.667785,0.332215
23,A20_SU-24,0.00119032047,99,200,4,0.961165,0.668896,0.331104
23,A20_SU-24,0.00118531205,99,201,4,0.961165,0.670000,0.330000
23,A20_SU-24,0.00118178315,99,202,4,0.961165,0.671096,0.328904
23,A20_SU-24,0.00117258949,99,203,4,0.961165,0.672185,0.327815
23,A20_SU-24,0.00116239965,99,204,4,0.961165,0.673267,0.326733
23,A20_SU-24,0.00115923036,99,205,4,0.961165,0.674342,0.325658
23,A20_SU-24,0.00115918845,99,206,4,0.961165,0.675410,0.324590
23,A20_SU-24,0.00115567935,99,207,4,0.961165,0.676471,0.323529
23,A20_SU-24,0.00114929199,99,208,4,0.961165,0.677524,0.322476
23,A20_SU-24,0.00113462342,99,209,4,0.961165,0.678571,0.321429
23,A20_SU-24,0.00112421683,99,210,4,0.961165,0.679612,0.320388
23,A20_SU-24,0.0011124959,99,211,4,0.961165,0.680645,0.319355
23,A20_SU-24,0.00111144618,99,212,4,0.961165,0.681672,0.318328
23,A20_SU-24,0.00110894768,99,213,4,0.961165,0.682692,0.317308
23,A20_SU-24,0.00109686644,99,214,4,0.961165,0.683706,0.316294
23,A20_SU-24,0.00109407993,99,215,4,0.961165,0.684713,0.315287
23,A20_SU-24,0.00109340681,99,216,4,0.961165,0.685714,0.314286
23,A20_SU-24,0.00109242869,99,217,4,0.961165,0.686709,0.313291
23,A20_SU-24,0.00109149155,99,218,4,0.961165,0.687697,0.312303
23,A20_SU-24,0.00108938897,99,219,4,0.961165,0.688679,0.311321
23,A20_SU-24,0.00108179951,99,220,4,0.961165,0.689655,0.310345
23,A20_SU-24,0.00107871275,99,221,4,0.961165,0.690625,0.309375
23,A20_SU-24,0.00107506255,99,222,4,0.961165,0.691589,0.308411
23,A20_SU-24,0.00107062899,99,223,4,0.961165,0.692547,0.307453
23,A20_SU-24,0.00106797938,99,224,4,0.961165,0.693498,0.306502
23,A20_SU-24,0.00106263172,99,225,4,0.961165,0.694444,0.305556
23,A20_SU-24,0.00105975487,99,226,4,0.961165,0.695385,0.304615
23,A20_SU-24,0.00105901808,99,227,4,0.961165,0.696319,0.303681
23,A20_SU-24,0.00105886057,99,228,4,0.961165,0.697248,0.302752
23,A20_SU-24,0.00105404272,99,229,4,0.961165,0.698171,0.301829
23,A20_SU-24,0.00105117017,99,230,4,0.961165,0.699088,0.300912
23,A20_SU-24,0.00104238826,99,231,4,0.961165,0.700000,0.300000
23,A20_SU-24,0.00103846472,99,232,4,0.961165,0.700906,0.299094
23,A20_SU-24,0.00103433907,99,233,4,0.961165,0.701807,0.298193
23,A20_SU-24,0.00103394547,99,234,4,0.961165,0.702703,0.297297
23,A20_SU-24,0.00103069586,99,235,4,0.961165,0.703593,0.296407
23,A20_SU-24,0.00102999108,99,236,4,0.961165,0.704478,0.295522
23,A20_SU-24,0.00102899678,99,237,4,0.961165,0.705357,0.294643
23,A20_SU-24,0.00102551363,99,238,4,0.961165,0.706231,0.293769
23,A20_SU-24,0.00100278854,99,239,4,0.961165,0.707101,0.292899
23,A20_SU-24,0.0010022542,99,240,4,0.961165,0.707965,0.292035
23,A20_SU-24,0.00100128958,99,241,4,0.961165,0.708824,0.291176
24,FSC,0.999864697,0,0,34,0.000000,0.000000,0.000000
24,FSC,0.999864697,1,0,33,0.029412,0.000000,1.000000
24,FSC,0.99983561,2,0,32,0.058824,0.000000,1.000000
24,FSC,0.99978894,3,0,31,0.088235,0.000000,1.000000
24,FSC,0.999750435,4,0,30,0.117647,0.000000,1.000000
24,FSC,0.999736011,5,0,29,0.147059,0.000000,1.000000
24,FSC,0.999553859,6,0,28,0.176471,0.000000,1.000000
24,FSC,0.999518514,7,0,27,0.205882,0.000000,1.000000
24,FSC,0.999403834,8,0,26,0.235294,0.000000,1.000000
24,FSC,0.999382734,9,0,25,0.264706,0.000000,1.000000
24,FSC,0.999357045,10,0,24,0.294118,0.000000,1.000000
24,FSC,0.999290586,11,0,23,0.323529,0.000000,1.000000
24,FSC,0.999209106,12,0,22,0.352941,0.000000,1.000000
24,FSC,0.999095917,13,0,21,0.382353,0.000000,1.000000
24,FSC,0.998746514,14,0,20,0.411765,0.000000,1.000000
24,FSC,0.998623133,15,0,19,0.441176,0.000000,1.000000
24,FSC,0.998556316,16,0,18,0.470588,0.000000,1.000000
24,FSC,0.998260081,17,0,17,0.500000,0.000000,1.000000
24,FSC,0.997388542,18,0,16,0.529412,0.000000,1.000000
24,FSC,0.995348871,19,0,15,0.558824,0.000000,1.000000
24,FSC,0.994107723,19,1,15,0.558824,0.050000,0.950000
24,FSC,0.994076371,19,2,15,0.558824,0.095238,0.904762
24,FSC,0.993352652,19,3,15,0.558824,0.136364,0.863636
24,FSC,0.992386699,20,3,14,0.588235,0.130435,0.869565
24,FSC,0.991983593,21,3,13,0.617647,0.125000,0.875000
24,FSC,0.991896808,22,3,12,0.647059,0.120000,0.880000
24,FSC,0.990612328,23,3,11,0.676471,0.115385,0.884615
24,FSC,0.989697516,24,3,10,0.705882,0.111111,0.888889
24,FSC,0.988397419,25,3,9,0.735294,0.107143,0.892857
24,FSC,0.986932218,26,3,8,0.764706,0.103448,0.896552
24,FSC,0.979731023,27,3,7,0.794118,0.100000,0.900000
24,FSC,0.712520897,28,3,6,0.823529,0.096774,0.903226
24,FSC,0.432478338,29,3,5,0.852941,0.093750,0.906250
24,FSC,0.0790967196,29,4,5,0.852941,0.121212,0.878788
24,FSC,0.0334883258,29,5,5,0.852941,0.147059,0.852941
24,FSC,0.0288021043,29,6,5,0.852941,0.171429,0.828571
24,FSC,0.0180451907,29,7,5,0.852941,0.194444,0.805556
24,FSC,0.0167798195,29,8,5,0.852941,0.216216,0.783784
24,FSC,0.0155515373,29,9,5,0.852941,0.236842,0.763158
24,FSC,0.00904825423,29,10,5,0.852941,0.256410,0.743590
24,FSC,0.00839655381,29,11,5,0.852941,0.275000,0.725000
24,FSC,0.00766161364,29,12,5,0.852941,0.292683,0.707317
24,FSC,0.00756269181,29,13,5,0.852941,0.309524,0.690476
24,FSC,0.00707048504,29,14,5,0.852941,0.325581,0.674419
24,FSC,0.00659796409,29,15,5,0.852941,0.340909,0.659091
24,FSC,0.00518600456,29,16,5,0.852941,0.355556,0.644444
24,FSC,0.00506279618,29,17,5,0.852941,0.369565,0.630435
24,FSC,0.00482137268,29,18,5,0.852941,0.382979,0.617021
24,FSC,0.0048182914,29,19,5,0.852941,0.395833,0.604167
24,FSC,0.00477602892,29,20,5,0.852941,0.408163,0.591837
24,FSC,0.0047561652,29,21,5,0.852941,0.420000,0.580000
24,FSC,0.0045546717,29,22,5,0.852941,0.431373,0.568627
24,FSC,0.00445105694,29,23,5,0.852941,0.442308,0.557692
24,FSC,0.00408868911,29,24,5,0.852941,0.452830,0.547170
24,FSC,0.00407269876,29,25,5,0.852941,0.462963,0.537037
24,FSC,0.00404587481,29,26,5,0.852941,0.472727,0.527273
24,FSC,0.00404114649,29,27,5,0.852941,0.482143,0.517857
24,FSC,0.0039789984,29,28,5,0.852941,0.491228,0.508772
24,FSC,0.00395314302,29,29,5,0.852941,0.500000,0.500000
24,FSC,0.00385007099,29,30,5,0.852941,0.508475,0.491525
24,FSC,0.0036636591,29,31,5,0.852941,0.516667,0.483333
24,FSC,0.00365350046,29,32,5,0.852941,0.524590,0.475410
24,FSC,0.00361377024,29,33,5,0.852941,0.532258,0.467742
24,FSC,0.00348322443,29,34,5,0.852941,0.539683,0.460317
24,FSC,0.00343334582,29,35,5,0.852941,0.546875,0.453125
24,FSC,0.00337048573,29,36,5,0.852941,0.553846,0.446154
24,FSC,0.00336840772,29,37,5,0.852941,0.560606,0.439394
24,FSC,0.00311772781,29,38,5,0.852941,0.567164,0.432836
24,FSC,0.00311484141,29,39,5,0.852941,0.573529,0.426471
24,FSC,0.00308816228,29,40,5,0.852941,0.579710,0.420290
24,FSC,0.0030309211,29,41,5,0.852941,0.585714,0.414286
24,FSC,0.00294939755,29,42,5,0.852941,0.591549,0.408451
24,FSC,0.00281634764,29,43,5,0.852941,0.597222,0.402778
24,FSC,0.00272237649,29,44,5,0.852941,0.602740,0.397260
24,FSC,0.00266433391,29,45,5,0.852941,0.608108,0.391892
24,FSC,0.00265303627,29,46,5,0.852941,0.613333,0.386667
24,FSC,0.0026435866,29,47,5,0.852941,0.618421,0.381579
24,FSC,0.00263460539,29,48,5,0.852941,0.623377,0.376623
24,FSC,0.00262094708,29,49,5,0.852941,0.628205,0.371795
24,FSC,0.00260316511,29,50,5,0.852941,0.632911,0.367089
24,FSC,0.00260252086,29,51,5,0.852941,0.637500,0.362500
24,FSC,0.00259208656,29,52,5,0.852941,0.641975,0.358025
24,FSC,0.0025245233,29,53,5,0.852941,0.646341,0.353659
24,FSC,0.00247654016,29,54,5,0.852941,0.650602,0.349398
24,FSC,0.00247160136,29,55,5,0.852941,0.654762,0.345238
24,FSC,0.00246687699,29,56,5,0.852941,0.658824,0.341176
24,FSC,0.00246243132,29,57,5,0.852941,0.662791,0.337209
24,FSC,0.00245386572,29,58,5,0.852941,0.666667,0.333333
24,FSC,0.00245359237,29,59,5,0.852941,0.670455,0.329545
24,FSC,0.00243084738,29,60,5,0.852941,0.674157,0.325843
24,FSC,0.00240528025,29,61,5,0.852941,0.677778,0.322222
24,FSC,0.00235378603,29,62,5,0.852941,0.681319,0.318681
24,FSC,0.00234531169,29,63,5,0.852941,0.684783,0.315217
24,FSC,0.00233680126,29,64,5,0.852941,0.688172,0.311828
24,FSC,0.00230444828,29,65,5,0.852941,0.691489,0.308511
24,FSC,0.00228784163,29,66,5,0.852941,0.694737,0.305263
24,FSC,0.00228429399,29,67,5,0.852941,0.697917,0.302083
24,FSC,0.00227200077,29,68,5,0.852941,0.701031,0.298969
24,FSC,0.00227001356,29,69,5,0.852941,0.704082,0.295918
24,FSC,0.00223650294,29,70,5,0.852941,0.707071,0.292929
24,FSC,0.00222441275,29,71,5,0.852941,0.710000,0.290000
24,FSC,0.00222315593,29,72,5,0.852941,0.712871,0.287129
24,FSC,0.00218020263,29,73,5,0.852941,0.715686,0.284314
24,FSC,0.00216831081,29,74,5,0.852941,0.718447,0.281553
24,FSC,0.00215674797,29,75,5,0.852941,0.721154,0.278846
24,FSC,0.00207718113,29,76,5,0.852941,0.723810,0.276190
24,FSC,0.00207683351,29,77,5,0.852941,0.726415,0.273585
24,FSC,0.00207680673,29,78,5,0.852941,0.728972,0.271028
24,FSC,0.0020313696,29,79,5,0.852941,0.731481,0.268519
24,FSC,0.00198296923,29,80,5,0.852941,0.733945,0.266055
24,FSC,0.00197244948,29,81,5,0.852941,0.736364,0.263636
24,FSC,0.00197145087,29,82,5,0.852941,0.738739,0.261261
24,FSC,0.00195580255,29,83,5,0.852941,0.741071,0.258929
24,FSC,0.00190172554,29,84,5,0.852941,0.743363,0.256637
24,FSC,0.00188664591,29,85,5,0.852941,0.745614,0.254386
24,FSC,0.00187665911,29,86,5,0.852941,0.747826,0.252174
24,FSC,0.00186340895,29,87,5,0.852941,0.750000,0.250000
24,FSC,0.00186211243,29,88,5,0.852941,0.752137,0.247863
24,FSC,0.00182841311,29,89,5,0.852941,0.754237,0.245763
24,FSC,0.00182768074,29,90,5,0.852941,0.756303,0.243697
24,FSC,0.00182545534,29,91,5,0.852941,0.758333,0.241667
24,FSC,0.00180776522,29,92,5,0.852941,0.760331,0.239669
24,FSC,0.00179603451,29,93,5,0.852941,0.762295,0.237705
24,FSC,0.00178081135,29,94,5,0.852941,0.764228,0.235772
24,FSC,0.00177674124,29,95,5,0.852941,0.766129,0.233871
24,FSC,0.00175681675,29,96,5,0.852941,0.768000,0.232000
24,FSC,0.00175636599,29,97,5,0.852941,0.769841,0.230159
24,FSC,0.00170114753,29,98,5,0.852941,0.771654,0.228346
24,FSC,0.00169489952,29,99,5,0.852941,0.773438,0.226562
24,FSC,0.00169293908,29,100,5,0.852941,0.775194,0.224806
24,FSC,0.00168680435,29,101,5,0.852941,0.776923,0.223077
24,FSC,0.0016595847,29,102,5,0.852941,0.778626,0.221374
24,FSC,0.00164648623,29,103,5,0.852941,0.780303,0.219697
24,FSC,0.00163193233,29,104,5,0.852941,0.781955,0.218045
24,FSC,0.00161102484,29,105,5,0.852941,0.783582,0.216418
24,FSC,0.00160339219,29,106,5,0.852941,0.785185,0.214815
24,FSC,0.0015916815,29,107,5,0.852941,0.786765,0.213235
24,FSC,0.00158836099,29,108,5,0.852941,0.788321,0.211679
24,FSC,0.00158021168,29,109,5,0.852941,0.789855,0.210145
24,FSC,0.00155664922,29,110,5,0.852941,0.791367,0.208633
24,FSC,0.00154861598,29,111,5,0.852941,0.792857,0.207143
24,FSC,0.00153659121,29,112,5,0.852941,0.794326,0.205674
24,FSC,0.00152562326,29,113,5,0.852941,0.795775,0.204225
24,FSC,0.00152454642,29,114,5,0.852941,0.797203,0.202797
24,FSC,0.00152109319,29,115,5,0.852941,0.798611,0.201389
24,FSC,0.00150843163,29,116,5,0.852941,0.800000,0.200000
24,FSC,0.00150199211,29,117,5,0.852941,0.801370,0.198630
24,FSC,0.0014660164,29,118,5,0.852941,0.802721,0.197279
24,FSC,0.00146512152,29,119,5,0.852941,0.804054,0.195946
24,FSC,0.00145183434,29,120,5,0.852941,0.805369,0.194631
24,FSC,0.00144895306,29,121,5,0.852941,0.806667,0.193333
24,FSC,0.00142331189,29,122,5,0.852941,0.807947,0.192053
24,FSC,0.00140061404,29,123,5,0.852941,0.809211,0.190789
24,FSC,0.00138794689,29,124,5,0.852941,0.810458,0.189542
24,FSC,0.00138238631,29,125,5,0.852941,0.811688,0.188312
24,FSC,0.00137800304,29,126,5,0.852941,0.812903,0.187097
24,FSC,0.00132991071,29,127,5,0.852941,0.814103,0.185897
24,FSC,0.00130487152,29,128,5,0.852941,0.815287,0.184713
24,FSC,0.00130057801,29,129,5,0.852941,0.816456,0.183544
24,FSC,0.00129944691,29,130,5,0.852941,0.817610,0.182390
24,FSC,0.00128564145,29,131,5,0.852941,0.818750,0.181250
24,FSC,0.00127898238,29,132,5,0.852941,0.819876,0.180124
24,FSC,0.00127170968,29,133,5,0.852941,0.820988,0.179012
24,FSC,0.00124777295,29,134,5,0.852941,0.822086,0.177914
24,FSC,0.00122986524,29,135,5,0.852941,0.823171,0.176829
24,FSC,0.00122931309,29,136,5,0.852941,0.824242,0.175758
24,FSC,0.00122486718,29,137,5,0.852941,0.825301,0.174699
24,FSC,0.00121744967,29,138,5,0.852941,0.826347,0.173653
24,FSC,0.00119868573,29,139,5,0.852941,0.827381,0.172619
24,FSC,0.00119613903,29,140,5,0.852941,0.828402,0.171598
24,FSC,0.00118106033,29,141,5,0.852941,0.829412,0.170588
24,FSC,0.00117700454,29,142,5,0.852941,0.830409,0.169591
24,FSC,0.00117555959,29,143,5,0.852941,0.831395,0.168605
24,FSC,0.00115363346,29,144,5,0.852941,0.832370,0.167630
24,FSC,0.00114869897,29,145,5,0.852941,0.833333,0.166667
24,FSC,0.00114708906,29,146,5,0.852941,0.834286,0.165714
24,FSC,0.00114103477,29,147,5,0.852941,0.835227,0.164773
24,FSC,0.00114070962,29,148,5,0.852941,0.836158,0.163842
24,FSC,0.00112332124,29,149,5,0.852941,0.837079,0.162921
24,FSC,0.0011036495,29,150,5,0.852941,0.837989,0.162011
24,FSC,0.00110266707,29,151,5,0.852941,0.838889,0.161111
24,FSC,0.00110074191,29,152,5,0.852941,0.839779,0.160221
24,FSC,0.00109197327,29,153,5,0.852941,0.840659,0.159341
24,FSC,0.0010814796,29,154,5,0.852941,0.841530,0.158470
24,FSC,0.00108145783,29,155,5,0.852941,0.842391,0.157609
24,FSC,0.00107215496,29,156,5,0.852941,0.843243,0.156757
24,FSC,0.00105642492,29,157,5,0.852941,0.844086,0.155914
24,FSC,0.00105509034,29,158,5,0.852941,0.844920,0.155080
24,FSC,0.00105334586,29,159,5,0.852941,0.845745,0.154255
24,FSC,0.00105317554,29,160,5,0.852941,0.846561,0.153439
24,FSC,0.00104541972,29,161,5,0.852941,0.847368,0.152632
24,FSC,0.00103550486,29,162,5,0.852941,0.848168,0.151832
24,FSC,0.00102211337,29,163,5,0.852941,0.848958,0.151042
24,FSC,0.00100729673,29,164,5,0.852941,0.849741,0.150259
